match_id,round,atleta,minuto,tipo_de_gol,team_id
4607,1,Rafael Sóbis,31,,BRA022
4607,1,Nirley da Silva Fonseca,59,Gol Contra,BRA022
4607,1,Fred,45,Penalty,BRA022
4608,1,Charles Aránguiz,6,,BRA028
4612,1,Nílton Ferreira Júnior,63,,BRA018
4612,1,Anderson Talisca,80,Penalty,BRA007
4612,1,Marcelo Moreno,90,,BRA018
4611,1,Douglas Pereira dos Santos,22,,BRA042
4611,1,Luís Fabiano,56,,BRA042
4611,1,Antônio Carlos dos Santos Aguiar,13,,BRA042
4610,1,Dráusio Luis Salla Gil,16,,BRA003
4615,1,Gabriel Barbosa,80,,BRA040
4615,1,Neto Baiano,73,,BRA043
4616,1,Alan Kardec,88,,BRA033
4616,1,Paulo Baier,12,,BRA017
4616,1,Leandro,83,,BRA033
4618,2,Rafael Sóbis,45,,BRA022
4620,2,Mosquito,78,,BRA003
4620,2,Marcelo Cirino da Silva,83,,BRA003
4620,2,Telmário de Araújo Sacramento,11,,BRA045
4620,2,José Welison,36,,BRA045
4622,2,Júlio Baptista,50,,BRA018
4622,2,Antônio Carlos dos Santos Aguiar,90+2,,BRA042
4619,2,Rafael Moura,9,,BRA028
4619,2,Rafael Moura,35,,BRA028
4619,2,Emerson Sheik,64,,BRA009
4619,2,Pablo Zeballos,75,,BRA009
4621,2,Guilherme dos Santos Torres,9,,BRA015
4621,2,Carlos Gilberto do Nascimento Silva,80,,BRA015
4626,2,Rithely,12,,BRA043
4626,2,Ananias Elói Castro Monteiro,38,,BRA043
4626,2,Ricardo Conceição,37,,BRA014
4623,2,Lincoln Cássio de Souza Soares,8,,BRA007
4623,2,Fahel,74,,BRA007
4624,2,Alan Ruiz,11,,BRA025
4624,2,Lucas Coelho,22,,BRA025
4624,2,Luiz Fernando Pereira da Silva,84,,BRA005
4625,2,Willian José de Souza,82,,BRA024
4628,3,Elierce Barbosa de Souza,75,Penalty,BRA018
4628,3,Marcelo Cirino da Silva,40,,BRA003
4628,3,Nílton Ferreira Júnior,36,,BRA018
4628,3,Marcelo Moreno,83,,BRA018
4628,3,Éderson Alves Ribeiro Silva,24,,BRA003
4629,3,Ademilson,72,,BRA042
4629,3,Róbson Michael Signorini,30,,BRA016
4629,3,Luis Francisco Grando,61,,BRA016
4629,3,Alexandre Pato,22,,BRA042
4630,3,Marcos Antônio da Silva Gonçalves,54,,BRA045
4630,3,Marcos Antônio da Silva Gonçalves,83,,BRA045
4630,3,Wagner Ferreira dos Santos,88,,BRA022
4631,3,Silvinho,14,,BRA017
4634,3,Márcio Rodrigues Araújo,50,,BRA021
4634,3,Henrique Dourado,31,,BRA033
4634,3,Alecsandro,60,,BRA021
4634,3,Alecsandro,73,,BRA021
4634,3,Paulinho,14,,BRA021
4634,3,Wesley Lopes Beltrame,11,,BRA033
4633,3,Maxi Biancucchi,59,,BRA007
4632,3,Charles Aránguiz,45+1,,BRA028
4632,3,Patric Cabral Lalau,78,,BRA043
4632,3,Andrés D'Alessandro,13,,BRA028
4635,3,Paolo Guerrero,78,,BRA015
4636,3,David França Oliveira e Silva,69,,BRA024
4638,4,Lucimar da Silva Ferreira,16,,BRA033
4638,4,Henrique Dourado,32,,BRA033
4637,4,Alan Patrick,67,,BRA028
4637,4,Marcos Guilherme,52,,BRA003
4637,4,Andrés D'Alessandro,54,,BRA028
4639,4,Emerson Sheik,23,,BRA009
4639,4,Daniel Corrêa Freitas,73,,BRA009
4639,4,Emerson Sheik,52,,BRA009
4639,4,Wallyson,81,,BRA009
4639,4,Daniel Corrêa Freitas,55,,BRA009
4639,4,Daniel Corrêa Freitas,57,,BRA009
4642,4,Marcelo Moreno,37,,BRA018
4642,4,André Felipe Ribeiro de Souza,71,Penalty,BRA005
4642,4,Marion Silva Fernandes,55,,BRA005
4640,4,Hernán Barcos,65,,BRA025
4640,4,Tiago Luís Martins,90+2,,BRA014
4640,4,Hernán Barcos,30,,BRA025
4641,4,Fred,11,,BRA022
4641,4,Francisco Souza dos Santos,87,,BRA022
4643,4,Luís Fabiano,81,,BRA042
4643,4,Fagner,49,,BRA015
4644,4,Arouca,62,,BRA040
4644,4,Gabriel Barbosa,44,,BRA040
4645,4,Rithely,86,,BRA043
4646,4,Pará,90+1,,BRA007
4646,4,Souza,39,,BRA045
4647,5,Ramón Rodrigo de Freitas,54,,BRA024
4647,5,Danilo Lopes Cezario,70,,BRA024
4648,5,Borges,69,,BRA018
4648,5,Alexsandro de Souza,23,,BRA016
4648,5,Ricardo Goulart,11,,BRA018
4648,5,Norberto Pereira Marinho Neto,55,,BRA016
4648,5,Ricardo Goulart,45+1,,BRA018
4651,5,Paulo Henrique Ganso,23,,BRA042
4651,5,Paulo Henrique Ganso,90+1,,BRA042
4649,5,Rodrigo Eduardo Costa Marinho,37,,BRA025
4650,5,Giovanni Augusto,48,,BRA020
4652,5,Tiago Luís Martins,88,,BRA014
4652,5,Cleberson Martins de Souza,71,,BRA003
4653,5,Marquinhos,49,,BRA033
4655,5,André Felipe Ribeiro de Souza,81,,BRA005
4655,5,Cícero Santos,38,,BRA040
4655,5,André Felipe Ribeiro de Souza,75,,BRA005
4658,6,Anderson Talisca,90+2,,BRA007
4658,6,Paulinho,11,,BRA021
4657,6,Alexsandro de Souza,75,Penalty,BRA016
4657,6,Wellington Paulista,21,,BRA028
4659,6,Ricardo Goulart,51,,BRA018
4659,6,Marcelo Moreno,77,,BRA018
4660,6,Silvinho,23,,BRA017
4662,6,Rogério Ceni,26,Penalty,BRA042
4662,6,Rafael Sóbis,76,,BRA022
4662,6,Walter Henrique da Silva,42,,BRA022
4662,6,Alexandre Pato,45,,BRA042
4662,6,Walter Henrique da Silva,66,,BRA022
4662,6,Lucas Cavalcante Silva Afonso,53,Gol Contra,BRA022
4662,6,Wagner Ferreira dos Santos,73,,BRA022
4663,6,Pablo Zeballos,6,,BRA009
4663,6,Rodrigo Eduardo Costa Marinho,44,,BRA025
4663,6,Maximiliano Rodríguez Maeso,81,,BRA025
4661,6,Douglas Coutinho,85,,BRA003
4661,6,Jadson,59,Penalty,BRA015
4665,6,Geuvânio,9,,BRA040
4665,6,Cícero Santos,39,Penalty,BRA040
4665,6,Alex Alves Cardoso,26,,BRA024
4665,6,Erik Nascimento de Lima,69,,BRA024
4664,6,Henrique Dourado,37,,BRA033
4666,6,Rafael Berger,17,Gol Contra,BRA005
4666,6,Réver,62,,BRA005
4666,6,Telmário de Araújo Sacramento,65,,BRA045
4666,6,Willie Hortêncio Barbosa,90,,BRA045
4666,6,Jesús Dátolo,12,,BRA005
4667,7,Kenedy,4,,BRA022
4668,7,Lucas Cavalcante Silva Afonso,61,,BRA042
4671,7,Augusto,28,,BRA043
4671,7,Romarinho,20,,BRA015
4671,7,Jadson,55,Penalty,BRA015
4671,7,Romarinho,68,,BRA015
4671,7,Jadson,38,,BRA015
4672,7,Marcos Guilherme,56,,BRA003
4672,7,Luccas Claro,58,Gol Contra,BRA003
4670,7,Jackson de Souza,5,,BRA024
4673,7,Marcelo Moreno,88,,BRA018
4673,7,Wellington Aparecido Martins,39,,BRA028
4673,7,Ricardo Goulart,43,,BRA018
4673,7,Willian Gomes de Siqueira,70,,BRA018
4674,7,Emerson Sheik,43,,BRA009
4674,7,Telmário de Araújo Sacramento,69,,BRA045
4675,7,Derivaldo Beserra Cavalcante,47,,BRA014
4675,7,Tiago Luís Martins,42,,BRA014
4677,8,Fábio Ferreira,58,,BRA017
4678,8,Mario Bolatti,61,,BRA009
4678,8,Pablo Zeballos,90+4,,BRA009
4680,8,Wellington Paulista,25,,BRA028
4680,8,Wellington Paulista,79,,BRA028
4682,8,Paolo Guerrero,68,,BRA015
4684,8,Jesús Dátolo,53,,BRA005
4684,8,Diego Tardelli,65,,BRA005
4683,8,Cléverson Gabriel Córdova,90,,BRA003
4683,8,Luís Fabiano,90+2,,BRA042
4683,8,Rogério Ceni,76,Penalty,BRA042
4683,8,Renato Baruffi,30,,BRA003
4685,8,Alecsandro,20,,BRA021
4685,8,Everaldo Stum,22,,BRA020
4686,8,Alan Santos da Silva,62,,BRA040
4686,8,Lucas Rafael Araújo Lima,89,,BRA040
4687,9,Alexsandro de Souza,5,,BRA016
4687,9,Keirrison,15,,BRA016
4687,9,Dener Assunção Braz,44,,BRA016
4688,9,Dorlan Pabón,90,,BRA042
4688,9,Josué Anunciado de Oliveira,79,,BRA005
4688,9,Luís Fabiano,11,,BRA042
4689,9,Neto Baiano,48,,BRA043
4691,9,José Carlos Tofolo Júnior,71,,BRA014
4691,9,Demerson Bruno Costa,86,,BRA007
4691,9,Abuda,54,,BRA014
4692,9,Borges,45+1,,BRA018
4692,9,Ricardo Goulart,16,,BRA018
4692,9,Éverton Ribeiro,18,,BRA018
4694,9,Diego Cardoso,18,,BRA040
4694,9,Gabriel Barbosa,11,,BRA040
4693,9,Jean Raphael Vanderlei Moreira,31,,BRA022
4693,9,Jorge Henrique,22,,BRA028
4695,9,Douglas Coutinho,90+3,,BRA003
4695,9,Everaldo Stum,74,,BRA020
4695,9,Douglas Coutinho,45+2,,BRA003
4695,9,Douglas Coutinho,53,,BRA003
4697,28,Jadson,25,,BRA015
4697,28,Edílson Mendes Guimarães,87,,BRA009
4656,5,Mike dos Santos Nenatarvicius,73,,BRA043
4709,10,Neto Baiano,44,,BRA043
4708,10,Everaldo Stum,69,,BRA020
4708,10,Thiago Heleno,5,,BRA020
4712,10,Douglas Coutinho,20,,BRA003
4712,10,Cleberson Martins de Souza,61,,BRA003
4712,10,Samir,35,,BRA021
4711,10,Alan Kardec,20,,BRA042
4711,10,Rogério Ceni,13,Penalty,BRA042
4710,10,Darío Conca,84,,BRA022
4710,10,Matheus Carvalho,85,,BRA022
4710,10,Paulo Baier,40,Penalty,BRA017
4710,10,Paulo Baier,59,,BRA017
4710,10,Sérgio Antônio Borges Júnior,67,,BRA017
4714,10,Bruno Uvini,24,,BRA040
4714,10,Alison Lopes Ferreira,69,,BRA040
4713,10,Cláudio Winck,90+1,,BRA028
4713,10,Paolo Guerrero,7,,BRA015
4713,10,Fagner,10,,BRA015
4715,10,Rafael Berger,62,Gol Contra,BRA018
4715,10,Éverton Ribeiro,76,,BRA018
4715,10,Ayrton Ganino,90+2,,BRA045
4715,10,Ricardo Goulart,72,,BRA018
4717,11,Ricardo Conceição,57,,BRA014
4718,11,Giuliano Victor de Paula,4,,BRA025
4719,11,Luan Madson Gedeão de Paiva,66,,BRA005
4719,11,Cristian Chagas Tarouco,25,,BRA007
4720,11,Mario Bolatti,12,,BRA009
4722,11,Fernando Tobio,54,,BRA033
4722,11,Ricardo Goulart,8,,BRA018
4722,11,Manoel Messias Silva Carvalho,10,,BRA018
4721,11,Andrés D'Alessandro,45+3,Penalty,BRA028
4721,11,Rafael Moura,16,,BRA028
4721,11,Fabrício dos Santos Silva,58,,BRA028
4721,11,Alex Raphael Meschini,78,,BRA028
4724,11,Douglas Coutinho,59,,BRA003
4724,11,Marcelo Cirino da Silva,53,,BRA003
4725,11,Darío Conca,62,,BRA022
4728,12,Dagoberto Pelentier,79,,BRA018
4728,12,Lucas Silva Borges,41,Penalty,BRA018
4728,12,Marcos Antônio da Silva Gonçalves,47,,BRA018
4728,12,Dedé,50,,BRA018
4728,12,Ricardo Goulart,72,,BRA018
4727,12,Diego Cardoso,80,,BRA040
4727,12,Rildo de Andrade Felicissimo,13,,BRA040
4727,12,Gabriel Barbosa,52,,BRA040
4729,12,Ayrton Ganino,84,,BRA045
4729,12,Sérgio Antônio Borges Júnior,90,,BRA017
4729,12,Caio Canedo Corrêa,19,,BRA045
4729,12,Caio Canedo Corrêa,67,,BRA045
4730,12,Wellington do Nascimento Silva,66,,BRA028
4734,12,Felipe Azevedo,51,,BRA043
4734,12,Durval,69,,BRA043
4734,12,Diego Tardelli,85,Penalty,BRA005
4731,12,Kaká,76,,BRA042
4731,12,Willian José de Souza,44,,BRA024
4731,12,Bruno Mineiro,49,,BRA024
4733,12,Petros,90+1,,BRA015
4733,12,Paolo Guerrero,51,,BRA015
4732,12,Jean Raphael Vanderlei Moreira,18,,BRA022
4732,12,Darío Conca,35,Penalty,BRA022
4732,12,Cícero Santos,65,,BRA022
4736,12,Hernán Barcos,57,,BRA025
4736,12,Alexsandro de Souza,90+4,,BRA016
4736,12,Hernán Barcos,65,,BRA025
4736,12,Zé Love,49,,BRA016
4736,12,Zé Love,73,,BRA016
4735,12,Alecsandro,33,,BRA021
4737,13,Edílson Mendes Guimarães,25,,BRA009
4737,13,Leonardo Renan Simões de Lacerda,60,,BRA018
4738,13,Rodrigo Souza,80,,BRA017
4738,13,Alan Kardec,74,,BRA042
4739,13,Caio Canedo Corrêa,59,,BRA045
4739,13,Caio Canedo Corrêa,77,,BRA045
4739,13,Hernán Barcos,11,,BRA025
4740,13,Henrique Dourado,61,,BRA033
4740,13,Kieza,63,,BRA007
4741,13,Rafael Lima,7,,BRA014
4743,13,Clayton da Silveira da Silva,76,,BRA020
4743,13,Marco Antônio Miranda Filho,84,,BRA020
4743,13,Léo Lisboa,42,,BRA020
4745,13,David França Oliveira e Silva,20,Gol Contra,BRA022
4745,13,Cícero Santos,10,,BRA022
4744,13,Rafael Moura,57,,BRA028
4746,13,Leonardo Silva,34,,BRA005
4746,13,Marcos Guilherme,56,,BRA003
4746,13,Léo Pereira,76,Gol Contra,BRA005
4746,13,Deivid Willian da Silva,87,Gol Contra,BRA005
4716,10,Jailton,42,,BRA014
4716,10,Leonardo Silva,90+3,,BRA005
4748,14,Fahel,31,,BRA007
4749,14,Germano Borovicz Cardoso Schweger,82,,BRA016
4749,14,Elivélton,25,,BRA022
4750,14,Eduardo da Silva,85,,BRA021
4752,14,Douglas Coutinho,90+3,,BRA003
4752,14,Cléverson Gabriel Córdova,45+1,,BRA003
4751,14,Carlos Gilberto do Nascimento Silva,84,,BRA015
4753,14,Charles Aránguiz,62,,BRA028
4753,14,Cláudio Winck,85,,BRA028
4754,14,Jesús Dátolo,87,,BRA005
4754,14,Henrique Dourado,54,,BRA033
4754,14,Diego Tardelli,44,,BRA005
4755,14,Marcos Roberto da Silva Barbosa,87,,BRA020
4756,14,Alexandre Pato,39,,BRA042
4756,14,Alan Kardec,32,,BRA042
4756,14,Kadu,45+2,,BRA045
4756,14,Alexandre Pato,17,,BRA042
4757,15,Pedro Henrique Pereira da Silva,77,Gol Contra,BRA028
4758,15,Kieza,36,,BRA007
4758,15,Carlos Gilberto do Nascimento Silva,43,,BRA015
4761,15,Lucas Coelho,49,,BRA025
4761,15,Luan Guilherme de Jesus Vieira,11,Penalty,BRA025
4759,15,Éverton Cardoso da Silva,17,,BRA021
4762,15,Marcelo Moreno,25,,BRA018
4762,15,Ricardo Goulart,48,,BRA018
4762,15,Júlio Baptista,88,,BRA018
4760,15,Henrique Dourado,60,Penalty,BRA033
4760,15,Alexandre Pato,53,,BRA042
4760,15,Alan Kardec,89,,BRA042
4764,15,Daniel Corrêa Freitas,65,,BRA009
4764,15,Pablo Zeballos,68,,BRA009
4766,15,Clayton da Silveira da Silva,90+1,,BRA020
4766,15,Leonardo Silva,25,Gol Contra,BRA020
4766,15,Jesús Dátolo,8,,BRA005
4766,15,Diego Tardelli,74,Penalty,BRA005
4765,15,Régis,40,,BRA043
4765,15,Cleberson Martins de Souza,25,,BRA003
4767,16,Fábio Szymonek,23,Gol Contra,BRA043
4767,16,Patric Cabral Lalau,33,,BRA043
4767,16,Henrique Dourado,14,,BRA033
4768,16,Clayton da Silveira da Silva,2,,BRA020
4769,16,Leandro Damião,45,,BRA040
4769,16,Thiago Ribeiro,67,,BRA040
4770,16,Keirrison,63,Penalty,BRA016
4770,16,Luiz Eduardo Figueiredo,18,,BRA016
4772,16,Camilo,60,,BRA014
4773,16,Léo Moura,65,Penalty,BRA021
4773,16,Eduardo da Silva,71,,BRA021
4773,16,Maicosuel,10,,BRA005
4774,16,Paulo Henrique Ganso,36,,BRA042
4775,16,Paolo Guerrero,22,,BRA015
4775,16,Luciano da Rocha Neves,89,,BRA015
4775,16,Elias Mendes Trindade,65,,BRA015
4775,16,Thiago Henrique Mendes Ribeiro,11,,BRA024
4775,16,Luciano da Rocha Neves,78,,BRA015
4775,16,Jackson de Souza,60,,BRA024
4775,16,Luciano da Rocha Neves,85,,BRA015
4776,16,Dagoberto Pelentier,86,,BRA018
4777,17,Diego Tardelli,82,,BRA005
4778,17,Luis Ramírez,31,,BRA009
4779,17,Juninho,14,,BRA033
4780,17,Hernán Barcos,49,,BRA025
4780,17,Paolo Guerrero,62,,BRA015
4780,17,Hernán Barcos,46,,BRA025
4781,17,Lucas Mugni,78,Penalty,BRA021
4781,17,Eduardo da Silva,82,,BRA021
4782,17,Everaldo Stum,75,,BRA020
4783,17,Paulo Henrique Ganso,24,,BRA042
4783,17,Alexandre Pato,88,,BRA042
4783,17,Gabriel Barbosa,86,Penalty,BRA040
4784,17,Fred,80,,BRA022
4784,17,Darío Conca,50,,BRA022
4784,17,Cícero Santos,35,,BRA022
4784,17,Fred,43,,BRA022
4785,17,Marcelo Moreno,25,,BRA018
4788,18,Leonardo Renan Simões de Lacerda,50,,BRA018
4788,18,Zezinho,11,,BRA014
4788,18,Marcelo Moreno,52,,BRA018
4788,18,Bruno Rangel,70,,BRA014
4788,18,Marcelo Moreno,71,,BRA018
4788,18,Alisson Euler de Freitas Castro,58,,BRA018
4787,18,Jorge Henrique,20,,BRA028
4791,18,Danilo Barcelos,52,,BRA043
4791,18,Neto Baiano,50,,BRA043
4793,18,Daniel Corrêa Freitas,63,,BRA009
4789,18,Romarinho,74,,BRA015
4789,18,Fred,43,Penalty,BRA022
4792,18,Rogério Ceni,76,Penalty,BRA042
4792,18,Giovanni Augusto,48,,BRA020
4794,18,Hernán Barcos,59,,BRA025
4795,18,Erik Nascimento de Lima,39,,BRA024
4795,18,Erik Nascimento de Lima,43,,BRA024
4795,18,Erik Nascimento de Lima,84,,BRA024
4795,18,Cléverson Gabriel Córdova,63,,BRA003
4796,18,Caio Canedo Corrêa,40,,BRA045
4796,18,Alecsandro,71,Penalty,BRA021
4796,18,Marcelo Augusto Mathias da Silva,33,,BRA021
4798,19,Luan Guilherme de Jesus Vieira,90+1,,BRA025
4797,19,Leandro Damião,74,,BRA040
4797,19,Telmário de Araújo Sacramento,65,,BRA045
4797,19,David Braz,47,,BRA040
4797,19,David Braz,52,,BRA040
4802,19,Leonardo Silva,70,,BRA005
4800,19,Rithely,7,Gol Contra,BRA042
4800,19,Alexandre Pato,26,,BRA042
4803,19,Júlio Baptista,44,,BRA018
4803,19,Wagner Ferreira dos Santos,17,,BRA022
4803,19,Marcelo Moreno,58,,BRA018
4803,19,Júlio Baptista,14,Penalty,BRA018
4803,19,Cícero Santos,23,,BRA022
4803,19,Kenedy,88,,BRA022
4805,19,Guilherme Augusto Dellatorre,29,,BRA003
4805,19,Henrique Dourado,53,Penalty,BRA033
4806,19,Andrés D'Alessandro,18,Penalty,BRA028
4806,19,Everaldo Stum,51,,BRA020
4806,19,Marco Antônio Miranda Filho,75,,BRA020
4806,19,Giovanni Augusto,76,,BRA020
4806,19,Paulo Marcos de Jesus Ribeiro,35,,BRA028
4807,20,Hernán Barcos,90+2,,BRA025
4808,20,Jonatan Cristaldo,82,,BRA033
4809,20,Everaldo Stum,39,,BRA020
4809,20,Cícero Santos,85,,BRA022
4810,20,Patric Cabral Lalau,53,,BRA043
4810,20,Patric Cabral Lalau,90+1,,BRA043
4810,20,Thiago Ribeiro,25,,BRA040
4810,20,Patric Cabral Lalau,41,,BRA043
4811,20,Alejandro Martinuccio,14,,BRA016
4811,20,Joel Tagueu,76,,BRA016
4811,20,Róbson Michael Signorini,1,,BRA016
4812,20,Samuel,70,,BRA024
4813,20,André Bahia,23,,BRA009
4813,20,Alexandre Pato,81,,BRA042
4813,20,Alan Kardec,8,,BRA042
4813,20,Josef de Souza Dias,37,,BRA042
4813,20,Pablo Zeballos,20,,BRA009
4813,20,Josef de Souza Dias,42,,BRA042
4814,20,Richarlyson,8,,BRA045
4814,20,Márcio José Oliveira,56,,BRA045
4815,20,Petros,14,,BRA015
4816,20,Ricardo Goulart,71,,BRA018
4816,20,Éverton Ribeiro,54,Penalty,BRA018
4816,20,Rafael Miranda,30,,BRA007
4817,21,Fred,35,Penalty,BRA022
4817,21,Fred,7,,BRA022
4817,21,Darío Conca,63,,BRA022
4818,21,Douglas Grolli,42,,BRA014
4818,21,Douglas Grolli,87,,BRA014
4818,21,Tiago Luís Martins,46,,BRA014
4818,21,Felipe Azevedo,83,Penalty,BRA043
4819,21,Robinho,39,,BRA040
4819,21,Luiz Eduardo Figueiredo,88,,BRA016
4819,21,Lucas Rafael Araújo Lima,13,,BRA040
4820,21,Maxi Biancucchi,84,,BRA007
4820,21,Kieza,18,,BRA007
4820,21,Kieza,25,,BRA007
4822,21,Wallace Reis da Silva,65,,BRA021
4821,21,Alex Raphael Meschini,41,,BRA028
4821,21,Eduardo Sasha,59,,BRA028
4823,21,Rogério Ceni,36,Penalty,BRA042
4823,21,Alan Kardec,71,,BRA042
4824,21,Marcelo Cirino da Silva,30,,BRA003
4824,21,Hernani Azevedo Junior,70,,BRA003
4826,21,Luís Felipe Dias do Nascimento,63,,BRA017
4827,22,Telmário de Araújo Sacramento,67,,BRA045
4827,22,William Henrique,71,,BRA045
4827,22,Vinícius Santos Silva,76,,BRA045
4827,22,Cícero Santos,19,,BRA022
4828,22,Alisson Euler de Freitas Castro,27,,BRA018
4828,22,Marcelo Moreno,55,,BRA018
4830,22,Thiago Heleno,63,,BRA020
4830,22,Silvinho,45+1,,BRA017
4831,22,Dankler,31,Gol Contra,BRA007
4831,22,Emerson Sheik,29,,BRA009
4831,22,Emerson Sheik,43,Penalty,BRA009
4831,22,Maxi Biancucchi,73,,BRA007
4831,22,Wellington Clayton Gonçalves dos Santos,90,,BRA007
4833,22,Joel Tagueu,63,,BRA016
4833,22,Joel Tagueu,86,,BRA016
4833,22,Michel Bastos,45+1,,BRA042
4833,22,Hélder,60,,BRA016
4832,22,Victor Luis,69,,BRA033
4832,22,Héctor Canteros,13,,BRA021
4832,22,Alecsandro,32,,BRA021
4832,22,Diogo Luís Santo,48,,BRA033
4834,22,Wéverton Almeida Santos,50,Gol Contra,BRA014
4834,22,Malcom Filipe Silva de Oliveira,10,,BRA015
4835,22,Erik Nascimento de Lima,79,,BRA024
4835,22,Carlos Júnior,45,,BRA005
4835,22,Jackson de Souza,90+3,,BRA024
4835,22,Guilherme Milhomem Gusmão,18,,BRA005
4835,22,Guilherme Milhomem Gusmão,42,,BRA005
4837,23,Rafael Moura,81,,BRA028
4838,23,Paulo Baier,68,Penalty,BRA017
4838,23,Pablo Zeballos,37,Penalty,BRA009
4839,23,Carlos Júnior,39,,BRA005
4839,23,Carlos Júnior,90+1,,BRA005
4839,23,Diego Tardelli,41,,BRA005
4839,23,Ricardo Goulart,45+2,,BRA018
4839,23,Alisson Euler de Freitas Castro,52,,BRA018
4843,23,Kadu,9,,BRA045
4843,23,Luiz Gustavo,53,,BRA045
4843,23,Kieza,6,,BRA007
4840,23,Fred,45,,BRA022
4840,23,Eduardo da Silva,27,,BRA021
4842,23,Fábio Santos,36,Penalty,BRA015
4842,23,Édson José da Silva,45,,BRA042
4842,23,Fábio Santos,66,Penalty,BRA015
4842,23,Paolo Guerrero,74,,BRA015
4842,23,Josef de Souza Dias,6,,BRA042
4841,23,Felipe Azevedo,75,,BRA043
4845,23,Esquerdinha,12,,BRA024
4845,23,Welinton Júnior,90,,BRA024
4845,23,Erik Nascimento de Lima,27,,BRA024
4845,23,David França Oliveira e Silva,37,,BRA024
4845,23,Ramón Rodrigo de Freitas,7,,BRA024
4845,23,Thiago Henrique Mendes Ribeiro,49,,BRA024
4846,23,Eduardo Pereira Rodrigues,8,,BRA025
4844,23,Leandro Damião,41,,BRA040
4844,23,Robinho,57,,BRA040
4844,23,Giovanni Augusto,45+3,Penalty,BRA020
4844,23,Lucas Rafael Araújo Lima,89,,BRA040
4847,24,Andrés D'Alessandro,52,,BRA028
4847,24,Charles Aránguiz,39,,BRA028
4847,24,Eduardo Sasha,48,,BRA028
4848,24,Alejandro Martinuccio,62,,BRA016
4848,24,Éverton Ribeiro,39,,BRA018
4848,24,Marcelo Moreno,8,Penalty,BRA018
4850,24,Bruno César Pereira da Silva,10,,BRA014
4850,24,Camilo,67,,BRA014
4850,24,Leandro,89,,BRA014
4849,24,Railan dos Santos Reis,72,,BRA007
4852,24,Marcos Assis de Santana,84,,BRA020
4851,24,Rogério Ceni,18,Penalty,BRA042
4851,24,Éverton Cardoso da Silva,35,,BRA021
4851,24,Alecsandro,87,,BRA021
4851,24,Luís Fabiano,90,,BRA042
4855,24,Fabian Guedes,62,,BRA009
4854,24,Henrique Dourado,63,,BRA033
4854,24,Lucimar da Silva Ferreira,26,,BRA033
4856,24,Thiago Ribeiro,60,,BRA040
4856,24,Geuvânio,84,,BRA040
4856,24,Neuciano Gusmão,24,Gol Contra,BRA005
4856,24,Diego Tardelli,12,,BRA005
4856,24,Diego Tardelli,54,,BRA005
4857,25,Leandro,24,,BRA014
4857,25,Souza,54,,BRA017
4859,25,Alexandre Pato,57,,BRA042
4859,25,Fred,53,,BRA022
4859,25,Wagner Ferreira dos Santos,73,,BRA022
4859,25,Darío Conca,90,,BRA022
4862,25,Hernán Barcos,50,,BRA025
4862,25,Hernán Barcos,77,,BRA025
4860,25,Emanuel Biancucchi,18,,BRA007
4860,25,Emanuel Biancucchi,49,Penalty,BRA007
4860,25,Eduardo da Silva,62,,BRA021
4861,25,Cléverson Gabriel Córdova,42,Penalty,BRA003
4863,25,Diego Tardelli,86,,BRA005
4863,25,Guilherme Milhomem Gusmão,90+3,,BRA005
4866,25,David Braz,14,,BRA040
4866,25,Geuvânio,63,,BRA040
4864,25,Marcos Assis de Santana,81,,BRA020
4864,25,Jonatan Cristaldo,35,,BRA033
4864,25,Clayton da Silveira da Silva,76,,BRA020
4864,25,Clayton da Silveira da Silva,78,,BRA020
4865,25,Eduardo Sasha,44,,BRA028
4865,25,Eduardo Sasha,73,,BRA028
4865,25,Andrés D'Alessandro,11,,BRA028
4865,25,Leandro Almeida,15,,BRA016
4865,25,Alex Raphael Meschini,32,,BRA028
4865,25,Zé Love,64,,BRA016
4867,26,Henrique Dourado,70,Penalty,BRA033
4867,26,Leandro,41,,BRA014
4867,26,Leandro,90+2,,BRA014
4867,26,Wesley Lopes Beltrame,52,,BRA033
4867,26,Henrique Dourado,66,Penalty,BRA033
4867,26,Henrique Dourado,58,,BRA033
4868,26,Robinho,25,,BRA040
4871,26,Márcio José Oliveira,52,Penalty,BRA045
4871,26,Márcio José Oliveira,74,,BRA045
4871,26,José Rogério de Oliveira Melo,68,,BRA009
4869,26,Marcos Aurélio de Oliveira Lima,83,,BRA007
4869,26,Fred,22,,BRA022
4872,26,Rogério Ceni,55,Penalty,BRA042
4870,26,Hélder,46,,BRA016
4875,26,Souza,61,,BRA017
4875,26,Carlos Júnior,13,,BRA005
4875,26,Rafael Pereira dos Santos,6,,BRA017
4875,26,Souza,19,,BRA017
4873,26,Anderson Martins,25,,BRA015
4873,26,Paolo Guerrero,73,,BRA015
4873,26,Luciano da Rocha Neves,90+3,,BRA015
4874,26,Marcos Antônio da Silva Gonçalves,34,,BRA018
4874,26,Alex Raphael Meschini,56,,BRA028
4874,26,Marcelo Moreno,20,,BRA018
4876,26,Ramón Rodrigo de Freitas,35,,BRA024
4879,27,Maicon,6,,BRA042
4877,27,Henrique Dourado,50,,BRA033
4878,27,Luccas Claro,45+2,,BRA016
4880,27,Erik Nascimento de Lima,73,,BRA024
4880,27,Bruno Mineiro,75,,BRA024
4880,27,Edno,3,,BRA045
4880,27,Edno,42,,BRA045
4882,27,Eduardo Pereira Rodrigues,76,,BRA025
4882,27,Alan Ruiz,30,,BRA025
4881,27,Luciano da Rocha Neves,73,,BRA015
4883,27,Marcelino Júnior Lopes Arruda,57,,BRA020
4883,27,Eduardo da Silva,5,,BRA021
4883,27,Nixon Darlanio Reis Cardoso,90+3,,BRA021
4884,27,Leandro Damião,11,,BRA040
4886,27,Leandro,60,,BRA014
4886,27,Diones,36,,BRA014
4886,27,Diones,76,,BRA014
4886,27,Camilo,89,Penalty,BRA014
4886,27,Leandro,40,,BRA014
4696,9,Wallyson,29,Penalty,BRA009
4698,28,David França Oliveira e Silva,25,,BRA024
4698,28,Erik Nascimento de Lima,53,,BRA024
4698,28,Jackson de Souza,10,,BRA024
4699,28,Hernán Barcos,56,Penalty,BRA025
4699,28,Pablo Mouche,67,,BRA033
4699,28,João Pedro Maturano dos Santos,75,,BRA033
4700,28,Héctor Canteros,57,,BRA021
4700,28,Gabriel Santana,62,,BRA021
4700,28,Dedé,15,Gol Contra,BRA021
4701,28,Tiago Luís Martins,39,,BRA014
4702,28,Valdívia,87,,BRA028
4702,28,Fred,86,,BRA022
4702,28,Alex Raphael Meschini,53,,BRA028
4703,28,Luan Madson Gedeão de Paiva,72,,BRA005
4704,28,Guilherme Augusto Dellatorre,90+1,,BRA003
4704,28,Renato Baruffi,69,,BRA003
4704,28,Guilherme Augusto Dellatorre,50,,BRA003
4706,28,Joílson de Jesus Cardoso,17,,BRA017
4706,28,Rodrigo Souza,23,,BRA017
4706,28,Lucca Borges de Brito,61,,BRA017
4705,28,Diego Souza,41,,BRA043
4705,28,Rithely,1,Gol Contra,BRA045
4705,28,Telmário de Araújo Sacramento,28,,BRA045
4888,29,Rogério Ceni,40,,BRA042
4888,29,Paulo Henrique Ganso,79,,BRA042
4888,29,Fahel,88,,BRA007
4889,29,Fred,85,Penalty,BRA022
4889,29,Wagner Ferreira dos Santos,45+2,,BRA022
4889,29,Lucca Borges de Brito,69,,BRA017
4889,29,Wagner Ferreira dos Santos,50,,BRA022
4889,29,Darío Conca,56,,BRA022
4889,29,Ronaldo Alves,45,,BRA017
4890,29,Douglas Santos,29,,BRA005
4891,29,Cléverson Gabriel Córdova,45+1,Penalty,BRA003
4891,29,Cléverson Gabriel Córdova,17,,BRA003
4891,29,Eduardo da Silva,8,,BRA021
4892,29,Marcos Assis de Santana,73,,BRA020
4892,29,Marcos Assis de Santana,90,,BRA020
4892,29,Marco Antônio Miranda Filho,33,Penalty,BRA020
4892,29,Marcelino Júnior Lopes Arruda,88,,BRA020
4893,29,Paolo Guerrero,4,,BRA015
4893,29,Carlos Gilberto do Nascimento Silva,45+9,,BRA015
4893,29,Nilmar,73,,BRA028
4894,29,Gabriel Barbosa,44,,BRA040
4894,29,Gabriel Barbosa,49,,BRA040
4894,29,Henrique Dourado,89,,BRA033
4894,29,Geuvânio,41,,BRA040
4896,29,Diego Souza,22,,BRA043
4896,29,Wallyson,59,,BRA009
4895,29,Dedé,84,,BRA018
4897,30,Guilherme Oliveira Santos,85,,BRA007
4897,30,Luan Madson Gedeão de Paiva,54,,BRA005
4901,30,Dagoberto Pelentier,90+3,,BRA018
4901,30,Pablo Mouche,89,,BRA033
4898,30,Luciano da Rocha Neves,80,,BRA015
4898,30,Edno,84,,BRA045
4898,30,Fábio Santos,19,,BRA015
4899,30,Gabriel Santana,69,,BRA021
4899,30,Gabriel Santana,90+1,,BRA021
4900,30,Cléverson Gabriel Córdova,78,,BRA003
4902,30,Hernán Barcos,38,Penalty,BRA025
4903,30,Alexsandro de Souza,88,,BRA016
4903,30,Joel Tagueu,29,,BRA016
4905,30,Edson Felipe da Cruz,90+1,,BRA022
4906,30,Esquerdinha,90,,BRA024
4907,31,Marcos Antônio da Silva Gonçalves,36,,BRA018
4907,31,Pablo Felipe Teixeira,90+2,,BRA020
4909,31,Fred,90+2,,BRA022
4909,31,Cleberson Martins de Souza,90+1,,BRA003
4909,31,Wagner Ferreira dos Santos,48,,BRA022
4908,31,Henrique Dourado,26,,BRA033
4908,31,Danilo Gabriel de Andrade,90+1,,BRA015
4910,31,Edno,86,Penalty,BRA045
4910,31,Rodrigo Souza,67,,BRA017
4910,31,Telmário de Araújo Sacramento,63,,BRA045
4910,31,Edno,79,,BRA045
4911,31,Rodrigo Mancha,18,,BRA043
4911,31,Tiago Pagnussat,35,,BRA005
4911,31,Danilo Barcelos,79,,BRA043
4911,31,Jesús Dátolo,48,,BRA005
4911,31,Carlos Júnior,69,,BRA005
4912,31,Leandro,90+1,,BRA014
4912,31,Bruno Uvini,13,,BRA040
4913,31,Leandro Almeida,31,,BRA016
4913,31,Cristian Riveros,85,,BRA025
4914,31,Alan Patrick,10,,BRA028
4914,31,Nilmar,39,,BRA028
4915,31,José Rogério de Oliveira Melo,34,,BRA009
4915,31,Wallyson,67,,BRA009
4915,31,Eduardo da Silva,75,,BRA021
4916,31,Luís Fabiano,6,,BRA042
4916,31,Alan Kardec,59,,BRA042
4916,31,Édson José da Silva,3,,BRA042
4918,32,Richarlyson,45,Gol Contra,BRA025
4917,32,Fred,26,,BRA022
4917,32,Darío Conca,89,,BRA022
4919,32,Elias Mendes Trindade,46,,BRA015
4919,32,Bruno Henrique Corsini,90+5,,BRA015
4919,32,Róbson Michael Signorini,25,,BRA016
4919,32,Alexsandro de Souza,32,,BRA016
4920,32,Gabriel Barbosa,63,,BRA040
4920,32,Charles Aránguiz,25,,BRA028
4920,32,Charles Aránguiz,81,,BRA028
4921,32,Diego Souza,64,Penalty,BRA043
4922,32,Leonardo Renan Simões de Lacerda,90+1,Gol Contra,BRA009
4922,32,Egídio de Araújo Pereira Júnior,16,,BRA018
4922,32,Marcos Antônio da Silva Gonçalves,5,,BRA018
4923,32,Souza,71,,BRA017
4923,32,Édson José da Silva,37,,BRA042
4923,32,Alan Kardec,83,,BRA042
4925,32,Anderson Pico,56,,BRA021
4925,32,Nixon Darlanio Reis Cardoso,61,,BRA021
4925,32,Nixon Darlanio Reis Cardoso,70,,BRA021
4924,32,Paulinho Dias,1,,BRA003
4926,32,Anderson da Silva,36,,BRA033
4927,33,Joel Tagueu,45+1,,BRA016
4928,33,Tiago Pagnussat,39,,BRA005
4928,33,Dodô,65,,BRA005
4929,33,Cléverson Gabriel Córdova,28,,BRA003
4929,33,Cléverson Gabriel Córdova,90+4,,BRA003
4933,33,Mike dos Santos Nenatarvicius,90+2,,BRA043
4933,33,Márcio Rodrigues Araújo,9,,BRA021
4933,33,Nixon Darlanio Reis Cardoso,24,,BRA021
4933,33,Danilo Barcelos,89,,BRA043
4930,33,Kaká,78,,BRA042
4930,33,Kadu,56,,BRA045
4930,33,Luís Fabiano,14,,BRA042
4932,33,Marcos Assis de Santana,63,,BRA020
4931,33,Alan Ruiz,82,,BRA025
4931,33,Luan Guilherme de Jesus Vieira,28,,BRA025
4931,33,Rafael Moura,61,,BRA028
4931,33,Ramiro Moschen Benetti,49,,BRA025
4931,33,Alan Ruiz,76,,BRA025
4935,33,Marcelo Moreno,59,,BRA018
4935,33,Ricardo Goulart,64,,BRA018
4935,33,Willian Gomes de Siqueira,90,,BRA018
4935,33,Lucca Borges de Brito,3,,BRA017
4936,33,Erik Nascimento de Lima,63,,BRA024
4936,33,Erik Nascimento de Lima,70,,BRA024
4936,33,Thiago Henrique Mendes Ribeiro,76,,BRA024
4934,33,Paolo Guerrero,7,,BRA015
4937,35,Paulo Marcos de Jesus Ribeiro,18,,BRA028
4937,35,Luís Fabiano,49,,BRA042
4947,34,Hernán Barcos,38,,BRA025
4947,34,Ramiro Moschen Benetti,66,,BRA025
4947,34,Eduardo Pereira Rodrigues,13,,BRA025
4948,34,Edson Felipe da Cruz,74,,BRA022
4950,34,Diego Souza,54,,BRA043
4951,34,Éverton Cardoso da Silva,58,,BRA021
4951,34,Nixon Darlanio Reis Cardoso,81,,BRA021
4951,34,Joel Tagueu,67,,BRA016
4951,34,Lucas Mugni,18,,BRA021
4951,34,Joel Tagueu,84,,BRA016
4953,34,Paulo Marcos de Jesus Ribeiro,79,,BRA028
4952,34,Ricardo Goulart,53,,BRA018
4949,34,Malcom Filipe Silva de Oliveira,25,,BRA015
4949,34,Renato Augusto,84,,BRA015
4949,34,Kieza,70,,BRA007
4956,34,Dodô,52,,BRA005
4956,34,Jefferson Nogueira,45+1,,BRA020
4954,34,Telmário de Araújo Sacramento,81,,BRA045
4955,34,Rafael Tolói,79,,BRA042
4955,34,Luís Fabiano,22,,BRA042
4939,35,Cleberson Martins de Souza,50,,BRA003
4939,35,Robinho,28,,BRA040
4938,35,França,51,,BRA020
4940,35,Felipe Macedo,45,Gol Contra,BRA015
4941,35,Telmário de Araújo Sacramento,19,,BRA045
4941,35,Luccas Claro,37,,BRA016
4942,35,Guilherme Oliveira Santos,52,,BRA007
4943,35,Luan Madson Gedeão de Paiva,63,,BRA005
4943,35,Dodô,73,,BRA005
4943,35,Diego Tardelli,45,Penalty,BRA005
4943,35,Luan Madson Gedeão de Paiva,25,,BRA005
4944,35,Ananias Elói Castro Monteiro,78,,BRA043
4944,35,Patric Cabral Lalau,90,,BRA043
4945,35,Bruno César Pereira da Silva,47,,BRA014
4945,35,Bruno César Pereira da Silva,84,,BRA014
4945,35,Rafael Lima,86,Gol Contra,BRA022
4945,35,Camilo,66,,BRA014
4945,35,Leandro,71,,BRA014
4946,35,Cristian Riveros,13,,BRA025
4946,35,Ricardo Goulart,66,,BRA018
4946,35,Éverton Ribeiro,76,,BRA018
4957,36,Fabrício dos Santos Silva,90+4,,BRA028
4957,36,Dodô,24,Penalty,BRA005
4957,36,Rafael Moura,21,,BRA028
4958,36,Henrique Almeida,73,,BRA007
4958,36,Renato Baruffi,71,,BRA003
4958,36,Fahel,62,Gol Contra,BRA003
4960,36,Elton Rodrigues Brandão,38,,BRA021
4960,36,Cléber Santana,65,,BRA017
4959,36,Gabriel Boschilia,55,,BRA042
4961,36,Ewerton Páscoa,32,Gol Contra,BRA022
4961,36,Fred,90+2,,BRA022
4961,36,Mike dos Santos Nenatarvicius,11,,BRA043
4961,36,Joelinton Cassio Apolinário de Lira,39,,BRA043
4962,36,Ricardo Goulart,13,,BRA018
4962,36,Éverton Ribeiro,63,,BRA018
4962,36,Samuel,23,,BRA024
4963,36,Pablo Felipe Teixeira,17,,BRA020
4963,36,Pablo Felipe Teixeira,59,,BRA020
4965,36,Leandro,63,,BRA014
4965,36,Leandro,51,,BRA014
4964,36,Paolo Guerrero,83,,BRA015
4966,36,Zé Love,55,,BRA016
4966,36,Joel Tagueu,71,,BRA016
4967,37,Lucca Borges de Brito,68,,BRA017
4967,37,Patric Cabral Lalau,9,,BRA043
4967,37,Ewerton Páscoa,58,,BRA043
4967,37,Lucca Borges de Brito,48,,BRA017
4968,37,Fabrício dos Santos Silva,65,,BRA028
4968,37,Valdívia,79,,BRA028
4968,37,Renato Júnior,38,,BRA033
4968,37,Taiberson Ruan Menezes Nunes,24,,BRA028
4969,37,Éverton Cardoso da Silva,80,,BRA021
4969,37,Kadu,28,Gol Contra,BRA021
4969,37,Nixon Darlanio Reis Cardoso,86,,BRA021
4969,37,Elton Rodrigues Brandão,69,,BRA021
4972,37,Fred,65,Penalty,BRA022
4972,37,Paolo Guerrero,5,,BRA015
4972,37,Fred,71,Penalty,BRA022
4972,37,Danilo Gabriel de Andrade,84,,BRA015
4972,37,Ralf de Souza Teles,40,Gol Contra,BRA022
4972,37,Edson Felipe da Cruz,58,,BRA022
4972,37,Darío Conca,90+2,,BRA022
4973,37,Bruno Rangel,41,,BRA014
4973,37,Hugo Ragelli,72,,BRA018
4971,37,Leandro Damião,48,,BRA040
4971,37,Leandro Damião,90,,BRA040
4970,37,Édson José da Silva,70,,BRA042
4970,37,Marcelino Júnior Lopes Arruda,84,,BRA020
4975,37,Marcelo Cirino da Silva,62,,BRA003
4974,37,Pedro Botelho,90,,BRA005
4974,37,Carlos Emiliano Pereira,6,,BRA016
4974,37,Leandro Almeida,85,,BRA016
4976,37,Rafael Galhardo,32,,BRA007
4977,38,Elias Mendes Trindade,26,,BRA015
4977,38,Fábio Santos,72,,BRA015
4977,38,Róger Guedes,61,,BRA017
4978,38,Pablo Felipe Teixeira,50,,BRA020
4978,38,Rafael Moura,87,,BRA028
4978,38,Wellington do Nascimento Silva,90+5,,BRA028
4984,38,Luiz Antônio de Souza Soares,32,,BRA021
4984,38,Luan Guilherme de Jesus Vieira,58,,BRA025
4986,38,Erik Nascimento de Lima,15,,BRA024
4986,38,Abuda,28,,BRA014
4986,38,Erik Nascimento de Lima,90+1,,BRA024
4986,38,Welinton Júnior,41,,BRA024
4986,38,Bruno Rangel,64,Penalty,BRA014
4986,38,David França Oliveira e Silva,60,,BRA024
4980,38,Thiago Ribeiro,90+4,,BRA040
4981,38,Joelinton Cassio Apolinário de Lira,4,,BRA043
4979,38,Luiz Eduardo Figueiredo,85,,BRA016
4979,38,Keirrison,90+5,,BRA016
4979,38,Henrique Almeida,14,,BRA007
4979,38,Zé Love,35,,BRA016
4979,38,Rômulo José Pacheco da Silva,26,,BRA007
4983,38,Henrique Dourado,19,Penalty,BRA033
4983,38,Ricardo Silva,10,,BRA003
4985,38,Nílton Ferreira Júnior,45,,BRA018
4985,38,Marcelo Moreno,59,,BRA018
4985,38,Fred,34,,BRA022
4987,1,Elicarlos,30,,BRA014
4987,1,Roger Rodrigues da Silva,66,,BRA014
4987,1,Rafhael Lucas,3,,BRA016
4988,1,Vitor Hugo Franchescoli de Souza,82,,BRA033
4988,1,Rafael Marques Mariano,90+5,,BRA033
4988,1,Patric Cabral Lalau,51,,BRA005
4988,1,Jô,86,,BRA005
4989,1,Vinícius,88,,BRA022
4990,1,Renato Cajá,62,,BRA036
4990,1,Yuri Mamute,25,,BRA025
4990,1,Rildo de Andrade Felicissimo,64,,BRA036
4990,1,Yuri Mamute,54,,BRA025
4990,1,Diego Oliveira,90+4,,BRA036
4990,1,Matías Rodríguez,78,,BRA025
4993,1,Ángel Romero,82,,BRA015
4994,1,Renê Rodrigues Martins,68,Gol Contra,BRA020
4994,1,Régis,88,,BRA043
4994,1,Diego Souza,64,Penalty,BRA043
4994,1,Diego Souza,78,Penalty,BRA043
4994,1,Matheus Ferraz Pereira,20,,BRA043
4991,1,Felipe de Oliveira Silva,66,Penalty,BRA003
4991,1,Paulo Marcos de Jesus Ribeiro,69,Gol Contra,BRA003
4991,1,Walter Henrique da Silva,14,,BRA003
4992,1,Luís Fabiano,74,,BRA042
4992,1,Éverton Cardoso da Silva,86,Penalty,BRA021
4992,1,Alexandre Pato,80,,BRA042
4995,1,Robinho,27,,BRA040
4995,1,Marquinhos Santos,64,,BRA006
4997,2,Bruno Henrique,55,,BRA024
4997,2,Bruno Henrique,81,,BRA024
4998,2,Thiago Galhardo,27,,BRA016
4998,2,Frickson Erazo,34,Gol Contra,BRA016
4999,2,Fábio Santos,28,,BRA015
5001,2,Jesús Dátolo,53,,BRA005
5001,2,Fred,89,Penalty,BRA022
5001,2,Luan Madson Gedeão de Paiva,81,,BRA005
5001,2,Jemerson de Jesus Nascimento,7,,BRA005
5001,2,Jemerson de Jesus Nascimento,37,,BRA005
5002,2,José Élber Pimentel da Silva,69,,BRA043
5002,2,Diego Souza,45+2,Penalty,BRA043
5002,2,Héctor Canteros,74,,BRA021
5002,2,Éverton Cardoso da Silva,90+6,,BRA021
5003,2,Geuvânio,45,,BRA040
5006,2,Victor Vinícius Coelho Santos,63,,BRA028
5005,2,Renato Cajá,14,,BRA036
5008,3,Nilmar,45+1,,BRA028
5008,3,Lucas Santos Siqueira,81,,BRA044
5007,3,Matheus Dória Macedo,11,,BRA042
5007,3,Michel Bastos,58,,BRA042
5007,3,Alexandre Pato,86,,BRA042
5009,3,Braian Rodríguez,78,,BRA025
5010,3,Victor Ramos,76,Gol Contra,BRA024
5011,3,Apodi,21,,BRA014
5012,3,Douglas Coutinho,40,,BRA003
5014,3,Hugo da Silva Cabral,47,,BRA006
5014,3,Hugo da Silva Cabral,62,,BRA006
5014,3,Gabriel Santana,51,,BRA021
5015,3,Biro-Biro,85,,BRA036
5015,3,Charles Fernando Basílio da Silva,82,,BRA018
5016,3,Neto,29,,BRA043
5017,4,Renato Cajá,90+3,,BRA036
5017,4,José Gildeixon Clemente de Paiva,89,,BRA014
5017,4,Tiago dos Santos Alves,6,,BRA036
5017,4,Biro-Biro,48,,BRA036
5018,4,Roberto César Zardin Rodrigues,79,,BRA006
5018,4,Paulinho Moccelin,50,,BRA016
5018,4,Anderson Lopes,1,,BRA006
5019,4,Rafael Costa,65,,BRA030
5019,4,Nikão,30,,BRA003
5019,4,Douglas Coutinho,33,,BRA003
5020,4,Robinho,43,,BRA040
5020,4,Werley Ananias da Silva,70,,BRA040
5020,4,Joelinton Cassio Apolinário de Lira,51,,BRA043
5020,4,Samuel Xavier,90+3,,BRA043
5022,4,Jesús Dátolo,20,,BRA005
5022,4,Thiago Ribeiro,12,,BRA005
5022,4,Thiago Ribeiro,44,,BRA005
5021,4,Rodrigo Vasconcelos Oliveira,52,,BRA024
5021,4,Giuliano Victor de Paula,36,,BRA025
5023,4,Rafael Marques Mariano,25,,BRA033
5023,4,Zé Roberto,45+2,,BRA033
5025,4,Eduardo da Silva,86,,BRA021
5025,4,Fred,46,,BRA022
5025,4,Fred,8,Penalty,BRA022
5025,4,Marcos Rogério Ricci Lopes,33,Gol Contra,BRA022
5025,4,Alecsandro,37,,BRA021
5026,4,Henrique Pacheco Lima,41,,BRA018
5026,4,Marcos Roberto da Silva Barbosa,36,,BRA020
5026,4,Carlos Alberto Gomes de Jesus,50,,BRA020
5027,5,Nikão,20,,BRA003
5028,5,Borges,78,,BRA036
5028,5,Diego Oliveira,1,,BRA036
5028,5,Tiago dos Santos Alves,39,,BRA036
5029,5,Ananias Elói Castro Monteiro,11,,BRA014
5029,5,Bruno César Pereira da Silva,29,,BRA014
5030,5,Paulo Miranda,50,,BRA042
5030,5,Ricardo Oliveira,45+1,,BRA040
5030,5,Ricardo Oliveira,47,,BRA040
5030,5,Michel Bastos,33,,BRA042
5030,5,Rogério Ceni,85,Penalty,BRA042
5033,5,Giuliano Victor de Paula,3,,BRA025
5033,5,Marcelo Oliveira Ferreira,4,,BRA025
5033,5,Luan Guilherme de Jesus Vieira,39,,BRA025
5033,5,Stiven Mendoza,23,,BRA015
5032,5,Antonio Carlos Capocasali,24,Gol Contra,BRA005
5032,5,André Lima,74,,BRA006
5032,5,Carlos Júnior,13,,BRA005
5032,5,Carlos Júnior,77,,BRA005
5032,5,Lucas Pratto,68,,BRA005
5031,5,Manoel Messias Silva Carvalho,78,,BRA018
5034,5,Vinícius,30,,BRA022
5034,5,Marcos Júnior,88,,BRA022
5035,5,Maikon Leite,90+3,,BRA043
5036,5,Rafael Moura,76,,BRA028
5036,5,Vitor Hugo Franchescoli de Souza,64,,BRA033
5038,6,Gabriel Santana,65,,BRA021
5037,6,Jemerson de Jesus Nascimento,45+2,Gol Contra,BRA018
5037,6,Luan Madson Gedeão de Paiva,13,,BRA005
5037,6,Gabriel Xavier,46,,BRA018
5037,6,Marcos Antônio da Silva Gonçalves,72,,BRA018
5039,6,Ricardo Oliveira,61,Penalty,BRA040
5039,6,Geuvânio,23,,BRA040
5039,6,Felipe Azevedo,53,,BRA036
5039,6,Renato Cajá,72,,BRA036
5041,6,Jadson,31,,BRA015
5040,6,Ytalo José dos Santos,90+2,,BRA003
5040,6,Nikão,60,Penalty,BRA003
5042,6,Luís Fabiano,27,,BRA042
5042,6,Rogério Ceni,56,Penalty,BRA042
5043,6,Nilmar,36,,BRA028
5043,6,Victor Vinícius Coelho Santos,26,,BRA028
5045,6,Rômulo,90+4,,BRA006
5044,6,Carlos Alberto Gomes de Jesus,8,,BRA020
5044,6,Thiago Santos Santana,62,,BRA020
5044,6,Gabriel Girotto Franco,11,,BRA033
5047,7,Jesús Dátolo,43,,BRA005
5047,7,Werley Ananias da Silva,28,Gol Contra,BRA005
5047,7,Ricardo Oliveira,19,,BRA040
5047,7,Gabriel Barbosa,54,,BRA040
5050,7,Nilmar,41,,BRA028
5050,7,Jadson,51,,BRA015
5050,7,Vágner Love,67,,BRA015
5049,7,Josef de Souza Dias,6,,BRA042
5048,7,Eduardo da Silva,39,,BRA021
5051,7,Maikon Leite,16,,BRA043
5051,7,Maikon Leite,39,,BRA043
5051,7,Marcelinho Paraíba,79,,BRA030
5052,7,Rodrigo Baldasso da Costa,88,,BRA044
5052,7,Leandro Damião,38,,BRA018
5052,7,Leandro Damião,74,,BRA018
5052,7,Charles Fernando Basílio da Silva,58,,BRA018
5055,7,Jean Raphael Vanderlei Moreira,17,,BRA022
5055,7,Rafael Marques Mariano,45+2,,BRA033
5055,7,Jonatan Cristaldo,90+1,,BRA033
5054,7,Anderson Lopes,36,,BRA006
5054,7,Marcos Roberto da Silva Barbosa,15,,BRA020
5056,7,Giuliano Victor de Paula,33,,BRA025
5056,7,Luiz Rhodolfo Dini Gaioto,71,,BRA025
5056,7,Hernani Azevedo Junior,52,,BRA003
5058,8,André Felipe Ribeiro de Souza,20,,BRA043
5058,8,Wendel Geraldo Maurício e Silva,81,,BRA043
5058,8,Duvier Riascos,42,,BRA044
5059,8,Samir,22,Gol Contra,BRA005
5059,8,Lucas Pratto,41,,BRA005
5060,8,Ricardo Oliveira,10,,BRA040
5061,8,Maicon,55,,BRA025
5062,8,Camilo,36,,BRA014
5063,8,Everton Kempes dos Santos Gonçalves,45+1,,BRA030
5063,8,Wesley,26,,BRA024
5063,8,Everton Kempes dos Santos Gonçalves,35,,BRA030
5065,8,Josef de Souza Dias,55,,BRA042
5065,8,André Lima,89,,BRA006
5064,8,Wellington Paulista,19,,BRA016
5064,8,Ruy Franco de Almeida Junior,77,,BRA016
5064,8,Walter Henrique da Silva,25,,BRA003
5064,8,Edigar Junio,82,,BRA003
5066,8,Wellington do Nascimento Silva,55,,BRA022
5066,8,Vinícius,90+5,,BRA022
5067,9,Pedro Rocha Neves,1,,BRA025
5067,9,Luan Guilherme de Jesus Vieira,10,,BRA025
5067,9,Anderson Lopes,56,Penalty,BRA006
5068,9,Bruno Rangel,88,,BRA014
5068,9,Rithely,29,,BRA043
5069,9,Jadson,65,Penalty,BRA015
5069,9,Vágner Love,55,,BRA015
5069,9,Thiago Santos Santana,73,,BRA020
5070,9,Leonardo Silva,34,,BRA005
5071,9,Jonatan Cristaldo,72,,BRA033
5071,9,Leandro,32,,BRA033
5071,9,Victor Ramos,41,,BRA033
5071,9,Rafael Marques Mariano,58,,BRA033
5072,9,Erik Nascimento de Lima,34,,BRA024
5072,9,Wagner Ferreira dos Santos,53,,BRA022
5072,9,Edson Felipe da Cruz,62,,BRA022
5073,9,Renato Cajá,30,,BRA036
5073,9,Felipe Azevedo,70,,BRA036
5073,9,Nikão,28,,BRA003
5074,9,Rafhael Lucas,62,,BRA016
5075,9,Duvier Riascos,16,,BRA044
5076,9,Valdívia,77,,BRA028
5077,10,André Felipe Ribeiro de Souza,10,Penalty,BRA043
5077,10,André Felipe Ribeiro de Souza,36,,BRA043
5077,10,Jonathan Marlone,30,,BRA043
5078,10,Emanuel Biancucchi,69,,BRA044
5079,10,Egídio de Araújo Pereira Júnior,28,,BRA033
5079,10,Jonatan Cristaldo,70,,BRA033
5080,10,Thiago Ribeiro,67,,BRA005
5080,10,Thiago Ribeiro,45,,BRA005
5082,10,Douglas dos Santos,69,Penalty,BRA025
5081,10,Emerson Sheik,55,,BRA021
5083,10,Ricardo Centurión,72,,BRA042
5083,10,Gustavo Schiavolin,36,,BRA003
5083,10,Marcos Guilherme,58,,BRA003
5085,10,Clayton da Silveira da Silva,34,,BRA020
5085,10,Paulo Roberto da Silva,80,,BRA020
5085,10,Felipe Menezes,47,,BRA024
5085,10,Thiago Santos Santana,24,,BRA020
5084,10,Jadson,41,,BRA015
5084,10,Vágner Love,90+6,,BRA015
5086,10,Lucas Gomes,80,,BRA022
5086,10,Ricardo Oliveira,54,,BRA040
5086,10,Fred,40,,BRA022
5089,11,Mário Sérgio Santos Costa,73,,BRA018
5089,11,Giorgian De Arrascaeta,41,,BRA018
5088,11,Hélio Hermito Zampier Neto,75,,BRA014
5090,11,Samuel Xavier,40,Gol Contra,BRA006
5090,11,Renan Martins Pereira,38,,BRA006
5090,11,Diego Souza,21,,BRA043
5090,11,André Felipe Ribeiro de Souza,90+3,Penalty,BRA043
5093,11,Pedro Rocha Neves,4,,BRA025
5093,11,Rafael Galhardo,49,,BRA025
5093,11,Yuri Mamute,81,,BRA025
5093,11,Ricardo Oliveira,65,,BRA040
5094,11,Eduardo Pereira Rodrigues,40,,BRA033
5094,11,Eduardo Pereira Rodrigues,9,,BRA033
5095,11,Alan Patrick,47,,BRA021
5095,11,Ricardo de Souza Silva,61,,BRA020
5095,11,Fabinho,90+3,,BRA020
5096,11,Lisandro López,86,,BRA028
5096,11,Maicosuel,59,,BRA005
5096,11,Maicosuel,77,,BRA005
5096,11,Thiago Ribeiro,79,,BRA005
5098,12,Felipe Menezes,48,Penalty,BRA024
5098,12,Felipe Menezes,59,,BRA024
5098,12,Ricardo Oliveira,90,Penalty,BRA040
5098,12,Fred,52,,BRA024
5098,12,Carlos Eduardo Ferreira de Souza,62,,BRA024
5097,12,Bruno Rangel,77,,BRA014
5101,12,Jonatan Cristaldo,89,,BRA033
5101,12,Rafael Marques Mariano,8,,BRA033
5101,12,Lucas Rios Marques,65,,BRA033
5100,12,Everton Kempes dos Santos Gonçalves,12,,BRA030
5100,12,Everton Kempes dos Santos Gonçalves,61,,BRA030
5102,12,Lucas Pratto,47,,BRA005
5102,12,Giovanni Augusto,54,,BRA005
5102,12,Matheus Ferraz Pereira,50,,BRA043
5103,12,Ernando Rodrigues Lopes,90+3,,BRA028
5103,12,Paolo Guerrero,11,,BRA021
5103,12,Éverton Cardoso da Silva,66,,BRA021
5104,12,Michel Bastos,18,,BRA042
5104,12,Wesley Lopes Beltrame,49,,BRA042
5104,12,Gabriel Boschilia,90+3,,BRA042
5104,12,Alexandre Pato,13,,BRA042
5105,12,Jadson,77,,BRA015
5105,12,Elias Mendes Trindade,34,,BRA015
5106,12,Gustavo Scarpa,74,,BRA022
5107,13,Gabriel Barbosa,63,,BRA040
5107,13,David Braz,31,,BRA040
5107,13,Lucas Rafael Araújo Lima,46,,BRA040
5108,13,Anderson Salles,60,Gol Contra,BRA025
5108,13,Pedro Rocha Neves,81,,BRA025
5109,13,Thiago Ribeiro,28,,BRA005
5109,13,Giovanni Augusto,88,,BRA005
5110,13,Ricardo Centurión,15,,BRA042
5110,13,Alexandre Pato,45+1,,BRA042
5110,13,Alexandre Pato,90+1,,BRA042
5110,13,Marcos Aurélio de Oliveira Lima,60,,BRA016
5112,13,Elias Mendes Trindade,26,,BRA015
5112,13,Uendel Pereira Gonçalves,45+4,,BRA015
5112,13,Jadson,63,,BRA015
5111,13,Réver,33,,BRA028
5111,13,Victor Vinícius Coelho Santos,45,Penalty,BRA028
5113,13,Sidcley Ferreira Pereira,69,,BRA003
5113,13,Gustavo Scarpa,52,,BRA022
5113,13,Fred,90+3,,BRA022
5114,13,Joel Tagueu,38,,BRA018
5115,13,Matheus Ferraz Pereira,22,,BRA043
5115,13,André Felipe Ribeiro de Souza,90,,BRA043
5115,13,Leandro,44,,BRA033
5115,13,Leandro,59,,BRA033
5116,13,Emerson dos Santos da Silva,10,,BRA006
5116,13,William Júnior Salles de Lima Souza,19,,BRA006
5116,13,Bruno Rangel,48,,BRA014
5117,14,Eduardo Sasha,88,,BRA028
5117,14,Felipe Menezes,80,Penalty,BRA024
5117,14,Eduardo,58,,BRA028
5118,14,Paolo Guerrero,41,,BRA021
5119,14,Malcom Filipe Silva de Oliveira,42,,BRA015
5120,14,Hernani Azevedo Junior,52,,BRA003
5123,14,Jhon Cley,70,,BRA044
5123,14,Marcos Júnior,59,,BRA022
5123,14,Andrezinho,39,,BRA044
5124,14,Leandro,15,,BRA033
5122,14,José Élber Pimentel da Silva,34,,BRA043
5122,14,Wéverton Almeida Santos,90+3,,BRA043
5125,14,Marcos Vinícius de Jesus Araújo,13,,BRA018
5125,14,André Lima,82,,BRA006
5126,14,Fernando Paixão da Silva,74,Penalty,BRA036
5126,14,Silvinho,55,,BRA030
5127,15,Rômulo,84,,BRA006
5127,15,Marcos Guilherme,43,,BRA003
5127,15,Marcos Guilherme,90,,BRA003
5128,15,Pedro Rocha Neves,45,,BRA025
5128,15,Diego Souza,63,,BRA043
5129,15,Lucas Pratto,63,Penalty,BRA005
5131,15,Gabriel Barbosa,4,,BRA040
5131,15,Gabriel Barbosa,18,,BRA040
5130,15,Bruno Rangel,90,Penalty,BRA014
5130,15,Bruno Rangel,27,,BRA014
5130,15,Edson Felipe da Cruz,29,,BRA022
5135,15,Marcelo Cirino da Silva,72,,BRA021
5133,15,Evandro da Silva,90+2,,BRA016
5133,15,Felipe Augusto de Almeida Monteiro,41,,BRA015
5134,15,Alexandre Pato,45,,BRA042
5136,15,Leandro,55,,BRA033
5136,15,Eduardo Pereira Rodrigues,18,,BRA033
5136,15,Duvier Riascos,69,,BRA044
5136,15,Victor Ramos,35,,BRA033
5136,15,Leandro,4,,BRA033
5137,16,Carlos Gilberto do Nascimento Silva,61,,BRA015
5137,16,Elias Mendes Trindade,77,,BRA015
5137,16,Renato Augusto,47,,BRA015
5138,16,Lucas Pratto,44,,BRA005
5138,16,Alexandre Pato,59,,BRA042
5138,16,Lucas Pratto,20,,BRA005
5138,16,Lucas Pratto,26,,BRA005
5139,16,Marcos Júnior,77,,BRA022
5141,16,Walter Henrique da Silva,77,,BRA003
5140,16,Liniker da Silva Moreira,69,,BRA024
5140,16,Evandro da Silva,90,,BRA016
5142,16,Jeci,40,Gol Contra,BRA030
5142,16,Guti,61,,BRA030
5144,16,Marcos Roberto da Silva Barbosa,74,,BRA020
5144,16,Dudu,90+2,,BRA020
5144,16,Renato de Araújo Chaves Júnior,51,,BRA036
5144,16,João Vitor Lima Gomes,4,,BRA020
5145,16,Emerson Sheik,42,,BRA021
5145,16,Ricardo Oliveira,52,,BRA040
5145,16,Lucas Rafael Araújo Lima,72,,BRA040
5145,16,Alan Patrick,40,,BRA021
5147,17,André Lima,6,,BRA006
5148,17,Geuvânio,20,,BRA040
5148,17,Ricardo Oliveira,60,,BRA040
5148,17,Ivan Aparecido Martins,43,Gol Contra,BRA040
5149,17,Christián Vilches,90+8,,BRA003
5149,17,Jonathan Marlone,16,,BRA043
5153,17,Pablo Castro,71,,BRA036
5152,17,Jonatan Cristaldo,74,,BRA033
5152,17,Alisson Euler de Freitas Castro,5,,BRA018
5152,17,Giorgian De Arrascaeta,82,,BRA018
5151,17,Luís Fabiano,48,,BRA042
5151,17,Luciano da Rocha Neves,21,,BRA015
5155,17,Réver,84,Gol Contra,BRA025
5155,17,Luan Guilherme de Jesus Vieira,49,,BRA025
5155,17,Luiz Fernando Pereira da Silva,76,,BRA025
5155,17,Giuliano Victor de Paula,35,,BRA025
5155,17,Luan Guilherme de Jesus Vieira,43,,BRA025
5156,17,Dudu,83,,BRA020
5156,17,Marcos Assis de Santana,89,,BRA020
5156,17,Bruno Rangel,50,,BRA014
5156,17,Tiago Luís Martins,56,,BRA014
5158,18,Hernani Azevedo Junior,25,,BRA003
5158,18,Wallace Reis da Silva,12,,BRA021
5158,18,Kadu,65,,BRA003
5158,18,Emerson Sheik,40,,BRA021
5158,18,Alan Patrick,45,,BRA021
5157,18,Rafael Marques Mariano,46,,BRA033
5157,18,Henrique Almeida,18,,BRA016
5157,18,Henrique Almeida,82,,BRA016
5159,18,Victor Ferraz,49,,BRA040
5161,18,Rogério Ceni,27,Penalty,BRA042
5161,18,Alexandre Pato,14,,BRA042
5162,18,Victor Vinícius Coelho Santos,82,,BRA028
5163,18,Jadson,87,Penalty,BRA015
5163,18,Hernane Vidal de Souza,72,,BRA043
5163,18,Samuel Xavier,60,Gol Contra,BRA015
5163,18,Luciano da Rocha Neves,13,,BRA015
5163,18,Hernane Vidal de Souza,77,,BRA043
5163,18,Luciano da Rocha Neves,45+2,,BRA015
5163,18,André Felipe Ribeiro de Souza,17,,BRA043
5164,18,Borges,60,,BRA036
5164,18,Felipe Azevedo,73,,BRA036
5166,18,Luan Guilherme de Jesus Vieira,55,,BRA025
5166,18,Douglas dos Santos,41,,BRA025
5165,18,Marcelinho Paraíba,14,,BRA030
5165,18,Bruno Aguiar,27,,BRA030
5165,18,Mariano Trípodi,72,,BRA030
5167,19,Evandro da Silva,90+3,,BRA016
5169,19,Erik Nascimento de Lima,77,,BRA024
5169,19,Felipe Menezes,27,,BRA024
5169,19,Erik Nascimento de Lima,45,,BRA024
5170,19,Ederson Honorato Campos,51,,BRA021
5170,19,Jackson de Souza,6,,BRA033
5170,19,Ederson Honorato Campos,57,,BRA021
5170,19,Samir,58,Gol Contra,BRA033
5170,19,Eduardo Pereira Rodrigues,66,,BRA033
5170,19,Alecsandro,71,,BRA033
5172,19,Clayton da Silveira da Silva,41,Penalty,BRA020
5172,19,Cícero Santos,49,,BRA022
5172,19,Fred,65,,BRA022
5174,19,Borges,82,,BRA036
5174,19,Diego Souza,10,,BRA043
5171,19,Luciano da Rocha Neves,87,,BRA015
5171,19,André Lima,15,,BRA006
5171,19,Luciano da Rocha Neves,45+3,,BRA015
5175,19,Frickson Erazo,61,,BRA025
5175,19,Rafael Galhardo,84,,BRA025
5175,19,Bruno Aguiar,3,,BRA030
5176,19,Cléber Santana,41,,BRA014
5176,19,Apodi,78,,BRA014
5176,19,Hélio Hermito Zampier Neto,64,Gol Contra,BRA005
5177,20,Erik Nascimento de Lima,17,Penalty,BRA024
5177,20,Zé Love,4,,BRA024
5177,20,Erik Nascimento de Lima,77,Penalty,BRA024
5178,20,Lucas Rafael Araújo Lima,90+2,Penalty,BRA040
5178,20,Thiago Maia,14,,BRA040
5178,20,Léo Gamalho,83,,BRA006
5178,20,Ricardo Oliveira,48,,BRA040
5178,20,Nilson,81,,BRA040
5178,20,Gabriel Barbosa,11,,BRA040
5178,20,Léo Gamalho,29,,BRA006
5179,20,Dudu,63,,BRA020
5179,20,Bruno Alves,70,,BRA020
5179,20,Renê Rodrigues Martins,32,,BRA043
5180,20,Henrique Almeida,24,,BRA016
5182,20,Marlon,90+1,Gol Contra,BRA030
5182,20,Mario Sérgio,83,,BRA030
5182,20,Cícero Santos,71,,BRA022
5183,20,Paulo Marcos de Jesus Ribeiro,70,,BRA028
5183,20,Valdívia,4,,BRA028
5184,20,Vágner Love,15,,BRA015
5184,20,Vágner Love,48,,BRA015
5184,20,Jadson,44,,BRA015
5185,20,Ederson Honorato Campos,42,,BRA021
5185,20,Paolo Guerrero,48,,BRA021
5185,20,Luiz Eduardo,36,,BRA042
5186,20,Andrei Girotto,5,,BRA033
5186,20,Lucas Pratto,37,Penalty,BRA005
5186,20,Lucas Pratto,18,,BRA005
5187,21,Marcos Assis de Santana,90+3,,BRA020
5188,21,Wilder Guisao,53,,BRA042
5188,21,Michel Bastos,35,,BRA042
5188,21,Paulo Henrique Ganso,50,,BRA042
5190,21,Léo Gamalho,84,,BRA006
5190,21,Léo Gamalho,69,Penalty,BRA006
5190,21,Néstor Camacho,90+6,,BRA006
5191,21,Gabriel Jesus,68,,BRA033
5191,21,Eduardo Pereira Rodrigues,24,,BRA033
5191,21,Marcelinho Paraíba,27,,BRA030
5191,21,Gabriel Jesus,1,,BRA033
5191,21,Marcelinho Paraíba,28,,BRA030
5192,21,Wellington Paulista,47,,BRA022
5192,21,Giovanni Augusto,22,,BRA005
5192,21,Patric Cabral Lalau,83,,BRA005
5193,21,Éverton Cardoso da Silva,5,,BRA021
5194,21,Bruno Rangel,45+3,,BRA014
5194,21,Elias Mendes Trindade,10,,BRA015
5194,21,Vágner Love,14,,BRA015
5194,21,Jadson,90,Penalty,BRA015
5195,21,Ricardo Oliveira,43,,BRA040
5196,21,Walter Henrique da Silva,78,Penalty,BRA003
5196,21,Walter Henrique da Silva,27,,BRA003
5196,21,Ewandro,90,,BRA003
5198,22,Vinícius Vasconcelos Araújo,90+4,,BRA018
5198,22,Biro-Biro,59,,BRA036
5198,22,Willians Domingos Fernandes,43,,BRA018
5199,22,Lisandro López,90+1,,BRA028
5199,22,Ernando Rodrigues Lopes,11,,BRA028
5199,22,Valdívia,58,,BRA028
5199,22,Eduardo Sasha,40,,BRA028
5199,22,Nílton Ferreira Júnior,63,,BRA028
5199,22,Lisandro López,53,,BRA028
5201,22,Walter Henrique da Silva,58,Penalty,BRA003
5200,22,Kayke Moreno,55,,BRA021
5200,22,Kayke Moreno,76,,BRA021
5200,22,Alan Patrick,31,,BRA021
5204,22,Bruno Henrique,63,,BRA024
5203,22,Marciel Silva da Silva,5,,BRA015
5203,22,Ralf de Souza Teles,71,,BRA015
5205,22,Hélio Hermito Zampier Neto,83,,BRA014
5205,22,Ricardo Oliveira,16,,BRA040
5205,22,Ricardo Oliveira,76,,BRA040
5205,22,Geuvânio,58,,BRA040
5206,22,Deyvison Rogério da Silva,7,,BRA025
5206,22,Pedro Rocha Neves,78,,BRA025
5207,23,Michel Bastos,72,,BRA042
5207,23,José Rogério de Oliveira Melo,49,,BRA042
5208,23,Jesús Dátolo,43,,BRA005
5208,23,Nenê,74,Penalty,BRA044
5208,23,Lucas Pratto,24,Penalty,BRA005
5210,23,Willian Gomes de Siqueira,72,,BRA018
5210,23,Willian Gomes de Siqueira,75,,BRA018
5210,23,Willian Gomes de Siqueira,4,,BRA018
5210,23,Vinícius Vasconcelos Araújo,61,,BRA018
5210,23,Willian Gomes de Siqueira,28,,BRA018
5210,23,Marquinhos Pedroso,66,,BRA020
5212,23,Douglas dos Santos,52,,BRA025
5212,23,Everton Sousa Soares,83,,BRA025
5212,23,Bruno Henrique,44,,BRA024
5213,23,Róbson Michael Signorini,26,,BRA033
5213,23,Willian José de Souza,38,Gol Contra,BRA015
5213,23,Eduardo Pereira Rodrigues,42,,BRA033
5213,23,Guilherme Arana,25,,BRA015
5213,23,Lucas Rios Marques,19,,BRA033
5213,23,Vágner Love,79,,BRA015
5215,23,Jean Raphael Vanderlei Moreira,58,Penalty,BRA022
5215,23,Paulinho,68,,BRA021
5215,23,Emerson Sheik,10,,BRA021
5215,23,Kayke Moreno,15,,BRA021
5214,23,Henrique Almeida,65,,BRA016
5214,23,Henrique Almeida,83,,BRA016
5216,23,André Felipe Ribeiro de Souza,27,,BRA043
5216,23,Ricardo Oliveira,21,,BRA040
5217,24,Leandro Costa Miranda Moraes,75,,BRA044
5218,24,Luan Madson Gedeão de Paiva,12,,BRA005
5218,24,Leonardo Silva,30,,BRA005
5219,24,Nílton Ferreira Júnior,20,,BRA028
5220,24,Clayton da Silveira da Silva,44,Penalty,BRA020
5220,24,Walter Henrique da Silva,41,,BRA003
5222,24,Ricardo Oliveira,52,,BRA040
5222,24,David Braz,32,,BRA040
5222,24,Rafael Longuine,43,,BRA040
5223,24,Renato Augusto,66,,BRA015
5223,24,Deyvison Rogério da Silva,59,,BRA025
5221,24,Henrique Almeida,29,,BRA016
5221,24,Marcos Júnior,60,,BRA022
5224,24,Carlos Eduardo Ferreira de Souza,80,,BRA024
5226,24,Alan Patrick,45+1,,BRA021
5226,24,Luiz Antônio de Souza Soares,69,,BRA021
5227,25,Victor Vinícius Coelho Santos,45+4,,BRA028
5228,25,Zé Roberto,88,Penalty,BRA033
5228,25,Jackson de Souza,46,,BRA033
5230,25,Malcom Filipe Silva de Oliveira,39,,BRA015
5230,25,Uendel Pereira Gonçalves,58,,BRA015
5230,25,Vágner Love,88,,BRA015
5229,25,Renato Baruffi,9,,BRA036
5229,25,Luiz Antonio Linhares Garcia,23,,BRA036
5229,25,Borges,44,,BRA036
5229,25,Rafael Longuine,90+3,,BRA040
5231,25,Carlos Júnior,89,,BRA005
5231,25,Willian Gomes de Siqueira,38,,BRA018
5232,25,Everton Sousa Soares,90+3,,BRA025
5232,25,Alexandre Pato,35,,BRA042
5232,25,José Rogério de Oliveira Melo,90+1,,BRA042
5233,25,Paulinho,11,,BRA021
5233,25,Héctor Canteros,33,,BRA021
5233,25,Kayke Moreno,88,,BRA021
5233,25,Bruno Rangel,81,Penalty,BRA014
5234,25,Nenê,48,Penalty,BRA044
5234,25,Júlio César Coelho Moraes Júnior,5,,BRA044
5236,25,Danilo Barcelos,18,,BRA043
5235,25,Emerson dos Santos da Silva,85,,BRA006
5235,25,André Lima,90+3,,BRA006
5235,25,Bruno Henrique,29,,BRA024
5239,26,Biro-Biro,6,,BRA036
5239,26,Alexandro da Silva Batista,81,,BRA036
5239,26,Fred,26,,BRA024
5237,26,Edigar Junio,39,,BRA030
5237,26,André Felipe Ribeiro de Souza,90,,BRA043
5238,26,Lucas Barrios,90,,BRA033
5238,26,Lucas Barrios,90+3,,BRA033
5238,26,Jean Raphael Vanderlei Moreira,37,,BRA022
5238,26,Gabriel Jesus,76,,BRA033
5238,26,Lucas Barrios,69,,BRA033
5241,26,Douglas dos Santos,32,,BRA025
5241,26,Luan Guilherme de Jesus Vieira,47,,BRA025
5241,26,Ewandro,78,,BRA003
5240,26,Renan Oliveira,81,,BRA006
5242,26,Ricardo Oliveira,71,,BRA040
5242,26,Marquinhos,90+2,,BRA040
5242,26,Gabriel Barbosa,38,,BRA040
5242,26,Gabriel Barbosa,55,,BRA040
5243,26,Malcom Filipe Silva de Oliveira,18,,BRA015
5243,26,Réver,38,,BRA028
5243,26,Valdívia,74,,BRA028
5244,26,Rafael Silva dos Santos,81,,BRA044
5244,26,Willian Gomes de Siqueira,27,,BRA018
5244,26,Alisson Euler de Freitas Castro,42,,BRA018
5244,26,Rafael Silva dos Santos,25,,BRA044
5246,26,Kléber,9,Penalty,BRA016
5246,26,Henrique Almeida,25,,BRA016
5248,27,Thiago Santos Santana,76,,BRA020
5248,27,Alex Raphael Meschini,37,Penalty,BRA028
5247,27,Rafael Marques Mariano,59,,BRA033
5247,27,Luan Guilherme de Jesus Vieira,20,,BRA025
5247,27,Luan Guilherme de Jesus Vieira,86,Penalty,BRA025
5247,27,Vitor Hugo Franchescoli de Souza,7,,BRA033
5247,27,Lucas Barrios,32,,BRA033
5249,27,Fernando Paixão da Silva,26,Penalty,BRA036
5249,27,Gustavo Scarpa,47,,BRA022
5249,27,Marlon,42,Gol Contra,BRA036
5249,27,Borges,8,,BRA036
5250,27,Erik Nascimento de Lima,73,Penalty,BRA024
5250,27,Fred,19,,BRA024
5250,27,Erik Nascimento de Lima,88,,BRA024
5251,27,Jadson,86,Penalty,BRA015
5251,27,Jadson,88,,BRA015
5253,27,Jemerson de Jesus Nascimento,55,,BRA005
5253,27,Jesús Dátolo,71,,BRA005
5253,27,Paulinho,19,,BRA021
5253,27,Marcelo Augusto Mathias da Silva,16,Gol Contra,BRA005
5253,27,Jemerson de Jesus Nascimento,26,,BRA005
5252,27,Nenê,2,,BRA044
5252,27,Rafael Vaz,49,,BRA044
5252,27,José Élber Pimentel da Silva,40,,BRA043
5254,27,Anderson Lopes,71,,BRA006
5254,27,Breno Vinícius Rodrigues Borges,43,,BRA042
5254,27,Marquinhos Santos,18,,BRA006
5256,27,Negueba,45,,BRA016
5256,27,Henrique Almeida,13,,BRA016
5255,27,Rafael Lima,24,Gol Contra,BRA018
5255,27,Fabiano,11,,BRA018
5257,28,Fred,29,,BRA022
5257,28,Gustavo Scarpa,50,,BRA022
5258,28,Giuliano Victor de Paula,24,,BRA025
5258,28,Maximiliano Rodríguez Maeso,76,,BRA025
5258,28,André Lima,64,,BRA006
5258,28,Giuliano Victor de Paula,12,,BRA025
5259,28,Biro-Biro,15,,BRA036
5259,28,Biro-Biro,64,,BRA036
5259,28,Bruno da Mota,29,,BRA003
5260,28,Valdívia,27,Penalty,BRA028
5260,28,Marquinhos,37,,BRA040
5260,28,Gabriel Barbosa,60,Penalty,BRA040
5260,28,Leandro,90,,BRA040
5261,28,Emerson Sheik,12,,BRA021
5261,28,Nenê,62,Penalty,BRA044
5261,28,Rodrigo Baldasso da Costa,58,,BRA044
5262,28,Luan Madson Gedeão de Paiva,52,,BRA005
5262,28,Thiago Ribeiro,82,,BRA005
5262,28,Everton Kempes dos Santos Gonçalves,62,,BRA030
5262,28,Willian Popp,83,,BRA030
5263,28,Carlos Gilberto do Nascimento Silva,67,,BRA015
5263,28,Renato Augusto,83,,BRA015
5263,28,Leandro Silva,90+1,,BRA020
5263,28,Elias Mendes Trindade,15,,BRA015
5264,28,Carlos Andrade Souza,60,,BRA042
5264,28,Róbson Michael Signorini,90+3,,BRA033
5265,28,Diego Souza,25,,BRA043
5265,28,Apodi,78,Gol Contra,BRA043
5265,28,Régis,84,,BRA043
5266,28,Ceará,22,,BRA018
5266,28,Willian Gomes de Siqueira,66,,BRA018
5267,29,Lisandro López,65,,BRA028
5267,29,Rodrigo Dourado,82,,BRA028
5267,29,José Élber Pimentel da Silva,80,,BRA043
5268,29,Leandro Silva,41,Gol Contra,BRA005
5268,29,Lucas Pratto,85,Penalty,BRA005
5268,29,Giovanni Augusto,66,,BRA005
5269,29,José Rogério de Oliveira Melo,72,,BRA042
5271,29,Ayrton Ganino,57,,BRA021
5271,29,Gabriel Santana,82,,BRA021
5270,29,André Lima,86,,BRA006
5270,29,Nenê,45,Penalty,BRA044
5274,29,Zé Love,45+5,Penalty,BRA024
5274,29,Dudu,57,,BRA020
5274,29,Dudu,60,,BRA020
5274,29,Rafael Bastos,87,,BRA020
5274,29,Leandro Silva,67,Gol Contra,BRA024
5275,29,Felipe Azevedo,64,,BRA036
5275,29,Jadson,43,,BRA015
5275,29,Rodrigo Eduardo Costa Marinho,84,,BRA015
5275,29,Elton Junior Melo Ataíde,61,,BRA036
5272,29,Lucas Rafael Araújo Lima,5,,BRA040
5272,29,Marquinhos,11,,BRA040
5272,29,Neto Berola,84,,BRA040
5272,29,Robert Gonçalves Santos,90+2,,BRA022
5276,29,Camilo,23,,BRA014
5276,29,Eduardo Pereira Rodrigues,58,,BRA033
5276,29,Túlio de Melo,55,,BRA014
5276,29,Apodi,65,,BRA014
5276,29,Hélio Hermito Zampier Neto,5,,BRA014
5276,29,Ananias Elói Castro Monteiro,86,,BRA014
5277,30,Lucas Pratto,17,Penalty,BRA005
5277,30,Marcos Rocha,70,,BRA005
5277,30,Paulo Marcos de Jesus Ribeiro,39,,BRA028
5278,30,André Felipe Ribeiro de Souza,63,,BRA043
5278,30,André Felipe Ribeiro de Souza,84,,BRA043
5278,30,Régis,61,,BRA043
5279,30,Marcelinho Paraíba,32,Penalty,BRA030
5279,30,Rafael Donato,57,,BRA030
5279,30,Henrique Almeida,89,Penalty,BRA016
5279,30,Carlos Eduardo Antônio dos Santos,73,,BRA030
5280,30,Clayton da Silveira da Silva,22,,BRA020
5280,30,Clayton da Silveira da Silva,66,,BRA020
5280,30,Dudu,89,,BRA020
5281,30,Fernando Paixão da Silva,28,Penalty,BRA036
5282,30,Marcos Júnior,49,,BRA022
5282,30,Fred,31,,BRA022
5283,30,Giorgian De Arrascaeta,85,,BRA018
5283,30,Ewandro,36,,BRA003
5283,30,Bruno Pereirinha,79,,BRA003
5283,30,Fabrício dos Santos Silva,74,,BRA018
5285,30,Rodrigo Eduardo Costa Marinho,88,,BRA015
5285,30,Edu Dracena,16,,BRA015
5285,30,Malcom Filipe Silva de Oliveira,26,,BRA015
5284,30,Bruno Rangel,86,Penalty,BRA014
5284,30,Rodrigo Baldasso da Costa,72,,BRA044
5286,30,Bressan,27,,BRA025
5287,31,Jonatan Cristaldo,60,,BRA033
5287,31,Eduardo Pereira Rodrigues,78,,BRA033
5287,31,André Lima,69,,BRA006
5287,31,Gabriel Jesus,17,,BRA033
5288,31,Everton Kempes dos Santos Gonçalves,54,,BRA030
5290,31,Willian Gomes de Siqueira,28,,BRA018
5290,31,Willian Gomes de Siqueira,47,,BRA018
5289,31,Alexandro da Silva Batista,88,,BRA036
5289,31,Biro-Biro,90+4,,BRA036
5289,31,Alexandro da Silva Batista,50,,BRA036
5291,31,Bruno da Mota,56,,BRA003
5291,31,Vágner Love,62,,BRA015
5291,31,Renato Augusto,17,,BRA015
5291,31,Renato Augusto,45+1,,BRA015
5291,31,Vágner Love,29,,BRA015
5293,31,Rodrigo Baldasso da Costa,63,,BRA044
5293,31,Nenê,45+1,Penalty,BRA044
5293,31,Luís Fabiano,1,,BRA042
5293,31,Rodrigo Caio,88,,BRA042
5292,31,Ernando Rodrigues Lopes,18,,BRA028
5294,31,Apodi,90+5,,BRA014
5294,31,Douglas dos Santos,5,,BRA025
5294,31,Deyvison Rogério da Silva,34,,BRA025
5294,31,Túlio de Melo,57,Penalty,BRA014
5294,31,Túlio de Melo,78,,BRA014
5295,31,David França Oliveira e Silva,49,,BRA024
5295,31,Werley Ananias da Silva,12,,BRA040
5295,31,Ricardo Oliveira,15,,BRA040
5295,31,Ricardo Oliveira,45+1,,BRA040
5296,31,Thiago Ribeiro,84,Penalty,BRA005
5296,31,Maikon Leite,54,,BRA043
5296,31,Matheus Ferraz Pereira,7,,BRA043
5296,31,Diego Souza,23,,BRA043
5296,31,José Élber Pimentel da Silva,27,,BRA043
5297,32,Walter Henrique da Silva,60,,BRA003
5298,32,Victor Vinícius Coelho Santos,65,,BRA028
5300,32,André Felipe Ribeiro de Souza,59,Penalty,BRA043
5300,32,Jonathan Marlone,16,,BRA043
5301,32,Vágner Love,45+2,,BRA015
5302,32,Luis Cáceres,45,,BRA016
5302,32,Alan Kardec,25,,BRA042
5302,32,Alexandre Pato,64,,BRA042
5305,32,Giorgian De Arrascaeta,51,,BRA018
5306,32,Luan Madson Gedeão de Paiva,51,,BRA005
5306,32,Giovanni Augusto,56,,BRA005
5306,32,Renato de Araújo Chaves Júnior,90+2,,BRA036
5307,33,Paulo Henrique Ganso,19,,BRA042
5307,33,Luís Fabiano,43,,BRA042
5307,33,Michel Bastos,64,,BRA042
5308,33,Leandro Damião,75,,BRA018
5308,33,Rômulo,52,,BRA006
5309,33,Guti,55,Gol Contra,BRA036
5310,33,Juan Maldonado Jaimez Júnior,24,,BRA016
5310,33,Yago Rocha,40,,BRA020
5313,33,Everton Sousa Soares,52,,BRA025
5313,33,Deyvison Rogério da Silva,85,,BRA025
5314,33,Malcom Filipe Silva de Oliveira,68,,BRA015
5314,33,Vágner Love,75,,BRA015
5314,33,Lucca Borges de Brito,85,,BRA015
5312,33,Ricardo Oliveira,49,,BRA040
5312,33,Eduardo Pereira Rodrigues,75,,BRA033
5312,33,Thiago Maia,27,,BRA040
5315,33,Gerson Santos da Silva,45+3,,BRA022
5316,33,Zé Love,48,,BRA024
5316,33,Bruno Henrique,51,,BRA024
5316,33,Valdívia,20,,BRA028
5317,34,Victor Vinícius Coelho Santos,88,,BRA028
5318,34,Lucca Borges de Brito,88,,BRA015
5318,34,Negueba,47,,BRA016
5318,34,Jadson,16,Penalty,BRA015
5319,34,Anderson Lopes,59,,BRA006
5319,34,Walter Henrique da Silva,35,,BRA003
5319,34,Sidcley Ferreira Pereira,43,,BRA003
5320,34,Camilo,64,,BRA014
5320,34,Gustavo Scarpa,48,,BRA022
5320,34,Túlio de Melo,30,,BRA014
5320,34,Jean Raphael Vanderlei Moreira,20,Penalty,BRA022
5320,34,Thiego,34,,BRA014
5322,34,Alan Patrick,48,,BRA021
5322,34,Kayke Moreno,51,,BRA021
5322,34,Kayke Moreno,64,,BRA021
5322,34,Alan Patrick,19,,BRA021
5322,34,Erik Nascimento de Lima,45+2,,BRA024
5323,34,Willian Gomes de Siqueira,33,,BRA018
5323,34,Leandro Damião,81,,BRA018
5323,34,Luís Fabiano,31,,BRA042
5324,34,Jesús Dátolo,90,,BRA005
5321,34,Rafael Silva dos Santos,35,,BRA044
5321,34,Nenê,40,,BRA044
5326,34,André Felipe Ribeiro de Souza,69,,BRA043
5327,35,Willians Domingos Fernandes,59,Penalty,BRA018
5327,35,Durval,61,Gol Contra,BRA018
5327,35,Marcos Vinícius de Jesus Araújo,66,,BRA018
5328,35,João Paulo Silva,45+3,,BRA016
5328,35,Henrique Almeida,90+3,,BRA016
5328,35,Fred,80,,BRA024
5328,35,Juan Maldonado Jaimez Júnior,1,,BRA016
5329,35,Clayton da Silveira da Silva,14,Penalty,BRA020
5331,35,Róbson Michael Signorini,54,,BRA033
5331,35,Marcos Guilherme,2,,BRA003
5331,35,Jackson de Souza,74,,BRA033
5331,35,Ewandro,84,,BRA003
5331,35,Alecsandro,90+5,,BRA033
5331,35,Ewandro,86,,BRA003
5330,35,Fernando Viana,42,,BRA030
5330,35,André Lima,19,,BRA006
5330,35,Éverton Silva,88,,BRA006
5332,35,Luan Guilherme de Jesus Vieira,60,Penalty,BRA025
5333,35,Ananias Elói Castro Monteiro,64,,BRA014
5334,35,Alan Kardec,69,,BRA042
5334,35,Jesús Dátolo,70,,BRA005
5334,35,Alan Kardec,85,,BRA042
5334,35,Michel Bastos,75,,BRA042
5334,35,Luís Fabiano,90+1,Penalty,BRA042
5334,35,Luan Madson Gedeão de Paiva,57,,BRA005
5336,35,Júlio César Coelho Moraes Júnior,72,,BRA044
5336,35,Vágner Love,82,,BRA015
5337,36,Marcos Vinícius de Jesus Araújo,20,,BRA018
5337,36,Lucas Barrios,71,,BRA033
5339,36,Luan Madson Gedeão de Paiva,23,,BRA005
5339,36,Marcos Rocha,57,,BRA005
5339,36,Erik Nascimento de Lima,39,,BRA024
5339,36,Bruno Henrique,60,,BRA024
5340,36,Victor Vinícius Coelho Santos,53,,BRA028
5342,36,Cristian Baroni,76,Penalty,BRA015
5342,36,Edu Dracena,45+1,,BRA015
5342,36,Bruno Henrique Corsini,27,,BRA015
5342,36,Lucca Borges de Brito,61,,BRA015
5342,36,Ángel Romero,29,,BRA015
5342,36,Carlos Andrade Souza,70,,BRA042
5342,36,Ángel Romero,64,,BRA015
5338,36,Rafael Donato,81,,BRA030
5338,36,Nenê,5,,BRA044
5338,36,Duvier Riascos,10,,BRA044
5343,36,Diego Oliveira,77,,BRA036
5343,36,Gabriel Santana,56,,BRA021
5344,36,Léo Gamalho,90,,BRA006
5344,36,Gum,21,,BRA022
5344,36,Osvaldo Filho,75,,BRA022
5344,36,Fred,86,,BRA022
5345,36,Henrique Almeida,58,,BRA016
5347,37,Thiago Henrique Mendes Ribeiro,90+4,,BRA042
5347,37,Clayton da Silveira da Silva,28,,BRA020
5347,37,Luís Fabiano,11,,BRA042
5347,37,Carlos Alberto Gomes de Jesus,75,,BRA020
5347,37,Alan Kardec,90+1,,BRA042
5348,37,Cícero Santos,74,Penalty,BRA022
5348,37,Victor Vinícius Coelho Santos,4,,BRA028
5349,37,Antonio Carlos Capocasali,66,,BRA006
5351,37,Charles Fernando Basílio da Silva,40,,BRA018
5351,37,Alisson Euler de Freitas Castro,64,,BRA018
5351,37,Willian Gomes de Siqueira,35,,BRA018
5352,37,Lucas Pratto,42,Penalty,BRA005
5352,37,Everton Sousa Soares,30,,BRA025
5352,37,Luan Guilherme de Jesus Vieira,69,,BRA025
5350,37,Matheus Ferraz Pereira,24,,BRA043
5350,37,André Felipe Ribeiro de Souza,90+1,,BRA043
5355,37,Henrique Almeida,90+4,,BRA016
5355,37,Juan Maldonado Jaimez Júnior,24,,BRA016
5353,37,Túlio de Melo,46,,BRA014
5353,37,Fred,33,,BRA024
5353,37,Fred,78,,BRA024
5353,37,Erik Nascimento de Lima,29,Penalty,BRA024
5354,37,Nenê,45,Penalty,BRA044
5356,37,Roberto Heuchayer,13,,BRA003
5356,37,Cleberson Martins de Souza,33,,BRA003
5356,37,Cleberson Martins de Souza,67,,BRA003
5365,38,Deyvison Rogério da Silva,60,,BRA025
5365,38,Marcelo Oliveira Ferreira,6,,BRA025
5358,38,Vitor Hugo Franchescoli de Souza,90,,BRA033
5358,38,Marcos Rogério Ricci Lopes,76,,BRA021
5358,38,Eduardo Pereira Rodrigues,72,,BRA033
5360,38,Gabriel Barbosa,29,,BRA040
5360,38,Gabriel Barbosa,60,,BRA040
5360,38,Geuvânio,14,,BRA040
5360,38,Vitor Bueno,73,,BRA040
5360,38,Geuvânio,80,,BRA040
5360,38,Cleberson Martins de Souza,12,,BRA003
5364,38,Thiago Ribeiro,39,,BRA005
5364,38,Leonardo Silva,51,,BRA005
5364,38,Patric Cabral Lalau,68,,BRA005
5361,38,Diego Souza,62,,BRA043
5357,38,Victor Vinícius Coelho Santos,26,,BRA028
5357,38,Victor Vinícius Coelho Santos,62,,BRA028
5359,38,Marcos Assis de Santana,49,,BRA020
5362,38,José Rogério de Oliveira Melo,90+3,,BRA042
5363,38,Vágner Love,78,,BRA015
5363,38,Claudinei Junio de Souza,57,,BRA006
5368,1,Éverton Cardoso da Silva,5,,BRA021
5367,1,Thiago Martins Bueno,52,,BRA033
5367,1,Róger Guedes,19,,BRA033
5367,1,Gabriel Jesus,46,,BRA033
5367,1,Gabriel Jesus,87,,BRA033
5369,1,Juan Cazares,15,,BRA005
5370,1,Kléber,71,,BRA016
5371,1,Grafite,28,,BRA038
5371,1,Keno,87,Penalty,BRA038
5371,1,Grafite,44,,BRA038
5371,1,Fernando Gabriel Vougado Ribeiro,85,,BRA038
5371,1,Kieza,80,,BRA045
5372,1,Lucas Fernandes,22,,BRA042
5375,1,Fred,39,,BRA022
5377,2,Moisés Lima Magalhães,90+1,,BRA033
5377,2,Felipe Azevedo,24,,BRA036
5377,2,Felipe Azevedo,33,,BRA036
5378,2,Grafite,53,,BRA038
5378,2,Gustavo Scarpa,57,,BRA022
5378,2,Grafite,83,Penalty,BRA038
5378,2,Gum,60,,BRA022
5379,2,Rafael Moura,55,,BRA020
5379,2,José Élber Pimentel da Silva,56,,BRA018
5379,2,Douglas Coutinho,63,,BRA018
5379,2,Rafael Moura,41,,BRA020
5380,2,Vitor Bueno,62,,BRA040
5380,2,Renato Dirnei Florêncio,90+7,,BRA040
5380,2,Kléber,20,,BRA016
5381,2,André Lima,10,,BRA003
5381,2,Juan Cazares,77,Penalty,BRA005
5382,2,Uendel Pereira Gonçalves,26,,BRA015
5382,2,Leandro Domingues,30,,BRA045
5382,2,Fagner,39,,BRA015
5382,2,Mário Sérgio Santos Costa,56,,BRA045
5382,2,Kieza,64,,BRA045
5383,2,Bruno Rangel,48,Penalty,BRA014
5383,2,Rafael Bastos,20,Penalty,BRA001
5383,2,Bruno Rangel,78,,BRA014
5383,2,Silvinho,77,,BRA014
5384,2,Diego Lugano,87,,BRA042
5384,2,Eduardo Sasha,37,,BRA028
5384,2,Eduardo Sasha,89,,BRA028
5385,2,Fred,54,,BRA025
5386,2,Diego Souza,17,,BRA043
5386,2,Fernandes,29,,BRA009
5387,3,Rafael Moura,38,,BRA020
5387,3,Vitor Bueno,42,Penalty,BRA040
5387,3,Gustavo Ermel,90+2,,BRA020
5387,3,Joel Tagueu,57,Penalty,BRA040
5388,3,Ribamar,18,,BRA009
5388,3,Neilton Mestzk,73,,BRA009
5388,3,Vinícius,58,,BRA003
5389,3,Hyoran,80,,BRA014
5389,3,Alan Patrick,90+6,Penalty,BRA021
5389,3,Bruno Rangel,13,Penalty,BRA014
5389,3,Felipe Vizeu,8,,BRA021
5390,3,Victor Rangel,74,,BRA001
5390,3,Kieza,85,,BRA045
5391,3,Arthur Caike do Nascimento Cruz,77,,BRA038
5391,3,Keno,90,,BRA038
5391,3,Giorgian De Arrascaeta,53,,BRA018
5391,3,Grafite,20,Penalty,BRA038
5391,3,Grafite,64,,BRA038
5393,3,Alan Santos da Silva,63,,BRA016
5393,3,José Rogério de Oliveira Melo,79,,BRA042
5392,3,Alecsandro,59,,BRA033
5392,3,Vitor Hugo Franchescoli de Souza,57,,BRA033
5394,3,Guilherme Milhomem Gusmão,79,,BRA015
5394,3,Kadu,15,Gol Contra,BRA015
5394,3,Bruno Henrique Corsini,22,,BRA015
5395,3,Renê Rodrigues Martins,58,Gol Contra,BRA028
5396,3,Marcelo Oliveira Ferreira,18,,BRA025
5396,3,Luan Guilherme de Jesus Vieira,26,,BRA025
5396,3,Luan Guilherme de Jesus Vieira,45+3,,BRA025
5397,4,Giorgian De Arrascaeta,82,,BRA018
5397,4,Victor Rangel,29,,BRA001
5398,4,Bruno Alves,74,,BRA020
5398,4,Ewandro,23,,BRA003
5398,4,Thiago Heleno,44,,BRA003
5399,4,Tiago da Costa Silva,84,Gol Contra,BRA014
5399,4,Arthur Caike do Nascimento Cruz,38,,BRA038
5400,4,Felipe Azevedo,21,Gol Contra,BRA021
5400,4,Wellington Paulista,12,,BRA036
5400,4,Jorge Marco de Oliveira Moraes,42,,BRA021
5401,4,Lucca Borges de Brito,70,,BRA015
5401,4,Marquinhos,79,,BRA015
5402,4,Fred,51,,BRA022
5403,4,Patric Cabral Lalau,37,,BRA005
5403,4,Kieza,79,,BRA045
5404,4,Paulo Henrique Ganso,12,,BRA042
5405,4,Everton Sousa Soares,40,,BRA025
5405,4,Luan Guilherme de Jesus Vieira,68,Penalty,BRA025
5406,4,Aylon,84,,BRA028
5407,5,Victor Vinícius Coelho Santos,39,,BRA028
5410,5,Jorge Ortega,67,,BRA016
5410,5,Bruno Rangel,24,Penalty,BRA014
5410,5,José Carlos Ferreira Júnior,90+4,,BRA016
5410,5,Bruno Rangel,40,Penalty,BRA014
5410,5,Bruno Rangel,82,,BRA014
5410,5,Rafael Marques Pinto,9,,BRA016
5410,5,Lucas Gomes,89,,BRA014
5409,5,Edmilson dos Santos Silva,9,,BRA043
5408,5,Giovanni Augusto,82,,BRA015
5411,5,Tiago Pagnussat,2,,BRA005
5411,5,Gustavo Scarpa,31,,BRA022
5413,5,José Élber Pimentel da Silva,27,,BRA018
5412,5,Rafael Moura,16,,BRA020
5414,5,Danilo Barcelos,24,,BRA001
5414,5,Felipe Azevedo,6,,BRA036
5414,5,Clayson Henrique da Silva Vieira,19,,BRA036
5416,5,Felipe Vizeu,64,,BRA021
5415,5,Róger Guedes,57,,BRA033
5415,5,Giuliano Victor de Paula,55,,BRA025
5415,5,Vitor Hugo Franchescoli de Souza,73,,BRA033
5415,5,Edílson Mendes Guimarães,90+1,,BRA025
5415,5,Thiago dos Santos,84,,BRA033
5415,5,Gabriel Jesus,2,,BRA033
5415,5,Giuliano Victor de Paula,45+5,,BRA025
5417,6,Deivid Willian da Silva,59,,BRA003
5419,6,André Felipe Ribeiro de Souza,89,,BRA015
5419,6,Uendel Pereira Gonçalves,90+5,,BRA015
5419,6,Negueba,45+2,,BRA016
5420,6,Osman,71,,BRA001
5421,6,Vitor Bueno,11,,BRA040
5421,6,Paulinho,35,,BRA040
5421,6,Bruno César Pereira da Silva,70,Gol Contra,BRA040
5422,6,Mário Sérgio Santos Costa,4,,BRA045
5423,6,Gabriel Xavier,45,,BRA043
5423,6,Patric Cabral Lalau,42,,BRA005
5423,6,Edmilson dos Santos Silva,73,,BRA043
5423,6,Diego Souza,76,,BRA043
5423,6,Robinho,30,Penalty,BRA005
5423,6,Rithely,26,,BRA043
5423,6,Júnior Urso,22,,BRA005
5423,6,Robinho,45+3,Penalty,BRA005
5425,6,Luan Guilherme de Jesus Vieira,90+4,,BRA025
5424,6,Jean Raphael Vanderlei Moreira,72,Penalty,BRA033
5424,6,Alan Patrick,6,,BRA021
5424,6,Gabriel Jesus,4,,BRA033
5426,6,Ytalo José dos Santos,23,,BRA042
5427,7,Adalberto dos Santos Rodrigues,20,,BRA001
5427,7,Aylon,3,,BRA028
5427,7,Aylon,6,,BRA028
5427,7,Ernando Rodrigues Lopes,73,,BRA028
5428,7,Felipe Azevedo,45+3,,BRA036
5428,7,William Pottker,90,,BRA036
5428,7,Arthur Brasiliano Maia,79,,BRA014
5429,7,Marcos Júnior,75,,BRA022
5429,7,Marcelo Hermes,41,,BRA025
5430,7,Hernani Azevedo Junior,88,,BRA003
5430,7,Maicon Pereira Roque,41,,BRA042
5430,7,Otávio Henrique Santos,66,,BRA003
5432,7,Luiz Ricardo Alves,52,,BRA009
5432,7,Victor Ramos,90+2,,BRA045
5431,7,Diego Souza,25,,BRA043
5431,7,Ruy Franco de Almeida Junior,37,,BRA016
5431,7,Diego Souza,52,,BRA043
5431,7,Kléber,48,,BRA016
5431,7,Luccas Claro,70,,BRA016
5433,7,Rafael de Souza Pereira,14,,BRA005
5433,7,Bruno Rodrigo,62,,BRA018
5433,7,Fred,56,,BRA005
5433,7,Alisson Euler de Freitas Castro,19,,BRA018
5433,7,Duvier Riascos,49,,BRA018
5434,7,Cleiton Xavier,48,,BRA033
5435,7,Rafael Moura,42,,BRA020
5436,7,Joel Tagueu,65,,BRA040
5436,7,José Carlos Cracco Neto,45,,BRA040
5439,8,Fábio Ferreira,3,,BRA036
5439,8,Walter Henrique da Silva,90+3,,BRA003
5439,8,Reinaldo Manoel da Silva,62,,BRA036
5439,8,Jeferson,69,,BRA036
5439,8,Paulo André,11,,BRA003
5438,8,Thiego,81,,BRA014
5438,8,Pedro Geromel,3,,BRA025
5438,8,Bruno Rangel,26,Penalty,BRA014
5438,8,Jailson Marques Siqueira,42,,BRA025
5438,8,Thiego,18,,BRA014
5438,8,Giuliano Victor de Paula,83,,BRA025
5437,8,Jonathan Calleri,76,,BRA042
5437,8,Diego Lugano,86,,BRA042
5442,8,Luiz Ricardo Alves,32,,BRA009
5442,8,Bruno Sávio,48,,BRA001
5442,8,Luiz Ricardo Alves,24,Penalty,BRA009
5442,8,Luiz Ricardo Alves,39,Penalty,BRA009
5441,8,Wesley de Jesus Correia,26,,BRA038
5440,8,Gabriel Barbosa,66,,BRA040
5440,8,Vitor Bueno,88,,BRA040
5443,8,Róger Guedes,7,,BRA033
5443,8,Jonatan Cristaldo,69,,BRA033
5443,8,João Paulo Silva,20,,BRA016
5443,8,Leandro,90+5,,BRA016
5444,8,Réver,43,,BRA021
5445,8,Victor Vinícius Coelho Santos,75,,BRA028
5445,8,Eduardo Sasha,35,,BRA028
5446,8,Cícero Santos,63,,BRA022
5447,9,Jean Raphael Vanderlei Moreira,45+2,,BRA033
5447,9,Grafite,51,,BRA038
5447,9,Eduardo Pereira Rodrigues,29,,BRA033
5447,9,Eduardo Pereira Rodrigues,65,,BRA033
5448,9,Paulo André,88,,BRA003
5449,9,Borges,58,,BRA001
5449,9,Kléber,50,,BRA016
5449,9,Adalberto dos Santos Rodrigues,55,,BRA001
5451,9,Leandro Donizete,24,,BRA005
5451,9,Juan Cazares,28,,BRA005
5451,9,Carlos Júnior,85,,BRA005
5450,9,Thiego,76,,BRA014
5450,9,Mário Sérgio Santos Costa,73,,BRA045
5450,9,Sérgio Manoel Barbosa Santos,72,,BRA014
5452,9,Bruno Henrique Corsini,24,,BRA015
5452,9,Bruno Henrique Corsini,89,,BRA015
5452,9,Marquinhos,52,,BRA015
5452,9,Leandrinho,28,,BRA009
5455,9,Diego Souza,90,,BRA043
5455,9,Magno Alves,85,,BRA022
5455,9,Gabriel Xavier,40,,BRA043
5453,9,Willian Arão,59,,BRA021
5453,9,Jonathan Calleri,12,,BRA042
5453,9,Jonathan Calleri,51,,BRA042
5453,9,Rodrigo Caio,22,Gol Contra,BRA021
5454,9,Wéverton Almeida Santos,73,,BRA020
5454,9,Renato Baruffi,41,Penalty,BRA020
5454,9,Victor Vinícius Coelho Santos,65,,BRA028
5454,9,Victor Vinícius Coelho Santos,83,,BRA028
5454,9,Renato Baruffi,80,,BRA020
5456,9,Luan Guilherme de Jesus Vieira,44,,BRA025
5456,9,Douglas dos Santos,52,,BRA025
5457,10,Gabriel Jesus,19,,BRA033
5457,10,Gabriel Jesus,27,,BRA033
5458,10,Giorgian De Arrascaeta,55,Penalty,BRA018
5458,10,Henrique Pacheco Lima,8,,BRA018
5458,10,Alisson Euler de Freitas Castro,78,Penalty,BRA018
5458,10,Giorgian De Arrascaeta,21,,BRA018
5460,10,Willian Arão,15,,BRA021
5461,10,Gabriel Barbosa,45+3,,BRA040
5461,10,Marcos Júnior,14,,BRA022
5461,10,Gabriel Barbosa,51,,BRA040
5461,10,Marcos Júnior,66,,BRA022
5461,10,Luiz Felipe,73,,BRA040
5461,10,Rodrigão,39,,BRA040
5462,10,Juan Cazares,83,,BRA005
5462,10,Lucca Borges de Brito,90,,BRA015
5462,10,Fred,67,,BRA005
5464,10,Victor Ramos,56,Gol Contra,BRA025
5464,10,Kieza,26,,BRA045
5464,10,Diego Renan,32,Penalty,BRA045
5466,10,Anderson Luís de Abreu Oliveira,34,,BRA028
5466,10,Nery Bareiro,70,,BRA016
5467,11,Willian Gomes de Siqueira,15,,BRA018
5467,11,Willian Gomes de Siqueira,47,,BRA018
5467,11,Gabriel Jesus,11,,BRA033
5468,11,Luciano da Rocha Neves,27,,BRA015
5468,11,Ángel Romero,37,,BRA015
5468,11,Grafite,52,,BRA038
5469,11,Robinho,4,,BRA005
5470,11,Paolo Guerrero,58,,BRA021
5470,11,Willian Arão,48,Gol Contra,BRA022
5470,11,Richarlison,76,,BRA022
5471,11,Kieza,22,,BRA045
5471,11,William Pottker,9,,BRA036
5473,11,Fernandes,8,,BRA009
5473,11,Neilton Mestzk,15,,BRA009
5473,11,Eduardo Sasha,70,,BRA028
5473,11,Camilo,71,,BRA009
5473,11,Ernando Rodrigues Lopes,74,,BRA028
5472,11,Hernani Azevedo Junior,54,,BRA003
5472,11,André Lima,68,,BRA003
5474,11,Rodrigão,39,,BRA040
5474,11,Lucas Rafael Araújo Lima,90,,BRA040
5474,11,Vitor Bueno,1,,BRA040
5475,11,Rithely,54,,BRA043
5475,11,Diego Souza,64,,BRA043
5475,11,Rodney Wallace,10,,BRA043
5475,11,Ronaldo,77,,BRA043
5475,11,Rodney Wallace,57,,BRA043
5475,11,Ananias Elói Castro Monteiro,46,,BRA014
5478,12,Matheus Ferraz Pereira,18,,BRA043
5478,12,Vander Luiz Silva Souza,45,,BRA045
5478,12,Matheus Ferraz Pereira,78,,BRA043
5478,12,Euller,61,,BRA045
5478,12,Nickson Gabriel Reis Silva,64,,BRA045
5477,12,Ederson Honorato Campos,19,,BRA021
5479,12,Marcelo Hermes,89,,BRA025
5479,12,Jonathan Copete,65,,BRA040
5479,12,Giuliano Victor de Paula,3,,BRA025
5479,12,José Carlos Cracco Neto,83,,BRA040
5479,12,Douglas dos Santos,45,,BRA025
5480,12,Colin Kâzım-Richards,81,,BRA016
5481,12,Silvinho,42,,BRA014
5481,12,Fabrício Bruno,84,,BRA018
5481,12,Arthur Brasiliano Maia,69,,BRA014
5481,12,Everton Kempes dos Santos Gonçalves,89,,BRA014
5481,12,Matías Pisano,7,,BRA018
5483,12,Marquinhos,75,Penalty,BRA015
5483,12,Ángel Romero,10,,BRA015
5482,12,Cícero Santos,53,Penalty,BRA022
5482,12,João Schmidt,2,,BRA042
5482,12,Alan Kardec,40,,BRA042
5485,12,Eduardo Pereira Rodrigues,43,,BRA033
5485,12,Gabriel Jesus,56,,BRA033
5485,12,Gabriel Jesus,90+1,,BRA033
5485,12,Moisés Lima Magalhães,8,,BRA033
5484,12,William Pottker,21,,BRA036
5484,12,William Pottker,39,,BRA036
5484,12,Felipe Azevedo,70,,BRA036
5486,12,Juan Cazares,78,,BRA005
5486,12,Gervásio Núñez,89,,BRA009
5486,12,Robinho,45+2,,BRA005
5486,12,Bruno César Pereira da Silva,90+2,,BRA009
5486,12,Fred,48,,BRA005
5486,12,Luiz Ricardo Alves,73,Penalty,BRA009
5486,12,Juan Cazares,1,,BRA005
5486,12,Carlos Júnior,89,,BRA005
5488,13,Nikão,53,,BRA003
5489,13,Giorgian De Arrascaeta,54,,BRA018
5489,13,Vander Luiz Silva Souza,83,,BRA045
5489,13,Alisson Euler de Freitas Castro,24,,BRA018
5489,13,Diego Renan,65,Penalty,BRA045
5490,13,Douglas dos Santos,20,,BRA025
5493,13,Ángel Romero,89,,BRA015
5493,13,Guilherme Milhomem Gusmão,78,,BRA015
5493,13,Rildo de Andrade Felicissimo,80,,BRA015
5493,13,Ángel Romero,59,,BRA015
5491,13,Jonathan Copete,65,,BRA040
5491,13,Yuri Oliveira Lima,87,,BRA040
5491,13,Rodrigão,61,,BRA040
5492,13,Clayson Henrique da Silva Vieira,57,,BRA036
5494,13,Neilton Mestzk,18,,BRA009
5494,13,João Paulo,49,,BRA038
5494,13,Luiz Ricardo Alves,2,,BRA009
5495,13,Gustavo Ermel,52,,BRA020
5495,13,Fred,8,,BRA005
5496,13,Gabriel Xavier,59,,BRA043
5496,13,Cleiton Xavier,72,Penalty,BRA033
5496,13,Erik Nascimento de Lima,11,,BRA033
5496,13,Gabriel Jesus,66,,BRA033
5497,14,Marquinhos,90+2,,BRA015
5497,14,Rodrigo Eduardo Costa Marinho,60,,BRA015
5499,14,William Pottker,17,,BRA036
5499,14,Douglas Grolli,79,,BRA036
5499,14,José Rogério de Oliveira Melo,10,,BRA043
5500,14,Walace,45,,BRA025
5500,14,Deyvison Rogério da Silva,90+3,,BRA025
5500,14,Ayrton Ganino,76,,BRA020
5501,14,Felipe Vizeu,57,,BRA021
5501,14,Felipe Vizeu,12,,BRA021
5503,14,Lyanco,43,,BRA042
5503,14,Alan Kardec,34,,BRA042
5503,14,Alan Kardec,60,,BRA042
5502,14,Keno,45+2,,BRA038
5505,14,Pablo Felipe Teixeira,65,,BRA003
5505,14,André Lima,68,,BRA003
5505,14,André Lima,82,,BRA003
5506,14,Yerry Mina,6,,BRA033
5506,14,Gabriel Barbosa,56,,BRA040
5507,15,Juan Manuel Salgueiro,83,,BRA009
5507,15,Éverton Cardoso da Silva,24,,BRA021
5507,15,Diogo Barbosa,34,,BRA009
5507,15,Jorge Marco de Oliveira Moraes,57,,BRA021
5507,15,Neilton Mestzk,80,,BRA009
5507,15,Paolo Guerrero,68,,BRA021
5508,15,Victor Ferraz,22,,BRA040
5508,15,Vitor Bueno,56,,BRA040
5508,15,Gabriel Barbosa,72,,BRA040
5508,15,Roger Rodrigues da Silva,84,,BRA036
5509,15,Tiago da Costa Silva,9,,BRA038
5509,15,Marcílio,16,,BRA038
5509,15,Arthur Caike do Nascimento Cruz,56,,BRA038
5511,15,Dener Assunção Braz,71,,BRA014
5511,15,Rafael Moura,45+1,Penalty,BRA020
5512,15,Cícero Santos,7,,BRA022
5512,15,Marcos Júnior,26,Penalty,BRA022
5514,15,Christian Cueva,15,Penalty,BRA042
5514,15,Bruno Henrique Corsini,22,,BRA015
5510,15,Erik Nascimento de Lima,11,,BRA033
5513,15,Pablo Felipe Teixeira,45,,BRA003
5513,15,Diego Renan,71,Penalty,BRA045
5515,15,Sérgio Antônio Borges Júnior,22,,BRA043
5515,15,Pedro Geromel,63,,BRA025
5515,15,Diego Souza,39,,BRA043
5515,15,Diego Souza,75,Penalty,BRA043
5515,15,Edmilson dos Santos Silva,68,,BRA043
5515,15,Pedro Geromel,46,,BRA025
5516,15,Robinho,41,,BRA005
5516,15,Robinho,85,,BRA005
5516,15,Carlos Emiliano Pereira,76,,BRA016
5517,16,Danilo Gabriel de Andrade,84,,BRA015
5517,16,Dodô,59,,BRA020
5518,16,Kléber,33,,BRA016
5519,16,Leandro Donizete,60,,BRA005
5520,16,Roger Rodrigues da Silva,43,,BRA036
5520,16,Wendel Geraldo Maurício e Silva,46,,BRA036
5520,16,Valdívia,26,,BRA028
5520,16,Ariel Nahuelpán,82,,BRA028
5524,16,Hyoran,25,,BRA014
5524,16,Lucas Gomes,88,,BRA014
5524,16,Camilo,86,,BRA009
5521,16,Douglas dos Santos,53,,BRA025
5523,16,José Rogério de Oliveira Melo,51,,BRA043
5523,16,Willian Gomes de Siqueira,90+2,,BRA018
5523,16,José Rogério de Oliveira Melo,38,,BRA043
5522,16,Hernani Azevedo Junior,34,,BRA003
5525,16,Antônio Eduardo Pereira dos Santos,30,,BRA045
5525,16,Jean Mota Oliveira de Souza,82,,BRA040
5525,16,Vander Luiz Silva Souza,71,,BRA045
5525,16,Vitor Bueno,20,,BRA040
5525,16,Jonathan Copete,32,,BRA040
5526,16,Paolo Guerrero,56,,BRA021
5526,16,Juninho,77,,BRA001
5526,16,Alan Patrick,60,Penalty,BRA021
5527,17,Dodô,15,,BRA020
5528,17,Edmilson dos Santos Silva,53,,BRA043
5528,17,Diego Souza,17,Penalty,BRA043
5529,17,Robinho,22,,BRA005
5529,17,Fred,67,,BRA005
5529,17,Luan Madson Gedeão de Paiva,71,,BRA005
5531,17,Cícero Santos,55,,BRA022
5531,17,Wellington Alves da Silva,70,,BRA022
5531,17,Cícero Santos,20,,BRA022
5530,17,Christian Cueva,61,,BRA042
5530,17,Christian Cueva,86,Penalty,BRA042
5530,17,Everton Kempes dos Santos Gonçalves,5,,BRA014
5530,17,Thiego,12,,BRA014
5532,17,Paolo Guerrero,52,,BRA021
5532,17,Marcelo Cirino da Silva,89,,BRA021
5533,17,Elias Mendes Trindade,42,,BRA015
5534,17,Vitor Bueno,61,,BRA040
5534,17,Lucas Rios Marques,74,Gol Contra,BRA040
5535,17,Erik Nascimento de Lima,78,,BRA033
5535,17,Camilo,87,Penalty,BRA009
5535,17,Neilton Mestzk,19,,BRA009
5535,17,Neilton Mestzk,35,,BRA009
5537,18,Mário Sérgio Santos Costa,88,,BRA045
5537,18,Kieza,90+3,,BRA045
5537,18,José Carlos Ferreira Júnior,60,Gol Contra,BRA045
5537,18,Raphael Cavalcante Veiga,48,,BRA016
5538,18,Mark González,90+3,,BRA043
5538,18,Danilo Barcelos,40,,BRA001
5540,18,Walter Henrique da Silva,76,,BRA003
5540,18,Walter Henrique da Silva,87,,BRA003
5541,18,William Pottker,30,,BRA036
5541,18,Reinaldo Manoel da Silva,85,,BRA036
5543,18,Lucas Pratto,20,,BRA005
5543,18,Andrés Chávez,3,,BRA042
5543,18,Maicosuel,11,,BRA005
5544,18,Ramón Ábila,17,,BRA018
5544,18,Rafael Sóbis,14,,BRA018
5544,18,Luis Manuel Seijas,2,,BRA028
5544,18,Rafael Sóbis,41,,BRA018
5544,18,Alex Raphael Meschini,73,Penalty,BRA028
5544,18,Rafael Sóbis,53,,BRA018
5545,18,Everton Kempes dos Santos Gonçalves,30,,BRA014
5545,18,Jean Raphael Vanderlei Moreira,85,Penalty,BRA033
5547,19,Federico Mancuello,61,,BRA021
5548,19,Juninho,90,,BRA001
5550,19,Thiago Martins Bueno,75,Gol Contra,BRA045
5550,19,Lucas Barrios,37,,BRA033
5550,19,Cleiton Xavier,50,,BRA033
5549,19,Rhayner,43,,BRA036
5549,19,Juan Maldonado Jaimez Júnior,80,Penalty,BRA016
5549,19,Kléber,40,,BRA016
5549,19,Luccas Claro,63,,BRA016
5551,19,Andrés Chávez,39,,BRA042
5551,19,Andrés Chávez,64,,BRA042
5551,19,Keno,84,,BRA038
5552,19,Gustavo Scarpa,3,,BRA022
5552,19,Gustavo Scarpa,64,,BRA022
5552,19,Luis Manuel Seijas,45+3,,BRA028
5552,19,Fernando Paixão da Silva,78,,BRA028
5553,19,Túlio de Melo,82,Penalty,BRA043
5553,19,Carlos Alberto Gomes de Jesus,46,,BRA020
5554,19,Robinho,43,,BRA005
5554,19,Maicosuel,79,,BRA005
5554,19,Bruno Rangel,90+1,,BRA014
5554,19,Carlos César Neves,21,,BRA005
5555,19,Ramón Ábila,66,,BRA018
5555,19,Giovanni Augusto,2,,BRA015
5557,20,Edmilson dos Santos Silva,24,,BRA043
5558,20,Wendel Geraldo Maurício e Silva,51,,BRA036
5558,20,Roger Rodrigues da Silva,83,,BRA036
5559,20,Henrique Dourado,47,,BRA022
5560,20,Pedro Rocha Neves,17,,BRA025
5560,20,Everton Sousa Soares,48,,BRA025
5560,20,Miller Bolaños,61,,BRA025
5563,20,Tiago da Costa Silva,37,,BRA038
5563,20,Matías Pisano,83,,BRA038
5563,20,Diego Renan,5,,BRA045
5563,20,Willian Farias,48,,BRA045
5561,20,Ramón Ábila,50,,BRA018
5561,20,Colin Kâzım-Richards,20,,BRA016
5561,20,Juan Maldonado Jaimez Júnior,27,,BRA016
5561,20,Rafael da Silva Francisco,3,,BRA018
5562,20,Ricardo Oliveira,69,,BRA040
5562,20,Ricardo Oliveira,90+4,,BRA040
5562,20,Gustavo Henrique Vernes,12,,BRA040
5564,20,Luiz Ricardo Alves,90+3,,BRA009
5565,20,Vitor Hugo Franchescoli de Souza,44,,BRA033
5566,20,Alejandro Martinuccio,90+1,,BRA014
5567,21,Alison Wágner Lira Ferreira,90+2,Gol Contra,BRA014
5567,21,Lucas Gomes,72,,BRA014
5567,21,Gilson Gomes do Nascimento,45+1,Penalty,BRA001
5568,21,Camilo,90+2,,BRA009
5568,21,Luiz Ricardo Alves,45+2,,BRA009
5568,21,Luiz Ricardo Alves,52,,BRA009
5570,21,Robinho,40,Penalty,BRA005
5569,21,Diego Ribas,70,,BRA021
5569,21,Henrique Almeida,72,,BRA025
5569,21,Leandro Damião,30,Penalty,BRA021
5573,21,Rafael Marques Mariano,16,,BRA033
5573,21,Thiago Martins Bueno,70,,BRA033
5573,21,Wellington Paulista,52,,BRA036
5573,21,William Pottker,73,,BRA036
5572,21,Henrique Dourado,30,,BRA022
5571,21,Christian Cueva,37,Penalty,BRA042
5571,21,Eugenio Mena,85,Gol Contra,BRA028
5574,21,Kléber,73,,BRA016
5574,21,Iago Dias,86,,BRA016
5574,21,Ricardo Oliveira,59,,BRA040
5575,21,Henrique Pacheco Lima,3,,BRA018
5575,21,Ramón Ábila,48,,BRA018
5575,21,Wéverton Almeida Santos,88,,BRA020
5576,21,Jonathan Marlone,51,,BRA015
5576,21,Yago Fernando da Silva,43,Gol Contra,BRA045
5576,21,Marquinhos,71,,BRA015
5577,22,Roger Rodrigues da Silva,36,,BRA036
5577,22,Clayson Henrique da Silva Vieira,50,,BRA036
5579,22,Rafael Moura,48,Penalty,BRA020
5578,22,Róbson Michael Signorini,49,,BRA018
5578,22,Ramón Ábila,53,,BRA018
5580,22,Luan Guilherme de Jesus Vieira,53,,BRA025
5580,22,Robinho,87,,BRA005
5581,22,Eduardo Pereira Rodrigues,19,,BRA033
5581,22,Jean Raphael Vanderlei Moreira,25,,BRA033
5582,22,Everton Kempes dos Santos Gonçalves,42,,BRA014
5582,22,Diego Ribas,9,,BRA021
5582,22,Federico Mancuello,90+1,,BRA021
5582,22,Leandro Damião,71,Penalty,BRA021
5584,22,Luis Manuel Seijas,9,Penalty,BRA028
5584,22,Vinícius Vasconcelos Araújo,89,,BRA043
5585,22,Marcelo Machado dos Santos,37,,BRA045
5585,22,David Corrêa da Fonseca,64,,BRA045
5585,22,Danilo Barcelos,86,,BRA001
5586,22,Hernani Azevedo Junior,7,,BRA003
5546,18,Renato de Araújo Chaves Júnior,20,,BRA022
5546,18,Magno Alves,79,,BRA022
5546,18,Carlos Alberto Gomes de Jesus,48,,BRA020
5546,18,Gustavo Scarpa,14,,BRA022
5546,18,Nirley da Silva Fonseca,61,,BRA020
5556,19,Camilo,21,,BRA009
5556,19,Luiz Ricardo Alves,29,,BRA009
5556,19,Matheus dos Santos Batista,80,,BRA025
5587,23,Arthur Caike do Nascimento Cruz,57,,BRA038
5587,23,Bruno Eduardo Moraes,64,,BRA038
5587,23,Bruno Rangel,87,Penalty,BRA014
5587,23,Everton Kempes dos Santos Gonçalves,28,,BRA014
5589,23,Neilton Mestzk,50,,BRA009
5588,23,Lins Lima de Brito,4,,BRA020
5590,23,Fred,45+1,,BRA005
5590,23,Fred,63,,BRA005
5590,23,Antônio Eduardo Pereira dos Santos,59,,BRA045
5591,23,Yerry Mina,56,,BRA033
5591,23,Vitor Hugo Franchescoli de Souza,71,,BRA033
5591,23,Andrés Chávez,48,,BRA042
5593,23,Raphael Cavalcante Veiga,35,,BRA016
5593,23,Neto Berola,39,,BRA016
5593,23,Walisson,22,,BRA016
5593,23,Leandro,31,,BRA016
5592,23,Luiz Fernando Pereira da Silva,90,,BRA021
5592,23,William Pottker,67,,BRA036
5592,23,Gabriel Santana,14,,BRA021
5594,23,Vilson Xavier de Menezes Júnior,62,,BRA015
5594,23,Rodrigo Eduardo Costa Marinho,47,,BRA015
5594,23,Léo Príncipe,54,,BRA015
5595,23,Giorgian De Arrascaeta,21,,BRA018
5595,23,Ramón Ábila,70,,BRA018
5596,23,Aylon,62,,BRA028
5596,23,Ricardo Oliveira,28,,BRA040
5596,23,Luis Manuel Seijas,43,,BRA028
5597,24,Gabriel Santana,60,,BRA021
5597,24,Zé Love,22,,BRA045
5597,24,Luiz Fernando Pereira da Silva,44,,BRA021
5599,24,Kelvin Mateus de Oliveira,73,,BRA042
5599,24,Andrés Chávez,31,,BRA042
5599,24,Carlos Alberto Gomes de Jesus,87,Penalty,BRA020
5599,24,Christian Cueva,66,,BRA042
5598,24,Everton Kempes dos Santos Gonçalves,71,,BRA014
5600,24,Gustavo Canales,66,,BRA009
5600,24,Camilo,80,,BRA009
5602,24,Pablo Felipe Teixeira,46,,BRA003
5602,24,Valdívia,2,,BRA028
5602,24,Pablo Felipe Teixeira,40,,BRA003
5601,24,Rodney Wallace,70,,BRA043
5601,24,Keno,6,,BRA038
5601,24,Luis Carlos Ruiz,80,,BRA043
5601,24,João Paulo,50,,BRA038
5601,24,Vinícius Vasconcelos Araújo,90,,BRA043
5601,24,Bruno Eduardo Moraes,72,,BRA038
5601,24,Durval,53,,BRA043
5601,24,Everton Felipe,90+2,,BRA043
5603,24,Renato Dirnei Florêncio,85,,BRA040
5603,24,Jonathan Marlone,37,,BRA015
5603,24,Vitor Bueno,71,Penalty,BRA040
5604,24,William Pottker,44,,BRA036
5604,24,Jonas Jessué da Silva Júnior,58,,BRA001
5606,24,Gustavo Scarpa,77,,BRA022
5606,24,Francinilson Santos Meirelles,90+2,,BRA022
5606,24,Douglas Augusto Soares Gomes,49,,BRA022
5606,24,Robinho,28,,BRA005
5606,24,Marquinho,73,,BRA022
5606,24,Rómulo Otero,88,,BRA005
5607,25,José Carlos Cracco Neto,4,,BRA040
5608,25,Dodô,38,Penalty,BRA020
5608,25,Lins Lima de Brito,15,,BRA020
5608,25,Jonas Jessué da Silva Júnior,44,,BRA001
5608,25,Osman,80,,BRA001
5610,25,Bruno Eduardo Moraes,90+1,,BRA038
5609,25,Fábio Ferreira,53,,BRA036
5609,25,Roger Rodrigues da Silva,76,,BRA036
5609,25,William Pottker,90+5,Penalty,BRA036
5611,25,Leandro,28,Penalty,BRA016
5611,25,Jonathan Marlone,15,,BRA015
5612,25,Gabriel Jesus,82,,BRA033
5612,25,Alan Patrick,62,,BRA021
5614,25,Dener Assunção Braz,54,,BRA014
5614,25,Lourency do Nascimento Rodrigues,89,,BRA014
5614,25,Cícero Santos,4,,BRA022
5613,25,Júnior Urso,59,,BRA005
5616,25,Antônio Eduardo Pereira dos Santos,47,,BRA045
5615,25,Wesley Lopes Beltrame,43,,BRA042
5617,26,Moisés Lima Magalhães,5,,BRA033
5617,26,Yerry Mina,76,,BRA033
5618,26,Willian Arão,37,,BRA021
5618,26,Diego Ribas,71,Penalty,BRA021
5619,26,Clayton da Silveira da Silva,31,,BRA005
5619,26,Róbson Michael Signorini,76,,BRA018
5621,26,Gustavo Scarpa,40,,BRA022
5623,26,Pablo Felipe Teixeira,80,,BRA003
5620,26,Willian José de Souza,31,,BRA016
5622,26,Tiaguinho,43,,BRA014
5622,26,Fábio Ferreira,33,,BRA036
5622,26,Roger Rodrigues da Silva,56,,BRA036
5622,26,Tiaguinho,12,,BRA014
5624,26,Jonathan Copete,5,,BRA040
5624,26,Keno,90+11,,BRA038
5624,26,Jean Mota Oliveira de Souza,88,,BRA040
5624,26,Vitor Bueno,90+13,,BRA040
5624,26,Keno,56,,BRA038
5625,26,Rodrigo Pimpão,45,,BRA009
5626,26,Michael Vinicius Silva de Morais,90,,BRA001
5627,27,Yerry Mina,57,,BRA033
5627,27,Iago Dias,76,,BRA016
5627,27,Leandro,51,,BRA033
5628,27,José Rogério de Oliveira Melo,11,,BRA043
5629,27,Jonas Jessué da Silva Júnior,65,,BRA001
5630,27,Thiago Heleno,78,,BRA003
5630,27,Thiago Heleno,45+2,Penalty,BRA003
5630,27,Leonardo Moreira Morais,67,,BRA003
5631,27,Danny Morais,60,Gol Contra,BRA020
5631,27,Keno,66,,BRA038
5631,27,Ayrton Ganino,1,,BRA020
5631,27,Lins Lima de Brito,38,,BRA020
5632,27,Lyanco,72,Gol Contra,BRA045
5632,27,Mário Sérgio Santos Costa,52,,BRA045
5633,27,Cícero Santos,90+4,,BRA022
5635,27,Pedro Rocha Neves,10,,BRA025
5634,27,Federico Mancuello,89,,BRA021
5634,27,Rafael da Silva Francisco,74,,BRA018
5634,27,Paolo Guerrero,84,,BRA021
5636,27,Clayton da Silveira da Silva,29,,BRA005
5636,27,Lucas Pratto,81,,BRA005
5636,27,Gustavo Ferrareis,31,,BRA028
5636,27,Fred,15,,BRA005
5637,28,Richarlison,66,,BRA022
5637,28,Gustavo Scarpa,87,,BRA022
5637,28,Gum,11,Gol Contra,BRA043
5637,28,Marcos Júnior,54,,BRA022
5639,28,Zé Love,26,,BRA045
5639,28,Marcelo Machado dos Santos,16,,BRA045
5639,28,Tiaguinho,55,,BRA014
5639,28,Kieza,40,,BRA045
5639,28,Zé Love,9,,BRA045
5640,28,Ricardo Oliveira,31,Penalty,BRA040
5640,28,Paulinho,83,,BRA040
5641,28,Neilton Mestzk,24,,BRA009
5641,28,Diogo Barbosa,38,,BRA009
5642,28,Clayton da Silveira da Silva,38,,BRA005
5642,28,Roger Rodrigues da Silva,79,,BRA036
5642,28,Júnior Urso,16,,BRA005
5643,28,Henrique Pacheco Lima,72,,BRA018
5644,28,Victor Vinícius Coelho Santos,5,,BRA028
5645,28,Zé Roberto,33,,BRA033
5645,28,Leandro,66,,BRA033
5645,28,Róger Guedes,80,,BRA033
5645,28,Grafite,70,Penalty,BRA038
5645,28,Arthur Caike do Nascimento Cruz,56,,BRA038
5646,28,Juan Maldonado Jaimez Júnior,49,,BRA016
5646,28,Juan Maldonado Jaimez Júnior,73,,BRA016
5646,28,Colin Kâzım-Richards,13,,BRA016
5648,29,Jailson Marques Siqueira,53,,BRA025
5647,29,Filipe Machado,19,,BRA014
5647,29,Pablo Felipe Teixeira,84,,BRA003
5647,29,Matheus Rossetto,88,,BRA003
5647,29,Hernani Azevedo Junior,42,Penalty,BRA003
5650,29,Wellington do Nascimento Silva,64,,BRA022
5650,29,Jonathan Copete,48,,BRA040
5650,29,Ricardo Oliveira,80,,BRA040
5651,29,Diego Souza,43,,BRA043
5651,29,Thiago Henrique Mendes Ribeiro,25,,BRA042
5652,29,Victor Vinícius Coelho Santos,87,Penalty,BRA028
5653,29,Róbson Michael Signorini,81,,BRA018
5653,29,Ramón Ábila,12,,BRA018
5654,29,Felipe Vizeu,6,,BRA021
5654,29,Willian Arão,57,,BRA021
5654,29,Marcelo Cirino da Silva,87,,BRA021
5655,29,Danilo Neves,3,,BRA033
5655,29,Alecsandro,88,,BRA033
5656,29,Bruno César Pereira da Silva,90+2,,BRA009
5657,30,Ananias Elói Castro Monteiro,57,,BRA014
5657,30,Everton Kempes dos Santos Gonçalves,90,,BRA014
5657,30,Thiego,44,,BRA014
5659,30,Guilherme Milhomem Gusmão,38,,BRA015
5659,30,Guilherme Milhomem Gusmão,55,,BRA015
5659,30,Grafite,30,,BRA038
5659,30,Jonathan Marlone,48,,BRA015
5659,30,Keno,81,,BRA038
5659,30,Lucca Borges de Brito,90+2,,BRA015
5660,30,Luiz Ricardo Alves,85,Penalty,BRA009
5662,30,Rhayner,24,,BRA036
5662,30,Wendel Geraldo Maurício e Silva,37,,BRA036
5663,30,Lucas Pratto,85,,BRA005
5663,30,Fred,36,,BRA005
5663,30,Carlos César Neves,65,,BRA005
5666,30,Pedro Rocha Neves,45+2,,BRA025
5664,30,Marcos Júnior,47,,BRA022
5664,30,Luiz Fernando Pereira da Silva,54,,BRA021
5664,30,William Matheus,12,Gol Contra,BRA021
5665,30,Jonathan Copete,46,,BRA040
5667,31,Fred,51,,BRA005
5667,31,Bruno César Pereira da Silva,5,,BRA009
5667,31,Leonardo Silva,70,,BRA005
5667,31,Rodrigo Pimpão,35,,BRA009
5667,31,Dudu Cearense,90+1,,BRA009
5669,31,Matheus Rossetto,20,,BRA003
5669,31,Pablo Felipe Teixeira,68,,BRA003
5670,31,Eduardo Sasha,66,,BRA028
5670,31,Victor Vinícius Coelho Santos,81,,BRA028
5670,31,Réver,57,,BRA021
5671,31,Jean Raphael Vanderlei Moreira,84,,BRA033
5671,31,Jean Raphael Vanderlei Moreira,57,Penalty,BRA033
5671,31,Rafael Silva dos Santos,86,,BRA020
5672,31,Ángel Romero,17,,BRA015
5672,31,Rodrigo Eduardo Costa Marinho,39,,BRA015
5673,31,Maycon de Andrade Barberan,70,,BRA036
5673,31,William Pottker,74,,BRA036
5673,31,Roger Rodrigues da Silva,51,,BRA036
5675,31,Diego Souza,6,,BRA043
5674,31,Fabián Noguera,21,,BRA040
5674,31,Everton Sousa Soares,10,,BRA025
5676,31,Thiago Henrique Mendes Ribeiro,72,,BRA042
5676,31,Rodrigo Caio,81,,BRA042
5676,31,Wellington Alves da Silva,31,Penalty,BRA022
5677,32,Rodrigo Pimpão,87,,BRA009
5678,32,David Neres Campos,82,,BRA042
5678,32,Christian Cueva,11,Penalty,BRA042
5679,32,Rodrigo Eduardo Costa Marinho,45+1,,BRA015
5679,32,Paolo Guerrero,15,,BRA021
5679,32,Paolo Guerrero,59,,BRA021
5679,32,Guilherme Milhomem Gusmão,6,,BRA015
5680,32,Ariel Cabral,40,,BRA018
5681,32,José Rogério de Oliveira Melo,32,,BRA043
5681,32,Eduardo Pereira Rodrigues,21,,BRA033
5681,32,Danilo Neves,45+1,,BRA033
5683,32,Leandro,64,,BRA016
5683,32,Gum,15,,BRA022
5684,32,Júnior Urso,88,,BRA005
5684,32,Fred,90,,BRA005
5684,32,Rómulo Otero,16,,BRA005
5685,32,Lucas Rafael Araújo Lima,4,,BRA040
5686,32,Éder Lima dos Santos,85,,BRA001
5687,33,José Rogério de Oliveira Melo,54,,BRA043
5688,33,Cícero Santos,45+3,,BRA022
5688,33,Richarlison,37,Penalty,BRA022
5688,33,Marcelo Machado dos Santos,31,,BRA045
5688,33,Mário Sérgio Santos Costa,88,,BRA045
5689,33,Lucas Pratto,87,,BRA005
5689,33,Diego Ribas,33,,BRA021
5689,33,Paolo Guerrero,90,,BRA021
5689,33,Robinho,82,Penalty,BRA005
5691,33,Bruno Rangel,84,Penalty,BRA014
5691,33,Giovanni Augusto,74,Penalty,BRA015
5690,33,Manoel Messias Silva Carvalho,14,Gol Contra,BRA003
5693,33,Léo Moura,32,,BRA038
5693,33,Victor Vinícius Coelho Santos,7,,BRA028
5695,33,Jonathan Copete,67,,BRA040
5696,33,Michael Vinicius Silva de Morais,27,,BRA001
5698,34,Andrés Chávez,67,,BRA042
5698,34,Luiz Araújo,90+3,,BRA042
5698,34,Christian Cueva,14,Penalty,BRA042
5698,34,David Neres Campos,61,,BRA042
5699,34,Ricardo Oliveira,67,,BRA040
5699,34,William Pottker,22,Penalty,BRA036
5699,34,Jonathan Copete,89,,BRA040
5700,34,Léo Moura,33,,BRA038
5702,34,Cleiton Xavier,17,,BRA033
5703,34,Mário Sérgio Santos Costa,82,,BRA045
5703,34,David Corrêa da Fonseca,69,,BRA045
5703,34,Pablo Felipe Teixeira,30,,BRA003
5703,34,Mário Sérgio Santos Costa,5,,BRA045
5703,34,Pablo Felipe Teixeira,43,,BRA003
5701,34,Alisson Euler de Freitas Castro,51,,BRA018
5701,34,Ramón Ábila,90+3,Gol Contra,BRA022
5701,34,Rafael Sóbis,26,,BRA018
5701,34,Richarlison,9,,BRA022
5701,34,Willian Gomes de Siqueira,45,,BRA018
5701,34,Giorgian De Arrascaeta,46,,BRA018
5704,34,Raphael Cavalcante Veiga,53,,BRA016
5704,34,Kléber,90+3,Penalty,BRA016
5705,34,Everton Kempes dos Santos Gonçalves,76,,BRA014
5706,34,José Rogério de Oliveira Melo,47,,BRA043
5706,34,Diego Souza,45,,BRA043
5706,34,Diego Souza,90,,BRA043
5707,35,Hernani Azevedo Junior,62,Penalty,BRA003
5707,35,Cícero Santos,29,,BRA022
5708,35,Everton Kempes dos Santos Gonçalves,33,,BRA014
5708,35,Sérgio Manoel Barbosa Santos,65,,BRA014
5709,35,Leandro,75,,BRA016
5710,35,Henrique Pacheco Lima,43,,BRA018
5711,35,Éverton Cardoso da Silva,33,,BRA021
5712,35,Guilherme Camacho,44,,BRA015
5712,35,Rafael Moura,90+3,,BRA020
5713,35,Jonathan Copete,35,,BRA040
5713,35,Ricardo Oliveira,68,Penalty,BRA040
5713,35,Jonathan Copete,84,,BRA040
5713,35,Mário Sérgio Santos Costa,62,Penalty,BRA045
5713,35,Serginho,90+3,,BRA045
5714,35,Andrés Chávez,12,,BRA042
5714,35,Ramiro Moschen Benetti,66,,BRA025
5715,35,Valdívia,13,,BRA028
5715,35,Antonio Carlos Capocasali,57,,BRA036
5716,35,Lucas Pratto,59,,BRA005
5716,35,Gabriel Jesus,27,,BRA033
5717,36,Kieza,57,,BRA045
5717,36,Mário Sérgio Santos Costa,61,,BRA045
5717,36,Willian Farias,23,,BRA045
5717,36,Zé Love,46,,BRA045
5718,36,Ricardo Oliveira,48,,BRA040
5718,36,Giorgian De Arrascaeta,22,,BRA018
5718,36,Manoel Messias Silva Carvalho,89,,BRA018
5718,36,Ricardo Oliveira,62,Penalty,BRA040
5719,36,Eduardo Pereira Rodrigues,63,,BRA033
5721,36,Negueba,25,,BRA025
5721,36,Miller Bolaños,65,,BRA025
5721,36,Fred,11,,BRA025
5722,36,Wendel Geraldo Maurício e Silva,42,,BRA036
5720,36,Thiago Heleno,35,Penalty,BRA003
5720,36,André Lima,22,,BRA003
5723,36,Diego Ribas,29,,BRA021
5723,36,Willian José de Souza,43,,BRA016
5723,36,Kléber,88,,BRA016
5723,36,Gabriel Santana,2,,BRA021
5724,36,Tiaguinho,45+1,,BRA014
5724,36,Dener Assunção Braz,39,,BRA014
5725,36,Clayton da Silveira da Silva,55,,BRA005
5725,36,Keno,31,,BRA038
5725,36,Hyuri,80,,BRA005
5725,36,Grafite,14,Penalty,BRA038
5725,36,Cícero Vítor dos Santos Júnior,59,,BRA038
5725,36,Fred,6,,BRA005
5726,36,Jonathan Marlone,56,Penalty,BRA015
5728,37,Luiz Ricardo Alves,17,,BRA009
5728,37,William Pottker,66,,BRA036
5727,37,Rodney Wallace,12,,BRA043
5727,37,Ronaldo Alves,80,,BRA043
5727,37,Danilo Barcelos,53,,BRA001
5727,37,Michael Vinicius Silva de Morais,64,,BRA001
5733,37,Valdívia,75,,BRA028
5730,37,Hyuri,23,,BRA005
5730,37,Maicon Pereira Roque,25,,BRA042
5730,37,Gilberto Oliveira Souza Junior,90+1,,BRA042
5732,37,Paolo Guerrero,5,,BRA021
5732,37,Diego Ribas,87,,BRA021
5731,37,Fabiano,26,,BRA033
5735,37,Grafite,49,,BRA038
5735,37,Arthur Caike do Nascimento Cruz,90,,BRA038
5735,37,Grafite,88,,BRA038
5735,37,Miller Bolaños,53,,BRA025
5735,37,Léo Moura,61,,BRA038
5735,37,Roberto Heuchayer,86,,BRA038
5734,37,Marcos Roberto da Silva Barbosa,18,,BRA020
5736,37,Mário Sérgio Santos Costa,11,,BRA045
5741,38,Giorgian De Arrascaeta,24,,BRA018
5741,38,Jonathan Marlone,55,,BRA015
5741,38,Ezequiel,57,,BRA018
5741,38,Róbson Michael Signorini,59,,BRA018
5741,38,Guilherme Milhomem Gusmão,8,,BRA015
5738,38,Douglas Augusto Soares Gomes,72,,BRA022
5738,38,Gustavo Ferrareis,88,,BRA028
5739,38,Bruno César Pereira da Silva,17,,BRA009
5740,38,Gilberto Oliveira Souza Junior,30,,BRA042
5740,38,Andrés Chávez,58,,BRA042
5740,38,Andrés Chávez,73,,BRA042
5740,38,David Neres Campos,1,,BRA042
5740,38,Luiz Araújo,82,,BRA042
5744,38,Gabriel Girotto Franco,16,,BRA033
5744,38,Alecsandro,45+1,,BRA033
5744,38,Mário Sérgio Santos Costa,13,,BRA045
5745,38,Ravanelli Ferreira dos Santos,65,,BRA036
5745,38,William Pottker,60,Penalty,BRA036
5737,38,Ricardo Oliveira,49,,BRA040
5742,38,José Rogério de Oliveira Melo,47,,BRA043
5742,38,Diego Souza,89,,BRA043
5746,1,Elias Mendes Trindade,59,,BRA005
5746,1,Matheus Sávio,24,,BRA021
5747,1,Jô,22,,BRA015
5747,1,Wellington Paulista,56,,BRA014
5748,1,Junior Sornoza,58,,BRA022
5748,1,Henrique Dourado,45+3,Penalty,BRA022
5748,1,Victor Ferraz,39,,BRA040
5748,1,Vladimir Hernández,87,,BRA040
5748,1,Henrique Dourado,4,,BRA022
5749,1,Ramón Ábila,48,,BRA018
5751,1,Lucca Borges de Brito,40,,BRA036
5751,1,Clayson Henrique da Silva Vieira,73,Penalty,BRA036
5751,1,Nino Paraíba,45,,BRA036
5751,1,Clayson Henrique da Silva Vieira,90+2,,BRA036
5750,1,Tiago Pagnussat,33,,BRA007
5750,1,Edigar Junio,44,,BRA007
5750,1,José Rafael Vivian,40,,BRA007
5750,1,Edson Felipe da Cruz,72,,BRA007
5750,1,Régis,42,,BRA007
5750,1,Guilherme Milhomem Gusmão,15,,BRA003
5750,1,Régis,45+2,,BRA007
5750,1,Marcos do Nascimento Teixeira,38,,BRA003
5753,1,Miguel Borja,46,,BRA033
5753,1,Jean Raphael Vanderlei Moreira,6,Penalty,BRA033
5753,1,Miguel Borja,80,Penalty,BRA033
5753,1,Alejandro Guerra,41,,BRA033
5754,1,Ramiro Moschen Benetti,45+1,,BRA025
5754,1,Ramiro Moschen Benetti,54,,BRA025
5755,1,Neto Berola,35,,BRA016
5755,1,Tomas Almino da Silva Bastos,66,,BRA016
5755,1,Tomas Almino da Silva Bastos,71,,BRA016
5755,1,Henrique Almeida,32,,BRA016
5755,1,Walter Henrique da Silva,63,,BRA004
5756,2,David Braz,7,,BRA040
5757,2,Éverton Cardoso da Silva,40,,BRA021
5757,2,Leandro Damião,50,,BRA021
5757,2,Rodinei de Almeida,64,,BRA021
5758,2,Luiz Antônio de Souza Soares,73,,BRA014
5759,2,Yago Pikachu,54,,BRA044
5759,2,Luís Fabiano,75,,BRA044
5759,2,Gustavo,83,,BRA007
5761,2,Jô,75,,BRA015
5760,2,Luan Guilherme de Jesus Vieira,46,,BRA025
5760,2,Lucas Barrios,59,,BRA025
5762,2,Henrique Dourado,36,Penalty,BRA022
5762,2,Richarlison,38,,BRA022
5762,2,Gabriel Costa França,40,,BRA005
5763,2,Bruno César Pereira da Silva,21,,BRA009
5763,2,Rodrigo Lindoso,65,,BRA009
5764,2,Diego Souza,34,Penalty,BRA043
5764,2,Alisson Euler de Freitas Castro,20,,BRA018
5765,2,Lucas Pratto,11,,BRA042
5765,2,Luiz Araújo,90+1,,BRA042
5766,3,Nenê,90+3,,BRA044
5766,3,Henrique Dourado,59,Penalty,BRA022
5766,3,Luís Fabiano,26,,BRA044
5766,3,Henrique Dourado,65,Penalty,BRA022
5766,3,Andrés Escobar,75,,BRA044
5767,3,Lucas Pratto,62,,BRA042
5767,3,Luiz Araújo,83,,BRA042
5768,3,Rildo de Andrade Felicissimo,71,,BRA016
5769,3,Robinho,36,,BRA005
5769,3,Rafael Moura,80,,BRA005
5769,3,Lucca Borges de Brito,48,,BRA036
5769,3,Lucca Borges de Brito,50,,BRA036
5770,3,Thiago Heleno,56,,BRA003
5770,3,Federico Mancuello,25,,BRA021
5772,3,Rodrigo Eduardo Costa Marinho,27,,BRA015
5771,3,Thiago Neves,83,,BRA018
5773,3,Luiz Fernando Pereira da Silva,87,Penalty,BRA025
5773,3,André Felipe Ribeiro de Souza,34,,BRA043
5773,3,Luiz Fernando Pereira da Silva,5,,BRA025
5773,3,André Felipe Ribeiro de Souza,74,,BRA043
5773,3,Rafael Thyere de Albuquerque Marques,17,,BRA025
5773,3,André Felipe Ribeiro de Souza,84,,BRA043
5773,3,Matheus Ferraz Pereira,64,,BRA043
5774,3,Bruno César Pereira da Silva,44,,BRA009
5775,3,Reinaldo Manoel da Silva,38,,BRA014
5775,3,Wellington Paulista,17,,BRA014
5776,4,Marcio,61,,BRA016
5777,4,Kieza,65,,BRA045
5777,4,Richarlison,32,,BRA022
5777,4,Henrique Dourado,49,,BRA022
5778,4,Ángel Romero,69,,BRA015
5778,4,Jô,75,,BRA015
5780,4,Rômulo,33,,BRA006
5783,4,Luan Guilherme de Jesus Vieira,90+3,,BRA025
5783,4,Lucas Barrios,38,Penalty,BRA025
5782,4,Lucca Borges de Brito,51,,BRA036
5784,4,Wellington Paulista,27,,BRA014
5784,4,Douglas Grolli,47,,BRA014
5785,4,Renê Júnior,16,,BRA007
5785,4,Vinícius,41,,BRA007
5785,4,Gustavo Ferrareis,73,,BRA007
5786,5,Pablo Felipe Teixeira,8,,BRA003
5786,5,Reginaldo Manoel da Silva Junior,33,,BRA022
5787,5,Fred,16,,BRA005
5788,5,Matheus Galdezani,51,,BRA016
5789,5,Victor Ferraz,90+6,,BRA040
5790,5,Luís Fabiano,46,,BRA044
5790,5,Maycon de Andrade Barberan,58,,BRA015
5790,5,Luís Fabiano,48,,BRA044
5790,5,Clayton da Silveira da Silva,84,,BRA015
5790,5,Marquinhos,3,,BRA015
5790,5,Clayton da Silveira da Silva,90+2,,BRA015
5790,5,Jô,39,,BRA015
5791,5,Thomás Jaguaribe Bedinelli,84,,BRA043
5791,5,Osvaldo Filho,56,,BRA043
5792,5,Everaldo Stum,37,,BRA004
5792,5,Luiz Fernando Moraes dos Santos,77,,BRA004
5792,5,Everaldo Stum,45,Penalty,BRA004
5793,5,Lucas Pratto,90+3,,BRA042
5793,5,Antonio Thomaz Santos de Barros,64,,BRA042
5794,5,Michel Ferreira dos Santos,27,,BRA025
5794,5,Luan Guilherme de Jesus Vieira,90+1,,BRA025
5794,5,Luiz Antônio de Souza Soares,34,,BRA014
5794,5,Everton Sousa Soares,60,,BRA025
5794,5,Arthur Caike do Nascimento Cruz,90,,BRA014
5794,5,Everton Sousa Soares,61,,BRA025
5794,5,Michel Ferreira dos Santos,21,,BRA025
5794,5,Everton Sousa Soares,81,,BRA025
5794,5,Reinaldo Manoel da Silva,73,Penalty,BRA014
5795,5,Edigar Junio,18,,BRA007
5796,6,Róger Guedes,90+4,,BRA033
5796,6,Henrique Dourado,18,,BRA022
5796,6,Alejandro Guerra,10,,BRA033
5796,6,Keno,41,,BRA033
5797,6,André Felipe Ribeiro de Souza,90+4,Penalty,BRA043
5797,6,Luís Fabiano,63,,BRA044
5797,6,Douglas Luiz,90+1,,BRA044
5798,6,Roger Rodrigues da Silva,23,,BRA009
5798,6,Joel Carli,66,,BRA009
5798,6,Kléber,7,Penalty,BRA016
5798,6,Henrique Almeida,55,Penalty,BRA016
5799,6,Marinaldo dos Santos Oliveira,61,,BRA036
5799,6,Osman,71,,BRA014
5799,6,Renato Cajá,16,,BRA036
5799,6,Rossicley Pereira da Silva,73,,BRA014
5799,6,Lucca Borges de Brito,26,,BRA036
5802,6,Gilberto Oliveira Souza Junior,18,,BRA042
5802,6,Jadson,63,Penalty,BRA015
5802,6,Wellington Nem,84,,BRA042
5802,6,Ángel Romero,7,,BRA015
5802,6,Gabriel Girotto Franco,41,,BRA015
5801,6,Neilton Mestzk,65,,BRA045
5801,6,Kieza,20,Penalty,BRA045
5800,6,Leandro Damião,61,,BRA021
5800,6,Rômulo,56,,BRA006
5803,6,Ramón Ábila,80,Penalty,BRA018
5803,6,Ramón Ábila,62,,BRA018
5804,6,Kayke Moreno,36,,BRA040
5804,6,Kayke Moreno,27,,BRA040
5805,6,Bruno Cortês,86,,BRA025
5807,7,Juan Maldonado Jaimez Júnior,25,,BRA006
5807,7,Everaldo Stum,45+3,Penalty,BRA004
5807,7,Jorginho,17,,BRA004
5807,7,Everaldo Stum,90+2,Penalty,BRA004
5806,7,Sidcley Ferreira Pereira,90,,BRA003
5808,7,Bruno César Pereira da Silva,42,,BRA009
5808,7,Gabriel Xavier,50,,BRA045
5808,7,Kieza,76,,BRA045
5808,7,Bruno César Pereira da Silva,30,,BRA009
5810,7,Réver,45+3,,BRA021
5810,7,Leandro Damião,59,,BRA021
5812,7,Andrei Girotto,29,,BRA014
5812,7,Arthur Caike do Nascimento Cruz,61,,BRA014
5812,7,Jean Carlos de Souza Irmer,41,,BRA044
5811,7,Kayke Moreno,51,,BRA040
5813,7,Fabián Balbuena,43,,BRA015
5815,7,Edílson Mendes Guimarães,8,,BRA025
5815,7,Luan Guilherme de Jesus Vieira,80,,BRA025
5816,8,Sidcley Ferreira Pereira,4,,BRA003
5817,8,Yago Pikachu,20,,BRA044
5822,8,Roger Rodrigues da Silva,29,,BRA009
5822,8,Rodrigo Pimpão,54,,BRA009
5823,8,Rafael Moura,81,,BRA005
5823,8,Marcio Antonio de Sousa Junior,46,,BRA042
5823,8,Juan Cazares,8,,BRA005
5820,8,Vinícius,45,,BRA007
5820,8,Willian Gomes de Siqueira,90+2,,BRA033
5820,8,Róger Guedes,18,Penalty,BRA033
5820,8,João Paulo,84,,BRA007
5820,8,Keno,48,,BRA033
5820,8,Yerry Mina,82,,BRA033
5821,8,Wendel,36,,BRA022
5821,8,Henrique Dourado,81,Penalty,BRA022
5821,8,Diego Ribas,55,,BRA021
5821,8,Miguel Trauco,90+5,,BRA021
5824,8,André Lima,79,,BRA045
5824,8,Diego Souza,45+1,,BRA043
5824,8,Uillian Correia,17,,BRA045
5824,8,Antônio Eduardo Pereira dos Santos,38,,BRA045
5825,8,Everton Sousa Soares,16,,BRA025
5825,8,Thiago Neves,45+1,,BRA018
5825,8,Michel Ferreira dos Santos,42,,BRA025
5825,8,Rafael Sóbis,48,,BRA018
5825,8,Ramiro Moschen Benetti,60,,BRA025
5825,8,Róbson Michael Signorini,63,,BRA018
5826,9,Jonathan Copete,77,,BRA040
5826,9,Jonathan Copete,34,,BRA040
5828,9,Victor Luis,45+5,,BRA009
5828,9,Caio Monteiro,84,,BRA044
5828,9,Roger Rodrigues da Silva,5,,BRA009
5828,9,Roger Rodrigues da Silva,61,,BRA009
5827,9,Miguel Borja,45+1,,BRA033
5830,9,Wanderson,4,,BRA003
5831,9,Felipe Santana,21,,BRA005
5831,9,Fred,39,,BRA005
5831,9,Diego Souza,64,Penalty,BRA043
5831,9,Osvaldo Filho,16,,BRA043
5829,9,Maicon,33,Gol Contra,BRA022
5829,9,Henrique Dourado,29,,BRA022
5829,9,Matheus Mascarenhas,59,,BRA022
5833,9,Lucca Borges de Brito,37,Penalty,BRA036
5832,9,Jô,25,,BRA015
5832,9,Fabián Balbuena,79,,BRA015
5832,9,Marquinhos,90+3,,BRA015
5834,9,Luiz Fernando Pereira da Silva,85,,BRA025
5834,9,Pedro Rocha Neves,10,,BRA025
5835,9,Paolo Guerrero,75,,BRA021
5835,9,Diego Ribas,14,,BRA021
5835,9,Paolo Guerrero,82,,BRA021
5835,9,Diego Ribas,79,,BRA021
5835,9,Victor Ramos,56,,BRA014
5835,9,Paolo Guerrero,19,,BRA021
5836,10,Osvaldo Filho,81,,BRA043
5837,10,Nenê,28,,BRA044
5841,10,Thiago Neves,38,,BRA018
5841,10,Rafael Sóbis,65,,BRA018
5838,10,Jadson,52,,BRA015
5839,10,Jucilei,7,,BRA042
5839,10,Wendel,51,,BRA022
5840,10,Wanderson,43,,BRA003
5840,10,Fred,17,,BRA045
5840,10,Nikão,54,,BRA003
5840,10,Éderson Alves Ribeiro Silva,57,,BRA003
5840,10,Matheus Rossetto,81,,BRA003
5842,10,Alejandro Guerra,38,,BRA033
5842,10,Alejandro Guerra,45,,BRA033
5842,10,Lucca Borges de Brito,40,,BRA036
5843,10,Orlando Berrío,73,,BRA021
5844,10,Jonathan Marlone,11,,BRA005
5845,10,Joel Tagueu,6,,BRA006
5845,10,Joel Tagueu,17,,BRA006
5846,11,Machado,78,Gol Contra,BRA033
5847,11,Andrigo,11,,BRA004
5847,11,Thiago Maia,68,,BRA040
5850,11,Juan Cazares,45+3,,BRA005
5850,11,Fred,45+5,,BRA005
5850,11,Fred,79,,BRA005
5850,11,Thiago Neves,6,,BRA018
5848,11,Diego Souza,76,Penalty,BRA043
5852,11,Jô,79,,BRA015
5851,11,Paolo Guerrero,38,,BRA021
5851,11,Diego Ribas,42,,BRA021
5854,11,Kléber,88,,BRA016
5854,11,Thalles Lima de Conceição Penha,21,,BRA044
5854,11,Wagner Ferreira dos Santos,90+1,,BRA044
5854,11,Kléber,67,,BRA016
5855,11,Pedro,70,,BRA022
5855,11,Arthur Caike do Nascimento Cruz,82,,BRA014
5855,11,Marcos Júnior,90+3,,BRA022
5855,11,Rossicley Pereira da Silva,13,,BRA014
5855,11,Richarlison,2,,BRA022
5855,11,Arthur Caike do Nascimento Cruz,42,,BRA014
5856,12,Andrigo,69,,BRA004
5856,12,André Lima,37,,BRA045
5856,12,Uillian Correia,88,,BRA045
5857,12,Éverton Cardoso da Silva,64,,BRA021
5858,12,Jadson,45+1,,BRA015
5858,12,Jô,46,,BRA015
5859,12,Sidcley Ferreira Pereira,2,,BRA003
5859,12,Lucas Marques,17,,BRA014
5860,12,João Paulo,84,,BRA007
5860,12,Wellington Alves da Silva,12,,BRA022
5861,12,Junior Dutra,85,,BRA006
5861,12,Wellington Simião,73,,BRA006
5862,12,Willian Gomes de Siqueira,62,,BRA033
5862,12,Thiago Neves,32,,BRA018
5862,12,Hudson,42,,BRA018
5862,12,José Élber Pimentel da Silva,90+2,,BRA018
5863,12,Shaylon,75,,BRA042
5863,12,Jonathan Copete,44,,BRA040
5863,12,Robert Arboleda,87,,BRA042
5863,12,Jonathan Copete,54,,BRA040
5863,12,Jonathan Copete,67,,BRA040
5864,12,Roger Rodrigues da Silva,90+3,,BRA009
5864,12,Jonathan Marlone,22,,BRA005
5865,12,Walisson,90+2,Gol Contra,BRA043
5865,12,Eugenio Mena,18,,BRA043
5865,12,José Rogério de Oliveira Melo,85,,BRA043
5866,13,Renê Júnior,85,,BRA007
5866,13,Rodrigão,4,,BRA007
5866,13,Rodrigão,54,,BRA007
5867,13,Daniel Guedes,90+3,,BRA040
5868,13,Roger Rodrigues da Silva,39,,BRA009
5869,13,Jadson,23,Penalty,BRA015
5869,13,Guilherme Arana,65,,BRA015
5870,13,Lucas Romero,28,,BRA018
5870,13,Rafael Marques Mariano,86,,BRA018
5871,13,Paulo Vitor Fernandes Pereira,90+1,,BRA044
5871,13,Antônio Eduardo Pereira dos Santos,14,Gol Contra,BRA044
5871,13,Guilherme Costa Machado Silveira,90+5,,BRA044
5871,13,Antônio Eduardo Pereira dos Santos,70,,BRA045
5871,13,Thalles Lima de Conceição Penha,75,,BRA044
5872,13,Nilton Soares Rodrigues,66,,BRA004
5872,13,Everaldo Stum,86,,BRA004
5872,13,Lucas Pratto,58,,BRA042
5872,13,Marcio Antonio de Sousa Junior,84,,BRA042
5873,13,Diego Souza,90+2,,BRA043
5873,13,André Felipe Ribeiro de Souza,63,,BRA043
5873,13,André Felipe Ribeiro de Souza,90+5,,BRA043
5874,13,Luan Guilherme de Jesus Vieira,26,,BRA025
5875,13,Rildo de Andrade Felicissimo,80,,BRA016
5875,13,Henrique Almeida,90+3,,BRA016
5875,13,Marquinhos Santos,19,,BRA006
5875,13,Kléber,11,Penalty,BRA016
5875,13,Rildo de Andrade Felicissimo,20,,BRA016
5876,14,Jonathan Cícero Moreira,38,,BRA003
5876,14,Otávio Henrique Santos,82,,BRA003
5876,14,Jô,45,,BRA015
5876,14,Jô,51,,BRA015
5877,14,Mayke,71,,BRA033
5877,14,Uillian Correia,10,,BRA045
5877,14,Eduardo Pereira Rodrigues,45+1,,BRA033
5877,14,David Corrêa da Fonseca,85,,BRA045
5877,14,Eduardo Pereira Rodrigues,77,,BRA033
5877,14,Róger Guedes,37,Penalty,BRA033
5879,14,Fred,57,,BRA005
5879,14,Elias Mendes Trindade,73,,BRA005
5879,14,Igor Henrique,26,,BRA004
5880,14,Túlio de Melo,62,,BRA014
5880,14,Lucas Marques,90+1,,BRA014
5881,14,Luiz Ricardo Alves,60,,BRA018
5881,14,Éverton Cardoso da Silva,54,,BRA021
5882,14,Lucas Barrios,71,Penalty,BRA025
5882,14,Rafael Thyere de Albuquerque Marques,35,Gol Contra,BRA036
5882,14,Lucas Barrios,57,,BRA025
5882,14,Everton Sousa Soares,88,,BRA025
5883,14,Renê Júnior,75,,BRA007
5883,14,Junior Dutra,83,,BRA006
5884,14,Léo Pelé,38,,BRA022
5884,14,Henrique Almeida,45+2,,BRA016
5884,14,Richarlison,32,,BRA022
5885,14,Rodrigo Lindoso,2,,BRA009
5885,14,Guilherme,70,,BRA009
5885,14,Rithely,9,,BRA043
5887,15,Emiliano Vecchio,61,,BRA040
5886,15,David Corrêa da Fonseca,58,,BRA045
5886,15,Luiz Fernando Pereira da Silva,8,,BRA025
5886,15,Arthur,44,,BRA025
5886,15,Ramiro Moschen Benetti,63,,BRA025
5889,15,Lucca Borges de Brito,83,,BRA036
5889,15,Leonardo Artur de Melo,15,,BRA036
5889,15,Emerson Sheik,60,,BRA036
5889,15,Emerson Sheik,87,,BRA036
5890,15,Paulo Roberto Valoura Junior,88,,BRA007
5890,15,Paulo Roberto Valoura Junior,13,Penalty,BRA007
5891,15,Lucas Pratto,2,,BRA042
5892,15,Paolo Guerrero,44,,BRA021
5892,15,Willian Gomes de Siqueira,32,,BRA033
5892,15,Róger Guedes,43,,BRA033
5892,15,Marcos Rogério Ricci Lopes,8,,BRA021
5893,15,Richarlison,42,Penalty,BRA022
5893,15,Luiz Ricardo Alves,36,,BRA018
5894,15,Patrick,7,,BRA043
5894,15,Diego Souza,19,,BRA043
5894,15,André Felipe Ribeiro de Souza,41,,BRA043
5894,15,André Felipe Ribeiro de Souza,81,,BRA043
5896,16,Lourency do Nascimento Rodrigues,64,,BRA014
5896,16,Reinaldo Manoel da Silva,28,Penalty,BRA014
5896,16,Neilton Mestzk,61,Penalty,BRA045
5897,16,Orlando Berrío,7,,BRA021
5897,16,Éverton Ribeiro,90+1,Penalty,BRA021
5897,16,Henrique Almeida,46,,BRA016
5898,16,Bruno Henrique,45+1,,BRA040
5898,16,Bruno Henrique,76,,BRA040
5898,16,Bruno Henrique,29,,BRA040
5899,16,Junior Dutra,21,,BRA006
5901,16,Fabián Balbuena,50,,BRA015
5900,16,Keno,45+3,,BRA033
5900,16,Bruno Henrique Corsini,35,,BRA033
5903,16,Vinícius Tanque,68,,BRA009
5903,16,Paulinho,76,,BRA004
5902,16,Lucca Borges de Brito,51,,BRA036
5902,16,Lucca Borges de Brito,90+3,Penalty,BRA036
5904,16,Yago Henrique Severino dos Santos,18,,BRA005
5904,16,Paulinho,14,,BRA044
5904,16,Paulinho,68,,BRA044
5905,16,Lucas Fernandes,64,,BRA042
5905,16,Pedro Rocha Neves,19,,BRA025
5906,17,Guilherme,68,,BRA009
5906,17,Hernanes,85,,BRA042
5906,17,Christian Cueva,17,,BRA042
5906,17,Marcos Vinícius de Jesus Araújo,18,,BRA009
5906,17,Marcos Guilherme,83,,BRA042
5906,17,Marcos Vinícius de Jesus Araújo,24,,BRA009
5906,17,Marcos Guilherme,90+1,,BRA042
5907,17,Eduardo Pereira Rodrigues,11,,BRA033
5907,17,Deyverson,35,,BRA033
5908,17,Diego Rosa,68,,BRA004
5908,17,Gilvan,84,,BRA004
5908,17,Luiz Otávio da Silva Santos,40,,BRA014
5909,17,Rafael Moura,73,,BRA005
5909,17,Fábio Santos,13,Penalty,BRA005
5910,17,Everton Felipe,18,,BRA043
5910,17,Ronaldo Alves,65,,BRA043
5910,17,Reinaldo Lenis,90+2,,BRA043
5910,17,Rodrigão,59,,BRA007
5911,17,Réver,71,,BRA021
5911,17,Jô,22,,BRA015
5912,17,Luiz Fernando Pereira da Silva,45+2,,BRA025
5912,17,David Braz,45,,BRA040
5914,17,Ribamar,61,,BRA003
5917,18,Túlio de Melo,20,,BRA014
5917,18,Rodrigão,39,,BRA007
5916,18,André Felipe Ribeiro de Souza,32,,BRA043
5916,18,Patrick,49,,BRA043
5916,18,Gustavo Scarpa,9,,BRA022
5916,18,Renato de Araújo Chaves Júnior,13,,BRA022
5918,18,Jô,31,,BRA015
5918,18,Rodrigo Eduardo Costa Marinho,83,,BRA015
5919,18,Santiago Tréllez,2,,BRA045
5919,18,Santiago Tréllez,36,,BRA045
5919,18,Neilton Mestzk,13,,BRA045
5919,18,Elton Junior Melo Ataíde,49,,BRA036
5921,18,Michel Ferreira dos Santos,83,,BRA025
5922,18,Rodrigo Pimpão,55,,BRA009
5922,18,Igor Rabello,45+1,Gol Contra,BRA033
5922,18,Deyverson,86,,BRA033
5920,18,Bruno Henrique,54,,BRA040
5920,18,Felipe Vizeu,67,,BRA021
5920,18,Alison Lopes Ferreira,85,,BRA040
5920,18,Ricardo Oliveira,88,,BRA040
5920,18,Éverton Ribeiro,56,,BRA021
5923,18,Capa,58,Gol Contra,BRA003
5923,18,Guilherme Milhomem Gusmão,34,,BRA003
5923,18,Guilherme Milhomem Gusmão,56,,BRA003
5923,18,Eduardo Henrique,71,,BRA003
5923,18,Eduardo Henrique,78,,BRA003
5924,18,Thiago Carleto,57,Penalty,BRA016
5924,18,Denílson Pereira Júnior,88,,BRA042
5924,18,Yilmar Filigrana,67,,BRA016
5925,18,Luiz Ricardo Alves,19,Penalty,BRA018
5925,18,Thiago Neves,3,,BRA018
5925,18,Róbson Michael Signorini,88,,BRA018
5926,19,Guilherme Arana,9,,BRA015
5926,19,Rodrigo Eduardo Costa Marinho,46,,BRA015
5926,19,Pedro Henrique Ribeiro Gonçalves,66,,BRA015
5926,19,Thallyson,83,,BRA043
5927,19,Wendel,15,,BRA022
5927,19,Wellington Alves da Silva,33,,BRA022
5927,19,Henrique Dourado,58,,BRA022
5927,19,Paulinho,23,,BRA004
5928,19,Yago Rocha,45,,BRA045
5928,19,Neilton Mestzk,66,Penalty,BRA045
5930,19,Pedro Rocha Neves,5,,BRA025
5930,19,Luiz Fernando Pereira da Silva,27,,BRA025
5933,19,Régis,40,,BRA007
5933,19,Hernanes,45+4,Penalty,BRA042
5933,19,Stiven Mendoza,43,,BRA007
5932,19,Thiago Heleno,18,,BRA003
5931,19,Rildo de Andrade Felicissimo,43,,BRA016
5931,19,Alecsandro,22,,BRA016
5936,20,Jorginho,63,,BRA004
5937,20,Junior Dutra,73,,BRA006
5938,20,Hernanes,82,Penalty,BRA042
5938,20,Luiz Ricardo Alves,51,,BRA018
5938,20,Luiz Ricardo Alves,57,,BRA018
5938,20,Hernanes,45+2,,BRA042
5938,20,Robert Arboleda,71,,BRA042
5940,20,Fábio Santos,16,Penalty,BRA005
5940,20,Rafael Moura,54,,BRA005
5941,20,Alejandro Guerra,77,,BRA033
5941,20,Andrés Escobar,88,,BRA044
5943,20,Leandrinho,7,,BRA009
5942,20,Éder,59,Gol Contra,BRA003
5942,20,Thiago Heleno,52,,BRA003
5942,20,Nikão,25,Penalty,BRA003
5942,20,Sidcley Ferreira Pereira,86,,BRA003
5942,20,Stiven Mendoza,20,,BRA007
5946,21,Santiago Tréllez,12,,BRA045
5947,21,Vinícius Júnior,75,,BRA021
5947,21,Vinícius Júnior,56,,BRA021
5951,21,Luiz Ricardo Alves,34,,BRA018
5951,21,Raniel,87,,BRA018
5952,21,Brenner Marlos Varanda de Oliveira,21,Penalty,BRA009
5952,21,Emerson Sheik,13,,BRA036
5952,21,Emerson Sheik,88,,BRA036
5949,21,Hernanes,79,Penalty,BRA042
5949,21,Junior Dutra,70,Penalty,BRA006
5950,21,Tiago Pagnussat,23,,BRA007
5950,21,Stiven Mendoza,47,,BRA007
5950,21,Stiven Mendoza,45+4,,BRA007
5954,21,Fabrício Bruno,39,,BRA014
5954,21,Túlio de Melo,90+5,,BRA014
5955,21,Valdívia,57,,BRA005
5955,21,Henrique Dourado,38,,BRA022
5955,21,Henrique Dourado,87,,BRA022
5945,20,Jô,90,,BRA015
5956,22,Ramon de Morais Motta,31,,BRA044
5957,22,Gilvan,47,,BRA004
5959,22,Keno,79,,BRA033
5959,22,Hyoran,90+1,,BRA033
5959,22,Willian Gomes de Siqueira,36,,BRA033
5959,22,Marcos Guilherme,13,,BRA042
5959,22,Willian Gomes de Siqueira,39,,BRA033
5959,22,Hernanes,45+7,,BRA042
5961,22,Willian Arão,31,,BRA021
5961,22,Diego Ribas,17,,BRA021
5958,22,Elias Mendes Trindade,61,,BRA005
5958,22,Rómulo Otero,89,,BRA005
5958,22,Léo Gamalho,45,,BRA036
5960,22,Renê Júnior,16,,BRA007
5960,22,Roger Rodrigues da Silva,13,,BRA009
5960,22,Bruno César Pereira da Silva,90+2,,BRA009
5962,22,Rafael da Silva Francisco,56,,BRA018
5962,22,Bruno Henrique,21,,BRA040
5963,22,Joel Tagueu,32,,BRA006
5964,22,Antônio Eduardo Pereira dos Santos,68,,BRA045
5965,22,Dionathã,83,,BRA025
5965,22,Edílson Mendes Guimarães,20,,BRA025
5965,22,Luiz Fernando Pereira da Silva,68,Penalty,BRA025
5965,22,Everton Sousa Soares,35,,BRA025
5965,22,Luiz Fernando Pereira da Silva,70,,BRA025
5966,23,Deyverson,33,,BRA033
5966,23,Fábio Santos,44,Penalty,BRA005
5967,23,Mateus Vital,43,,BRA044
5968,23,Danilo Barcelos,65,Penalty,BRA036
5968,23,Bruno Alves,57,,BRA042
5968,23,Léo Gamalho,75,,BRA036
5968,23,Hernanes,34,,BRA042
5971,23,Junior Dutra,26,,BRA006
5969,23,Felipe Gedoz,87,Penalty,BRA003
5969,23,Werley Ananias da Silva,45,,BRA016
5972,23,Wendel,48,,BRA022
5972,23,Henrique Dourado,90,Penalty,BRA022
5972,23,Neilton Mestzk,45+1,,BRA045
5972,23,Antônio Eduardo Pereira dos Santos,90+4,,BRA045
5970,23,Ricardo Oliveira,90+3,,BRA040
5970,23,Lucas Rafael Araújo Lima,58,,BRA040
5974,23,Roger Rodrigues da Silva,56,,BRA009
5974,23,Roger Rodrigues da Silva,69,,BRA009
5973,23,Túlio de Melo,83,,BRA014
5973,23,Rafael da Silva Francisco,45,,BRA018
5973,23,Raniel,63,,BRA018
5975,23,Luiz Fernando Moraes dos Santos,33,,BRA004
5975,23,José Rafael Vivian,55,,BRA007
5976,24,Rodrigo Lindoso,42,,BRA009
5976,24,Guilherme,45,,BRA009
5977,24,Ronaldo da Silva Souza,90+3,,BRA004
5977,24,William Alves,47,Gol Contra,BRA036
5977,24,Luiz Fernando Moraes dos Santos,42,,BRA004
5977,24,Walter Henrique da Silva,68,,BRA004
5978,24,Wellington Simião,45,,BRA006
5978,24,Rómulo Otero,83,,BRA005
5979,24,Arthur Caike do Nascimento Cruz,46,,BRA014
5982,24,Santiago Tréllez,90,,BRA045
5982,24,Éder Militão,53,,BRA042
5982,24,Christian Cueva,82,,BRA042
5983,24,Paolo Guerrero,9,,BRA021
5983,24,Éverton Ribeiro,90+3,,BRA021
5980,24,Jô,74,,BRA015
5981,24,Henrique Dourado,45+2,,BRA022
5981,24,Felipe Gedoz,57,,BRA003
5981,24,Ribamar,80,,BRA003
5981,24,Jonathan Cícero Moreira,90+1,,BRA003
5984,24,Leonardo Renan Simões de Lacerda,63,,BRA018
5985,24,Jean Raphael Vanderlei Moreira,39,,BRA033
5986,25,Rodinei de Almeida,81,,BRA021
5986,25,Pedro Castro,18,,BRA006
5987,25,Bruno Henrique,35,,BRA040
5988,25,Clayson Henrique da Silva Vieira,78,,BRA015
5988,25,Petros,28,,BRA042
5991,25,Giorgian De Arrascaeta,4,,BRA018
5991,25,Rafael Sóbis,22,,BRA018
5991,25,Luiz Fernando Moraes dos Santos,48,,BRA004
5990,25,Roger Rodrigues da Silva,57,,BRA009
5990,25,Guilherme,64,,BRA009
5990,25,Werley Ananias da Silva,36,,BRA016
5990,25,João Paulo,84,,BRA009
5990,25,Thiago Carleto,83,,BRA016
5992,25,Egídio de Araújo Pereira Júnior,42,,BRA033
5989,25,Lucas Marques,42,,BRA014
5993,25,Neilton Mestzk,3,,BRA045
5993,25,Yago Rocha,69,,BRA045
5993,25,Santiago Tréllez,90+4,,BRA045
5993,25,Juan Cazares,18,,BRA005
5994,25,Rodrigão,90+7,Penalty,BRA007
5995,25,Nenê,39,,BRA044
5995,25,André Felipe Ribeiro de Souza,84,,BRA043
5996,26,Andrés Ríos,25,,BRA044
5996,26,Reinaldo Manoel da Silva,64,,BRA014
5997,26,Rildo de Andrade Felicissimo,64,,BRA016
5997,26,José Rafael Vivian,45,,BRA007
5998,26,Ricardo Oliveira,76,,BRA040
5999,26,Clayson Henrique da Silva Vieira,84,Penalty,BRA015
5999,26,Rafael da Silva Francisco,20,,BRA018
6000,26,David Corrêa da Fonseca,15,,BRA045
6000,26,Brenner Marlos Varanda de Oliveira,61,Penalty,BRA009
6000,26,André Lima,90,,BRA045
6000,26,Danilinho,90+5,,BRA045
6000,26,Brenner Marlos Varanda de Oliveira,25,,BRA009
6002,26,Beto da Silva,86,,BRA025
6001,26,Marcos Guilherme,36,,BRA042
6003,26,Walter Henrique da Silva,63,,BRA004
6003,26,Luiz Fernando Moraes dos Santos,58,Penalty,BRA004
6004,26,Robinho,22,,BRA005
6004,26,Robinho,83,,BRA005
6005,26,Jean Patrick Reis,53,,BRA036
6006,28,Thiago Neves,73,,BRA018
6006,28,Manoel Messias Silva Carvalho,76,,BRA018
6006,28,Danilo Barcelos,13,Penalty,BRA036
6016,27,Guilherme Milhomem Gusmão,32,,BRA003
6016,27,Lucho González,42,,BRA003
6016,27,Luiz Fernando Moraes dos Santos,25,,BRA004
6016,27,Walter Henrique da Silva,82,,BRA004
6017,27,Brenner Marlos Varanda de Oliveira,66,,BRA009
6017,27,Vinícius Tanque,90+5,,BRA009
6017,27,Apodi,60,,BRA014
6018,27,Clayson Henrique da Silva Vieira,79,,BRA015
6018,27,Clayson Henrique da Silva Vieira,89,,BRA015
6018,27,Henrique Almeida,40,,BRA016
6018,27,Jô,10,,BRA015
6019,27,Rafael Sóbis,69,,BRA018
6020,27,Ebert Willian Amâncio,62,,BRA006
6020,27,Wagner Ferreira dos Santos,3,,BRA044
6020,27,Andrés Ríos,24,,BRA044
6021,27,Fábio Santos,52,Penalty,BRA005
6024,27,Ricardo Oliveira,45+2,,BRA040
6024,27,Marinaldo dos Santos Oliveira,5,,BRA036
6022,27,Diego Souza,45,,BRA043
6022,27,Reinaldo Lenis,66,,BRA043
6022,27,Santiago Tréllez,83,,BRA045
6023,27,Marcos Rogério Ricci Lopes,53,Gol Contra,BRA022
6023,27,Réver,69,,BRA021
6025,27,Willian Gomes de Siqueira,2,,BRA033
6025,27,Edigar Junio,89,Penalty,BRA007
6025,27,Bruno Henrique Corsini,39,,BRA033
6025,27,Edigar Junio,45+2,,BRA007
6007,28,Nenê,69,,BRA044
6008,28,Lucas Pratto,60,,BRA042
6008,28,Maicosuel,83,,BRA042
6008,28,Douglas Coutinho,50,,BRA003
6010,28,Walter Henrique da Silva,77,Penalty,BRA004
6010,28,Willian Gomes de Siqueira,21,,BRA033
6010,28,Moisés Lima Magalhães,44,,BRA033
6010,28,Eduardo Pereira Rodrigues,59,,BRA033
6011,28,Henrique Dourado,14,,BRA022
6009,28,Diego Ribas,79,,BRA021
6012,28,Patrick,10,,BRA043
6012,28,Fred,38,,BRA005
6013,28,Ramiro Moschen Benetti,90+2,,BRA025
6014,28,Régis,90+4,,BRA007
6014,28,Vinícius,72,,BRA007
6015,28,Jean Mota Oliveira de Souza,35,,BRA040
6015,28,David Corrêa da Fonseca,22,,BRA045
6015,28,Ramon Menezes Roma,68,Gol Contra,BRA040
6015,28,Wallace Reis da Silva,64,,BRA045
6027,29,Diogo Barbosa,34,Gol Contra,BRA016
6026,29,Jonathan Francisco Lemos,30,Gol Contra,BRA044
6028,29,Valdívia,9,,BRA005
6028,29,Luiz Antônio de Souza Soares,80,,BRA014
6028,29,Fred,67,,BRA005
6028,29,Wellington Paulista,30,,BRA014
6028,29,Héctor Canteros,42,,BRA014
6030,29,Henrique Dourado,23,Penalty,BRA022
6030,29,Robson Azevedo da Silva,85,Penalty,BRA022
6030,29,Junior Sornoza,24,,BRA022
6030,29,Shaylon,89,,BRA042
6029,29,Marcos Vinícius de Jesus Araújo,90+6,,BRA009
6029,29,Marquinhos Santos,65,Penalty,BRA006
6032,29,Santiago Tréllez,50,,BRA045
6032,29,Ribamar,4,,BRA003
6032,29,Neilton Mestzk,24,Penalty,BRA045
6032,29,Ribamar,79,,BRA003
6032,29,Douglas Coutinho,66,,BRA003
6033,29,Keno,28,,BRA033
6033,29,Miguel Borja,73,,BRA033
6034,29,Stiven Mendoza,69,Penalty,BRA007
6034,29,Diego Ribas,87,,BRA021
6034,29,Réver,51,,BRA021
6034,29,Diego Ribas,85,Penalty,BRA021
6034,29,Réver,77,,BRA021
6035,29,José Rogério de Oliveira Melo,84,,BRA043
6035,29,Ricardo Oliveira,4,,BRA040
6036,30,Matheus Galdezani,16,Gol Contra,BRA044
6036,30,Rildo de Andrade Felicissimo,67,,BRA016
6039,30,Michel Ferreira dos Santos,79,,BRA025
6039,30,Eduardo Pereira Rodrigues,48,,BRA033
6039,30,Eduardo Pereira Rodrigues,64,,BRA033
6039,30,Moisés Lima Magalhães,54,,BRA033
6037,30,Ricardo Oliveira,31,,BRA040
6042,30,Rómulo Otero,61,,BRA005
6042,30,Robinho,67,,BRA005
6042,30,Robinho,81,,BRA005
6042,30,Thiago Neves,31,,BRA018
6040,30,Lucas Pratto,14,,BRA042
6040,30,Hernanes,40,,BRA042
6041,30,Felipe Gedoz,88,Penalty,BRA003
6041,30,Diego Souza,70,Penalty,BRA043
6041,30,Lucho González,61,,BRA003
6038,30,Stiven Mendoza,47,,BRA007
6038,30,Edigar Junio,89,,BRA007
6038,30,Wallace Reis da Silva,83,,BRA045
6044,30,Junior Dutra,36,Penalty,BRA006
6044,30,Rômulo,7,,BRA006
6044,30,Danilo Barcelos,39,Penalty,BRA036
6043,30,Wellington Paulista,47,,BRA014
6043,30,Arthur Caike do Nascimento Cruz,4,,BRA014
6045,30,Jô,60,,BRA015
6045,30,Brenner Marlos Varanda de Oliveira,53,,BRA009
6045,30,Igor Rabello,76,,BRA009
6046,31,Marcos Guilherme,17,,BRA042
6046,31,Christian Cueva,22,,BRA042
6046,31,Alison Lopes Ferreira,34,,BRA040
6050,31,Gustavo Scarpa,33,,BRA022
6050,31,Edigar Junio,3,,BRA007
6049,31,Lucca Borges de Brito,39,,BRA036
6052,31,Luiz Fernando Moraes dos Santos,11,,BRA004
6052,31,José Welison,66,,BRA045
6053,31,Werley Ananias da Silva,6,,BRA016
6053,31,Diego Souza,29,,BRA043
6053,31,Henrique Almeida,40,,BRA016
6053,31,Diego Souza,62,,BRA043
6053,31,Jonas Gomes de Sousa,78,,BRA016
6053,31,André Felipe Ribeiro de Souza,42,,BRA043
6053,31,Yan Sasse,90+1,,BRA016
6054,31,Pedro Castro,29,,BRA006
6054,31,Leandro Silva,62,,BRA006
6054,31,Rafael Thyere de Albuquerque Marques,12,,BRA025
6054,31,Kaio Silva Mendes,36,,BRA025
6055,31,José Carlos Ferreira Júnior,6,Gol Contra,BRA018
6055,31,Miguel Borja,35,,BRA033
6055,31,Miguel Borja,86,,BRA033
6055,31,Róbson Michael Signorini,64,,BRA018
6056,32,David Braz,60,,BRA040
6056,32,Ricardo Oliveira,79,,BRA040
6056,32,Fred,50,,BRA005
6056,32,Arthur Gomes,45,,BRA040
6058,32,Hernanes,21,,BRA042
6057,32,Marcos Júnior,61,,BRA022
6057,32,Matheus Alessandro,87,,BRA022
6057,32,Marcos Vinícius de Jesus Araújo,0,,BRA009
6059,32,Tiago Real,50,,BRA016
6059,32,Wilson Rodrigues de Moura Júnior,41,Penalty,BRA016
6059,32,Jonas Gomes de Sousa,85,,BRA016
6059,32,Alan Santos da Silva,17,,BRA016
6061,32,Giorgian De Arrascaeta,41,,BRA018
6062,32,Everton Sousa Soares,72,,BRA025
6062,32,Luan Guilherme de Jesus Vieira,82,,BRA025
6062,32,Éverton Ribeiro,47,,BRA021
6062,32,Everton Sousa Soares,70,,BRA025
6060,32,Yerry Mina,35,,BRA033
6060,32,Moisés Lima Magalhães,68,,BRA033
6060,32,Jô,38,Penalty,BRA015
6060,32,Ángel Romero,27,,BRA015
6060,32,Fabián Balbuena,29,,BRA015
6063,32,Edigar Junio,90+3,,BRA007
6063,32,Stiven Mendoza,26,,BRA007
6064,32,Breno Vinícius Rodrigues Borges,9,,BRA044
6064,32,André Lima,90+1,,BRA045
6065,32,André Felipe Ribeiro de Souza,90+7,Penalty,BRA043
6065,32,Wellington Paulista,65,Penalty,BRA014
6066,33,Ramiro Moschen Benetti,49,,BRA025
6067,33,Marquinhos Santos,17,,BRA006
6067,33,Edigar Junio,33,,BRA007
6067,33,Edigar Junio,79,,BRA007
6068,33,Bruno César Pereira da Silva,14,,BRA009
6068,33,Marcos Vinícius de Jesus Araújo,18,,BRA009
6068,33,André Felipe Ribeiro de Souza,85,,BRA043
6069,33,Giovanni Augusto,77,,BRA015
6072,33,Yago Rocha,6,,BRA045
6072,33,Yago Rocha,40,,BRA045
6072,33,Santiago Tréllez,15,,BRA045
6072,33,Eduardo Pereira Rodrigues,20,,BRA033
6070,33,Evander,84,,BRA044
6070,33,Nenê,90+2,,BRA044
6070,33,Ricardo Oliveira,64,,BRA040
6071,33,Éverton Cardoso da Silva,37,,BRA021
6071,33,Vinícius Júnior,90+4,,BRA021
6074,33,Fred,65,,BRA005
6074,33,Diego Rosa,6,,BRA004
6074,33,Fábio Santos,18,Penalty,BRA005
6074,33,Andrigo,27,,BRA004
6074,33,Luan Madson Gedeão de Paiva,50,,BRA005
6073,33,Gilberto Oliveira Souza Junior,71,,BRA042
6073,33,Reinaldo Manoel da Silva,59,Penalty,BRA014
6073,33,Robert Arboleda,82,,BRA042
6073,33,Wellington Paulista,26,,BRA014
6075,33,Werley Ananias da Silva,43,,BRA016
6075,33,Cleber Reis,54,Gol Contra,BRA022
6075,33,Cleber Reis,69,,BRA016
6075,33,Henrique Dourado,55,,BRA022
6076,34,Guilherme Milhomem Gusmão,31,,BRA003
6077,34,Colin Kâzım-Richards,48,,BRA015
6079,34,Deyverson,14,,BRA033
6079,34,Deyverson,36,,BRA033
6080,34,Diego Rosa,42,,BRA004
6080,34,Diego Rosa,76,,BRA004
6081,34,Luiz Fernando Pereira da Silva,19,,BRA025
6081,34,Patric Cabral Lalau,16,,BRA045
6078,34,Caio Monteiro,75,,BRA044
6078,34,Marcos Guilherme,39,,BRA042
6082,34,Edigar Junio,64,,BRA007
6082,34,Robinho,5,,BRA005
6082,34,Robinho,74,,BRA005
6082,34,Edigar Junio,55,Penalty,BRA007
6083,34,Diogo Barbosa,57,,BRA018
6083,34,Thiago Neves,71,,BRA018
6083,34,Pedro,6,,BRA022
6083,34,Lucas Romero,16,,BRA018
6084,34,Léo Gamalho,64,,BRA036
6084,34,Yan Sasse,65,,BRA016
6085,34,Wellington Paulista,13,Penalty,BRA014
6085,34,Arthur Caike do Nascimento Cruz,66,,BRA014
6086,35,Sidcley Ferreira Pereira,77,,BRA003
6086,35,Danilo Barcelos,37,,BRA036
6086,35,Danilo Barcelos,66,,BRA036
6087,35,Judivan,78,Penalty,BRA018
6087,35,Thiago Neves,58,,BRA018
6087,35,Junior Dutra,21,Penalty,BRA006
6087,35,Junior Dutra,90+2,,BRA006
6088,35,Walter Kannemann,33,,BRA025
6089,35,Andrés Ríos,25,,BRA044
6089,35,Fred,52,,BRA005
6090,35,Jadson,84,,BRA015
6090,35,Henrique Adriano Buss,1,,BRA022
6090,35,Jô,45,,BRA015
6090,35,Jô,48,,BRA015
6091,35,Luiz Fernando Moraes dos Santos,59,,BRA004
6091,35,João Paulo,44,,BRA009
6091,35,Jorginho,41,,BRA004
6093,35,Deyverson,57,,BRA033
6093,35,Keno,90+2,,BRA033
6093,35,Deyverson,79,,BRA033
6093,35,Diego Souza,84,,BRA043
6093,35,Luan Garcia Teixeira,64,,BRA033
6093,35,Eduardo Pereira Rodrigues,90,,BRA033
6092,35,Arthur Caike do Nascimento Cruz,24,,BRA014
6092,35,Túlio de Melo,77,,BRA014
6092,35,David Corrêa da Fonseca,19,,BRA045
6094,35,Cleber Reis,7,,BRA016
6095,35,Edigar Junio,78,Penalty,BRA007
6095,35,Alison Lopes Ferreira,54,Gol Contra,BRA007
6095,35,Stiven Mendoza,22,Penalty,BRA007
6095,35,Bruno Henrique,16,,BRA040
6099,36,Luiz Fernando Moraes dos Santos,90,,BRA004
6099,36,Túlio de Melo,35,,BRA014
6097,36,Diego Ribas,33,Penalty,BRA021
6097,36,Federico Mancuello,21,,BRA021
6097,36,Felipe Vizeu,45+1,,BRA021
6098,36,David Corrêa da Fonseca,21,Penalty,BRA045
6098,36,Alisson Euler de Freitas Castro,76,,BRA018
6096,36,Marcos Antônio da Silva Gonçalves,39,,BRA043
6102,36,Rómulo Otero,4,,BRA005
6102,36,Rómulo Otero,31,,BRA005
6102,36,Leonardo Silva,14,,BRA005
6103,36,Jonathan Copete,31,,BRA040
6101,36,Fabrício dos Santos Silva,68,,BRA003
6101,36,Thiago Heleno,14,,BRA003
6101,36,Wanderson,16,Gol Contra,BRA044
6101,36,Douglas Coutinho,63,,BRA003
6104,36,Douglas Augusto Soares Gomes,58,,BRA022
6104,36,Henrique Dourado,86,,BRA022
6105,36,Keno,74,,BRA033
6105,36,Marquinhos Santos,57,Penalty,BRA006
6105,36,Lourenço,61,,BRA006
6106,37,Marcos Júnior,37,,BRA022
6106,37,André Felipe Ribeiro de Souza,11,,BRA043
6106,37,André Felipe Ribeiro de Souza,22,,BRA043
6111,37,Paulo Marcos de Jesus Ribeiro,20,,BRA044
6112,37,Andrigo,70,,BRA004
6112,37,Lucas Poletto,72,,BRA025
6107,37,Maicon,15,,BRA006
6109,37,Danilo Barcelos,15,Penalty,BRA036
6109,37,Santiago Tréllez,81,,BRA045
6109,37,Lucca Borges de Brito,6,,BRA036
6109,37,André Lima,57,,BRA045
6109,37,Santiago Tréllez,58,,BRA045
6110,37,Matheus Galdezani,71,Gol Contra,BRA042
6110,37,Wilson Rodrigues de Moura Júnior,42,Penalty,BRA016
6110,37,Éder Militão,67,,BRA042
6108,37,Fred,65,,BRA005
6108,37,Jadson,35,,BRA015
6108,37,Marquinhos,58,,BRA015
6108,37,Rómulo Otero,29,,BRA005
6113,37,Lucas Paquetá,6,,BRA021
6113,37,Bruno Henrique,9,,BRA040
6113,37,Arthur Gomes,73,,BRA040
6114,37,Wellington Paulista,44,,BRA014
6115,37,Eduardo Pereira Rodrigues,55,,BRA033
6115,37,Keno,63,,BRA033
6119,38,André Felipe Ribeiro de Souza,55,,BRA043
6116,38,Rómulo Otero,45+3,,BRA005
6116,38,Pepê,44,,BRA025
6116,38,Rómulo Otero,90+8,,BRA005
6116,38,Matheus dos Santos Batista,61,,BRA025
6116,38,Fred,66,,BRA005
6116,38,Elias Mendes Trindade,37,,BRA005
6116,38,Jean Pyerre,34,,BRA025
6117,38,Ezequiel Santos da Silva,69,,BRA009
6117,38,Thiago Neves,38,,BRA018
6117,38,Giorgian De Arrascaeta,50,,BRA018
6117,38,Brenner Marlos Varanda de Oliveira,26,,BRA009
6118,38,Pedro Castro,31,,BRA006
6118,38,Jonathan Copete,30,,BRA040
6120,38,Carlos Eduardo Marques,40,,BRA045
6120,38,Diego Ribas,90+6,Penalty,BRA021
6120,38,Rafael Vaz,75,,BRA021
6121,38,Diego Rosa,21,,BRA004
6121,38,Wendel,17,,BRA022
6122,38,Brenner,63,,BRA042
6122,38,Éder,88,,BRA007
6123,38,Elicarlos,37,,BRA014
6123,38,Túlio de Melo,90+4,,BRA014
6123,38,Kléber,13,,BRA016
6124,38,Mateus Vital,73,,BRA044
6124,38,Paulinho,27,,BRA044
6124,38,Lucca Borges de Brito,88,Penalty,BRA036
6125,38,Éderson Alves Ribeiro Silva,17,Penalty,BRA003
6125,38,Ribamar,5,,BRA003
6125,38,Sidcley Ferreira Pereira,34,,BRA003
6126,1,André Felipe Ribeiro de Souza,55,,BRA025
6127,1,Denílson Pereira Júnior,76,,BRA045
6127,1,Lucas Paquetá,1,,BRA021
6127,1,Yago Rocha,13,Penalty,BRA045
6127,1,Réver,72,,BRA021
6128,1,Pio,42,Gol Contra,BRA040
6128,1,Rodrygo Silva de Goes,50,,BRA040
6129,1,Serginho,1,,BRA001
6129,1,Serginho,41,,BRA001
6129,1,Carlos Emiliano Pereira,38,,BRA001
6130,1,Rómulo Otero,13,,BRA005
6130,1,Yago Pikachu,90+9,Penalty,BRA044
6130,1,Wagner Ferreira dos Santos,87,,BRA044
6131,1,Nicolás Federico López,38,,BRA028
6131,1,Nicolás Federico López,61,,BRA028
6132,1,Rodrigo Eduardo Costa Marinho,86,,BRA015
6132,1,Richard Candido Coelho,48,,BRA022
6132,1,Rodrigo Eduardo Costa Marinho,45+1,,BRA015
6133,1,Thiago Carleto,68,,BRA003
6133,1,Matheus Rossetto,88,,BRA003
6133,1,Pablo Felipe Teixeira,52,,BRA003
6133,1,Éderson Alves Ribeiro Silva,90+3,,BRA003
6133,1,Nikão,58,,BRA003
6133,1,Wellington Paulista,48,,BRA014
6134,1,Bruno Alves,37,,BRA042
6135,1,Igor Rabello,82,,BRA009
6135,1,Alejandro Guerra,54,,BRA033
6136,2,Júnior Brumado,90+4,,BRA007
6137,2,Henrique Dourado,28,,BRA021
6137,2,Henrique Dourado,35,Penalty,BRA021
6138,2,Gabriel Girotto Franco,86,,BRA015
6138,2,Rodrigo Eduardo Costa Marinho,25,,BRA015
6138,2,Sidcley Ferreira Pereira,27,,BRA015
6138,2,Clayson Henrique da Silva Vieira,80,,BRA015
6140,2,Ricardo Oliveira,20,,BRA005
6140,2,Gabriel Costa França,88,Gol Contra,BRA045
6140,2,Róger Guedes,73,,BRA005
6141,2,Pedro,49,,BRA022
6142,2,Wellington Paulista,19,,BRA014
6142,2,Andrés Ríos,54,,BRA044
6143,2,Eduardo Pereira Rodrigues,40,,BRA033
6145,2,Rodrigo Lindoso,90+3,,BRA009
6145,2,Everton Felipe,86,,BRA043
6146,3,Brenner Marlos Varanda de Oliveira,36,,BRA009
6146,3,Gilson Gomes do Nascimento,90+2,,BRA009
6146,3,Igor Rabello,38,Gol Contra,BRA025
6151,3,Róger Guedes,87,,BRA005
6152,3,Pedro,89,,BRA022
6152,3,Éder Militão,23,,BRA042
6148,3,Vinícius Júnior,53,,BRA021
6148,3,Diego Ribas,71,,BRA021
6148,3,Vinícius Júnior,42,,BRA021
6150,3,Jonathan Marlone,49,,BRA043
6150,3,Jhonny Lucas,90,,BRA034
6150,3,José Rogério de Oliveira Melo,8,,BRA043
6154,3,Marcos Antônio da Silva Gonçalves,7,,BRA001
6154,3,Rafael Moura,35,,BRA001
6154,3,Pedro Botelho,76,,BRA045
6156,4,Kelvin Mateus de Oliveira,90+1,,BRA044
6156,4,Rafael Moura,32,Penalty,BRA001
6156,4,Bruno Cosendey,57,,BRA044
6156,4,Caio Monteiro,63,,BRA044
6156,4,Andrés Ríos,79,,BRA044
6157,4,Ricardo Oliveira,78,,BRA005
6157,4,Éverton Cardoso da Silva,25,,BRA042
6157,4,Diego Souza,82,,BRA042
6157,4,Róger Guedes,71,,BRA005
6158,4,Henrique Adriano Buss,40,,BRA015
6158,4,Wescley,9,,BRA013
6159,4,Éverton Ribeiro,87,,BRA021
6159,4,Lucas Paquetá,71,,BRA021
6160,4,Dedé,72,,BRA018
6161,4,Marcos Rocha,60,,BRA033
6161,4,Willian Gomes de Siqueira,85,,BRA033
6161,4,Pablo Felipe Teixeira,90,,BRA003
6161,4,Bruno Henrique Corsini,44,,BRA033
6162,4,Gilberto Moraes Júnior,86,,BRA022
6162,4,Neilton Mestzk,21,,BRA045
6162,4,Pablo Dyego,73,,BRA022
6163,4,André Felipe Ribeiro de Souza,70,,BRA025
6163,4,Arthur,80,,BRA025
6163,4,Maicon,31,,BRA025
6163,4,Jean Mota Oliveira de Souza,33,,BRA040
6163,4,Maicon,55,,BRA025
6163,4,Everton Sousa Soares,45+2,,BRA025
6164,4,Douglas Friedrich,44,Gol Contra,BRA043
6164,4,Cláudio Winck,49,,BRA043
6165,4,Arthur Caike do Nascimento Cruz,63,,BRA014
6165,4,Carlos Júnior,68,,BRA034
6167,5,Dedé,45+2,,BRA018
6167,5,Giorgian De Arrascaeta,56,,BRA018
6169,5,André Lima,17,,BRA045
6169,5,Lucas Fernandes,71,,BRA045
6169,5,Werley Ananias da Silva,76,Gol Contra,BRA045
6169,5,Yago Pikachu,40,Penalty,BRA044
6169,5,Andrés Ríos,83,,BRA044
6170,5,Rodrigo Eduardo Costa Marinho,38,,BRA015
6171,5,Santiago Tréllez,31,,BRA042
6171,5,Shaylon,90+3,,BRA042
6171,5,Edigar Junio,12,Penalty,BRA007
6171,5,Edigar Junio,38,,BRA007
6172,5,Paolo Guerrero,49,,BRA021
6172,5,Vinícius Júnior,78,,BRA021
6172,5,Héctor Canteros,23,,BRA014
6172,5,Leandro,90+1,,BRA014
6172,5,Guilherme,68,Penalty,BRA014
6168,5,Pablo Felipe Teixeira,31,,BRA003
6168,5,Gleison Bremer,54,,BRA005
6168,5,Róger Guedes,65,,BRA005
6173,5,Gabriel Barbosa,76,,BRA040
6173,5,Silvinho,90+3,,BRA034
6173,5,Rodrygo Silva de Goes,47,,BRA040
6173,5,Gabriel Barbosa,59,,BRA040
6175,5,Pio,90+3,Penalty,BRA013
6175,5,Elton Rodrigues Brandão,38,,BRA013
6175,5,Giovanni,3,,BRA001
6175,5,Giovanni,30,,BRA001
6174,5,Pedro,33,,BRA022
6174,5,Rodrigo Lindoso,27,,BRA009
6174,5,Kieza,64,,BRA009
6176,6,Róger Guedes,61,,BRA005
6177,6,Vinícius Júnior,14,,BRA021
6177,6,Wagner Ferreira dos Santos,18,,BRA044
6178,6,Antonio Carlos Capocasali,33,,BRA033
6178,6,Miguel Borja,42,,BRA033
6178,6,Willian Gomes de Siqueira,3,,BRA033
6179,6,Neilton Mestzk,85,Penalty,BRA045
6179,6,Wallyson,21,,BRA045
6179,6,Wescley,75,,BRA013
6181,6,Juninho,78,,BRA001
6183,6,Carlos Henrique Alves Pereira,63,,BRA043
6183,6,Roger Rodrigues da Silva,55,,BRA015
6180,6,Diego Souza,56,,BRA042
6184,6,Marcos Júnior,36,,BRA022
6184,6,Thiago Heleno,23,Gol Contra,BRA022
6185,6,Lucca Borges de Brito,39,,BRA028
6185,6,Rodrigo Moledo,60,,BRA028
6185,6,Patrick,84,,BRA028
6186,7,Pedro,22,,BRA022
6186,7,Pedro,87,,BRA022
6186,7,Marcos Júnior,26,,BRA022
6186,7,Arthur Caike do Nascimento Cruz,50,,BRA014
6187,7,Keno,33,,BRA033
6187,7,Rafael Marques Mariano,87,,BRA043
6187,7,Hyoran,82,,BRA033
6187,7,Anselmo de Moraes,51,,BRA043
6187,7,Anselmo de Moraes,73,,BRA043
6188,7,Éverton Ribeiro,80,,BRA021
6190,7,Mateus Vital,5,,BRA015
6190,7,Leandro Damião,64,,BRA028
6190,7,Rossicley Pereira da Silva,90+2,,BRA028
6191,7,José Élber Pimentel da Silva,67,,BRA007
6191,7,José Rafael Vivian,89,,BRA007
6191,7,Régis,90+3,,BRA007
6193,7,Kieza,44,,BRA009
6193,7,Denílson Pereira Júnior,39,,BRA045
6192,7,Bruno César Pereira da Silva,75,,BRA018
6194,7,Thonny Anderson,81,,BRA025
6195,7,Rafael Moura,12,,BRA001
6195,7,Diego Souza,8,,BRA042
6195,7,Nenê,61,,BRA042
6195,7,Nenê,45+3,Penalty,BRA042
6197,8,Wallyson,45+1,,BRA045
6197,8,Aderlan Santos,59,,BRA045
6197,8,Patrick,25,,BRA028
6197,8,Nicolás Federico López,90+4,,BRA028
6197,8,Aderlan Santos,40,Gol Contra,BRA028
6196,8,Yago Pikachu,44,,BRA044
6198,8,José Rogério de Oliveira Melo,30,,BRA043
6198,8,Gabriel Santana,68,,BRA043
6198,8,Juan Cazares,49,,BRA005
6198,8,Ricardo Oliveira,66,,BRA005
6198,8,Michel Bastos,72,Penalty,BRA043
6199,8,Arthur Caike do Nascimento Cruz,63,,BRA014
6199,8,Héctor Canteros,79,,BRA014
6200,8,Leonardo Valencia,16,,BRA009
6200,8,Nenê,20,Penalty,BRA042
6200,8,Rodrigo Pimpão,83,,BRA009
6200,8,Diego Souza,31,,BRA042
6200,8,Éverton Cardoso da Silva,45+4,,BRA042
6202,8,Rafael Sóbis,69,,BRA018
6203,8,Lucas Paquetá,45+1,,BRA021
6203,8,Diego Ribas,42,,BRA021
6204,8,Jadson,50,,BRA015
6205,8,Thiago Heleno,18,,BRA003
6205,8,Guilherme Milhomem Gusmão,54,,BRA003
6207,9,Ricardo Oliveira,21,,BRA005
6207,9,Róger Guedes,59,,BRA005
6207,9,Fábio Santos,36,Penalty,BRA005
6207,9,Leandro,20,,BRA014
6207,9,Wellington Paulista,64,Penalty,BRA014
6207,9,Arthur Caike do Nascimento Cruz,45+6,,BRA014
6208,9,Andrey,53,,BRA044
6208,9,Kieza,4,,BRA009
6208,9,Igor Rabello,35,,BRA009
6209,9,Willian Gomes de Siqueira,68,,BRA033
6209,9,Edu Dracena,30,Gol Contra,BRA042
6209,9,Eduardo Pereira Rodrigues,70,,BRA033
6209,9,Willian Gomes de Siqueira,55,,BRA033
6210,9,Felipe Vizeu,80,,BRA021
6212,9,Thiago Carleto,38,,BRA003
6212,9,Serginho,40,,BRA001
6212,9,Serginho,76,,BRA001
6212,9,Ademir,90,,BRA001
6213,9,Renato Dirnei Florêncio,45,,BRA040
6213,9,Rodrygo Silva de Goes,22,,BRA040
6213,9,Gabriel Barbosa,74,,BRA040
6213,9,Rodrygo Silva de Goes,26,,BRA040
6213,9,Neilton Mestzk,63,,BRA045
6213,9,Rodrygo Silva de Goes,31,,BRA040
6213,9,Ramon Menezes Roma,84,,BRA045
6211,9,Thaciano,90+3,,BRA025
6211,9,Maicon,11,,BRA025
6214,9,Luiz Ricardo Alves,19,,BRA018
6215,9,Guilherme Biteco,88,,BRA034
6215,9,Pablo Dyego,90+3,,BRA022
6215,9,Thiago Santos,53,Penalty,BRA034
6217,10,Neilton Mestzk,62,,BRA045
6220,10,Fellipe Bastos,46,,BRA043
6219,10,Roger Rodrigues da Silva,52,,BRA015
6219,10,Victor Ferraz,75,,BRA040
6221,10,Willian Gomes de Siqueira,87,,BRA033
6221,10,Willian Gomes de Siqueira,67,,BRA033
6222,10,Raniel,61,,BRA018
6222,10,Andrey,22,,BRA044
6223,10,Silvinho,66,,BRA034
6224,10,Felipe Vizeu,79,,BRA021
6224,10,Henrique Dourado,30,Penalty,BRA021
6225,10,Tomás Andrade,89,,BRA005
6225,10,Messias Rodrigues da Silva Júnior,52,,BRA001
6225,10,Ricardo Oliveira,12,,BRA005
6225,10,Juan Cazares,40,,BRA005
6226,11,Nenê,62,Penalty,BRA042
6228,11,Ramon de Morais Motta,90,,BRA044
6228,11,Michel Bastos,74,,BRA043
6228,11,Paulo Marcos de Jesus Ribeiro,43,Gol Contra,BRA043
6228,11,Yago Pikachu,45+1,Penalty,BRA044
6228,11,Yago Pikachu,19,,BRA044
6227,11,Bruno da Silva Costa,80,,BRA014
6227,11,Elicarlos,90+5,,BRA014
6232,11,Everton Sousa Soares,32,,BRA025
6230,11,Róger Guedes,90+4,,BRA005
6230,11,Pedro,45+3,,BRA022
6230,11,Tomás Andrade,64,,BRA005
6230,11,Leonardo Silva,35,,BRA005
6230,11,Ricardo Oliveira,87,,BRA005
6230,11,Róger Guedes,45,,BRA005
6230,11,Gilberto Moraes Júnior,29,,BRA022
6231,11,Kieza,51,,BRA009
6231,11,Vinícius,74,,BRA007
6231,11,Leonardo Valencia,84,,BRA009
6231,11,Agustín Allione,90+4,,BRA007
6231,11,Kieza,12,,BRA009
6231,11,Régis,45+4,Penalty,BRA007
6233,11,Elton Rodrigues Brandão,88,,BRA013
6233,11,Thiago dos Santos,6,,BRA033
6233,11,Eduardo Pereira Rodrigues,23,,BRA033
6233,11,Felipe Azevedo,26,,BRA013
6235,11,Gabriel Barbosa,51,Penalty,BRA040
6235,11,Víctor Cuesta,53,,BRA028
6235,11,Leandro Damião,33,Penalty,BRA028
6234,11,Felipe Vizeu,66,,BRA021
6234,11,Diego Ribas,21,,BRA021
6236,12,Éverton Cardoso da Silva,54,,BRA042
6236,12,Nenê,21,,BRA042
6236,12,Nenê,42,,BRA042
6238,12,Bruno Henrique,86,,BRA040
6240,12,Silvinho,76,,BRA034
6240,12,Rafael Sóbis,65,Penalty,BRA018
6241,12,Thuler,55,,BRA021
6241,12,Willian Gomes de Siqueira,6,,BRA033
6242,12,Renan Lodi,72,Gol Contra,BRA009
6242,12,Rodrigo Lindoso,34,Penalty,BRA009
6243,12,Eugenio Mena,90+1,,BRA007
6244,12,Víctor Cuesta,70,,BRA028
6244,12,Andrey,65,,BRA044
6244,12,Nicolás Federico López,11,,BRA028
6244,12,Patrick,45,,BRA028
6245,12,Marinaldo dos Santos Oliveira,78,,BRA013
6245,12,Róger Guedes,81,,BRA005
6245,12,Luan Madson Gedeão de Paiva,90+1,,BRA005
6246,13,Arthur Mendonça Cabral,54,,BRA013
6247,13,André Lima,36,,BRA045
6249,13,Bressan,52,,BRA025
6249,13,André Felipe Ribeiro de Souza,59,,BRA025
6248,13,Ángel Romero,76,,BRA015
6248,13,Rodrigo Eduardo Costa Marinho,3,,BRA015
6250,13,Éverton Cardoso da Silva,48,,BRA042
6251,13,Osman,85,,BRA014
6251,13,Gilberto Oliveira Souza Junior,79,,BRA007
6252,13,Raniel,65,,BRA018
6252,13,Christian Savio,32,,BRA001
6252,13,Giorgian De Arrascaeta,35,,BRA018
6252,13,Róbson Michael Signorini,60,,BRA018
6253,13,Andrés Ríos,61,,BRA044
6253,13,Pedro,89,,BRA022
6254,13,Gustavo Henrique Vernes,75,,BRA040
6254,13,Lucas Rafael Araújo Lima,6,,BRA033
6255,13,William Pottker,13,,BRA028
6255,13,Wellington Alves da Silva,78,,BRA028
6255,13,Raphael Cavalcante Veiga,44,,BRA003
6255,13,Paulo André,59,,BRA003
6256,14,Matheus Sávio,5,,BRA021
6256,14,Lucas Paquetá,7,,BRA021
6257,14,Anderson Martins,56,,BRA042
6257,14,Reinaldo Manoel da Silva,70,,BRA042
6257,14,Reinaldo Manoel da Silva,82,,BRA042
6257,14,Jonathas Cristian de Jesus,90+1,,BRA015
6261,14,Vinícius,27,,BRA007
6261,14,Tiago Pagnussat,66,,BRA007
6261,14,Gilberto Oliveira Souza Junior,67,,BRA007
6261,14,José Rafael Vivian,16,,BRA007
6261,14,Lucas Rios Marques,73,,BRA045
6258,14,Andrés Ríos,3,,BRA044
6262,14,Gabriel Santana,20,,BRA043
6262,14,Pedro,18,,BRA022
6262,14,Pedro,86,,BRA022
6259,14,Luan Madson Gedeão de Paiva,51,,BRA005
6259,14,Yimmi Chará,81,,BRA005
6259,14,Moisés Lima Magalhães,3,,BRA033
6259,14,Bruno Henrique Corsini,76,,BRA033
6259,14,Bruno Henrique Corsini,90+4,,BRA033
6260,14,Rodolfo,15,,BRA034
6263,14,Hernán Barcos,81,,BRA018
6263,14,Guilherme Milhomem Gusmão,40,Penalty,BRA003
6263,14,Giorgian De Arrascaeta,66,,BRA018
6265,14,William Pottker,76,,BRA028
6266,15,Gilberto Moraes Júnior,43,,BRA022
6267,15,Elias Mendes Trindade,73,,BRA005
6267,15,Leonardo Silva,39,,BRA005
6268,15,Ángel Romero,62,,BRA015
6268,15,Ángel Romero,80,,BRA015
6269,15,Gabriel Barbosa,33,,BRA040
6269,15,Bruno Henrique,2,Gol Contra,BRA021
6270,15,Márcio Almeida de Oliveira,55,,BRA009
6271,15,Erick,61,,BRA045
6272,15,Diego Souza,4,,BRA042
6272,15,Everton Sousa Soares,45+3,,BRA025
6272,15,Everton Sousa Soares,61,,BRA025
6273,15,Juninho,6,,BRA001
6273,15,Giovanni,35,,BRA001
6273,15,Jonatan Álvez,89,,BRA028
6276,16,Leandro Carvalho,41,,BRA013
6277,16,Bruno Henrique Corsini,17,,BRA033
6277,16,Bruno Henrique Corsini,41,,BRA033
6277,16,Lucas Rafael Araújo Lima,78,,BRA033
6278,16,Ángel Romero,57,,BRA015
6278,16,Ángel Romero,90+3,,BRA015
6278,16,Yago Pikachu,45+1,Penalty,BRA044
6278,16,Jadson,79,Penalty,BRA015
6278,16,Ángel Romero,48,,BRA015
6282,16,Diego Souza,27,,BRA042
6282,16,Éverton Cardoso da Silva,77,,BRA042
6279,16,Éverton Ribeiro,50,,BRA021
6279,16,Fernando Uribe,63,,BRA021
6279,16,Réver,14,,BRA021
6279,16,Cláudio Winck,44,,BRA043
6279,16,Lucas Paquetá,48,,BRA021
6280,16,Marcio Antonio de Sousa Junior,22,,BRA003
6280,16,Wellington Aparecido Martins,45+2,,BRA003
6280,16,Pablo Felipe Teixeira,70,,BRA003
6280,16,Marcelo Cirino da Silva,12,,BRA003
6281,16,William Pottker,45,,BRA028
6281,16,Leandro Damião,58,,BRA028
6281,16,William Pottker,28,,BRA028
6283,16,Ruy Franco de Almeida Junior,39,Penalty,BRA001
6284,16,Elicarlos,62,,BRA014
6284,16,Pepê,3,,BRA025
6285,16,Matheus Galdezani,5,,BRA005
6285,16,Ricardo Oliveira,90+2,,BRA005
6285,16,Gilberto Oliveira Souza Junior,84,,BRA007
6285,16,Régis,90+4,,BRA007
6287,17,Jael,45+1,,BRA025
6287,17,Mário Sérgio Santos Costa,48,,BRA025
6289,17,Manoel Messias Silva Carvalho,75,,BRA018
6289,17,Neilton Mestzk,72,Penalty,BRA045
6292,17,Yago Pikachu,55,,BRA044
6292,17,Joao Rojas,2,,BRA042
6292,17,Santiago Tréllez,81,,BRA042
6290,17,Juninho Quixadá,15,,BRA013
6293,17,Pedro,21,,BRA022
6293,17,Edigar Junio,82,,BRA007
6294,17,Wellington Paulista,13,,BRA014
6294,17,Carlos Henrique Alves Pereira,90+2,,BRA043
6295,17,Edenílson Andrade dos Santos,90+12,,BRA028
6296,20,Arthur Mendonça Cabral,78,,BRA013
6296,20,Jean Mota Oliveira de Souza,87,,BRA040
6307,18,Gilberto Oliveira Souza Junior,55,,BRA007
6308,18,Rodrigo Lindoso,72,Penalty,BRA009
6308,18,Alex Paulo Menezes Santana,90+6,,BRA034
6309,18,Ricardo Oliveira,71,,BRA005
6309,18,Ricardo Oliveira,90+5,,BRA005
6309,18,Gabriel Barbosa,27,,BRA040
6309,18,Elias Mendes Trindade,8,,BRA005
6311,18,Henrique Dourado,23,,BRA021
6312,18,Diego Torres,70,,BRA014
6312,18,Agustín Doffo,90+5,,BRA014
6312,18,Marquinhos,6,,BRA015
6310,18,Diego Souza,30,,BRA042
6310,18,Nenê,52,,BRA042
6310,18,Santiago Tréllez,90,,BRA042
6310,18,Jonathan Marlone,86,,BRA043
6313,18,Jailson Marques Siqueira,21,,BRA025
6313,18,Pepê,58,,BRA025
6313,18,Everton Sousa Soares,82,,BRA025
6313,18,Douglas dos Santos,12,,BRA025
6314,18,Deyverson,60,,BRA033
6315,18,Nicolás Federico López,23,,BRA028
6315,18,Nicolás Federico López,45+1,,BRA028
6315,18,Jonatan Álvez,39,,BRA028
6316,19,Rodrygo Silva de Goes,82,,BRA040
6316,19,Victor Ferraz,84,,BRA040
6316,19,Eduardo Sasha,2,,BRA040
6317,19,Everton Sousa Soares,55,,BRA025
6318,19,Raphael Cavalcante Veiga,17,,BRA003
6318,19,Ivaldo,21,,BRA003
6318,19,Pablo Felipe Teixeira,10,,BRA003
6319,19,Camilo,90+6,,BRA028
6320,19,Deyverson,29,,BRA033
6320,19,Eduardo Pereira Rodrigues,59,,BRA033
6320,19,Deyverson,11,,BRA033
6322,19,Thiago Neves,64,,BRA018
6322,19,Douglas Grolli,60,,BRA007
6321,19,Tomás Andrade,90,,BRA005
6321,19,Luan Madson Gedeão de Paiva,62,,BRA005
6321,19,Juan Cazares,81,,BRA005
6324,19,Hudson,83,,BRA042
6324,19,Shaylon,3,,BRA042
6325,19,Wagner Ferreira dos Santos,60,,BRA044
6325,19,Tiago dos Santos Alves,66,,BRA013
6297,20,Patrick,23,,BRA028
6298,20,Junior,37,,BRA034
6298,20,Nenê,8,,BRA042
6300,20,Luan Michel Louzã,47,,BRA001
6300,20,Rafael Moura,67,,BRA001
6299,20,Lucas Rafael Araújo Lima,87,,BRA033
6299,20,Lucas Rafael Araújo Lima,78,,BRA033
6301,20,Gum,17,,BRA022
6302,20,Everton Sousa Soares,60,,BRA025
6302,20,Bruno César Pereira da Silva,44,,BRA018
6303,20,Diego Ribas,41,,BRA021
6326,21,Gabriel Barbosa,75,,BRA040
6326,21,Derlis González,57,,BRA040
6327,21,Henrique Adriano Buss,36,,BRA015
6328,21,Pablo Felipe Teixeira,13,,BRA003
6328,21,Cícero Santos,9,Penalty,BRA025
6328,21,Jonathan Cícero Moreira,70,,BRA003
6330,21,Joel Carli,62,,BRA009
6330,21,Rodrigo Aguirre,84,,BRA009
6329,21,Raniel,14,,BRA018
6329,21,Ayrton Lucas Dantas de Medeiros,73,Gol Contra,BRA018
6329,21,Henrique Pacheco Lima,27,Gol Contra,BRA022
6331,21,Bruno Peres,78,,BRA042
6332,21,Rafael Moura,23,,BRA001
6332,21,Gérson Magrão,87,,BRA001
6332,21,Éverton Ribeiro,15,,BRA021
6332,21,Lucas Paquetá,62,,BRA021
6334,21,Léo Pereira,69,,BRA045
6335,21,Leandro,79,,BRA014
6335,21,Wagner Ferreira dos Santos,54,,BRA044
6335,21,Maxi López,85,,BRA044
6335,21,Thiago Galhardo,90+2,,BRA044
6275,15,Raphael Cavalcante Veiga,64,,BRA003
6274,15,Lucas Fonseca,28,,BRA007
6274,15,Gilberto Oliveira Souza Junior,87,,BRA007
6337,22,André Felipe Ribeiro de Souza,76,Penalty,BRA025
6337,22,Jael,45,,BRA025
6337,22,Alisson Euler de Freitas Castro,61,,BRA025
6337,22,Jael,12,Penalty,BRA025
6336,22,Léo Pereira,57,,BRA045
6338,22,Gabriel Barbosa,5,,BRA040
6338,22,Gabriel Barbosa,67,,BRA040
6338,22,Gabriel Barbosa,82,,BRA040
6339,22,Fábio Santos,36,Penalty,BRA005
6339,22,Victor,20,Gol Contra,BRA015
6340,22,Leandro Carvalho,90+1,,BRA013
6341,22,Pablo Felipe Teixeira,68,,BRA003
6341,22,Rony,78,,BRA003
6342,22,Gabriel Santana,15,,BRA043
6343,22,Anderson Martins,54,Gol Contra,BRA022
6343,22,Santiago Tréllez,72,,BRA042
6345,22,Rafael Thyere de Albuquerque Marques,61,,BRA014
6345,22,Hyoran,14,,BRA033
6345,22,Miguel Borja,52,,BRA033
6346,23,Tiago Pagnussat,85,,BRA007
6346,23,Gilberto Oliveira Souza Junior,53,,BRA007
6347,23,Luiz Fernando Moraes dos Santos,11,,BRA009
6347,23,Edílson Mendes Guimarães,37,,BRA018
6348,23,Roger Rodrigues da Silva,72,,BRA015
6348,23,Danilo Avelar,57,Gol Contra,BRA013
6348,23,Éverson Felipe Marques Pires,19,,BRA013
6349,23,Willian Gomes de Siqueira,71,,BRA033
6349,23,Moisés Lima Magalhães,90+5,Penalty,BRA033
6350,23,Rafael Grampola,39,,BRA034
6350,23,Diego Torres,87,,BRA014
6351,23,Régis Ribeiro de Souza,9,Gol Contra,BRA005
6352,23,William Pottker,6,,BRA028
6352,23,Rodrigo Dourado,59,,BRA028
6352,23,Victor Vinícius Coelho Santos,57,,BRA021
6355,23,Gérson Magrão,80,,BRA001
6355,23,Carlos Emiliano Pereira,31,,BRA001
6355,23,Maxi López,78,Penalty,BRA044
6357,24,Diego Souza,60,,BRA042
6358,24,Diego Ribas,57,Penalty,BRA021
6358,24,Renê Rodrigues Martins,44,,BRA021
6360,24,Deyverson,57,,BRA033
6361,24,Rodrigo Junior Paula Silva,11,,BRA022
6362,24,Edenílson Andrade dos Santos,59,,BRA028
6363,24,Gabriel Barbosa,52,,BRA040
6363,24,Gabriel Barbosa,78,,BRA040
6364,24,Erick,73,,BRA045
6365,24,Leonardo Silva,26,,BRA005
6365,24,Elias Mendes Trindade,68,,BRA005
6365,24,Iago Maidana,10,Gol Contra,BRA003
6365,24,Ricardo Oliveira,83,,BRA005
6305,20,Pablo Felipe Teixeira,61,,BRA003
6305,20,Bruno Guimarães,78,Gol Contra,BRA014
6305,20,Leandro,88,,BRA014
6367,25,Douglas dos Santos,54,Penalty,BRA025
6367,25,Juninho Capixaba,63,,BRA025
6366,25,Calyson,28,,BRA013
6366,25,Samuel Xavier,49,,BRA013
6368,25,Luiz Gustavo,62,Gol Contra,BRA021
6368,25,Andrés Ríos,28,,BRA044
6369,25,Rodrigo Lindoso,24,,BRA009
6372,25,Pablo Felipe Teixeira,45+2,,BRA003
6372,25,Léo Pereira,71,,BRA003
6372,25,Luciano da Rocha Neves,60,,BRA022
6372,25,Raphael Cavalcante Veiga,18,,BRA003
6371,25,Gilberto Oliveira Souza Junior,18,,BRA007
6371,25,Felipe Melo,78,,BRA033
6374,25,Danilo Avelar,89,,BRA015
6374,25,Hernane Vidal de Souza,22,Penalty,BRA043
6374,25,Jadson,59,,BRA015
6375,25,Nicolás Federico López,27,Penalty,BRA028
6375,25,Leandro,37,,BRA014
6375,25,Leandro,82,Penalty,BRA014
6376,26,Diego Souza,45+1,,BRA042
6376,26,Matheus Leonardo Sales Cardoso,81,,BRA001
6377,26,Arthur Mendonça Cabral,27,,BRA013
6377,26,Pedro Geromel,21,,BRA025
6377,26,Thonny Anderson,44,,BRA025
6377,26,Luan Guilherme de Jesus Vieira,69,,BRA025
6377,26,Luiz Otávio,13,,BRA013
6378,26,Raphael Cavalcante Veiga,8,,BRA003
6378,26,Pablo Felipe Teixeira,34,,BRA003
6378,26,Marcelo Cirino da Silva,89,,BRA003
6379,26,Willian Arão,2,,BRA021
6379,26,Lucas Paquetá,54,,BRA021
6379,26,Leonardo Silva,23,,BRA005
6380,26,Leandro Damião,45,,BRA028
6380,26,Douglas Augusto Soares Gomes,50,,BRA015
6381,26,Willian Gomes de Siqueira,81,,BRA033
6382,26,Maurício Cordeiro,88,,BRA045
6382,26,Leonardo da Silva Gomes,54,Gol Contra,BRA009
6382,26,Kieza,24,,BRA009
6382,26,Lucas Fernandes,1,,BRA045
6382,26,Rodrigo Lindoso,43,,BRA009
6382,26,Fabiano da Silva Souza,52,,BRA045
6382,26,Erik Nascimento de Lima,64,,BRA009
6383,26,Luiz Ricardo Alves,46,,BRA018
6383,26,Raniel,83,,BRA018
6383,26,Gabriel Barbosa,16,,BRA040
6384,26,Everaldo,11,,BRA022
6384,26,Junior Sornoza,36,,BRA022
6384,26,Leandro,79,,BRA014
6385,26,Yago Pikachu,32,Penalty,BRA044
6385,26,Marrony,78,,BRA044
6385,26,Gilberto Oliveira Souza Junior,45+4,,BRA007
6155,3,Andrés Ríos,79,,BRA044
6155,3,Diego Pituca,44,,BRA040
6386,27,Everton Sousa Soares,90+3,,BRA025
6389,27,Lucas Rafael Araújo Lima,23,,BRA033
6389,27,Hyoran,42,,BRA033
6389,27,Gustavo Gómez,66,Penalty,BRA033
6389,27,Federico Mancuello,31,Penalty,BRA018
6390,27,Emerson Royal,28,,BRA005
6390,27,Fábio Santos,26,Penalty,BRA005
6390,27,Juan Cazares,30,,BRA005
6390,27,Leonardo Silva,7,Gol Contra,BRA043
6390,27,Ricardo Oliveira,70,,BRA005
6390,27,Elias Mendes Trindade,9,,BRA005
6390,27,Michel Bastos,57,,BRA043
6393,27,Leandro Damião,63,,BRA028
6393,27,Andrés D'Alessandro,86,Penalty,BRA028
6393,27,Emerson Santos,2,Gol Contra,BRA045
6391,27,Carlos Andrés Sánchez,90+7,Penalty,BRA040
6392,27,Jean Carlos de Souza Irmer,5,,BRA009
6392,27,Kieza,25,,BRA009
6392,27,Diego Souza,8,,BRA042
6392,27,Gonzalo Carneiro,62,,BRA042
6394,27,Agustín Doffo,35,,BRA014
6394,27,Andrevaldo Santos,57,,BRA013
6394,27,Arthur Mendonça Cabral,59,,BRA013
6394,27,Leandro Carvalho,77,,BRA013
6395,27,Alex Paulo Menezes Santana,9,,BRA034
6395,27,Maxi López,45+5,Penalty,BRA044
6396,28,Nicolás Federico López,67,,BRA028
6396,28,Adryelson,79,,BRA043
6396,28,Mateus Gonçalves Martins,88,,BRA043
6397,28,Lucas Paquetá,60,,BRA021
6397,28,Lucas Paquetá,66,,BRA021
6397,28,Renê Rodrigues Martins,90+2,,BRA021
6398,28,Carlos Andrés Sánchez,8,,BRA040
6400,28,Agustín Doffo,90+3,,BRA014
6399,28,Pablo Felipe Teixeira,75,,BRA003
6399,28,Marcelo Cirino da Silva,1,,BRA003
6399,28,Raphael Cavalcante Veiga,41,,BRA003
6399,28,Nikão,56,,BRA003
6401,28,Gustavo Gómez,34,,BRA033
6401,28,Deyverson,37,,BRA033
6402,28,Juninho Capixaba,85,,BRA025
6402,28,Jael,87,Penalty,BRA025
6402,28,José Élber Pimentel da Silva,3,,BRA007
6402,28,José Élber Pimentel da Silva,67,,BRA007
6403,28,Jadson,48,,BRA022
6403,28,Richard Candido Coelho,41,,BRA022
6403,28,Luciano da Rocha Neves,85,,BRA022
6403,28,Jadson,35,,BRA022
6404,28,Maxi López,36,,BRA044
6404,28,Luiz Fernando Moraes dos Santos,17,,BRA009
6406,29,Fernando Uribe,50,,BRA021
6406,29,Léo Duarte,45+2,,BRA021
6406,29,Fernando Uribe,11,,BRA021
6407,29,Gabriel Barbosa,21,,BRA040
6408,29,Vinícius,89,,BRA007
6408,29,Vinícius,85,,BRA007
6409,29,Lucas Fernandes,38,,BRA045
6410,29,Yago Pikachu,49,,BRA044
6410,29,Maxi López,70,,BRA044
6411,29,Leandro Damião,45+1,,BRA028
6411,29,Leandro Damião,52,,BRA028
6411,29,Nicolás Federico López,90+5,Penalty,BRA028
6411,29,Liziero,3,,BRA042
6412,29,Deyverson,79,,BRA033
6412,29,Deyverson,8,,BRA033
6414,29,Thiago Heleno,48,,BRA003
6414,29,Bérgson Gustavo Silveira da Silva,84,,BRA003
6414,29,Bérgson Gustavo Silveira da Silva,56,Penalty,BRA003
6414,29,Rony,86,,BRA003
6416,30,Juninho,37,,BRA001
6416,30,Jean Pyerre,66,Penalty,BRA025
6417,30,Edigar Junio,48,,BRA007
6419,30,Fabrício dos Santos Silva,39,,BRA044
6419,30,Mateus Gonçalves Martins,25,,BRA043
6419,30,Cláudio Winck,68,,BRA043
6420,30,Roger Rodrigues da Silva,90+1,,BRA015
6420,30,Rhayner,9,,BRA045
6420,30,Neilton Mestzk,90+3,,BRA045
6420,30,Jadson,31,,BRA015
6421,30,Luciano da Rocha Neves,63,,BRA022
6422,30,Bruno Henrique Corsini,18,Penalty,BRA033
6422,30,Bruno Henrique Corsini,35,,BRA033
6422,30,Arthur Mendonça Cabral,55,,BRA013
6423,30,Thiago Neves,22,,BRA018
6423,30,Giorgian De Arrascaeta,30,,BRA018
6423,30,Dedé,44,,BRA018
6424,30,Victor Vinícius Coelho Santos,51,,BRA021
6424,30,Fernando Uribe,57,,BRA021
6424,30,Henrique Dourado,90+1,,BRA021
6424,30,Lucas Paquetá,19,,BRA021
6425,30,Fabiano,79,Gol Contra,BRA040
6425,30,Patrick,71,,BRA028
6425,30,Gabriel Barbosa,50,,BRA040
6425,30,Leandro Damião,44,,BRA028
6405,28,Arthur Mendonça Cabral,63,,BRA013
6405,28,Arthur Mendonça Cabral,81,,BRA013
6426,31,Bruno Alves,37,,BRA042
6427,31,Maxi López,90+2,Penalty,BRA044
6427,31,Jonatan Álvez,85,,BRA028
6428,31,Victor Ferraz,88,,BRA040
6428,31,Carlos Andrés Sánchez,89,,BRA040
6428,31,Gabriel Barbosa,84,Penalty,BRA040
6429,31,Jair Rodrigues Júnior,7,,BRA043
6429,31,Jair Rodrigues Júnior,64,,BRA043
6429,31,Matheus Henrique de Souza,38,,BRA025
6429,31,Mateus Gonçalves Martins,30,,BRA043
6429,31,Thonny Anderson,59,,BRA025
6429,31,Gabriel Santana,53,,BRA043
6429,31,Juninho Capixaba,52,Penalty,BRA025
6431,31,Wellington Paulista,60,,BRA014
6432,31,Eduardo Pereira Rodrigues,50,,BRA033
6432,31,Marlos Moreno,81,,BRA021
6430,31,Danilo Gabriel de Andrade,47,,BRA015
6430,31,Clayton da Silveira da Silva,85,Penalty,BRA007
6430,31,Danilo Gabriel de Andrade,89,,BRA015
6434,31,Pablo Felipe Teixeira,84,,BRA003
6434,31,Brenner Marlos Varanda de Oliveira,30,Penalty,BRA009
6434,31,Bérgson Gustavo Silveira da Silva,56,,BRA003
6433,31,Egídio de Araújo Pereira Júnior,20,Gol Contra,BRA034
6433,31,Giorgian De Arrascaeta,10,,BRA018
6433,31,Rafael Sóbis,48,Penalty,BRA018
6433,31,Fred,15,,BRA018
6435,31,Juninho Quixadá,10,,BRA013
6435,31,Leandro Carvalho,62,,BRA013
6435,31,Juan Cazares,26,,BRA005
6436,32,Maxi López,59,Penalty,BRA044
6437,32,Pedro Geromel,3,,BRA025
6438,32,Jonathan Copete,55,,BRA040
6438,32,Eduardo Pereira Rodrigues,14,,BRA033
6438,32,José Rodolfo Pires Ribeiro,65,,BRA040
6438,32,Edu Dracena,40,,BRA033
6438,32,Victor Luis,71,,BRA033
6442,32,Rodrigo Lindoso,28,,BRA009
6439,32,Rafael Moura,71,Penalty,BRA001
6439,32,Thiago Neves,50,Penalty,BRA018
6439,32,Giorgian De Arrascaeta,18,,BRA018
6441,32,Rodinei de Almeida,82,,BRA021
6441,32,Diego Souza,8,,BRA042
6441,32,Hélio Junio Nunes de Castro,50,,BRA042
6441,32,Fernando Uribe,10,,BRA021
6440,32,Léo Pereira,84,,BRA045
6440,32,Alex Paulo Menezes Santana,59,,BRA034
6443,32,Rodrigo Moledo,82,,BRA028
6443,32,Andrés D'Alessandro,90+4,Penalty,BRA028
6443,32,Guilherme Camacho,64,,BRA003
6444,32,José Élber Pimentel da Silva,67,,BRA007
6445,32,Gabriel Santana,53,,BRA043
6446,33,Andrey Nunes dos Santos,90,,BRA034
6447,33,Brenner,81,,BRA042
6447,33,Ralf de Souza Teles,72,,BRA015
6448,33,Erik Nascimento de Lima,19,,BRA009
6448,33,Leonardo Valencia,29,,BRA009
6448,33,Victor Vinícius Coelho Santos,49,,BRA021
6449,33,Marcelo Cirino da Silva,10,,BRA003
6449,33,Raphael Cavalcante Veiga,22,,BRA003
6450,33,Nílton Ferreira Júnior,39,,BRA007
6450,33,Eric dos Santos Rodrigues,72,,BRA007
6450,33,Léo Pereira,8,,BRA045
6450,33,Léo Pereira,68,,BRA045
6452,33,Elias Mendes Trindade,64,,BRA005
6452,33,Bruno Henrique Corsini,77,Penalty,BRA033
6453,33,Jael,20,,BRA025
6453,33,Matheus Henrique de Souza,90+5,,BRA025
6453,33,Thiago Galhardo,12,,BRA044
6451,33,Ricardo Dias Acosta,42,,BRA013
6451,33,Leandro Damião,16,,BRA028
6455,33,Leandro,29,,BRA014
6456,34,Thiago Galhardo,67,Penalty,BRA044
6456,34,Léo Pereira,90+5,,BRA003
6457,34,Calyson,8,,BRA013
6457,34,José Rafael Vivian,44,,BRA007
6457,34,Edigar Junio,90+3,,BRA007
6458,34,Fábio Santos,14,Penalty,BRA005
6460,34,Miguel Borja,41,,BRA033
6460,34,Felipe Melo,83,,BRA033
6460,34,Luan Garcia Teixeira,90,,BRA033
6461,34,David Corrêa da Fonseca,14,,BRA018
6462,34,Luiz Fernando Moraes dos Santos,73,,BRA009
6463,34,Henrique Dourado,73,,BRA021
6464,34,Michel Ferreira dos Santos,74,Gol Contra,BRA042
6464,34,Everton Sousa Soares,57,,BRA025
6465,34,Leandro Damião,24,,BRA028
6465,34,Edenílson Andrade dos Santos,45+1,,BRA028
6466,35,Mateus Vital,50,,BRA015
6467,35,Neilton Mestzk,90+2,Penalty,BRA045
6467,35,Ramon Menezes Roma,26,Gol Contra,BRA003
6467,35,Bruno Guimarães,86,,BRA003
6468,35,Juan Cazares,51,,BRA005
6469,35,Keslley dos Santos Lopes,35,,BRA034
6469,35,Gustavo Scarpa,54,Penalty,BRA033
6470,35,Gabriel Barbosa,45+1,,BRA040
6470,35,Rafael Moura,31,,BRA001
6470,35,Matheus Leonardo Sales Cardoso,65,,BRA001
6471,35,Willian Arão,82,,BRA021
6472,35,Erik Nascimento de Lima,42,,BRA009
6473,35,Diego Souza,31,,BRA042
6474,35,Cícero Santos,24,,BRA025
6474,35,Everton Sousa Soares,75,,BRA025
6476,36,Andrés D'Alessandro,83,Penalty,BRA028
6476,36,Juan Cazares,42,,BRA005
6476,36,David Terans,90+3,,BRA005
6477,36,Rodrygo Silva de Goes,36,,BRA040
6477,36,Brenner Marlos Varanda de Oliveira,59,,BRA009
6478,36,Léo Pereira,52,,BRA003
6480,36,Diego Ribas,90,,BRA021
6480,36,Fernando Uribe,47,,BRA021
6481,36,Aderlan Santos,43,Gol Contra,BRA018
6481,36,Fred,72,,BRA018
6481,36,Fred,55,Penalty,BRA018
6479,36,Willian Gomes de Siqueira,76,,BRA033
6479,36,Eduardo Pereira Rodrigues,78,,BRA033
6479,36,Deyverson,82,,BRA033
6479,36,Luan Garcia Teixeira,59,,BRA033
6482,36,Andrey,18,,BRA044
6482,36,Yago Pikachu,90+5,,BRA044
6485,36,Leandro,8,,BRA014
6485,36,Michel Bastos,68,,BRA043
6485,36,Leandro,4,Penalty,BRA014
6483,36,Paulo Roberto Valoura Junior,33,Penalty,BRA013
6484,36,José Rafael Vivian,53,,BRA007
6484,36,Edigar Junio,55,,BRA007
6486,37,Carlos Andrés Sánchez,2,,BRA040
6486,37,Ricardo Oliveira,53,,BRA005
6486,37,Wanderson Felipe Cardoso dos Santos,34,,BRA040
6486,37,Gabriel Barbosa,37,,BRA040
6486,37,Ricardo Oliveira,17,,BRA005
6488,37,Éverton Ribeiro,8,,BRA021
6488,37,Éverton Ribeiro,52,,BRA021
6487,37,Wescley,83,,BRA013
6487,37,Marcio Antonio de Sousa Junior,53,,BRA003
6487,37,Lucho González,58,,BRA003
6487,37,Leandro Carvalho,26,,BRA013
6490,37,Deyverson,72,,BRA033
6491,37,Nicolás Federico López,75,,BRA028
6491,37,Nicolás Federico López,89,,BRA028
6492,37,Juninho,47,,BRA001
6494,37,Erik Nascimento de Lima,75,,BRA009
6494,37,Alex Paulo Menezes Santana,64,,BRA034
6494,37,Erik Nascimento de Lima,7,,BRA009
6496,38,Rony,71,,BRA003
6496,38,Luiz Rhodolfo Dini Gaioto,23,,BRA021
6496,38,Matheus Rossetto,65,,BRA003
6497,38,Juan Cazares,18,,BRA005
6502,38,Jhonny Lucas,90+2,,BRA034
6502,38,Jonatan Álvez,66,,BRA028
6505,38,Bruno Henrique Corsini,90,,BRA033
6505,38,Yago Rocha,71,Penalty,BRA045
6505,38,Luan Silva dos Santos,73,,BRA045
6505,38,Edu Dracena,43,,BRA033
6505,38,Gustavo Scarpa,57,,BRA033
6499,38,Jael,12,,BRA025
6501,38,Hernane Vidal de Souza,90+2,,BRA043
6501,38,Rodrygo Silva de Goes,90+4,,BRA040
6501,38,José Rogério de Oliveira Melo,84,,BRA043
6503,38,Richard Candido Coelho,41,,BRA022
6504,38,Leandro,68,,BRA014
6506,1,Éverton Cardoso da Silva,41,,BRA042
6506,1,Hudson,83,,BRA042
6507,1,Ricardo Oliveira,53,,BRA005
6507,1,Feliciano Brizuela,46,,BRA006
6507,1,Fábio Santos,45+2,Penalty,BRA005
6508,1,Everaldo Stum,88,,BRA014
6508,1,Everaldo Stum,45+2,Penalty,BRA014
6509,1,Bruno Henrique,67,,BRA021
6509,1,Gabriel Barbosa,90,,BRA021
6509,1,Pedro Rocha Neves,40,,BRA018
6509,1,Bruno Henrique,41,,BRA021
6510,1,Eduardo Sasha,6,,BRA040
6510,1,Felipe Jonatan,35,,BRA040
6510,1,Everton Sousa Soares,90+3,,BRA025
6513,1,Ricardo Bueno,89,,BRA013
6513,1,Leandro Carvalho,34,,BRA013
6513,1,João Lucas Cardoso,81,,BRA013
6513,1,Ricardo Bueno,21,,BRA013
6511,1,José Rogério de Oliveira Melo,84,,BRA007
6511,1,Pedrinho,45+2,,BRA015
6511,1,Arthur Caike do Nascimento Cruz,45+4,,BRA007
6511,1,Clayson Henrique da Silva Vieira,90+5,,BRA015
6511,1,Artur Victor Guimarães,76,,BRA007
6512,1,Marco Ruben,45,,BRA003
6512,1,Werley Ananias da Silva,66,Gol Contra,BRA003
6512,1,Nikão,86,,BRA003
6512,1,Bruno César,89,,BRA044
6512,1,Bruno Guimarães,3,,BRA003
6514,1,José Rafael Vivian,71,,BRA033
6514,1,Marcos Rocha,59,,BRA033
6514,1,Bruno Henrique Corsini,90+1,,BRA033
6514,1,José Rafael Vivian,17,,BRA033
6515,1,Rafael Vaz,89,,BRA024
6517,2,Raphael Cavalcante Veiga,9,,BRA033
6517,2,Matheus Sávio,63,,BRA012
6516,2,Paolo Guerrero,5,,BRA028
6516,2,Martín Sarrafiore,77,,BRA028
6516,2,Giorgian De Arrascaeta,60,,BRA021
6518,2,Carlos Augusto Zopolato Neves,55,,BRA015
6519,2,Thiago Neves,50,,BRA018
6520,2,Michel Ferreira dos Santos,85,Gol Contra,BRA006
6520,2,Rômulo Borges Monteiro,45,,BRA025
6521,2,Leandro Barcia Montero,45+2,,BRA024
6521,2,Alexandre Pato,31,,BRA042
6521,2,Jonas Toró,36,,BRA042
6522,2,Elias Mendes Trindade,59,,BRA005
6522,2,Yimmi Chará,90,,BRA005
6522,2,Maxi López,66,,BRA044
6523,2,Léo Pereira,22,,BRA003
6523,2,Edinho,2,,BRA023
6523,2,Wellington Paulista,76,,BRA023
6524,2,Eduardo Sasha,65,,BRA040
6524,2,Carlos Andrés Sánchez,73,,BRA040
6524,2,Pedro,85,,BRA022
6525,2,Erik Nascimento de Lima,30,,BRA009
6525,2,Ernando Rodrigues Lopes,83,,BRA007
6525,2,João Paulo,36,,BRA009
6525,2,Cícero Santos,45+3,,BRA009
6525,2,Arthur Caike do Nascimento Cruz,6,,BRA007
6527,3,Deyverson,14,,BRA033
6526,3,Mateus Vital,17,,BRA015
6526,3,Maxi López,39,Penalty,BRA044
6528,3,Nathan Allan de Souza,26,,BRA005
6528,3,Jair Rodrigues Júnior,90+3,,BRA005
6528,3,Ricardo Bueno,24,,BRA013
6529,3,Everaldo Stum,89,,BRA014
6529,3,Rony,76,,BRA003
6531,3,Alex Paulo Menezes Santana,70,,BRA009
6533,3,Rodrigo Eduardo Costa Marinho,81,,BRA018
6533,3,Michael Richard Delgado de Oliveira,57,,BRA024
6533,3,Dedé,49,,BRA018
6530,3,Danilo Neves,83,,BRA042
6530,3,Orlando Berrío,8,,BRA021
6534,3,Pedro,72,Penalty,BRA022
6534,3,Jean Pyerre,22,,BRA025
6534,3,Luciano da Rocha Neves,41,,BRA022
6534,3,Walter Kannemann,84,,BRA025
6534,3,Matheus Ferraz Pereira,55,,BRA022
6534,3,André Felipe Ribeiro de Souza,6,,BRA025
6534,3,Yony González,39,,BRA022
6534,3,Everton Sousa Soares,13,,BRA025
6534,3,Yony González,90+2,,BRA022
6535,3,Artur Victor Guimarães,40,,BRA007
6536,4,Alex Paulo Menezes Santana,72,,BRA009
6538,4,Jonathan Marlone,21,,BRA024
6538,4,Leandro Barcia Montero,90+1,,BRA024
6538,4,Thiago Galhardo,77,,BRA013
6541,4,Bruno Henrique Corsini,45,,BRA033
6541,4,Bruno Henrique Corsini,52,,BRA033
6539,4,Lincoln Corrêa dos Santos,51,,BRA021
6539,4,Gum,90+2,,BRA014
6539,4,Victor Vinícius Coelho Santos,8,,BRA021
6542,4,Paolo Guerrero,56,,BRA028
6542,4,Rodrigo Moledo,83,,BRA028
6542,4,Dedé,36,,BRA018
6542,4,Gustavo Nonato Santana,32,,BRA028
6540,4,Yeferson Soteldo,73,,BRA040
6540,4,Diego Pituca,19,,BRA040
6540,4,Rodrygo Silva de Goes,33,,BRA040
6544,4,Rony,11,,BRA003
6545,4,Hernanes,77,,BRA042
6546,5,João Pedro,90+5,,BRA022
6546,5,Nino,44,,BRA022
6546,5,Róbson Michael Signorini,49,,BRA018
6546,5,Luciano da Rocha Neves,46,,BRA022
6546,5,João Pedro,81,,BRA022
6548,5,Bruno Henrique,31,,BRA021
6548,5,Juan Cazares,28,,BRA005
6548,5,Yimmi Chará,47,,BRA005
6547,5,Raphael Cavalcante Veiga,52,,BRA033
6547,5,Hyoran,88,,BRA033
6547,5,Gustavo Gómez,6,,BRA033
6547,5,Deyverson,19,,BRA033
6551,5,Pedrinho,87,,BRA015
6551,5,Vágner Love,14,,BRA015
6553,5,Marcinho,63,,BRA023
6553,5,Osvaldo Filho,65,,BRA023
6553,5,Rildo de Andrade Felicissimo,13,,BRA014
6553,5,Marcinho,39,,BRA023
6550,5,Gustavo Nonato Santana,37,,BRA028
6550,5,Edenílson Andrade dos Santos,65,,BRA028
6552,5,Kayke Moreno,87,,BRA024
6554,5,Ricardo Graça,82,,BRA044
6554,5,Daniel Amorim,90+5,,BRA006
6555,5,Ricardo Dias Acosta,11,,BRA013
6555,5,Everton Sousa Soares,31,,BRA025
6555,5,Michel Ferreira dos Santos,23,Gol Contra,BRA013
6556,6,Gustavo Gómez,62,Penalty,BRA033
6557,6,Felipe Vizeu,47,,BRA025
6558,6,Rodrigo Caio,90+6,,BRA021
6558,6,Marcelo Cirino da Silva,64,,BRA003
6558,6,Gabriel Barbosa,32,Penalty,BRA021
6558,6,Marcelo Cirino da Silva,72,Penalty,BRA003
6558,6,Bruno Henrique,90,,BRA021
6560,6,Yago Pikachu,71,Penalty,BRA044
6560,6,Romarinho,89,,BRA023
6561,6,Rildo de Andrade Felicissimo,52,,BRA014
6561,6,Diego Torres,85,,BRA014
6561,6,Thiago Neves,57,,BRA018
6562,6,João Pedro,80,,BRA022
6562,6,Gilberto Oliveira Souza Junior,69,Penalty,BRA007
6562,6,Pedro,19,Penalty,BRA022
6562,6,Artur Victor Guimarães,16,,BRA007
6562,6,Gilberto Oliveira Souza Junior,30,,BRA007
6563,6,Pedrinho,7,,BRA015
6565,6,Thiago Galhardo,73,,BRA013
6565,6,Thiago Galhardo,87,,BRA013
6565,6,Brenner Marlos Varanda de Oliveira,44,,BRA006
6564,6,Francinilson Santos Meirelles,62,,BRA012
6566,7,Gabriel Barbosa,40,,BRA021
6566,7,Gabriel Barbosa,68,,BRA021
6567,7,José Fernando Viana de Santana,55,Penalty,BRA007
6568,7,Diego Souza,58,,BRA009
6571,7,Alexandre Pato,15,,BRA042
6571,7,Thiago Neves,68,,BRA018
6569,7,Eduardo Sasha,52,,BRA040
6570,7,Marcelo Cirino da Silva,84,,BRA003
6570,7,Lucho González,21,,BRA003
6570,7,Rony,38,,BRA003
6572,7,Fábio Santos,20,Penalty,BRA005
6572,7,Yimmi Chará,50,,BRA005
6572,7,Adílson Warken,76,,BRA005
6572,7,Juan Cazares,23,,BRA005
6573,7,Everaldo Stum,37,Penalty,BRA014
6573,7,Eduardo Pereira Rodrigues,32,,BRA033
6573,7,Marcos Rocha,45,,BRA033
6574,7,Paolo Guerrero,62,,BRA028
6574,7,Edenílson Andrade dos Santos,77,,BRA028
6576,8,Tiago Reis,45+3,,BRA044
6576,8,Emerson Santos,56,,BRA028
6576,8,Andrey,44,,BRA044
6577,8,Raphael Cavalcante Veiga,80,Penalty,BRA033
6578,8,Pepê,90,,BRA025
6584,8,Alerrandro Barra Mansa Realino de Souza,71,,BRA005
6584,8,Jean Mota Oliveira de Souza,45+5,Penalty,BRA040
6584,8,Eduardo Sasha,39,,BRA040
6584,8,Carlos Andrés Sánchez,81,,BRA040
6582,8,Cícero Santos,83,,BRA009
6582,8,Alex Paulo Menezes Santana,90+4,,BRA009
6582,8,Carlos Andrade Souza,62,,BRA012
6585,8,Jefferson,78,,BRA024
6585,8,Kayke Moreno,37,Penalty,BRA024
6585,8,Rafael Pereira dos Santos,45,,BRA014
6585,8,Kayke Moreno,90+2,Penalty,BRA024
6586,9,Jean Pyerre,81,,BRA025
6587,9,André Luis,3,,BRA023
6587,9,André Luis,45+2,,BRA023
6587,9,Luiz Ricardo Alves,11,,BRA018
6588,9,Rafael Sóbis,61,,BRA028
6588,9,Andrés D'Alessandro,81,,BRA028
6588,9,José Fernando Viana de Santana,78,,BRA007
6588,9,Rodrigo Lindoso,18,,BRA028
6589,9,Gabriel Barbosa,77,,BRA021
6589,9,Victor Vinícius Coelho Santos,65,,BRA021
6590,9,Eduardo Sasha,59,,BRA040
6595,9,Rafael Vaz,90+2,Gol Contra,BRA003
6595,9,Kayke Moreno,6,,BRA024
6595,9,Leandro Barcia Montero,32,,BRA024
6591,9,Danilo Barcelos,80,,BRA044
6592,9,Everaldo Stum,3,,BRA014
6592,9,Paulo Henrique Ganso,59,Penalty,BRA022
6593,9,Deyverson,32,,BRA033
6593,9,Bruno Henrique Corsini,66,,BRA033
6594,9,Alerrandro Barra Mansa Realino de Souza,44,,BRA005
6594,9,Alexandre Pato,73,,BRA042
6597,10,Wellington Paulista,43,,BRA023
6597,10,Wellington Paulista,67,,BRA023
6596,10,Yago Pikachu,15,Penalty,BRA044
6596,10,Pepê,61,,BRA025
6596,10,Pepê,86,,BRA025
6598,10,Carlos Andrés Sánchez,87,,BRA040
6599,10,Eduardo Pereira Rodrigues,71,,BRA033
6599,10,Pablo Felipe Teixeira,10,,BRA042
6600,10,Bruno Henrique,44,,BRA021
6600,10,Giorgian De Arrascaeta,6,,BRA021
6600,10,Gabriel Barbosa,56,,BRA021
6600,10,Giorgian De Arrascaeta,45+1,,BRA021
6600,10,Gabriel Barbosa,81,,BRA021
6600,10,Giorgian De Arrascaeta,45+5,,BRA021
6600,10,Kayke Moreno,12,,BRA024
6602,10,Vitor Hugo Naum dos Santos,89,,BRA003
6601,10,Vágner Love,78,,BRA015
6604,10,Vinícius,90+9,,BRA005
6604,10,Everaldo Stum,1,,BRA014
6604,10,Iago Maidana,80,,BRA005
6605,10,Pedro,41,,BRA022
6605,10,Tiago dos Santos Alves,45+4,,BRA013
6606,11,Bruno César,76,,BRA044
6606,11,Pedro,45+2,,BRA022
6606,11,Leandro Castán,67,,BRA044
6609,11,Madson,41,,BRA003
6609,11,Thonny Anderson,60,,BRA003
6609,11,Léo Cittadini,86,,BRA003
6609,11,Braian Romero,90+3,,BRA003
6610,11,Luan Guilherme de Jesus Vieira,71,,BRA025
6610,11,Paulo Miranda,22,Gol Contra,BRA028
6608,11,Mateus Gonçalves Martins,32,,BRA013
6608,11,Leandro Carvalho,72,,BRA013
6611,11,Mário Sérgio Santos Costa,75,,BRA040
6613,11,Gabriel Barbosa,85,,BRA021
6613,11,Clayson Henrique da Silva Vieira,62,Penalty,BRA015
6612,11,Juan Cazares,14,Penalty,BRA005
6612,11,Paulo Roberto Valoura Junior,7,Gol Contra,BRA005
6612,11,Carlos Emiliano Pereira,65,,BRA023
6612,11,Paulo Roberto Valoura Junior,72,Penalty,BRA023
6615,11,Antony Matheus dos Santos,49,,BRA042
6615,11,Jonas Toró,53,,BRA042
6615,11,Raniel,56,,BRA042
6615,11,Vitor Bueno,90+1,,BRA042
6617,12,Bruno Guimarães,77,,BRA003
6617,12,Jonathan Cícero Moreira,30,Penalty,BRA003
6616,12,Marrony,3,,BRA044
6616,12,Gustavo Scarpa,15,Penalty,BRA033
6619,12,Martín Sarrafiore,39,,BRA028
6618,12,Yony González,36,,BRA022
6618,12,Reinaldo Manoel da Silva,90+7,Penalty,BRA042
6618,12,Reinaldo Manoel da Silva,20,,BRA042
6621,12,Cícero Santos,14,,BRA009
6621,12,Gerson Santos da Silva,35,,BRA021
6621,12,Diego Souza,67,,BRA009
6621,12,Gabriel Barbosa,54,,BRA021
6621,12,Bruno Henrique,74,,BRA021
6622,12,Felipe Jonatan,78,,BRA040
6622,12,João Paulo,28,,BRA006
6622,12,Derlis González,9,,BRA040
6622,12,Carlos Andrés Sánchez,33,,BRA040
6624,12,Danilo Avelar,81,,BRA015
6624,12,Mauro Boselli,67,,BRA015
6624,12,Manoel Messias Silva Carvalho,40,Gol Contra,BRA023
6624,12,Pedrinho,71,,BRA015
6627,13,Natanael Batista Pimenta,68,Gol Contra,BRA022
6627,13,Edenílson Andrade dos Santos,90+2,,BRA028
6627,13,Yony González,58,,BRA022
6626,13,Thiago Galhardo,15,,BRA013
6626,13,Wanderson Felipe Cardoso dos Santos,18,,BRA013
6626,13,Paulo Roberto Valoura Junior,45+2,Penalty,BRA023
6628,13,Eduardo Sasha,52,,BRA040
6628,13,Carlos Andrés Sánchez,9,,BRA040
6628,13,Yeferson Soteldo,68,,BRA040
6628,13,Lucas Veríssimo,15,,BRA040
6628,13,Yeferson Soteldo,81,,BRA040
6628,13,Gustavo Henrique Vernes,37,,BRA040
6628,13,Kayke Moreno,90+1,,BRA024
6629,13,Alex Paulo Menezes Santana,19,,BRA009
6629,13,Marcelo da Conceição Benevenuto Malaquias,50,,BRA009
6630,13,Gilberto Oliveira Souza Junior,45+6,,BRA007
6630,13,Gilberto Oliveira Souza Junior,20,,BRA007
6630,13,Gilberto Oliveira Souza Junior,31,,BRA007
6631,13,Manoel Messias Silva Carvalho,13,,BRA015
6631,13,Felipe Melo,48,,BRA033
6633,13,Nathan Allan de Souza,90+2,,BRA005
6633,13,Vinícius,45+1,,BRA005
6634,13,Everaldo Stum,12,,BRA014
6634,13,Pedro Geromel,9,,BRA025
6634,13,Gustavo Campanharo,34,,BRA014
6634,13,Everton Sousa Soares,26,,BRA025
6634,13,Arthur Gomes,60,,BRA014
6634,13,Diego Tardelli,80,,BRA025
6575,7,Mauro Boselli,87,Penalty,BRA015
6575,7,Júnior Urso,25,,BRA015
6636,14,Thiago Galhardo,45+6,,BRA013
6636,14,Thiago Galhardo,61,Penalty,BRA013
6636,14,Thiago Galhardo,90,,BRA013
6636,14,Wanderson Felipe Cardoso dos Santos,57,,BRA013
6636,14,Renato Kayzer,89,,BRA014
6637,14,Alexandre Pato,49,,BRA042
6637,14,Raniel,86,Gol Contra,BRA040
6637,14,Alexandre Pato,72,,BRA042
6637,14,Reinaldo Manoel da Silva,57,Penalty,BRA042
6637,14,Eduardo Sasha,44,,BRA040
6638,14,Giorgian De Arrascaeta,50,,BRA021
6638,14,Éverton Ribeiro,90+2,,BRA021
6638,14,Rafael Galhardo,45+6,Penalty,BRA025
6638,14,Willian Arão,29,,BRA021
6639,14,Nenê,88,,BRA022
6639,14,Juan Cazares,42,,BRA005
6639,14,Ricardo Oliveira,51,,BRA005
6641,14,Gilberto Oliveira Souza Junior,85,Penalty,BRA007
6641,14,Eduardo Pereira Rodrigues,13,,BRA033
6641,14,Eduardo Pereira Rodrigues,58,,BRA033
6641,14,Gilberto Oliveira Souza Junior,53,Penalty,BRA007
6642,14,Pedro Rocha Neves,62,,BRA018
6642,14,Luiz Ricardo Alves,90+3,,BRA018
6642,14,Brenner Marlos Varanda de Oliveira,74,Penalty,BRA006
6642,14,Pedro Castro,23,,BRA006
6643,14,Luiz Fernando Moraes dos Santos,31,,BRA009
6643,14,Diego Souza,77,Penalty,BRA009
6643,14,Thonny Anderson,16,,BRA003
6644,14,Marcos Antônio Candido Ferreira Júnior,22,,BRA044
6645,14,Bruno Ferreira Melo,5,,BRA023
6645,14,Edinho,37,,BRA023
6649,15,Marcelo Cirino da Silva,38,,BRA003
6646,15,Everaldo,56,,BRA015
6646,15,Mauro Boselli,42,,BRA015
6647,15,Wellington Alves da Silva,66,,BRA028
6648,15,Gabriel Barbosa,51,,BRA021
6648,15,Gabriel Barbosa,62,,BRA021
6648,15,Leandro Castán,58,,BRA044
6648,15,Giorgian De Arrascaeta,83,Penalty,BRA021
6648,15,Bruno Henrique,42,,BRA021
6650,15,Eduardo Pereira Rodrigues,14,,BRA033
6650,15,David Braz,88,,BRA025
6651,15,Jonatan Gómez,79,,BRA012
6654,15,Fred,44,,BRA018
6654,15,Thiago Neves,47,,BRA018
6653,15,Fábio Sanches,34,,BRA024
6653,15,Alejandro Guerra,71,,BRA007
6652,15,Daniel Alves,40,,BRA042
6655,15,Everaldo Stum,73,Penalty,BRA014
6635,13,Vitor Bueno,40,,BRA042
6656,16,Gilberto Oliveira Souza Junior,20,,BRA007
6657,16,Luan Guilherme de Jesus Vieira,4,,BRA025
6657,16,Thaciano,52,,BRA025
6657,16,Rony,48,,BRA003
6658,16,Rafael Vaz,90+6,,BRA024
6658,16,Guilherme Parede,12,,BRA028
6658,16,Michael Richard Delgado de Oliveira,71,,BRA024
6659,16,Talles Magno,57,,BRA044
6659,16,Fellipe Bastos,81,,BRA044
6660,16,Mário Sérgio Santos Costa,2,,BRA040
6660,16,Tinga,90+5,,BRA023
6660,16,Wellington Paulista,60,Penalty,BRA023
6660,16,Jorge Marco de Oliveira Moraes,10,,BRA040
6660,16,Eduardo Sasha,32,,BRA040
6660,16,Wellington Paulista,68,,BRA023
6663,16,Apodi,90+4,,BRA012
6663,16,Fred,11,,BRA018
6661,16,Pablo Marí Villar,22,,BRA021
6661,16,Gabriel Barbosa,35,,BRA021
6661,16,Giorgian De Arrascaeta,90+7,,BRA021
6662,16,Richard Franco,60,,BRA006
6662,16,Vágner Love,77,,BRA015
6667,17,Arthur Caike do Nascimento Cruz,86,,BRA007
6669,17,Nikão,45+4,,BRA003
6668,17,Gum,39,Gol Contra,BRA040
6670,17,Diego Souza,62,,BRA009
6670,17,Rodrigo Lindoso,44,,BRA028
6670,17,Márcio Almeida de Oliveira,90+5,,BRA009
6670,17,Edenílson Andrade dos Santos,53,,BRA028
6670,17,Nicolás Federico López,83,,BRA028
6671,17,Gabriel Barbosa,61,Penalty,BRA021
6671,17,Gabriel Barbosa,11,,BRA021
6671,17,Giorgian De Arrascaeta,38,,BRA021
6672,17,Juan Quintero Fletcher,25,,BRA023
6672,17,Osvaldo Filho,59,,BRA023
6673,17,Maurício,80,,BRA018
6674,17,Gustavo,89,,BRA015
6675,17,João Paulo,87,Penalty,BRA006
6677,18,Leandro Carvalho,90+2,,BRA013
6677,18,Vágner Love,37,,BRA015
6677,18,João Lucas Cardoso,23,Gol Contra,BRA015
6677,18,Thiago Galhardo,59,,BRA013
6676,18,Nino Paraíba,56,,BRA007
6676,18,Gilberto Oliveira Souza Junior,61,,BRA007
6678,18,Gabriel Barbosa,11,,BRA021
6678,18,Pablo Marí Villar,32,,BRA021
6678,18,Reinier,53,,BRA021
6679,18,João Pedro,86,,BRA022
6680,18,Rafael Sóbis,77,Penalty,BRA028
6681,18,Rafael Vaz,20,,BRA024
6681,18,Willian Gomes de Siqueira,81,,BRA033
6681,18,Gustavo Scarpa,90+11,,BRA033
6682,18,Diego Tardelli,18,,BRA025
6682,18,Fred,37,Penalty,BRA018
6682,18,Alisson Euler de Freitas Castro,28,,BRA025
6682,18,Everton Sousa Soares,64,,BRA025
6682,18,Everton Sousa Soares,77,,BRA025
6683,18,Braian Romero,42,,BRA003
6683,18,Carlos Andrés Sánchez,90+1,Penalty,BRA040
6684,18,Alex Paulo Menezes Santana,66,,BRA009
6684,18,Franco Di Santo,90+3,,BRA005
6684,18,Diego Souza,45,Penalty,BRA009
6685,18,Jonatan Gómez,90+4,,BRA012
6685,18,Alecsandro,40,,BRA012
6665,16,Luiz Adriano,9,,BRA033
6665,16,Luiz Adriano,58,,BRA033
6665,16,Luiz Adriano,63,,BRA033
6686,19,Gabriel Barbosa,44,,BRA021
6687,19,Talles Magno,75,,BRA044
6687,19,Arthur Gomes,73,,BRA014
6687,19,Ribamar,45+2,,BRA044
6688,19,Bruno Henrique Corsini,45+1,,BRA033
6691,19,William Pottker,29,,BRA028
6691,19,William Pottker,64,,BRA028
6691,19,Neilton Mestzk,53,,BRA028
6691,19,Bruninho,88,,BRA005
6690,19,Jonathan,14,,BRA006
6693,19,Jean Pyerre,29,,BRA025
6693,19,Everton Sousa Soares,32,,BRA025
6693,19,Alisson Euler de Freitas Castro,45,,BRA025
6694,19,Paulo Henrique Ganso,40,,BRA022
6692,19,Gilberto Oliveira Souza Junior,14,Penalty,BRA007
6692,19,Felipe Pires,10,,BRA023
6695,19,Reinaldo Manoel da Silva,87,,BRA042
6695,19,Héctor Bustamante,55,,BRA012
6696,20,Pablo Felipe Teixeira,90+2,,BRA042
6696,20,João Paulo,45+1,,BRA009
6696,20,Hernanes,37,,BRA042
6697,20,Gabriel Barbosa,7,,BRA021
6697,20,Thiago Neves,38,Penalty,BRA018
6697,20,Giorgian De Arrascaeta,67,,BRA021
6698,20,Vágner Love,44,Penalty,BRA015
6698,20,Clayson Henrique da Silva Vieira,75,,BRA015
6698,20,Gilberto Oliveira Souza Junior,64,Penalty,BRA007
6699,20,Luan Guilherme de Jesus Vieira,55,,BRA025
6699,20,Pepê,87,,BRA025
6699,20,Everton Sousa Soares,90+3,,BRA025
6700,20,Rodrigo Lindoso,86,,BRA028
6703,20,Danilo Barcelos,69,Penalty,BRA044
6703,20,Madson,49,,BRA003
6701,20,Willian Gomes de Siqueira,48,,BRA033
6702,20,Carlos Andrade Souza,64,,BRA012
6704,20,Rafael Vaz,66,,BRA024
6704,20,Yago Rocha,89,,BRA024
6704,20,Michael Richard Delgado de Oliveira,12,,BRA024
6705,20,Jonathan,27,,BRA006
6707,21,José Élber Pimentel da Silva,63,,BRA007
6707,21,Artur Victor Guimarães,24,,BRA007
6708,21,Giorgian De Arrascaeta,56,,BRA021
6708,21,Gabriel Barbosa,20,Penalty,BRA021
6708,21,Bruno Henrique,74,,BRA021
6708,21,Edenílson Andrade dos Santos,49,,BRA028
6709,21,Leandro Barcia Montero,16,,BRA024
6710,21,Bruno Henrique Corsini,29,,BRA033
6710,21,Ricardo Bueno,88,,BRA012
6710,21,Luiz Adriano,6,,BRA033
6710,21,Bruno Henrique Corsini,83,,BRA033
6710,21,Luiz Adriano,75,,BRA033
6710,21,Gustavo Gómez,45+2,,BRA033
6710,21,Willian Gomes de Siqueira,11,,BRA033
6710,21,Apodi,52,,BRA012
6711,21,Lucas Veríssimo,45+3,Gol Contra,BRA022
6711,21,Yeferson Soteldo,40,,BRA040
6712,21,Luan Guilherme de Jesus Vieira,38,,BRA025
6712,21,Geirton Marques Aires,86,,BRA006
6712,21,Luciano da Rocha Neves,45+1,,BRA025
6712,21,Diego Tardelli,4,,BRA025
6712,21,Bruno Cortês,64,,BRA025
6712,21,David Braz,14,,BRA025
6712,21,André Felipe Ribeiro de Souza,70,,BRA025
6713,21,Marcelo Cirino da Silva,90+4,,BRA003
6713,21,Marco Ruben,32,,BRA003
6713,21,Nikão,45+3,,BRA003
6713,21,Wellington Paulista,11,Penalty,BRA023
6713,21,Léo Cittadini,61,,BRA003
6717,22,Ralf de Souza Teles,59,,BRA015
6721,22,Arthur Gomes,31,,BRA014
6721,22,Nikão,57,,BRA003
6718,22,Carlos Andrés Sánchez,35,Penalty,BRA040
6718,22,Eduardo Sasha,57,,BRA040
6719,22,Patrick,28,,BRA028
6719,22,Willian Gomes de Siqueira,58,,BRA033
6720,22,Nenê,7,,BRA022
6720,22,Caio Henrique,50,,BRA022
6720,22,Patrick,75,,BRA025
6722,22,Rómulo Otero,54,,BRA005
6722,22,Thiago Galhardo,43,Penalty,BRA013
6722,22,Luan Madson Gedeão de Paiva,81,,BRA005
6723,22,Nino Paraíba,27,,BRA007
6723,22,José Élber Pimentel da Silva,25,,BRA007
6724,22,Marcelo da Conceição Benevenuto Malaquias,61,Gol Contra,BRA023
6725,22,Alan Ruschel,62,,BRA024
6714,21,Rómulo Otero,60,,BRA005
6714,21,Marcos Antônio Candido Ferreira Júnior,90+4,,BRA044
6714,21,Rossicley Pereira da Silva,67,Penalty,BRA044
6715,21,Danilo Avelar,63,,BRA015
6726,23,Tailson Pinto Gonçalves,50,,BRA040
6727,23,Igor Gomes,79,,BRA042
6727,23,Wellington Paulista,39,Penalty,BRA023
6727,23,Pablo Felipe Teixeira,14,,BRA042
6729,23,José Fernando Viana de Santana,76,,BRA007
6729,23,Marcelo Cirino da Silva,57,,BRA003
6729,23,Léo Cittadini,65,,BRA003
6730,23,Gustavo Nonato Santana,10,,BRA028
6730,23,Fred,63,Penalty,BRA018
6731,23,Bruno Henrique,35,,BRA021
6733,23,Nathan Allan de Souza,45+3,,BRA005
6733,23,Eduardo Pereira Rodrigues,83,,BRA033
6734,23,Yony González,35,,BRA022
6732,23,Michael Richard Delgado de Oliveira,27,,BRA024
6735,23,Jonatan Gómez,71,Penalty,BRA012
6735,23,Jonathan,48,,BRA006
6735,23,Ricardo Bueno,14,,BRA012
6735,23,Apodi,90+5,,BRA012
6737,24,Gabriel Costa França,32,,BRA009
6737,24,Marcelo da Conceição Benevenuto Malaquias,77,Gol Contra,BRA024
6737,24,João Paulo,65,,BRA009
6737,24,Leonardo Valencia,81,,BRA009
6736,24,Jonatan Gómez,66,Penalty,BRA012
6738,24,Wellington Paulista,81,,BRA023
6738,24,Wellington Paulista,50,Penalty,BRA023
6740,24,Pedro Geromel,35,,BRA025
6740,24,Fabinho,44,,BRA013
6740,24,Maicon,42,Penalty,BRA025
6742,24,Mário Sérgio Santos Costa,17,,BRA040
6742,24,Gustavo Henrique Vernes,14,,BRA040
6743,24,Erick Luis Conrado Carvalho,32,,BRA003
6743,24,Carlos Gilberto do Nascimento Silva,16,,BRA015
6743,24,Mauro Boselli,45+3,,BRA015
6743,24,Léo Cittadini,24,,BRA003
6745,24,Nathan Allan de Souza,51,,BRA005
6745,24,Willian Arão,37,,BRA021
6745,24,Victor Vinícius Coelho Santos,61,,BRA021
6745,24,Reinier,76,,BRA021
6746,25,Michael Richard Delgado de Oliveira,44,,BRA024
6747,25,Nenê,20,Penalty,BRA022
6747,25,Daniel Sampaio Simões,45,,BRA022
6748,25,Thiago dos Santos,15,,BRA033
6750,25,Bruno Henrique,45,,BRA021
6750,25,Bruno Henrique,90+1,,BRA021
6752,25,Yago Pikachu,68,Penalty,BRA044
6751,25,Bérgson Gustavo Silveira da Silva,90,,BRA013
6753,25,Reinaldo Manoel da Silva,66,Penalty,BRA042
6754,25,Maicon,44,Penalty,BRA025
6754,25,Pepê,47,,BRA025
6754,25,Alisson Euler de Freitas Castro,90+4,,BRA025
6754,25,Franco Di Santo,45+4,Penalty,BRA005
6754,25,Rafael Galhardo,34,,BRA025
6755,25,Camilo,90+5,,BRA014
6755,25,Dedé,4,,BRA018
6756,26,Alecsandro,34,,BRA012
6756,26,Jonatan Gómez,89,Penalty,BRA012
6756,26,Réver,69,,BRA005
6756,26,Luan Madson Gedeão de Paiva,85,,BRA005
6757,26,Arthur Caike do Nascimento Cruz,90+1,Penalty,BRA007
6758,26,Gabriel Barbosa,83,Penalty,BRA021
6758,26,Bruno Ferreira Melo,61,Penalty,BRA023
6758,26,Reinier,90,,BRA021
6759,26,Thiago Neves,58,,BRA018
6760,26,Felipe Melo,90+9,,BRA033
6762,26,Bruno Gomes,8,,BRA044
6762,26,Ribamar,18,,BRA044
6762,26,Marcelo da Conceição Benevenuto Malaquias,22,,BRA009
6761,26,Janderson,11,,BRA015
6761,26,Gustavo,90+7,Penalty,BRA015
6761,26,Michael Richard Delgado de Oliveira,37,,BRA024
6761,26,Leandro Barcia Montero,71,,BRA024
6765,26,Frazan,4,,BRA022
6765,26,Madson,45+3,,BRA003
6765,26,Madson,71,,BRA003
6764,26,Lima,18,,BRA013
6764,26,Eduardo Sasha,56,,BRA040
6764,26,Gustavo Henrique Vernes,84,,BRA040
6763,26,Patrick,22,,BRA028
6763,26,Martín Sarrafiore,85,,BRA028
6766,27,Wellington Paulista,35,,BRA023
6766,27,Osvaldo Filho,41,,BRA023
6766,27,Paulo Miranda,10,,BRA025
6767,27,Éderson,71,,BRA018
6767,27,Fred,38,Penalty,BRA018
6767,27,Fagner,34,,BRA015
6768,27,Marrony,53,,BRA044
6769,27,Robert Arboleda,51,,BRA042
6770,27,Leonardo Silva,22,,BRA005
6770,27,Luan Madson Gedeão de Paiva,2,,BRA005
6771,27,Bruno Henrique,4,,BRA021
6771,27,Gerson Santos da Silva,66,,BRA021
6772,27,Rafael Diniz Alves e Silva,49,,BRA024
6772,27,Rafael Vaz,85,,BRA024
6772,27,Henrique Almeida,30,Penalty,BRA014
6772,27,Everaldo Stum,23,,BRA014
6773,27,Marcelo Cirino da Silva,7,,BRA003
6773,27,Deyverson,41,,BRA033
6774,27,Artur Victor Guimarães,76,,BRA007
6774,27,Luiz Otávio,86,,BRA013
6774,27,Luiz Otávio,90+4,,BRA013
6775,27,Ricardo Bueno,67,Penalty,BRA012
6775,27,Luciano Castán,16,Gol Contra,BRA009
6775,27,Igor Cássio,69,,BRA009
6780,28,Luis Manuel Orejuela,80,,BRA018
6780,28,Wellington Paulista,83,,BRA023
6777,28,Bérgson Gustavo Silveira da Silva,81,,BRA013
6777,28,Rossicley Pereira da Silva,18,,BRA044
6778,28,Paolo Guerrero,50,,BRA028
6778,28,Paolo Guerrero,74,,BRA028
6778,28,Artur Victor Guimarães,71,,BRA007
6778,28,Guilherme Parede,53,,BRA028
6778,28,José Carlos Ferreira Júnior,86,,BRA007
6779,28,Everaldo Stum,27,,BRA014
6779,28,Marcos Paulo Costa do Nascimento,52,,BRA022
6781,28,Rony,54,,BRA003
6781,28,Adriano Correia Claro,62,,BRA003
6781,28,Marco Ruben,90+4,,BRA003
6781,28,Léo Pereira,48,,BRA003
6781,28,Rafael Moura,45+1,,BRA024
6782,28,Maicon,12,,BRA025
6782,28,Thaciano,71,,BRA025
6782,28,Everton Sousa Soares,80,,BRA025
6783,28,Vitor Bueno,57,,BRA042
6783,28,Igor Gomes,51,,BRA042
6784,28,João Paulo,79,Penalty,BRA006
6784,28,Deyverson,54,,BRA033
6784,28,Gustavo Scarpa,86,Penalty,BRA033
6785,28,Giorgian De Arrascaeta,9,,BRA021
6786,29,Felipe Melo,42,,BRA033
6786,29,Gustavo Scarpa,57,,BRA033
6786,29,Bruno Henrique Corsini,12,,BRA033
6788,29,Henrique Almeida,6,,BRA014
6788,29,Everaldo Stum,50,,BRA014
6787,29,Romarinho,52,,BRA023
6787,29,Vinícius Vasconcelos Araújo,51,,BRA006
6787,29,Wellington Paulista,89,Penalty,BRA023
6787,29,Paulo Marcos de Jesus Ribeiro,23,,BRA023
6790,29,Luciano da Rocha Neves,68,Penalty,BRA025
6790,29,Fredy Guarín,9,,BRA044
6790,29,Pepê,33,,BRA025
6790,29,Everton Sousa Soares,54,,BRA025
6789,29,Mateus Gonçalves Martins,90+2,,BRA013
6789,29,Bérgson Gustavo Silveira da Silva,14,,BRA013
6791,29,Apodi,25,,BRA012
6791,29,Ricardo Bueno,80,,BRA012
6791,29,Pedrinho,45,,BRA015
6792,29,Carlos Andrés Sánchez,54,Penalty,BRA040
6793,29,Michael Richard Delgado de Oliveira,90+4,,BRA024
6793,29,Gabriel Barbosa,55,,BRA021
6793,29,Rodrigo Caio,63,,BRA021
6793,29,Rafael Moura,77,,BRA024
6794,29,Rony,22,,BRA003
6794,29,Rodrigo Lindoso,11,,BRA028
6795,29,Carlos de Menezes Júnior,26,,BRA018
6795,29,Éderson,90+7,,BRA018
6796,30,Gabriel Dias de Oliveira,28,,BRA023
6796,30,Patric Cabral Lalau,24,,BRA005
6796,30,Fábio Santos,86,,BRA005
6796,30,Gabriel Dias de Oliveira,15,,BRA023
6798,30,José Rafael Vivian,17,,BRA033
6799,30,Bruno Alves,7,,BRA042
6799,30,Vitor Bueno,24,,BRA042
6799,30,Antony Matheus dos Santos,80,,BRA042
6801,30,Marcelo Cirino da Silva,82,,BRA003
6800,30,Bruno Henrique,46,,BRA021
6800,30,Bruno Henrique,45+2,,BRA021
6800,30,Victor Vinícius Coelho Santos,67,,BRA021
6800,30,Bruno Henrique,45+1,,BRA021
6800,30,Mateus Vital,52,,BRA015
6802,30,Pedro Geromel,34,,BRA025
6802,30,Rômulo Borges Monteiro,78,,BRA025
6803,30,Mário Sérgio Santos Costa,13,,BRA040
6803,30,Yeferson Soteldo,68,,BRA040
6803,30,Yeferson Soteldo,69,,BRA040
6803,30,Eduardo Sasha,3,,BRA040
6803,30,Igor Cássio,34,,BRA009
6804,30,Luiz Ricardo Alves,74,,BRA018
6804,30,José Fernando Viana de Santana,66,Penalty,BRA007
6805,30,Thalles,90+4,,BRA024
6805,30,Rafael Moura,90+1,Penalty,BRA024
6806,31,Júnior Urso,48,,BRA015
6806,31,Romarinho,34,,BRA023
6806,31,Mauro Boselli,37,,BRA015
6806,31,Kieza,52,,BRA023
6806,31,Mauro Boselli,72,,BRA015
6807,31,Bruninho,90+4,,BRA005
6807,31,José Marcos Costa Martins,54,,BRA005
6808,31,João Paulo,35,,BRA006
6808,31,Eduardo Sasha,9,,BRA040
6808,31,Mário Sérgio Santos Costa,24,,BRA040
6810,31,Mayke,18,Gol Contra,BRA044
6810,31,Lucas Rafael Araújo Lima,12,,BRA033
6810,31,Luiz Adriano,77,,BRA033
6811,31,Marco Antonio Rosa Furtado Júnior,85,,BRA007
6811,31,Henrique Almeida,14,,BRA014
6812,31,Thiago Galhardo,42,,BRA013
6812,31,Mateus Gonçalves Martins,88,,BRA013
6813,31,Rodrigo Junior Paula Silva,37,,BRA022
6813,31,Marcos Paulo Costa do Nascimento,40,,BRA022
6814,31,Lincoln Corrêa dos Santos,89,,BRA021
6815,31,Ronaldo Alves,90+3,Gol Contra,BRA025
6815,31,Diego Tardelli,8,,BRA025
6815,31,Rafinha,90,,BRA012
6816,32,Yeferson Soteldo,73,,BRA040
6816,32,Mário Sérgio Santos Costa,60,,BRA040
6816,32,Yeferson Soteldo,25,,BRA040
6817,32,Bruno Henrique Corsini,90+4,,BRA033
6817,32,Michel Macedo Rocha Machado,90+2,,BRA015
6820,32,Marcelo Cirino da Silva,90,,BRA003
6818,32,William Pottker,35,,BRA028
6818,32,William Pottker,39,,BRA028
6818,32,Wellington Nem,72,,BRA022
6821,32,Reinier,54,,BRA021
6821,32,Bruno Henrique,72,,BRA021
6821,32,Willian Arão,39,Gol Contra,BRA007
6821,32,Gabriel Barbosa,87,,BRA021
6822,32,Luciano da Rocha Neves,3,,BRA025
6823,32,Wellington Paulista,13,,BRA023
6824,32,Raul,26,,BRA044
6824,32,Oswaldo José Henríquez Bocanegra,67,,BRA044
6824,32,Carlos Andrade Souza,81,Gol Contra,BRA044
6825,32,Ricardo Thalheimer,13,Gol Contra,BRA009
6825,32,Diego Souza,88,Penalty,BRA009
6826,34,Bruno Henrique,65,,BRA021
6826,34,Ribamar,90+3,,BRA044
6826,34,Danilo Barcelos,45+5,Gol Contra,BRA021
6826,34,Bruno Henrique,80,,BRA021
6826,34,Yago Pikachu,38,Penalty,BRA044
6826,34,Marrony,34,,BRA044
6826,34,Éverton Ribeiro,1,,BRA021
6826,34,Marcos Antônio Candido Ferreira Júnior,52,,BRA044
6836,33,Daniel Alves,55,,BRA042
6836,33,Carlos Andrés Sánchez,8,Penalty,BRA040
6837,33,Franco Di Santo,89,,BRA005
6837,33,Patric Cabral Lalau,16,Gol Contra,BRA022
6841,33,Thonny Anderson,59,,BRA003
6838,33,Gabriel Barbosa,37,Penalty,BRA021
6839,33,Arthur Caike do Nascimento Cruz,45+2,,BRA007
6839,33,Miguel Borja,71,,BRA033
6840,33,Everaldo Stum,82,,BRA014
6843,33,Paulo Marcos de Jesus Ribeiro,54,,BRA023
6843,33,Paulo Roberto Valoura Junior,34,,BRA023
6843,33,Tinga,49,,BRA023
6844,33,Fredy Guarín,35,,BRA044
6844,33,Oswaldo José Henríquez Bocanegra,90+7,Gol Contra,BRA024
6827,34,Diego Pituca,90,,BRA040
6827,34,Eduardo Sasha,23,,BRA040
6827,34,Luis Manuel Orejuela,14,,BRA018
6827,34,Mário Sérgio Santos Costa,60,,BRA040
6827,34,Yeferson Soteldo,65,,BRA040
6829,34,Vitor Hugo Naum dos Santos,87,,BRA003
6828,34,Pepê,90+4,,BRA025
6828,34,Bruno Henrique Corsini,83,Penalty,BRA033
6828,34,Everton Sousa Soares,69,Penalty,BRA025
6830,34,Rafael Moura,8,,BRA024
6830,34,Gilberto Oliveira Souza Junior,59,,BRA007
6830,34,Michael Richard Delgado de Oliveira,12,,BRA024
6830,34,João Pedro Maturano dos Santos,77,,BRA007
6830,34,Gilberto dos Santos Souza Júnior,71,,BRA024
6830,34,José Fernando Viana de Santana,90+1,,BRA007
6830,34,Jonathan Marlone,79,,BRA024
6831,34,Diego Souza,19,,BRA009
6833,34,Osvaldo Filho,8,,BRA023
6833,34,Tinga,72,,BRA023
6833,34,Paolo Guerrero,43,,BRA028
6833,34,Paolo Guerrero,83,,BRA028
6834,34,Everaldo Stum,77,,BRA014
6832,34,Felipe de Oliveira Silva,90+6,,BRA013
6832,34,Vitor Bueno,45+1,,BRA042
6835,34,Yony González,50,,BRA022
6846,35,Michael Richard Delgado de Oliveira,72,,BRA024
6846,35,Paolo Guerrero,78,,BRA028
6846,35,Rafael Moura,14,,BRA024
6847,35,Rhuan,53,,BRA009
6849,35,Márcio Azevedo,33,,BRA003
6849,35,Nikão,64,Penalty,BRA003
6848,35,José Élber Pimentel da Silva,64,,BRA007
6848,35,Juan Cazares,54,,BRA005
6851,35,Mauro Boselli,87,,BRA015
6851,35,Gustavo,22,,BRA015
6851,35,Júnior Urso,52,,BRA015
6850,35,Victor Vinícius Coelho Santos,90+1,,BRA021
6850,35,Bruno Henrique,65,,BRA021
6850,35,Thiago Galhardo,27,,BRA013
6850,35,Bruno Henrique,74,,BRA021
6850,35,Bruno Henrique,85,,BRA021
6852,35,Marcos Paulo Costa do Nascimento,38,,BRA022
6853,35,Carlos Andrés Sánchez,69,,BRA040
6853,35,Edinho,50,,BRA023
6853,35,Osvaldo Filho,65,,BRA023
6854,35,Antony Matheus dos Santos,6,,BRA042
6855,35,Alan Henrique Costa,43,,BRA012
6856,36,Paolo Guerrero,84,,BRA028
6857,36,Mateus Gonçalves Martins,88,,BRA013
6857,36,Madson,90+4,,BRA003
6859,36,Giorgian De Arrascaeta,4,,BRA021
6859,36,Gabriel Barbosa,45+1,,BRA021
6859,36,Gabriel Barbosa,46,,BRA021
6859,36,Matheus Fernandes,84,,BRA033
6858,36,Marcos Paulo Costa do Nascimento,36,,BRA022
6858,36,João Paulo,90+3,Penalty,BRA006
6860,36,Bruno Ferreira Melo,16,,BRA023
6860,36,Osvaldo Filho,26,,BRA023
6860,36,Rafael Moura,43,,BRA024
6861,36,Arthur Caike do Nascimento Cruz,86,,BRA007
6861,36,Nílton Ferreira Júnior,55,,BRA012
6861,36,Gilberto Oliveira Souza Junior,32,,BRA007
6862,36,Fábio Santos,74,Penalty,BRA005
6862,36,Juan Cazares,19,,BRA005
6862,36,Janderson,20,,BRA015
6863,36,Evandro Goebel,49,,BRA040
6863,36,Lucas Veríssimo,8,,BRA040
6864,36,Luciano da Rocha Neves,62,,BRA025
6864,36,Luciano da Rocha Neves,56,Penalty,BRA025
6864,36,Alisson Euler de Freitas Castro,58,,BRA025
6865,36,Fredy Guarín,10,,BRA044
6866,37,Marco Ruben,47,,BRA003
6868,37,Jair Rodrigues Júnior,41,,BRA005
6868,37,Luan Madson Gedeão de Paiva,68,,BRA005
6867,37,Gustavo,81,,BRA015
6869,37,Gustavo Campanharo,2,,BRA014
6869,37,Arthur Gomes,59,,BRA014
6869,37,Maurício Ramos,79,,BRA014
6871,37,Vitor Bueno,49,,BRA042
6871,37,Guilherme Parede,70,,BRA028
6871,37,Antony Matheus dos Santos,16,,BRA042
6872,37,Aldemir Ferreira,67,,BRA025
6872,37,Pepê,85,Penalty,BRA025
6873,37,Eduardo Pereira Rodrigues,34,,BRA033
6873,37,Eduardo Pereira Rodrigues,82,,BRA033
6873,37,Gabriel Veron,70,,BRA033
6873,37,José Rafael Vivian,22,,BRA033
6873,37,Gabriel Veron,90,,BRA033
6873,37,Rafael Moura,27,Penalty,BRA024
6874,37,Marrony,85,,BRA044
6874,37,Gilberto Oliveira Souza Junior,45,Penalty,BRA007
6875,37,Lincoln Corrêa dos Santos,57,,BRA021
6875,37,Giorgian De Arrascaeta,11,,BRA021
6875,37,Reinier,84,,BRA021
6875,37,Diego Ribas,37,,BRA021
6875,37,Reinier,89,,BRA021
6875,37,Gabriel Barbosa,39,,BRA021
6875,37,Lourenço,22,,BRA006
6876,38,Gustavo,63,,BRA015
6876,38,Francisco Evanilson de Lima Barbosa,8,,BRA022
6876,38,Francisco Evanilson de Lima Barbosa,28,,BRA022
6878,38,Thiago Galhardo,66,Penalty,BRA013
6878,38,Marcos Vinícius de Jesus Araújo,39,,BRA009
6880,38,Víctor Cuesta,90+8,,BRA028
6880,38,Rómulo Otero,6,,BRA005
6880,38,Paolo Guerrero,82,,BRA028
6879,38,Jarro Pedroso,44,,BRA012
6879,38,Jonas Toró,11,,BRA042
6879,38,Igor Vinícius,14,,BRA042
6881,38,José Rafael Vivian,58,,BRA033
6881,38,Eduardo Pereira Rodrigues,84,,BRA033
6882,38,Rafael Moura,4,,BRA024
6882,38,Isaque Elias,37,,BRA025
6882,38,Rafael Moura,45,,BRA024
6882,38,Yago Rocha,65,,BRA024
6882,38,Patrick,23,,BRA025
6883,38,Vinícius,90+3,,BRA014
6883,38,Yago Pikachu,84,Penalty,BRA044
6885,38,Artur Victor Guimarães,33,,BRA007
6885,38,Osvaldo Filho,13,,BRA023
6885,38,Tinga,78,,BRA023
6877,38,Carlos Andrés Sánchez,23,,BRA040
6877,38,Carlos Andrés Sánchez,85,,BRA040
6877,38,Eduardo Sasha,63,,BRA040
6877,38,Mário Sérgio Santos Costa,15,,BRA040
6888,1,Elton Rodrigues Brandão,20,,BRA043
6888,1,Jonatan Gómez,42,,BRA043
6888,1,Cléber,36,,BRA013
6888,1,Elton Rodrigues Brandão,34,Penalty,BRA043
6888,1,Vítor Jacaré,57,,BRA013
6887,1,Paolo Guerrero,72,,BRA028
6886,1,Vitor Hugo Naum dos Santos,22,,BRA003
6886,1,Léo Cittadini,45+3,,BRA003
6890,1,Filipe Luís,24,Gol Contra,BRA005
6889,1,Mário Sérgio Santos Costa,65,,BRA040
6889,1,Claudinho,90+3,,BRA010
6891,1,Diego Souza,45,,BRA025
6896,2,Carlos Eduardo Ferreira de Souza,76,,BRA003
6896,2,Daniel Bessa,45+13,Penalty,BRA024
6896,2,Vitor Hugo Naum dos Santos,32,,BRA003
6898,2,Alerrandro Barra Mansa Realino de Souza,6,,BRA010
6898,2,Matheus Babi,65,,BRA009
6897,2,Jô,12,,BRA015
6897,2,Hyoran,52,,BRA005
6897,2,Ángelo Araos,30,,BRA015
6897,2,Hyoran,56,,BRA005
6897,2,Nathan Allan de Souza,61,,BRA005
6899,2,Rodrigo Eduardo Costa Marinho,40,Penalty,BRA007
6900,2,Hyuri,15,,BRA004
6900,2,Jorginho,32,,BRA004
6900,2,Gustavo Ferrareis,61,,BRA004
6901,2,Thaciano,71,,BRA025
6901,2,Cléber,44,,BRA013
6902,2,Francisco Evanilson de Lima Barbosa,39,,BRA022
6902,2,Luiz Adriano,15,,BRA033
6903,2,Daniel Alves,43,,BRA042
6904,2,Paolo Guerrero,57,,BRA028
6904,2,Edenílson Andrade dos Santos,88,,BRA028
6905,2,Fellipe Bastos,9,,BRA044
6905,2,Fellipe Bastos,32,,BRA044
6907,3,Giorgian De Arrascaeta,28,,BRA021
6908,3,Gustavo Gómez,18,,BRA033
6908,3,Rafael Vaz,39,,BRA024
6909,3,Marrony,73,Penalty,BRA005
6909,3,Marrony,90+2,,BRA005
6910,3,José Carlos Ferreira Júnior,26,,BRA007
6910,3,Ernando Rodrigues Lopes,90+3,,BRA007
6910,3,Léo Ortiz,77,,BRA010
6911,3,Germán Cano,75,,BRA044
6911,3,Germán Cano,62,,BRA044
6911,3,Reinaldo Manoel da Silva,90+7,Penalty,BRA042
6912,3,Nenê,39,Penalty,BRA022
6912,3,Paolo Guerrero,28,,BRA028
6912,3,Nenê,77,Penalty,BRA022
6913,3,Jorginho,13,,BRA004
6913,3,Iago Maidana,90+4,,BRA043
6915,3,Yeferson Soteldo,29,,BRA040
6915,3,Felipe Jonatan,41,,BRA040
6915,3,Mário Sérgio Santos Costa,82,,BRA040
6915,3,Abner Vinícius,88,,BRA003
6916,4,Pepê,45,,BRA025
6916,4,Gabriel Barbosa,89,Penalty,BRA021
6917,4,Alerrandro Barra Mansa Realino de Souza,1,,BRA010
6917,4,Luis Phelipe,82,,BRA010
6917,4,Nenê,2,,BRA022
6918,4,Raphael Cavalcante Veiga,90+2,,BRA033
6920,4,Damián Musto,52,,BRA028
6920,4,Thiago Galhardo,69,,BRA028
6920,4,Thiago Galhardo,90,Penalty,BRA028
6919,4,Yuri César,69,,BRA023
6919,4,Jefferson,80,,BRA024
6919,4,Wellington Paulista,8,,BRA023
6919,4,Bruno Ferreira Melo,59,,BRA023
6921,4,Jô,49,,BRA015
6921,4,Gustavo Mosquito,87,,BRA015
6921,4,Luiz Ricardo Alves,42,,BRA016
6921,4,Leonardo Natel,38,,BRA015
6922,4,Caio Alexandre,88,,BRA009
6922,4,Igor Rabello,90+7,,BRA005
6922,4,Luiz Fernando Moraes dos Santos,27,,BRA009
6923,4,Mário Sérgio Santos Costa,76,,BRA040
6924,4,Fellipe Bastos,78,,BRA044
6924,4,Ribamar,90+5,,BRA044
6924,4,Germán Cano,68,,BRA044
6925,4,Luciano da Rocha Neves,85,,BRA042
6925,4,Rossicley Pereira da Silva,21,,BRA007
6926,5,Felipe Aguilar,45+4,Gol Contra,BRA022
6927,5,Thiago Galhardo,8,,BRA028
6928,5,Daniel Bessa,21,,BRA024
6928,5,Victor Andrade,90+5,,BRA024
6929,5,Pedro Raúl,90+3,,BRA009
6929,5,Gabriel Barbosa,90+11,Penalty,BRA021
6932,5,Alerrandro Barra Mansa Realino de Souza,45,,BRA010
6932,5,Sabino,45+4,Penalty,BRA016
6932,5,Robson Fernandes,53,,BRA016
6931,5,Patrick de Paula,73,,BRA033
6931,5,Luiz Adriano,45+1,Penalty,BRA033
6931,5,Ramires,48,Gol Contra,BRA040
6933,5,Pablo Felipe Teixeira,6,,BRA042
6934,5,Cléber,12,,BRA013
6934,5,Mateus Gonçalves Martins,75,,BRA013
6935,5,Romarinho,62,,BRA023
6935,5,Luan Guilherme de Jesus Vieira,76,,BRA015
6936,11,Luciano da Rocha Neves,65,,BRA042
6946,6,Thiago Galhardo,5,,BRA028
6946,6,Gabriel Boschilia,28,,BRA028
6947,6,Fred,81,,BRA022
6947,6,Talles Magno,86,,BRA044
6947,6,Douglas Moreira,3,,BRA022
6948,6,Marco Antonio Rosa Furtado Júnior,90+5,,BRA007
6948,6,José Rafael Vivian,77,,BRA033
6949,6,Wellington Paulista,39,,BRA023
6949,6,Wellington Paulista,86,,BRA023
6949,6,Romarinho,60,,BRA023
6950,6,Brenner,90+2,,BRA042
6950,6,Ramiro Moschen Benetti,36,,BRA015
6950,6,Hernanes,14,,BRA042
6952,6,Gabriel Barbosa,45+5,,BRA021
6951,6,Sabino,90+5,Penalty,BRA016
6953,6,Lima,90+6,,BRA013
6953,6,Vinícius,64,,BRA013
6956,7,Vinícius,44,,BRA013
6957,7,Renato Kayzer,79,,BRA004
6957,7,Francisco Evanilson de Lima Barbosa,7,,BRA022
6958,7,Vinícius Lopes,66,,BRA024
6958,7,Danilo Avelar,90+1,,BRA015
6958,7,Fábio Sanches,28,Gol Contra,BRA015
6961,7,Pedro,2,,BRA021
6961,7,Éverton Ribeiro,48,,BRA021
6961,7,Rodrigo Eduardo Costa Marinho,32,,BRA007
6961,7,Pedro,16,,BRA021
6961,7,José Élber Pimentel da Silva,42,,BRA007
6961,7,Giorgian De Arrascaeta,37,,BRA021
6961,7,Daniel Sampaio Simões,90,,BRA007
6961,7,Giorgian De Arrascaeta,52,,BRA021
6960,7,Claudinho,29,,BRA010
6960,7,Geuvânio,17,,BRA003
6962,7,Luiz Adriano,90+4,,BRA033
6962,7,Thiago Galhardo,90+2,Penalty,BRA028
6963,7,Fellipe Bastos,41,,BRA044
6963,7,Germán Cano,73,Penalty,BRA044
6963,7,Lucas Veríssimo,21,,BRA040
6963,7,Mário Sérgio Santos Costa,59,,BRA040
6964,7,Pepê,78,,BRA025
6964,7,Iago Maidana,74,Penalty,BRA043
6964,7,Patric Cabral Lalau,5,,BRA043
6965,7,Alan Steven Franco Palma,45,,BRA005
6965,7,Jair Rodrigues Júnior,59,,BRA005
6965,7,Alan Steven Franco Palma,35,,BRA005
6968,8,Felipe Jonatan,9,,BRA040
6966,8,Éverton Ribeiro,6,,BRA021
6966,8,Paulo Roberto Valoura Junior,14,Penalty,BRA023
6966,8,Gabriel Barbosa,87,,BRA021
6967,8,Jô,90+3,,BRA015
6967,8,Bruno Nazário,22,,BRA009
6967,8,Salomon Kalou,75,,BRA009
6967,8,Fagner,12,Penalty,BRA015
6969,8,Claudinho,54,,BRA010
6969,8,Gabriel Veron,69,,BRA033
6969,8,Willian Gomes de Siqueira,90+4,,BRA033
6970,8,Rodrigo Eduardo Costa Marinho,20,,BRA007
6970,8,Thiago Galhardo,68,Penalty,BRA028
6970,8,Clayson Henrique da Silva Vieira,90+7,Penalty,BRA007
6970,8,Patrick,28,,BRA028
6971,8,Wellington Alves da Silva,40,,BRA022
6971,8,Brenner,50,,BRA042
6971,8,Luciano da Rocha Neves,54,,BRA042
6971,8,Vitor Bueno,90+2,,BRA042
6972,8,Germán Cano,7,,BRA044
6973,8,Edson Felipe da Cruz,11,,BRA004
6973,8,Isaque Elias,41,,BRA025
6974,8,Leandro Barcia Montero,60,,BRA043
6974,8,Elton Rodrigues Brandão,68,Gol Contra,BRA024
6974,8,Marquinhos,76,,BRA043
6975,8,Eduardo Sasha,33,,BRA005
6976,9,Victor Luis,80,Penalty,BRA009
6976,9,Ravanelli Ferreira dos Santos,88,,BRA003
6977,9,Wellington Paulista,54,Penalty,BRA023
6978,9,Ignacio Jara,81,,BRA024
6978,9,Rafael Moura,45,Penalty,BRA024
6978,9,Robson Fernandes,13,,BRA016
6978,9,Sabino,83,Gol Contra,BRA024
6978,9,Sabino,90+6,Penalty,BRA016
6978,9,William Matheus,37,,BRA016
6979,9,Raul,53,,BRA010
6979,9,Luciano da Rocha Neves,78,,BRA042
6980,9,Rodrigo Junior Paula Silva,90+2,,BRA022
6980,9,Filipe Luís,8,,BRA021
6980,9,Gabriel Barbosa,34,,BRA021
6981,9,Arthur Gomes,22,,BRA040
6981,9,Mário Sérgio Santos Costa,39,,BRA040
6981,9,Alan Steven Franco Palma,35,,BRA005
6981,9,Mário Sérgio Santos Costa,90+9,Penalty,BRA040
6983,9,Gabriel Veron,65,,BRA033
6983,9,Luiz Adriano,43,Penalty,BRA033
6982,9,Thiago Galhardo,76,,BRA028
6982,9,Thiago Galhardo,44,,BRA028
6984,9,Alisson Euler de Freitas Castro,25,,BRA025
6984,9,Darlan Mendes,54,,BRA025
6985,9,Germán Cano,61,,BRA044
6985,9,Renato Kayzer,63,,BRA004
6985,9,Renato Kayzer,74,,BRA004
6986,10,Fabinho,12,,BRA003
6987,10,Madson,30,,BRA040
6987,10,Mário Sérgio Santos Costa,74,,BRA040
6987,10,Gabriel Sara,8,,BRA042
6987,10,Gabriel Sara,38,,BRA042
6988,10,Nenê,8,,BRA022
6988,10,Nenê,88,Penalty,BRA022
6988,10,Mateus Vital,90+5,,BRA015
6989,10,Diego Souza,52,Penalty,BRA025
6989,10,Osvaldo Filho,17,,BRA023
6990,10,Jefferson Savarino,87,,BRA005
6990,10,Alerrandro Barra Mansa Realino de Souza,49,,BRA010
6990,10,Réver,29,,BRA005
6991,10,Jean Paulo Fernandes Filho,40,,BRA004
6992,10,Charles Rigon Matos,56,,BRA013
6992,10,Luiz Otávio,50,,BRA013
6993,10,Vinícius Lopes,45,,BRA024
6994,10,Lucas Mugni,64,,BRA043
6994,10,Willian Gomes de Siqueira,29,,BRA033
6994,10,Iago Maidana,12,Penalty,BRA043
6994,10,José Rafael Vivian,42,,BRA033
6995,10,Germán Cano,71,,BRA044
6995,10,Matheus Babi,49,,BRA009
6995,10,Ygor Catatau,72,,BRA044
6995,10,Matheus Babi,83,,BRA009
6995,10,Ribamar,35,,BRA044
6937,11,Carlos Gilberto do Nascimento Silva,61,,BRA015
6937,11,Nino Paraíba,36,,BRA007
6937,11,Rómulo Otero,17,,BRA015
6937,11,Saldanha,89,,BRA007
6937,11,Roni,34,,BRA015
6938,11,Felipe,66,,BRA023
6939,11,Léo Ortiz,4,,BRA010
6939,11,Vinícius,20,,BRA013
6939,11,Bruno Tubarão,23,,BRA010
6939,11,Wescley,89,,BRA013
6939,11,Alerrandro Barra Mansa Realino de Souza,45,,BRA010
6939,11,Lucas Evangelista,63,,BRA010
6940,11,Gilvan,90+5,,BRA004
6940,11,Keno,65,,BRA005
6940,11,Oliveira,21,,BRA004
6940,11,Keno,78,,BRA005
6940,11,Gustavo Ferrareis,55,,BRA004
6940,11,Nathan Allan de Souza,60,,BRA005
6940,11,Keno,53,Penalty,BRA005
6941,11,Aldemir Ferreira,90+2,,BRA025
6941,11,Raphael Cavalcante Veiga,71,,BRA033
6942,11,Robson Fernandes,90,Penalty,BRA016
6944,11,Hernane Vidal de Souza,13,Penalty,BRA043
6996,12,Iago Maidana,37,Penalty,BRA043
6997,12,Christian Roberto Alves Cardoso,70,,BRA003
6998,12,Luciano da Rocha Neves,25,,BRA042
6998,12,Thiago Galhardo,20,,BRA028
6999,12,Isaque Elias,55,,BRA025
6999,12,Keno,11,,BRA005
6999,12,Keno,51,,BRA005
6999,12,Keno,66,,BRA005
7000,12,Vinícius Paiva,50,,BRA044
7000,12,Lucas Evangelista,51,,BRA010
7001,12,Pedro,56,,BRA021
7001,12,Patrick de Paula,54,,BRA033
7003,12,Victor Luis,45,Penalty,BRA009
7003,12,Hyuri,50,,BRA004
7002,12,David Duarte,90+1,,BRA024
7002,12,Charles Rigon Matos,53,,BRA013
7002,12,Vinícius,73,,BRA013
7002,12,Rafael Moura,2,,BRA024
7004,12,Madson,41,,BRA040
7004,12,Gabriel Dias de Oliveira,47,,BRA023
7005,12,Michel Araújo,8,,BRA022
7005,12,Wanderson Felipe Cardoso dos Santos,61,,BRA022
7005,12,Paulo Henrique Ganso,87,Penalty,BRA022
7005,12,Nino,72,,BRA022
6893,1,Gilberto Oliveira Souza Junior,42,,BRA007
6893,1,José Élber Pimentel da Silva,84,,BRA007
6893,1,Pedro Raúl,90+1,,BRA009
7006,13,Thiago Galhardo,75,Penalty,BRA028
7006,13,Pepê,53,,BRA025
7007,13,Raphael Cavalcante Veiga,10,,BRA033
7007,13,Willian Gomes de Siqueira,82,,BRA033
7007,13,Eduardo Brock,18,,BRA013
7015,13,Keno,37,Penalty,BRA005
7015,13,Guilherme Arana,14,,BRA005
7015,13,Jefferson Savarino,18,,BRA005
7015,13,Martín Benítez,9,,BRA044
7015,13,Cláudio Rodrigues Gomes,29,Penalty,BRA005
7009,13,Kevin Peterson dos Santos Silva,41,Gol Contra,BRA022
7009,13,Caio Alexandre,73,,BRA009
7010,13,Robson Fernandes,6,,BRA016
7010,13,Reinaldo Manoel da Silva,69,Penalty,BRA042
7011,13,Bruno Henrique,59,Penalty,BRA021
7011,13,Pedro,56,,BRA021
7011,13,Éverton Ribeiro,77,,BRA021
7011,13,Renato Kayzer,67,,BRA003
7013,13,Vinícius Lopes,5,,BRA024
7013,13,Victor Andrade,85,,BRA024
7013,13,Mário Sérgio Santos Costa,19,Penalty,BRA040
7013,13,Marcos Leonardo Santos Almeida,77,,BRA040
7013,13,Jefferson,54,Gol Contra,BRA040
7014,13,Marcão,54,,BRA043
7014,13,Hernane Vidal de Souza,40,Penalty,BRA043
7014,13,Saldanha,77,,BRA007
7016,14,Danilo Avelar,45,,BRA015
7016,14,Madson,11,,BRA040
7018,14,Rossicley Pereira da Silva,10,,BRA007
7018,14,Gilberto Oliveira Souza Junior,32,,BRA007
7018,14,Clayson Henrique da Silva Vieira,45+1,,BRA007
7017,14,Gustavo Henrique Vernes,55,,BRA021
7017,14,Pedro,51,,BRA021
7017,14,Pedro,60,,BRA021
7019,14,Luiz Fernando Moraes dos Santos,3,,BRA025
7019,14,David Braz,11,,BRA025
7019,14,Nathan Silva,72,,BRA016
7020,14,Brenner,71,,BRA042
7020,14,Gabriel Sara,65,,BRA042
7020,14,Brenner,45+2,,BRA042
7021,14,Fred,52,,BRA022
7021,14,Nenê,70,,BRA022
7021,14,Rafael Moura,67,Penalty,BRA024
7021,14,Rafael Moura,22,,BRA024
7021,14,Rodrigo Junior Paula Silva,76,,BRA022
7021,14,Yago Rocha,40,,BRA022
7022,14,Caio Alexandre,50,,BRA009
7022,14,Willian Gomes de Siqueira,77,,BRA033
7022,14,Pedro Raúl,46,,BRA009
7023,14,Eduardo Sasha,42,,BRA005
7023,14,David Corrêa da Fonseca,37,,BRA023
7023,14,Bruno Ferreira Melo,85,,BRA023
7025,14,Thiago Galhardo,17,,BRA028
7025,14,Thiago Galhardo,25,,BRA028
7026,15,Léo Pereira,48,,BRA021
7026,15,Bruno Henrique,70,,BRA021
7026,15,Talles Magno,9,,BRA044
7028,15,Vitor Bueno,90+3,,BRA042
7028,15,Reinaldo Manoel da Silva,56,Penalty,BRA042
7029,15,Marrony,90+2,,BRA005
7029,15,Nathan Allan de Souza,45+1,,BRA005
7029,15,Keno,42,Penalty,BRA005
7030,15,Nenê,72,Penalty,BRA022
7031,15,Diego Souza,73,,BRA025
7031,15,Mário Sérgio Santos Costa,20,Penalty,BRA040
7031,15,Mário Sérgio Santos Costa,79,Penalty,BRA040
7033,15,Janderson,28,,BRA004
7033,15,Matheus Cotulio Bossa,90,,BRA004
7033,15,Claudinho,20,,BRA010
7032,15,Caio Alexandre,45+1,,BRA009
7032,15,Thiago Neves,56,,BRA043
7032,15,Keisuke Honda,29,,BRA009
7034,15,Leonardo Natel,15,,BRA015
7034,15,Carlos Gilberto do Nascimento Silva,34,Gol Contra,BRA013
7034,15,Fernando Sobral,90+1,Penalty,BRA013
7035,15,Thiago Galhardo,7,,BRA028
7035,15,Abel Hernández,36,,BRA028
7035,15,Renato Kayzer,42,,BRA003
6945,11,Vinícius Lopes,13,,BRA024
6945,11,Pedro,39,,BRA021
6945,11,Pedro,90+6,,BRA021
7036,16,Gabriel Veron,38,,BRA033
7036,16,Robson Fernandes,8,,BRA016
7036,16,Robson Fernandes,24,,BRA016
7036,16,Giovanni Augusto,65,,BRA016
7037,16,Diego Souza,34,,BRA025
7037,16,Pepê,48,,BRA025
7037,16,Pepê,66,,BRA025
7037,16,Matheus Babi,41,,BRA009
7038,16,Chico,68,,BRA004
7039,16,Everaldo,90+5,,BRA015
7040,16,Guilherme Arana,52,,BRA005
7040,16,Caio Paulista,20,,BRA022
7041,16,Marquinhos,43,,BRA043
7041,16,Patrick,75,,BRA028
7041,16,Leandro Barcia Montero,56,,BRA043
7041,16,Rodrigo Moledo,53,,BRA028
7041,16,Adryelson,40,Gol Contra,BRA028
7041,16,Mikael,90,,BRA043
7041,16,Yuri Alberto,81,,BRA028
7041,16,Patrick,34,,BRA028
7042,16,Claudinho,46,,BRA010
7042,16,Lincoln Corrêa dos Santos,70,,BRA021
7043,16,Vinícius Lopes,49,,BRA024
7043,16,Fessin (futebolista),90+5,,BRA007
7046,17,Zé Roberto,45+1,,BRA004
7046,17,Léo Cittadini,61,,BRA003
7047,17,Kaio Jorge,6,,BRA040
7047,17,Yeferson Soteldo,27,Penalty,BRA040
7047,17,Giovanni Augusto,74,,BRA016
7048,17,Luiz Henrique,13,,BRA022
7048,17,Danilo Barcelos,90+1,,BRA022
7048,17,Hudson,41,Gol Contra,BRA013
7048,17,Vinícius,78,,BRA013
7050,17,Carlos Gilberto do Nascimento Silva,64,,BRA015
7050,17,Bruno Henrique,71,,BRA021
7050,17,Éverton Ribeiro,32,,BRA021
7050,17,Diego Ribas,86,,BRA021
7050,17,Victor Vinícius Coelho Santos,52,,BRA021
7050,17,Natan Bernardo de Souza,58,,BRA021
7051,17,Thiago Galhardo,39,Penalty,BRA028
7051,17,Edenílson Andrade dos Santos,25,,BRA028
7053,17,David Corrêa da Fonseca,35,,BRA023
7053,17,David Corrêa da Fonseca,41,,BRA023
7052,17,Claudinho,61,,BRA010
7052,17,Ricardo Ryller,50,,BRA010
7054,17,Gilberto Oliveira Souza Junior,80,,BRA007
7054,17,Gilberto Oliveira Souza Junior,89,,BRA007
7054,17,Jefferson Savarino,21,,BRA005
7054,17,Daniel Sampaio Simões,69,,BRA007
7056,18,Gustavo Mantuan,23,,BRA015
7056,18,Everaldo,90,,BRA015
7056,18,Ribamar,72,,BRA044
7057,18,Ytalo José dos Santos,45+2,,BRA010
7057,18,Claudinho,83,,BRA010
7058,18,Vinícius,8,,BRA013
7058,18,Carlos Eduardo Santos Oliveira,52,,BRA013
7058,18,Rodrigo Muniz,2,,BRA016
7060,18,Luiz Adriano,55,,BRA033
7060,18,Luiz Adriano,64,,BRA033
7060,18,Wesley Ribeiro Silva,20,,BRA033
7061,18,Marcos Paulo Costa do Nascimento,90+3,,BRA022
7061,18,Mário Sérgio Santos Costa,36,,BRA040
7061,18,Luccas Claro,29,,BRA022
7061,18,Nino,56,,BRA022
7062,18,Carlos Eduardo Ferreira de Souza,44,,BRA003
7062,18,Aldemir Ferreira,88,,BRA025
7062,18,Thiago Heleno,55,Gol Contra,BRA025
7063,18,Abel Hernández,7,,BRA028
7063,18,Thiago Galhardo,25,,BRA028
7063,18,Pedro,11,,BRA021
7063,18,Éverton Ribeiro,90+5,,BRA021
7066,19,Keisuke Honda,16,Penalty,BRA009
7066,19,Matheus Babi,28,,BRA009
7066,19,Cléber,23,,BRA013
7066,19,Leandro Carvalho,51,,BRA013
7067,19,Matheus Galdezani,8,,BRA016
7068,19,Matheus Alvarenga de Oliveira,33,,BRA015
7069,19,Wellington Alves da Silva,75,,BRA022
7070,19,Danilo Neves,17,,BRA042
7070,19,Brenner,45+1,,BRA042
7070,19,Reinaldo Manoel da Silva,59,Penalty,BRA042
7070,19,Luciano da Rocha Neves,82,,BRA042
7070,19,Pedro,6,,BRA021
7071,19,Thiago Neves,53,,BRA043
7072,19,Madson,9,,BRA040
7072,19,Mário Sérgio Santos Costa,26,,BRA040
7072,19,Jobson Souza Santos,37,,BRA040
7072,19,Daniel Sampaio Simões,28,,BRA007
7073,19,Shaylon,57,,BRA024
7073,19,Léo Matos,17,,BRA044
7074,19,Wesley Ribeiro Silva,77,,BRA033
7074,19,Raphael Cavalcante Veiga,19,,BRA033
7074,19,Rony,70,,BRA033
7075,19,David Braz,68,,BRA025
7075,19,Luis Manuel Orejuela,72,,BRA025
7075,19,Jan Hurtado,77,,BRA010
7076,20,Carlos Eduardo Ferreira de Souza,62,,BRA003
7076,20,Renato Kayzer,90+1,,BRA003
7076,20,Bérgson Gustavo Silveira da Silva,18,,BRA023
7077,20,Igor Gomes,79,,BRA042
7077,20,José Fernando Viana de Santana,19,,BRA024
7077,20,Brenner,24,,BRA042
7078,20,Oliveira,42,,BRA004
7078,20,Fábio Santos,57,Penalty,BRA015
7080,20,Yuri Alberto,33,,BRA028
7080,20,Gustavo Nonato Santana,59,,BRA028
7080,20,Giovanni Augusto,48,,BRA016
7080,20,Sabino,74,,BRA016
7079,20,Luiz Adriano,73,,BRA033
7082,20,Gustavo Henrique Vernes,4,Gol Contra,BRA005
7082,20,Keno,8,,BRA005
7082,20,Eduardo Sasha,59,,BRA005
7082,20,Matías Zaracho,82,,BRA005
7083,20,Rodrigo Eduardo Costa Marinho,90+9,Penalty,BRA007
7081,20,Léo Ortiz,64,Gol Contra,BRA040
7081,20,Léo Ortiz,90+6,,BRA010
7084,20,Pepê,28,,BRA025
7064,18,José Carlos Ferreira Júnior,24,,BRA007
7064,18,Bérgson Gustavo Silveira da Silva,65,,BRA023
7064,18,Gilberto Oliveira Souza Junior,71,Penalty,BRA007
7086,21,Germán Cano,25,,BRA044
7086,21,Germán Cano,52,,BRA044
7087,21,Kaio Jorge,68,,BRA040
7087,21,Ivonei,59,,BRA040
7088,21,Renato Kayzer,20,,BRA003
7090,21,Luciano da Rocha Neves,61,,BRA042
7090,21,David Corrêa da Fonseca,11,,BRA023
7090,21,Luciano da Rocha Neves,81,,BRA042
7090,21,Wellington Paulista,74,,BRA023
7090,21,Gabriel Sara,40,,BRA042
7091,21,Diego Souza,40,,BRA025
7091,21,Diego Churín,70,,BRA025
7091,21,Jean Pyerre,20,,BRA025
7091,21,Kelvyn,37,,BRA013
7091,21,Pepê,33,,BRA025
7091,21,Tiago Pagnussat,90+1,,BRA013
7089,21,Marrony,83,,BRA005
7089,21,Matheus Alvarenga de Oliveira,6,,BRA015
7089,21,Guilherme Arana,61,,BRA005
7092,21,Raphael Cavalcante Veiga,60,,BRA033
7092,21,Raphael Cavalcante Veiga,52,Penalty,BRA033
7093,21,Bruno Henrique,45,,BRA021
7093,21,Zé Roberto,59,,BRA004
7094,21,José Élber Pimentel da Silva,36,,BRA007
7094,21,José Carlos Cracco Neto,72,,BRA007
7094,21,Giovanni Augusto,3,,BRA016
7095,21,Claudinho,86,Penalty,BRA010
7095,21,Matheus Babi,44,,BRA009
7095,21,Ytalo José dos Santos,45+1,,BRA010
6954,6,Christian Roberto Alves Cardoso,35,,BRA003
6954,6,Nikão,45+1,,BRA003
7096,22,Claudinho,4,,BRA010
7096,22,Claudinho,11,,BRA010
7096,22,Ytalo José dos Santos,21,,BRA010
7096,22,Hélio Junio Nunes de Castro,51,,BRA010
7097,22,Thiago Heleno,76,,BRA003
7098,22,Mattheus Oliveira,90+3,,BRA016
7098,22,Bruno Henrique,3,,BRA021
7098,22,Giorgian De Arrascaeta,27,,BRA021
7098,22,Renê Rodrigues Martins,76,,BRA021
7099,22,Miguel Figueira,90+3,,BRA024
7101,22,Lima,48,,BRA013
7101,22,Felipe Vizeu,56,,BRA013
7101,22,Eduardo Sasha,29,,BRA005
7101,22,Keno,74,Penalty,BRA005
7100,22,Luciano da Rocha Neves,33,,BRA042
7100,22,Germán Cano,19,,BRA044
7102,22,Lucca Borges de Brito,57,,BRA022
7102,22,Caio Paulista,81,,BRA022
7102,22,Maurício,15,,BRA028
7103,22,David Corrêa da Fonseca,79,,BRA023
7103,22,Warley,81,,BRA009
7103,22,Bérgson Gustavo Silveira da Silva,61,,BRA023
7105,22,Janderson,61,,BRA004
7045,16,Diego Costa,11,,BRA042
7045,16,Léo Chú,47,,BRA013
7106,23,Marcelo da Conceição Benevenuto Malaquias,53,,BRA009
7106,23,Jefferson Savarino,17,,BRA005
7106,23,Eduardo Sasha,50,,BRA005
7107,23,Fábio Santos,21,Penalty,BRA015
7108,23,Wellington Paulista,61,,BRA023
7108,23,José Fernando Viana de Santana,24,,BRA024
7110,23,Marquinhos,28,,BRA043
7110,23,Mário Sérgio Santos Costa,7,Penalty,BRA040
7110,23,Leandro Barcia Montero,45,,BRA043
7110,23,Yeferson Soteldo,82,Penalty,BRA040
7110,23,Lucas Braga Ribeiro,11,,BRA040
7110,23,Bruno Henrique Marques Torres,71,,BRA040
7109,23,Rony,36,,BRA033
7109,23,Rony,50,,BRA033
7109,23,Patrick de Paula,8,,BRA033
7111,23,Luciano da Rocha Neves,74,,BRA042
7111,23,Robert Arboleda,66,,BRA042
7111,23,Clayson Henrique da Silva Vieira,81,,BRA007
7111,23,Luciano da Rocha Neves,52,,BRA042
6955,6,Maicon,65,,BRA025
6955,6,João Marcos Lima Candido,70,,BRA024
6955,6,Jean Pyerre,19,,BRA025
7113,23,Saulo Mineiro,79,,BRA013
7113,23,Pedro Henrique Naressi Machado,4,,BRA013
7113,23,Ribamar,65,Penalty,BRA044
7113,23,Cléber,26,,BRA013
7113,23,Vinícius,90,Penalty,BRA013
6894,1,Hernanes,83,,BRA042
6894,1,Igor Gomes,19,,BRA042
6894,1,Brenner,49,,BRA042
7118,24,Éverton Ribeiro,55,,BRA021
7117,24,Mário Sérgio Santos Costa,71,,BRA040
7117,24,Raphael Cavalcante Veiga,55,Penalty,BRA033
7117,24,Willian Gomes de Siqueira,63,,BRA033
7117,24,Diego Pituca,38,,BRA040
7119,24,Marcos Paulo Costa do Nascimento,73,,BRA022
7119,24,Marcos Paulo Costa do Nascimento,75,,BRA022
7119,24,Léo Cittadini,10,,BRA003
7119,24,Nenê,26,,BRA022
7120,24,Saulo Mineiro,90+5,,BRA013
7120,24,Vinícius,82,,BRA013
7122,24,Luciano da Rocha Neves,14,,BRA042
7123,24,César Pinares,55,,BRA025
7123,24,Lucas Silva Borges,90+3,Penalty,BRA025
7123,24,Diego Souza,41,,BRA025
7123,24,Diego Souza,53,,BRA025
7124,24,Hyoran,61,,BRA005
7124,24,Damián Musto,11,Gol Contra,BRA005
7124,24,Yuri Alberto,9,,BRA028
7124,24,João Peglow,88,,BRA028
7125,24,Rafael Moura,26,,BRA024
7065,18,Hernanes,90,,BRA042
7065,18,Brenner,10,,BRA042
7065,18,Brenner,27,,BRA042
7065,18,Reinaldo Manoel da Silva,45+3,Penalty,BRA042
7126,25,Eduardo Vargas,44,,BRA005
7127,25,Luan Cândido,13,,BRA010
7127,25,Paulo Roberto Valoura Junior,45+1,Penalty,BRA023
7127,25,Thonny Anderson,88,,BRA010
7128,25,Patrick,36,,BRA028
7128,25,Yuri Alberto,67,,BRA028
7128,25,Pedro Raúl,28,,BRA009
7129,25,Rony,43,,BRA033
7129,25,Willian Gomes de Siqueira,6,,BRA033
7129,25,Raphael Cavalcante Veiga,36,Penalty,BRA033
7131,25,Jean Paulo Fernandes Filho,78,Penalty,BRA004
7131,25,Léo Chú,60,,BRA013
7131,25,Roberson,90,,BRA004
7132,25,Filipe Luís,58,,BRA021
7132,25,Bruno Henrique Marques Torres,75,,BRA040
7132,25,Gabriel Barbosa,50,Penalty,BRA021
7132,25,Gabriel Barbosa,71,Penalty,BRA021
7132,25,Gerson Santos da Silva,42,,BRA021
7133,25,Rómulo Otero,25,,BRA015
7134,25,Thiago Neves,38,,BRA043
7135,25,Germán Cano,90+2,,BRA044
7135,25,Wellington Alves da Silva,10,,BRA022
7136,26,Jonas Toró,90+1,,BRA042
7136,26,Igor Gomes,25,,BRA042
7136,26,Gabriel Sara,83,,BRA042
7137,26,Wellington Soares da Silva,43,,BRA004
7137,26,Wanderson Felipe Cardoso dos Santos,90+3,,BRA022
7137,26,Jean Paulo Fernandes Filho,87,Penalty,BRA004
7138,26,Pepê,73,Penalty,BRA025
7138,26,Dalberto,9,,BRA043
7139,26,Edenílson Andrade dos Santos,11,,BRA028
7139,26,Yuri Alberto,83,,BRA028
7140,26,Pedro Raúl,82,Penalty,BRA009
7140,26,Neilton Mestzk,27,,BRA016
7140,26,Pedro Raúl,75,,BRA009
7142,26,Carlinhos,9,,BRA044
7141,26,Renato Kayzer,26,,BRA003
7143,26,Pedro,82,,BRA021
7143,26,Gilberto Oliveira Souza Junior,59,,BRA007
7143,26,Victor Vinícius Coelho Santos,90,,BRA021
7143,26,Bruno Henrique,5,,BRA021
7143,26,Juan Pablo Ramírez Velásquez,50,,BRA007
7143,26,Mauricio Isla,33,,BRA021
7143,26,Gilberto Oliveira Souza Junior,56,,BRA007
7144,26,Lima,47,,BRA013
7144,26,Cléber,54,,BRA013
7145,26,Jô,51,,BRA015
7145,26,José Fernando Viana de Santana,3,,BRA024
7145,26,Gustavo Mosquito,14,,BRA015
7146,27,Hyoran,66,,BRA005
7146,27,Eduardo Sasha,83,,BRA005
7147,27,José Fernando Viana de Santana,5,,BRA024
7149,27,Fred,52,,BRA022
7149,27,Brenner,15,,BRA042
7149,27,Brenner,72,,BRA042
7150,27,Juan Cazares,34,,BRA015
7150,27,Mateus Vital,90+5,,BRA015
7151,27,Juan Pablo Ramírez Velásquez,69,,BRA007
7151,27,Thiago Galhardo,48,Penalty,BRA028
7151,27,Rodrigo Dourado,45+1,,BRA028
7152,27,Nikão,10,,BRA003
7152,27,Carlos Eduardo Ferreira de Souza,38,,BRA003
7152,27,Carlos Eduardo Ferreira de Souza,61,,BRA003
7153,27,Luiz Adriano,28,,BRA033
7154,27,Mário Sérgio Santos Costa,11,,BRA040
7154,27,Samuel Xavier,37,,BRA013
7155,27,Diego Churín,62,,BRA025
7155,27,Dudu,44,Gol Contra,BRA025
7155,27,Gustavo Ferrareis,57,,BRA004
7156,28,Vanderson de Oliveira Campos,16,,BRA025
7156,28,Diego Souza,54,,BRA025
7156,28,Anderson Martins,47,,BRA007
7157,28,Léo Cittadini,48,,BRA003
7157,28,Renato Kayzer,31,,BRA003
7159,28,Thiago Neves,10,,BRA043
7158,28,Robson Fernandes,59,,BRA016
7158,28,Fábio Sanches,21,,BRA024
7158,28,Rafael Moura,30,,BRA024
7160,28,Giorgian De Arrascaeta,40,,BRA021
7160,28,Luccas Claro,55,,BRA022
7160,28,Yago Rocha,90+3,,BRA022
7161,28,Claudinho,4,,BRA010
7161,28,Danilo Neves,16,,BRA042
7161,28,Raul,14,,BRA010
7161,28,Gonzalo Carneiro,90+5,,BRA042
7161,28,Fabrício Bruno,18,,BRA010
7161,28,Artur Victor Guimarães,45,,BRA010
7162,28,Caio Vidal,53,,BRA028
7162,28,Yuri Alberto,77,,BRA028
7166,29,Willian Gomes de Siqueira,27,,BRA033
7169,29,Jobson Souza Santos,46,,BRA040
7170,29,Vinícius,13,,BRA013
7170,29,Kelvyn,90,,BRA013
7171,29,Matheus,7,,BRA004
7171,29,Gabriel Novaes,75,,BRA007
7172,29,Bruno Praxedes,43,,BRA028
7173,29,Talles Magno,22,,BRA044
7173,29,Andrey,77,,BRA044
7173,29,Yago Pikachu,90+6,Penalty,BRA044
7174,29,Edimar Fraga,67,,BRA010
7174,29,Hyoran,90+10,Penalty,BRA005
7174,29,Jefferson Savarino,55,,BRA005
7174,29,Ricardo Ryller,45+1,,BRA010
7175,29,Fagner,62,,BRA015
7175,29,Mateus Vital,67,,BRA015
7175,29,Jô,25,,BRA015
7175,29,Luan Guilherme de Jesus Vieira,90+1,,BRA015
7175,29,Juan Cazares,56,,BRA015
7176,30,Diego Souza,88,,BRA025
7176,30,Raphael Cavalcante Veiga,33,,BRA033
7177,30,Patric Cabral Lalau,49,Gol Contra,BRA022
7178,30,Hugo Moura,44,,BRA016
7179,30,Renato Kayzer,39,,BRA003
7179,30,Danilo Neves,61,,BRA042
7180,30,Yeferson Soteldo,4,,BRA040
7180,30,Bruno Henrique Marques Torres,82,,BRA040
7180,30,Pedro Raúl,45+2,Penalty,BRA009
7181,30,Jair Rodrigues Júnior,62,,BRA005
7181,30,Janderson,75,,BRA004
7181,30,Hyoran,13,,BRA005
7181,30,Junior Alonso,42,,BRA005
7182,30,Claudinho,90+7,Penalty,BRA010
7182,30,Lima,62,Penalty,BRA013
7182,30,Claudinho,56,Penalty,BRA010
7183,30,João Peglow,71,,BRA028
7183,30,Carlos Emiliano Pereira,77,Gol Contra,BRA028
7183,30,Romarinho,56,,BRA023
7183,30,Wellington Paulista,14,Penalty,BRA023
7183,30,Yuri Alberto,4,,BRA028
7183,30,Rodrigo Dourado,10,,BRA028
7164,28,Raphael Cavalcante Veiga,34,,BRA033
7164,28,Raphael Cavalcante Veiga,48,,BRA033
7164,28,Luiz Adriano,45,,BRA033
7164,28,Luiz Adriano,66,,BRA033
7184,30,Pedro,90+4,,BRA021
7184,30,Giorgian De Arrascaeta,42,,BRA021
7184,30,Gabriel Barbosa,63,,BRA021
7186,31,Matheus Babi,63,,BRA009
7186,31,Danilo Gomes,66,,BRA004
7186,31,Zé Roberto,79,,BRA004
7186,31,Vitor Leque,90+2,,BRA004
7187,31,Thiago Andrade,65,,BRA007
7188,31,Éverton Cardoso da Silva,85,,BRA025
7188,31,Hyoran,31,Penalty,BRA005
7189,31,Robson Fernandes,76,,BRA016
7189,31,John Kennedy,59,,BRA022
7189,31,Luiz Henrique,3,,BRA016
7189,31,Fred,71,,BRA022
7189,31,Natanael,33,,BRA016
7189,31,Caio Paulista,90+1,,BRA022
7191,31,Claudinho,86,,BRA010
7191,31,Jan Hurtado,90+3,,BRA010
7191,31,Eric dos Santos Rodrigues,15,,BRA010
7191,31,Gabriel Pec,78,,BRA044
7191,31,Claudinho,72,,BRA010
7190,31,Luciano da Rocha Neves,36,,BRA042
7190,31,Yuri Alberto,66,,BRA028
7190,31,Víctor Cuesta,8,,BRA028
7190,31,Yuri Alberto,68,,BRA028
7190,31,Caio Vidal,24,,BRA028
7190,31,Yuri Alberto,60,,BRA028
7192,31,Luan Garcia Teixeira,45+1,Gol Contra,BRA021
7192,31,Pepê,83,,BRA021
7193,31,Wellington Paulista,66,,BRA023
7193,31,Paulo Roberto Valoura Junior,48,Penalty,BRA023
7194,31,Vinícius,52,Penalty,BRA013
7194,31,Lima,18,,BRA013
7194,31,Fernando Sobral,45+2,,BRA013
7194,31,Vinícius,63,,BRA013
7195,31,Gustavo Mosquito,34,,BRA015
7195,31,Mateus Vital,47,,BRA015
7195,31,Jô,80,,BRA015
7196,32,Martín Sarrafiore,82,,BRA016
7196,32,Luciano da Rocha Neves,59,,BRA042
7197,32,Hyoran,67,,BRA005
7197,32,Germán Cano,18,,BRA044
7197,32,Eduardo Sasha,90+4,,BRA005
7197,32,Germán Cano,59,,BRA044
7197,32,Yago Pikachu,32,,BRA044
7198,32,Edenílson Andrade dos Santos,90+8,Penalty,BRA028
7198,32,Abel Hernández,90,,BRA028
7198,32,Jean Pyerre,76,,BRA025
7200,32,Gabriel Veron,34,,BRA033
7200,32,Vinícius,29,Penalty,BRA013
7200,32,Lima,10,,BRA013
7199,32,Abner Vinícius,25,,BRA003
7199,32,Renato Kayzer,83,,BRA003
7199,32,Gustavo Henrique Vernes,34,,BRA021
7202,32,Thiago Neves,73,,BRA043
7202,32,Iago Maidana,86,,BRA043
7203,32,Lucas Braga Ribeiro,7,,BRA040
7203,32,David Duarte,60,,BRA024
7203,32,Mário Sérgio Santos Costa,87,Penalty,BRA040
7203,32,Kaio Jorge,38,,BRA040
7203,32,José Fernando Viana de Santana,76,Penalty,BRA024
7203,32,Rafael Moura,54,,BRA024
7203,32,Rafael Moura,77,,BRA024
7201,32,Natanael Batista Pimenta,80,,BRA004
7201,32,Jean Paulo Fernandes Filho,40,Penalty,BRA004
7204,32,Lucca Borges de Brito,67,,BRA022
7204,32,Wellington Alves da Silva,90+8,Penalty,BRA022
7205,32,Hélio Junio Nunes de Castro,2,,BRA010
7205,32,Claudinho,42,,BRA010
6895,1,Breno Lopes,31,,BRA033
6895,1,Martín Benítez,35,,BRA044
7165,28,Jefferson Savarino,3,,BRA005
7165,28,Jefferson Savarino,19,,BRA005
7115,23,Gabriel Barbosa,60,,BRA021
7115,23,Diego Souza,40,,BRA025
7115,23,Giorgian De Arrascaeta,66,,BRA021
7115,23,Diego Souza,85,,BRA025
7115,23,Mauricio Isla,90+3,,BRA021
7115,23,Éverton Ribeiro,57,,BRA021
7185,30,Gilberto Oliveira Souza Junior,31,,BRA007
7185,30,Juan Pablo Ramírez Velásquez,45+4,,BRA007
7185,30,Gabriel Girotto Franco,71,,BRA015
7208,33,Reinaldo Manoel da Silva,40,,BRA042
7208,33,Natanael Batista Pimenta,21,,BRA004
7208,33,Vitor Leque,88,,BRA004
7207,33,Carlos Eduardo Ferreira de Souza,85,,BRA003
7207,33,Carlos Eduardo Ferreira de Souza,90+2,,BRA003
7209,33,Paulo Miranda,20,,BRA025
7209,33,Wilson Rodrigues de Moura Júnior,73,Penalty,BRA016
7210,33,Guilherme Arana,56,,BRA005
7210,33,Eduardo Vargas,67,,BRA005
7211,33,Patrick,4,,BRA028
7211,33,Edenílson Andrade dos Santos,58,Penalty,BRA028
7211,33,Hélio Junio Nunes de Castro,15,,BRA010
7212,33,Matheus Martinelli,37,,BRA022
7212,33,Nino,17,,BRA022
7212,33,Matheus Martinelli,26,,BRA022
7213,33,Gabriel Barbosa,4,,BRA021
7213,33,Bruno Henrique,19,,BRA021
7213,33,Pedro,90+6,,BRA021
7214,33,Emerson Santos,16,,BRA033
7214,33,Rafael Navarro,60,,BRA009
7216,34,Pepê,53,,BRA025
7216,34,Kaio Jorge,8,,BRA040
7216,34,Diego Souza,37,Penalty,BRA025
7216,34,Arthur Gomes,67,Penalty,BRA040
7216,34,Jean Pyerre,46,,BRA025
7216,34,Madson,90+6,Penalty,BRA040
7217,34,Claudinho,90+4,Penalty,BRA010
7217,34,Ytalo José dos Santos,56,,BRA010
7218,34,Fabinho,15,,BRA013
7218,34,Fábio Santos,21,Penalty,BRA015
7218,34,Leonardo Natel,28,,BRA015
7219,34,Eduardo Figueiredo da Cruz,28,,BRA024
7220,34,Luiz Henrique,32,,BRA022
7221,34,Wellington Paulista,84,,BRA023
7221,34,Ricardo Oliveira,27,,BRA016
7221,34,Nathan Silva,43,Gol Contra,BRA023
7221,34,David Corrêa da Fonseca,44,,BRA023
7222,34,Bruno Henrique,77,,BRA021
7222,34,Gabriel Barbosa,45+3,Penalty,BRA021
7224,34,Iago Maidana,24,Penalty,BRA043
7226,35,Gilberto Oliveira Souza Junior,26,,BRA007
7226,35,José Fernando Viana de Santana,90+5,,BRA024
7226,35,Gabriel Novaes,45+3,,BRA007
7226,35,Vinícius Lopes,49,,BRA024
7226,35,Alesson,79,,BRA007
7226,35,José Fernando Viana de Santana,19,,BRA024
7227,35,Jean Paulo Fernandes Filho,33,Penalty,BRA004
7227,35,Marcos Leonardo Santos Almeida,79,Penalty,BRA040
7228,35,Ytalo José dos Santos,63,,BRA010
7228,35,Gabriel Barbosa,35,Penalty,BRA021
7229,35,Matheus Babi,82,,BRA009
7229,35,Matheus Henrique de Souza,78,,BRA025
7229,35,Diego Churín,54,Penalty,BRA025
7229,35,Alisson Euler de Freitas Castro,7,,BRA025
7229,35,Jean Pyerre,17,,BRA025
7229,35,Rafael Navarro,56,,BRA009
7229,35,Matheus Henrique de Souza,74,,BRA025
7230,35,Patrick,41,,BRA028
7230,35,Marcão,38,,BRA043
7230,35,Dalberto,45+5,,BRA043
7231,35,Igor Torres,6,,BRA023
7231,35,David Corrêa da Fonseca,43,,BRA023
7231,35,Romarinho,63,,BRA023
7232,35,Léo Chú,90+3,,BRA013
7232,35,Luciano da Rocha Neves,90+6,,BRA042
7234,35,Abner Vinícius,14,,BRA003
7234,35,Gustavo Mosquito,3,,BRA015
7234,35,Fernando Canesin,35,,BRA003
7234,35,Gustavo Mosquito,56,,BRA015
7234,35,Vitor Hugo Naum dos Santos,73,,BRA003
7234,35,Gabriel Girotto Franco,18,,BRA015
7236,36,Rafael Moura,8,,BRA024
7236,36,José Fernando Viana de Santana,64,,BRA024
7237,36,Eduardo Sasha,20,,BRA005
7237,36,Rossicley Pereira da Silva,47,,BRA007
7238,36,Mário Sérgio Santos Costa,37,,BRA040
7238,36,Marcos Leonardo Santos Almeida,83,,BRA040
7239,36,Leonardo Natel,20,,BRA015
7239,36,Willian Arão,10,,BRA021
7239,36,Gabriel Barbosa,55,,BRA021
7240,36,Rodrigo Dourado,10,,BRA028
7240,36,Thiago Galhardo,90+6,,BRA028
7241,36,Thiago Heleno,90+2,,BRA003
7241,36,Roberson,71,,BRA004
7241,36,Vitor Hugo Naum dos Santos,63,,BRA003
7242,36,Breno Lopes,38,,BRA033
7242,36,Gustavo Scarpa,20,,BRA033
7242,36,Lucas Rafael Araújo Lima,26,,BRA033
7243,36,Diego Souza,33,,BRA025
7243,36,Danilo Neves,63,,BRA042
7243,36,Luciano da Rocha Neves,68,,BRA042
7244,36,John Kennedy,45,,BRA022
7244,36,Matheus Martinelli,59,,BRA022
7244,36,Vinícius,78,Penalty,BRA013
7244,36,Samuel Salustiano de Jesus Silva,88,,BRA022
7215,33,Marcos Leonardo Santos Almeida,55,,BRA040
7235,35,Jonathan Francisco Lemos,88,,BRA016
7225,34,Luciano da Rocha Neves,74,Penalty,BRA042
7225,34,Rony,90+3,,BRA033
7246,37,Saulo Mineiro,74,,BRA013
7246,37,Felipe Vizeu,51,,BRA013
7247,37,Rodrigo Eduardo Costa Marinho,7,,BRA007
7247,37,Rodrigo Eduardo Costa Marinho,62,,BRA007
7247,37,Rossicley Pereira da Silva,81,Penalty,BRA007
7247,37,Rodrigo Eduardo Costa Marinho,66,,BRA007
7248,37,Rafael Thyere de Albuquerque Marques,50,Gol Contra,BRA005
7248,37,Dalberto,33,,BRA043
7248,37,Jair Rodrigues Júnior,7,,BRA005
7248,37,Marrony,90+8,,BRA005
7248,37,Thiago Neves,87,Penalty,BRA043
7250,37,Gabriel Barbosa,63,,BRA021
7250,37,Edenílson Andrade dos Santos,12,Penalty,BRA028
7250,37,Giorgian De Arrascaeta,29,,BRA021
7251,37,Jean Mota Oliveira de Souza,87,,BRA040
7251,37,Lucca Borges de Brito,16,,BRA022
7252,37,Thaciano,77,,BRA025
7254,37,Matías Viña,22,,BRA033
7254,37,Matheus Vargas,43,,BRA004
7255,37,Matheus Babi,58,,BRA009
7264,38,Ricardo Graça,90+2,,BRA044
7264,38,José Fernando Viana de Santana,25,,BRA024
7264,38,Germán Cano,15,,BRA044
7264,38,José Fernando Viana de Santana,45+7,,BRA024
7264,38,Ricardo Graça,50,,BRA044
7256,38,Claudinho,53,,BRA010
7257,38,Rossicley Pereira da Silva,15,,BRA007
7257,38,Alesson,90+1,,BRA007
7258,38,Nikão,8,,BRA003
7258,38,Léo Cittadini,86,,BRA003
7259,38,Gilvan,3,,BRA004
7259,38,Guilherme Biro,45+2,Gol Contra,BRA004
7259,38,Wellington Soares da Silva,34,,BRA004
7259,38,Ricardo Oliveira,63,,BRA016
7261,38,Saulo Mineiro,90+4,,BRA013
7261,38,Matheus Babi,57,Penalty,BRA009
7261,38,Pedro Henrique Naressi Machado,17,,BRA013
7263,38,Jair Rodrigues Júnior,79,,BRA005
7263,38,Eduardo Sasha,89,,BRA005
7265,38,Matheus Ferraz Pereira,61,,BRA022
7265,38,Fred,21,,BRA022
7262,38,Luciano da Rocha Neves,45+5,,BRA042
7262,38,Pablo Felipe Teixeira,58,,BRA042
7262,38,Bruno Henrique,51,,BRA021
7266,1,Matheus Peixoto,45+1,,BRA031
7266,1,Jonathan Cafú,29,,BRA019
7266,1,Elton Rodrigues Brandão,87,,BRA019
7266,1,Wescley,43,,BRA031
7267,1,Thaciano,46,,BRA007
7267,1,Thaciano,49,,BRA007
7267,1,José Carlos Ferreira Júnior,53,,BRA007
7269,1,Yago Pikachu,60,,BRA023
7269,1,Yago Pikachu,90+4,,BRA023
7269,1,Hulk,40,Penalty,BRA005
7271,1,Rick,42,,BRA013
7271,1,Jorginho,90+4,,BRA013
7271,1,Vanderson de Oliveira Campos,45+5,,BRA025
7271,1,Cléber,36,,BRA013
7271,1,Ricardinho Viana,49,,BRA025
7270,1,Pedro,75,,BRA021
7273,1,Ytalo José dos Santos,33,,BRA010
7273,1,Lucas Evangelista,35,,BRA010
7273,1,Hélio Junio Nunes de Castro,74,,BRA010
7272,1,Zé Roberto,44,,BRA004
7274,1,Carlos Eduardo Ferreira de Souza,87,,BRA003
7275,1,Thiago Neves,62,Penalty,BRA043
7275,1,Rodrigo Lindoso,44,,BRA028
7275,1,André Felipe Ribeiro de Souza,86,,BRA043
7275,1,Edenílson Andrade dos Santos,19,Penalty,BRA028
7276,2,João Paulo,79,,BRA004
7276,2,Éder,23,,BRA004
7277,2,Jean Mota Oliveira de Souza,19,,BRA040
7277,2,Vinícius,45+7,Penalty,BRA013
7277,2,Marinho,63,,BRA040
7277,2,Kaio Jorge,72,,BRA040
7278,2,Artur Victor Guimarães,22,,BRA010
7278,2,Gilberto Oliveira Souza Junior,19,,BRA007
7278,2,Luan Cândido,50,,BRA010
7278,2,Jonas Gomes de Sousa,86,,BRA007
7278,2,Tomás Cuello,68,,BRA010
7278,2,Gilberto Oliveira Souza Junior,16,,BRA007
7279,2,Gabriel Teixeira,40,,BRA022
7280,2,Fábio Santos,29,Penalty,BRA015
7281,2,Robson Fernandes,45+2,,BRA023
7281,2,Yago Pikachu,47,,BRA023
7281,2,Zé Gabriel,55,Gol Contra,BRA023
7281,2,Wellington Paulista,86,,BRA023
7281,2,Cristian Chagas Tarouco,17,,BRA023
7281,2,Bruno Praxedes,62,,BRA028
7283,2,Wesley Ribeiro Silva,42,,BRA033
7283,2,Luiz Adriano,15,,BRA033
7283,2,Busanello,55,,BRA014
7283,2,Wesley Ribeiro Silva,7,,BRA033
7282,2,Jadson,47,,BRA003
7282,2,Jadson,49,,BRA003
7282,2,Nikão,89,,BRA003
7284,2,Hulk,14,,BRA005
7287,3,Raphael Cavalcante Veiga,3,,BRA033
7287,3,Gabriel Girotto Franco,55,,BRA015
7288,3,Jair Rodrigues Júnior,17,,BRA005
7289,3,Matheus Babi,44,,BRA003
7290,3,Bruno Henrique,24,,BRA021
7290,3,Rodrigo Muniz,67,,BRA021
7292,3,Wellington Paulista,79,Penalty,BRA023
7291,3,Edenílson Andrade dos Santos,31,Penalty,BRA028
7293,3,Caio Paulista,75,,BRA022
7293,3,Abel Hernández,90+3,Penalty,BRA022
7293,3,Lucas Evangelista,6,,BRA010
7293,3,Artur Victor Guimarães,45+3,,BRA010
7296,4,Nathan Allan de Souza,2,,BRA005
7297,4,Eder Citadin Martins,13,,BRA042
7297,4,Kaio Nunes,70,,BRA014
7298,4,Aderlan Silva,52,,BRA010
7298,4,Eric dos Santos Rodrigues,85,,BRA010
7298,4,Roni,19,,BRA015
7299,4,Deyverson,63,,BRA033
7299,4,William Matheus,53,Gol Contra,BRA033
7299,4,Breno Lopes,87,,BRA033
7301,4,Saulo Mineiro,16,,BRA013
7301,4,Gilberto Oliveira Souza Junior,35,,BRA007
7301,4,Gilberto Oliveira Souza Junior,31,Penalty,BRA007
7304,4,Nenê,51,,BRA022
7302,4,Sander Henrique Bortolotto,34,,BRA043
7306,5,Rodrigo Muniz,27,,BRA021
7306,5,Chrigor,90+8,,BRA010
7306,5,Rodrigo Muniz,64,,BRA021
7306,5,Aderlan Silva,12,,BRA010
7306,5,Eric dos Santos Rodrigues,69,,BRA010
7307,5,Willian Gomes de Siqueira,39,,BRA033
7307,5,Willian Gomes de Siqueira,90+6,,BRA033
7307,5,Geovane,38,,BRA001
7309,5,Lima,45+1,,BRA013
7309,5,Edenílson Andrade dos Santos,8,Penalty,BRA028
7311,5,Christian Roberto Alves Cardoso,71,,BRA003
7311,5,Gabriel Baralhas,13,,BRA004
7311,5,Matheus Babi,44,,BRA003
7310,5,Robson Fernandes,69,,BRA023
7310,5,Caio Paulista,56,,BRA022
7312,5,Marinho,27,,BRA040
7312,5,Gabriel Pirani,44,,BRA040
7313,5,Matheus Peixoto,83,,BRA031
7314,5,Ravanelli Ferreira dos Santos,80,Penalty,BRA014
7314,5,Danilo Neves,25,,BRA005
7317,6,Gabriel Sara,43,,BRA042
7317,6,Rafael Gustavo Meneghel Gava,23,,BRA019
7317,6,Elton Rodrigues Brandão,39,,BRA019
7317,6,Martín Benítez,18,,BRA042
7318,6,Bruno Henrique,43,,BRA021
7318,6,David Corrêa da Fonseca,46,,BRA023
7318,6,Bruno Henrique,21,,BRA021
7319,6,Ytalo José dos Santos,88,,BRA010
7319,6,Breno Lopes,66,,BRA033
7319,6,Ytalo José dos Santos,10,,BRA010
7319,6,Ytalo José dos Santos,45,,BRA010
7316,6,Nathan Silva,81,,BRA004
7320,6,Paulo Roberto Valoura Junior,85,Penalty,BRA001
7320,6,Matheus Peixoto,36,Penalty,BRA031
7322,6,Iago Maidana,45+4,Gol Contra,BRA015
7322,6,Jô,52,,BRA015
7322,6,Santiago Tréllez,82,,BRA043
7321,6,Yuri Alberto,35,,BRA028
7321,6,Derlan,55,,BRA014
7321,6,Caio Vidal,6,,BRA028
7323,6,Gabriel Lacerda,90+6,,BRA013
7323,6,Gabriel Costa França,72,,BRA005
7323,6,Lima,3,,BRA013
7325,6,Marinho,78,,BRA040
7325,6,Diego Souza,4,,BRA025
7325,6,Matheus Henrique de Souza,42,,BRA025
7325,6,Marcos Guilherme,29,,BRA040
7324,6,David Terans,40,,BRA003
7324,6,Patrick de Lucca,17,,BRA007
7324,6,Rossicley Pereira da Silva,70,,BRA007
7326,7,Matheus Peixoto,25,,BRA031
7327,7,Jô,37,Penalty,BRA015
7327,7,Juan Cazares,70,,BRA022
7329,7,Khellven Douglas Silva Oliveira,37,,BRA003
7329,7,Thiago Heleno,60,,BRA003
7329,7,Ignacio da Silva Oliveira,26,,BRA014
7329,7,Geuvânio,90+4,,BRA014
7328,7,Raphael Cavalcante Veiga,78,,BRA033
7328,7,Breno Lopes,90+2,,BRA033
7328,7,Luiz Otávio da Silva Santos,12,,BRA007
7328,7,Gustavo Scarpa,7,,BRA033
7328,7,Maycon Douglas,74,,BRA007
7331,7,Jean Mota Oliveira de Souza,57,,BRA040
7331,7,Marcos Guilherme,90+4,,BRA040
7332,7,Ribamar,34,,BRA001
7332,7,Rodrigo Dourado,77,,BRA028
7334,7,Jorginho,23,,BRA013
7334,7,Gabriel Dias de Oliveira,52,Gol Contra,BRA042
7335,7,Weverton,82,,BRA010
7336,8,Vitor Hugo Naum dos Santos,73,,BRA003
7336,8,Ivaldo,76,,BRA003
7336,8,Nikão,90+5,Penalty,BRA003
7336,8,Fred,2,,BRA022
7336,8,Richard Candido Coelho,26,,BRA003
7337,8,Yago Pikachu,72,,BRA023
7337,8,Pedro Perotti,81,,BRA014
7337,8,David Corrêa da Fonseca,50,,BRA023
7337,8,Anselmo Ramon,35,Penalty,BRA014
7337,8,Robson Fernandes,62,,BRA023
7338,8,Deyverson,9,,BRA033
7338,8,Danilo dos Santos de Oliveira,89,,BRA033
7338,8,Edenílson Andrade dos Santos,65,Penalty,BRA028
7339,8,Rodrigo Eduardo Costa Marinho,36,,BRA007
7339,8,Paulo Roberto Valoura Junior,18,,BRA001
7339,8,Gilberto Oliveira Souza Junior,90+2,,BRA007
7339,8,Ribamar,65,,BRA001
7339,8,Gilberto Oliveira Souza Junior,90+4,,BRA007
7339,8,Juninho,73,,BRA001
7339,8,Felipe Azevedo,15,,BRA001
7342,8,Matheus Peixoto,83,,BRA031
7342,8,Paulo Bóia,28,,BRA031
7344,8,Ignacio Fernández,89,,BRA005
7344,8,Matías Zaracho,27,,BRA005
7344,8,Marlon Freitas,45+1,,BRA004
7344,8,Matías Zaracho,37,,BRA005
7344,8,Ignacio Fernández,42,,BRA005
7345,8,Pedro,10,,BRA021
7345,8,Thiago Maia,90+2,,BRA021
7347,9,Carlos Alberto,90+4,,BRA001
7347,9,João Paulo Gomes da Costa,55,,BRA001
7346,9,David Terans,2,,BRA003
7346,9,Matheus Babi,9,,BRA003
7346,9,Igor Torres,86,,BRA023
7348,9,Edenílson Andrade dos Santos,40,Penalty,BRA028
7348,9,Jô,80,,BRA015
7349,9,Gilberto Oliveira Souza Junior,67,,BRA007
7349,9,Rodrigo Eduardo Costa Marinho,69,,BRA007
7350,9,André,90+1,,BRA022
7351,9,Gustavo Scarpa,38,,BRA033
7353,9,Emiliano Rigoni,26,,BRA042
7353,9,Alerrandro Barra Mansa Realino de Souza,63,,BRA010
7353,9,Artur Victor Guimarães,75,,BRA010
7352,9,Saulo Mineiro,48,,BRA013
7352,9,Gabriel Lacerda,53,,BRA013
7354,9,Ignacio Fernández,26,,BRA005
7355,9,Lucas Gabriel Ribeiro Firmo,55,,BRA004
7356,10,Marcos Guilherme,31,,BRA040
7356,10,Ivaldo,50,Gol Contra,BRA040
7356,10,Fernando Canesin,45+1,,BRA003
7357,10,Matheus Bahia Santos,79,,BRA007
7358,10,Bruno Praxedes,28,,BRA010
7358,10,Jenison de Jesus Brito e Brito,78,,BRA019
7359,10,David Corrêa da Fonseca,62,,BRA023
7359,10,Igor Torres,83,,BRA023
7359,10,Éderson,45+2,,BRA023
7359,10,David Corrêa da Fonseca,55,,BRA023
7360,10,Raphael Cavalcante Veiga,1,,BRA033
7360,10,Gabriel Menino,17,,BRA033
7361,10,Jefferson Savarino,51,,BRA005
7361,10,Jefferson Savarino,53,,BRA005
7361,10,Willian Arão,88,,BRA021
7362,10,Marcão,48,,BRA043
7362,10,Arthur Gomes,51,,BRA004
7363,10,Emiliano Rigoni,2,,BRA042
7363,10,Igor Gomes,54,,BRA042
7365,10,Jô,60,,BRA015
7366,11,Gustavo Gómez,19,,BRA033
7366,11,Breno Lopes,22,,BRA033
7366,11,Carlos Andrés Sánchez,69,Penalty,BRA040
7366,11,Willian Gomes de Siqueira,83,,BRA033
7366,11,Marinho,90+2,Penalty,BRA040
7368,11,David Terans,70,,BRA003
7368,11,Alerrandro Barra Mansa Realino de Souza,28,,BRA010
7368,11,Ytalo José dos Santos,80,,BRA010
7368,11,Nikão,45+2,,BRA003
7370,11,Liziero,90+2,,BRA042
7369,11,Lucca Borges de Brito,73,,BRA022
7369,11,Lucca Borges de Brito,66,,BRA022
7369,11,André Felipe Ribeiro de Souza,42,Penalty,BRA043
7371,11,Dylan Borrero,68,,BRA005
7372,11,Matheus Peixoto,90+7,Penalty,BRA031
7372,11,Zé Roberto,75,,BRA004
7373,11,Elton Rodrigues Brandão,26,,BRA019
7373,11,Jenison de Jesus Brito e Brito,90+3,,BRA019
7373,11,Rick,57,,BRA013
7373,11,Jael,66,,BRA013
7374,11,Giorgian De Arrascaeta,78,,BRA021
7374,11,Michael Richard Delgado de Oliveira,82,,BRA021
7374,11,Pedro Perotti,67,,BRA014
7375,11,Robson Fernandes,19,,BRA023
7376,12,Wendson dos Santos Lopes,90+8,,BRA013
7377,12,Robson Fernandes,74,,BRA023
7378,12,Hulk,86,,BRA005
7378,12,Gustavo Mosquito,38,,BRA015
7378,12,Hulk,64,,BRA005
7379,12,César Pinares,90,Penalty,BRA025
7380,12,Felipe Marques,45+3,,BRA019
7380,12,Geuvânio,17,,BRA014
7380,12,Elton Rodrigues Brandão,88,,BRA019
7380,12,Ignacio da Silva Oliveira,23,,BRA014
7380,12,Jenison de Jesus Brito e Brito,19,,BRA019
7381,12,Gustavo Scarpa,90+1,,BRA033
7381,12,Éder,59,Gol Contra,BRA033
7381,12,Breno Lopes,90+6,,BRA033
7382,12,Gabriel Barbosa,41,,BRA021
7382,12,Gabriel Barbosa,62,,BRA021
7382,12,Pedro,74,,BRA021
7382,12,Gabriel Barbosa,23,Penalty,BRA021
7382,12,Victor Vinícius Coelho Santos,84,,BRA021
7384,12,Marcos Leonardo Santos Almeida,90+5,,BRA040
7384,12,Alerrandro Barra Mansa Realino de Souza,10,,BRA010
7384,12,Ytalo José dos Santos,83,,BRA010
7384,12,Marcos Guilherme,70,,BRA040
7383,12,Thiago Galhardo,51,,BRA028
7385,12,Paulinho Moccelin,86,,BRA043
7295,3,Pepê,5,,BRA019
7295,3,Elton Rodrigues Brandão,67,,BRA019
7295,3,André Luis,48,,BRA004
7386,13,Guilherme Guedes,7,,BRA025
7386,13,Felipe Azevedo,31,,BRA001
7387,13,Manoel Messias Silva Carvalho,54,Gol Contra,BRA033
7388,13,Hulk,58,,BRA005
7388,13,Nathan Allan de Souza,90+1,,BRA005
7388,13,Hulk,80,Penalty,BRA005
7390,13,Bruno Henrique,72,,BRA021
7390,13,Welington,90+2,Gol Contra,BRA021
7390,13,Bruno Henrique,77,,BRA021
7390,13,Gustavo Henrique Vernes,86,,BRA021
7390,13,Bruno Henrique,70,,BRA021
7390,13,Robert Arboleda,48,,BRA042
7389,13,Robson Fernandes,13,,BRA023
7391,13,Zé Roberto,20,Penalty,BRA004
7392,13,David Terans,37,,BRA003
7392,13,Vitor Hugo Naum dos Santos,45+3,,BRA003
7392,13,Edenílson Andrade dos Santos,65,Penalty,BRA028
7394,13,Matheus Peixoto,4,,BRA031
7395,13,Roni,28,,BRA015
7395,13,Adson,38,,BRA015
7395,13,Rafael Elias,71,,BRA019
7398,14,Bruno Praxedes,62,,BRA010
7399,14,Éverton Ribeiro,7,,BRA021
7399,14,Gustavo Henrique Vernes,40,,BRA021
7399,14,Bruno Henrique,44,,BRA021
7399,14,Vitinho,89,,BRA015
7400,14,Eduardo Vargas,60,Penalty,BRA005
7400,14,Neto,69,,BRA005
7401,14,Carlos Andrés Sánchez,43,Penalty,BRA040
7402,14,Mikael,89,,BRA043
7403,14,Gabriel Baralhas,20,,BRA004
7403,14,Ademir,13,,BRA001
7404,14,Cléber,79,,BRA013
7404,14,Rick,86,,BRA013
7404,14,Tinga,10,,BRA023
7404,14,Kelvyn,37,,BRA013
7407,15,Renato Kayzer,28,,BRA003
7407,15,Pablo Felipe Teixeira,14,Penalty,BRA042
7407,15,Pablo Felipe Teixeira,34,,BRA042
7408,15,Robson Fernandes,25,,BRA023
7408,15,Igor Torres,90+5,,BRA023
7408,15,Willian Gomes de Siqueira,34,,BRA033
7408,15,Cristian Chagas Tarouco,12,Gol Contra,BRA033
7408,15,Marcelo da Conceição Benevenuto Malaquias,18,,BRA023
7409,15,Pepê,37,,BRA019
7409,15,Rodrigo Eduardo Costa Marinho,26,,BRA007
7410,15,Paulo Bóia,45+1,,BRA031
7410,15,Hulk,77,,BRA005
7410,15,Nathan Silva,90+2,,BRA005
7411,15,Ademir,72,,BRA001
7414,15,Yuri Alberto,19,,BRA028
7414,15,Yuri Alberto,41,,BRA028
7414,15,Yuri Alberto,70,,BRA028
7414,15,Taison,55,,BRA028
7415,15,Alisson Euler de Freitas Castro,18,,BRA025
7415,15,Anselmo Ramon,4,,BRA014
7415,15,Miguel Borja,32,Penalty,BRA025
7416,16,Wagner Ferreira dos Santos,78,,BRA031
7416,16,Hélio Junio Nunes de Castro,9,,BRA010
7416,16,Wagner Ferreira dos Santos,74,,BRA031
7417,16,Jefferson Savarino,45+3,,BRA005
7417,16,Jefferson Savarino,62,,BRA005
7418,16,Igor Gomes,90+3,,BRA042
7418,16,Vanderson de Oliveira Campos,20,,BRA025
7418,16,Vitor Bueno,13,,BRA042
7419,16,Ronaldo,47,Gol Contra,BRA021
7419,16,Bruno Henrique,11,,BRA021
7420,16,Adson,30,,BRA015
7420,16,Renato Augusto,68,,BRA015
7420,16,Rick,70,,BRA013
7420,16,Adson,17,,BRA015
7422,16,Clayson Henrique da Silva Vieira,61,,BRA019
7421,16,Zé Roberto,55,,BRA004
7421,16,João Paulo,61,,BRA004
7421,16,Gilberto Oliveira Souza Junior,26,,BRA007
7423,16,Carlos Andrés Sánchez,25,,BRA040
7423,16,Lucas Crispim,23,,BRA023
7424,16,Paolo Guerrero,90+5,,BRA028
7424,16,Edenílson Andrade dos Santos,8,,BRA028
7424,16,Yago Rocha,45,,BRA022
7424,16,Edenílson Andrade dos Santos,90+3,,BRA028
7424,16,Nino,84,,BRA022
7424,16,Yuri Alberto,59,,BRA028
7425,16,Rodolfo,90+3,,BRA001
7425,16,Anderson Leite Moraes,87,,BRA014
7315,5,Miguel Borja,25,Penalty,BRA025
7426,17,João Paulo,90+3,Penalty,BRA004
7426,17,Anselmo Ramon,36,Penalty,BRA014
7427,17,Miguel Borja,49,,BRA025
7427,17,Diego Souza,90+5,,BRA025
7428,17,Marcelo da Conceição Benevenuto Malaquias,16,,BRA023
7428,17,Ricardo Bueno,71,,BRA031
7429,17,Clayson Henrique da Silva Vieira,2,,BRA019
7429,17,Uillian Correia,90+4,,BRA019
7431,17,Roni,55,,BRA015
7430,17,Victor Vinícius Coelho Santos,52,,BRA021
7430,17,Vinícius,32,,BRA013
7432,17,Gabriel Mercado,8,,BRA028
7432,17,Yuri Alberto,88,,BRA028
7432,17,Gabriel Pirani,24,,BRA040
7432,17,Madson,35,,BRA040
7433,17,Pablo Felipe Teixeira,5,,BRA042
7435,17,Fred,25,Penalty,BRA022
7435,17,Eduardo Sasha,84,,BRA005
7434,17,Gabriel Novaes,88,,BRA010
7434,17,Ytalo José dos Santos,41,,BRA010
7437,18,Andreas Pereira,84,,BRA021
7437,18,Gabriel Barbosa,52,Penalty,BRA021
7437,18,Gabriel Barbosa,71,,BRA021
7437,18,Gabriel Barbosa,80,,BRA021
7438,18,Jô,79,,BRA015
7439,18,Bissoli,66,,BRA003
7439,18,Luan Garcia Teixeira,22,,BRA033
7439,18,Rony,71,,BRA033
7440,18,Fabrício Daniel de Souza,6,,BRA001
7440,18,Fabrício Daniel de Souza,61,,BRA001
7441,18,Reinaldo Manoel da Silva,85,Penalty,BRA042
7441,18,Ricardo Bueno,90+1,,BRA031
7443,18,Diego Costa,85,,BRA005
7443,18,Nathan Silva,15,Gol Contra,BRA010
7444,18,Lucca Borges de Brito,36,,BRA022
7444,18,Raúl Bobadilla,90+7,,BRA022
7405,14,Lucca Borges de Brito,68,Gol Contra,BRA031
7405,14,Jhon Arias,53,,BRA022
7446,19,Hugo Rodallega,64,,BRA007
7446,19,Matheus Vargas,74,,BRA023
7446,19,Hugo Rodallega,67,,BRA007
7446,19,Hugo Rodallega,76,,BRA007
7446,19,Hugo Rodallega,42,,BRA007
7446,19,Yago Pikachu,70,,BRA023
7447,19,Jonathan Cafú,4,,BRA019
7447,19,Elton Rodrigues Brandão,88,,BRA019
7447,19,Gabriel Pirani,64,,BRA040
7449,19,Róger Guedes,85,,BRA015
7449,19,Ricardo Bueno,32,,BRA031
7450,19,Luiz Henrique,18,,BRA022
7450,19,Pedro Perotti,61,,BRA014
7450,19,Raúl Bobadilla,10,,BRA022
7456,20,Felipe Azevedo,48,,BRA001
7456,20,Lucas Kal,70,,BRA001
7457,20,Guilherme Castilho,55,,BRA031
7457,20,Jenison de Jesus Brito e Brito,67,,BRA019
7457,20,Juan Quintero Fletcher,45+1,Gol Contra,BRA019
7458,20,Artur Victor Guimarães,38,Penalty,BRA010
7458,20,Mike dos Santos Nenatarvicius,78,,BRA014
7458,20,Anselmo Ramon,90+5,,BRA014
7460,20,Diego Souza,43,,BRA025
7460,20,Aldemir Ferreira,45+1,,BRA025
7462,20,Wesley Ribeiro Silva,15,,BRA033
7462,20,Michael Richard Delgado de Oliveira,17,,BRA021
7462,20,Michael Richard Delgado de Oliveira,81,,BRA021
7462,20,Pedro,57,,BRA021
7461,20,Matías Zaracho,49,,BRA005
7461,20,Junior Alonso,69,,BRA005
7463,20,Zé Roberto,89,,BRA004
7463,20,Gabriel Pereira dos Santos,60,,BRA015
7464,20,Reinaldo Manoel da Silva,60,Penalty,BRA042
7464,20,Nino,50,,BRA022
7464,20,Luiz Henrique,66,,BRA022
7465,20,Patrick,4,,BRA028
7466,21,Raphael Cavalcante Veiga,10,,BRA033
7466,21,Luiz Adriano,28,,BRA033
7467,21,Bissoli,63,Penalty,BRA003
7467,21,Renato Kayzer,71,,BRA003
7467,21,Ricardo Bueno,56,Penalty,BRA031
7468,21,Diego Costa,35,,BRA005
7468,21,Eduardo Vargas,90+9,Penalty,BRA005
7468,21,Hulk,45+1,,BRA005
7469,21,Hugo Rodallega,62,,BRA007
7469,21,Ytalo José dos Santos,70,,BRA010
7471,21,Edenílson Andrade dos Santos,90+3,,BRA028
7472,21,Emiliano Rigoni,36,,BRA042
7472,21,Luciano da Rocha Neves,56,,BRA042
7472,21,Matheus Barbosa Teixeira,71,,BRA004
7473,21,Giuliano Victor de Paula,17,,BRA015
7473,21,Marlon,7,,BRA001
7474,21,Miguel Borja,45+3,,BRA025
7475,21,Luiz Henrique,5,,BRA022
7475,21,Raúl Bobadilla,20,,BRA022
7475,21,Jonathan Cafú,23,Penalty,BRA019
7475,21,Felipe Marques,76,,BRA019
7476,22,Jael,53,Penalty,BRA013
7477,22,Gabriel Menino,45+2,,BRA033
7477,22,Róger Guedes,20,,BRA015
7477,22,Róger Guedes,84,,BRA015
7479,22,Alexandre Egea,90+5,,BRA001
7479,22,Michael Richard Delgado de Oliveira,89,,BRA021
7480,22,Rodrigo Dourado,74,,BRA028
7480,22,Yuri Alberto,39,,BRA028
7481,22,Fred,12,,BRA022
7481,22,Luiz Henrique,42,,BRA022
7481,22,Hélio Junio Nunes de Castro,62,,BRA010
7482,22,Ricardo Bueno,45+1,,BRA031
7482,22,Dawhan,64,,BRA031
7482,22,Guilherme Castilho,84,,BRA031
7484,22,Pedro Rocha Neves,31,,BRA003
7484,22,Thiago dos Santos,59,,BRA025
7484,22,Pedro Rocha Neves,45+1,,BRA003
7484,22,Vanderson de Oliveira Campos,84,,BRA025
7484,22,Renato Kayzer,55,,BRA003
7484,22,Renato Kayzer,61,,BRA003
7483,22,Marcelo da Conceição Benevenuto Malaquias,33,,BRA023
7486,23,Mauro Zárate,13,,BRA001
7486,23,Ademir,83,,BRA001
7487,23,Gabriel Baralhas,75,,BRA004
7487,23,Brian Montenegro,90+5,,BRA004
7487,23,Felipe,18,Gol Contra,BRA004
7488,23,Renato Augusto,90,,BRA015
7488,23,Gustavo Mosquito,90+6,,BRA015
7488,23,Luan Cândido,56,,BRA010
7488,23,Jan Hurtado,84,,BRA010
7489,23,Keno,78,,BRA005
7490,23,Bruno Henrique,10,,BRA021
7490,23,Andreas Pereira,45+4,,BRA021
7490,23,Éverton Ribeiro,5,,BRA021
7491,23,Mike dos Santos Nenatarvicius,76,,BRA014
7491,23,Emiliano Rigoni,36,,BRA042
7492,23,Danilo dos Santos de Oliveira,29,,BRA033
7492,23,Guilherme Castilho,6,,BRA031
7493,23,Mikael,70,,BRA043
7493,23,Douglas Costa,85,,BRA025
7493,23,Gustavo,53,,BRA043
7496,24,Gilberto Oliveira Souza Junior,33,Penalty,BRA007
7496,24,Víctor Cantillo,52,,BRA015
7496,24,Jô,69,,BRA015
7496,24,Róger Guedes,45+4,Penalty,BRA015
7497,24,Dylan Borrero,19,,BRA005
7497,24,Eduardo Sasha,83,,BRA005
7497,24,Mike dos Santos Nenatarvicius,70,Penalty,BRA014
7497,24,Geuvânio,28,,BRA014
7498,24,Márcio Almeida de Oliveira,43,,BRA003
7498,24,David Terans,51,,BRA003
7499,24,José Welison,36,,BRA043
7499,24,Mikael,49,,BRA043
7499,24,Francisco Alves da Silva Neto,69,,BRA043
7499,24,Paulo Bóia,80,Penalty,BRA031
7501,24,Pedro,39,,BRA021
7501,24,Artur Victor Guimarães,58,,BRA010
7504,24,Marllon Borges,79,,BRA019
7504,24,Alisson Euler de Freitas Castro,52,,BRA025
7504,24,Alisson Euler de Freitas Castro,82,,BRA025
7504,24,Max Alves,23,,BRA019
7502,24,Marcelo da Conceição Benevenuto Malaquias,49,,BRA023
7502,24,Cristian Chagas Tarouco,60,,BRA023
7503,24,Rony,29,,BRA033
7503,24,Patric Cabral Lalau,73,,BRA001
7503,24,Ademir,90+3,Penalty,BRA001
7505,24,Jonathan Calleri,35,Penalty,BRA042
7505,24,Carlos Andrés Sánchez,5,,BRA040
7507,25,Gabriel Lacerda,90+2,,BRA013
7507,25,Hulk,45+10,Penalty,BRA005
7507,25,Hulk,32,,BRA005
7507,25,Diego Costa,87,,BRA005
7508,25,Paulinho Moccelin,81,,BRA043
7509,25,Michael Richard Delgado de Oliveira,67,,BRA021
7509,25,Pedro,60,,BRA021
7509,25,Michael Richard Delgado de Oliveira,64,,BRA021
7510,25,Raí Nascimento de Oliveira,44,,BRA007
7510,25,Gilberto Oliveira Souza Junior,50,,BRA007
7511,25,Ytalo José dos Santos,13,,BRA010
7511,25,Tomás Cuello,34,,BRA010
7511,25,Artur Victor Guimarães,36,,BRA010
7511,25,Raphael Cavalcante Veiga,62,Penalty,BRA033
7511,25,Eduardo Pereira Rodrigues,43,,BRA033
7511,25,Artur Victor Guimarães,76,,BRA010
7512,25,Dawhan,44,,BRA031
7512,25,Juninho,11,,BRA001
7513,25,Yuri Alberto,40,,BRA028
7513,25,Mike dos Santos Nenatarvicius,82,,BRA014
7513,25,Taison,6,,BRA028
7513,25,Yuri Alberto,2,,BRA028
7513,25,Matheus Cadorini,58,,BRA028
7513,25,Yuri Alberto,36,,BRA028
7513,25,Mike dos Santos Nenatarvicius,61,,BRA014
7514,25,Wagner Leonardo,90+2,,BRA040
7516,26,Jadsom,69,,BRA010
7518,26,Nathan Silva,75,,BRA005
7518,26,Raniel,48,,BRA040
7518,26,Ignacio Fernández,81,,BRA005
7518,26,Ignacio Fernández,69,Penalty,BRA005
7519,26,Matheus Antunes Ribeiro,58,,BRA014
7519,26,Christian Roberto Alves Cardoso,89,,BRA003
7520,26,Kenedy,12,,BRA021
7520,26,Pedro,26,,BRA021
7520,26,Andreas Pereira,35,,BRA021
7520,26,William Matheus,57,,BRA031
7521,26,Yago Pikachu,79,,BRA023
7522,26,Gabriel Pereira dos Santos,69,,BRA015
7523,26,Yuri Alberto,90,,BRA028
7523,26,Ademir,16,,BRA001
7523,26,Patrick,14,,BRA028
7523,26,Patrick,64,,BRA028
7525,26,Elton Rodrigues Brandão,69,Penalty,BRA019
7524,26,Jonathan Calleri,52,,BRA042
7524,26,Fabinho,23,,BRA013
7526,27,Rodriguinho,42,,BRA014
7526,27,Bruno Ferreira Melo,6,,BRA023
7526,27,Yago Pikachu,90+3,Penalty,BRA023
7528,27,Ivaldo,34,Gol Contra,BRA022
7529,27,Raphael Cavalcante Veiga,52,Penalty,BRA033
7530,27,Alerrandro Barra Mansa Realino de Souza,70,,BRA010
7530,27,Fabrício Bruno,90+1,Gol Contra,BRA013
7530,27,Gabriel Lacerda,90+8,,BRA013
7530,27,Hélio Junio Nunes de Castro,12,,BRA010
7531,27,Marcos Vinicios,59,,BRA031
7531,27,Douglas Costa,23,,BRA025
7531,27,Roberson,90+4,,BRA031
7531,27,Diego Souza,25,,BRA025
7531,27,Mathías Villasanti,56,,BRA025
7532,27,Nathan Silva,59,,BRA005
7532,27,Janderson,65,,BRA004
7532,27,Oliveira,81,,BRA004
7535,27,Jonathan Calleri,7,,BRA042
7452,19,Cléber,89,,BRA013
7452,19,José Rafael Vivian,45+4,,BRA033
7452,19,Deyverson,72,,BRA033
7453,19,Maurício,39,,BRA028
7453,19,Bruno Gonçalves,90+5,,BRA010
7536,28,Alexandre Egea,47,,BRA001
7536,28,Ademir,45+4,Penalty,BRA001
7538,28,John Kennedy,61,,BRA022
7538,28,Abel Hernández,85,,BRA022
7538,28,Renê Rodrigues Martins,71,,BRA021
7538,28,John Kennedy,17,,BRA022
7539,28,Yago Pikachu,7,,BRA023
7539,28,Robson Fernandes,61,,BRA023
7539,28,Lucas Rafael Araújo Lima,1,,BRA023
7540,28,Giuliano Victor de Paula,61,,BRA015
7540,28,Fábio Santos,67,Penalty,BRA015
7540,28,Rodrigo Lindoso,9,,BRA028
7540,28,Gustavo Maia,90+3,,BRA028
7541,28,Hulk,4,,BRA005
7541,28,Nathan Silva,2,Gol Contra,BRA019
7541,28,Jair Rodrigues Júnior,45+3,,BRA005
7542,28,Luan Cândido,56,,BRA010
7543,28,Gilberto Oliveira Souza Junior,2,,BRA007
7543,28,Raí Nascimento de Oliveira,20,,BRA007
7543,28,Luiz Otávio da Silva Santos,52,,BRA007
7544,28,Marlon Freitas,72,Penalty,BRA004
7544,28,Igor Aquino da Silva,43,,BRA004
7545,28,Luiz Adriano,53,,BRA033
7545,28,Felipe Melo,81,,BRA033
7545,28,Leandro Barcia Montero,4,,BRA043
7494,23,Madson,33,,BRA040
7494,23,Diego Tardelli,62,,BRA040
7495,23,Stiven Mendoza,54,,BRA013
7495,23,Gilberto Oliveira Souza Junior,57,,BRA007
7546,34,Tomás Cuello,87,,BRA010
7546,34,Francisco Alves da Silva Neto,50,Gol Contra,BRA010
7546,34,Ytalo José dos Santos,3,,BRA010
7556,29,Madson,48,,BRA040
7557,29,Michael Richard Delgado de Oliveira,25,,BRA021
7559,29,David Corrêa da Fonseca,51,,BRA023
7559,29,Ademir,42,Penalty,BRA001
7559,29,Felipe Azevedo,84,,BRA001
7560,29,Diego Souza,12,,BRA025
7560,29,Raphael Cavalcante Veiga,45+1,Penalty,BRA033
7560,29,Raphael Cavalcante Veiga,45+5,,BRA033
7560,29,Breno Lopes,90+4,,BRA033
7561,29,Vinícius,7,Penalty,BRA013
7562,29,Gabriel Sara,5,,BRA042
7563,29,Mikael,86,,BRA043
7563,29,Mikael,76,Penalty,BRA043
7564,29,Rafael Gustavo Meneghel Gava,90+4,,BRA019
7565,29,Róger Guedes,90+8,,BRA015
7305,4,Renato Kayzer,63,,BRA003
7305,4,Bissoli,90+5,,BRA003
7305,4,Gabriel Barbosa,17,,BRA021
7305,4,Gabriel Barbosa,29,,BRA021
7454,19,Matías Zaracho,12,,BRA005
7454,19,Jaminton Campaz,56,,BRA025
7454,19,Eduardo Vargas,75,Penalty,BRA005
7455,19,Michael Richard Delgado de Oliveira,44,,BRA021
7455,19,Michael Richard Delgado de Oliveira,74,,BRA021
7576,30,Víctor Cantillo,87,,BRA015
7577,30,Taison,40,,BRA028
7578,30,David Braz,90+6,,BRA022
7581,30,Rony,44,,BRA033
7581,30,Raphael Cavalcante Veiga,72,,BRA033
7579,30,Márcio Almeida de Oliveira,60,,BRA003
7579,30,Pedro Rocha Neves,90+1,,BRA003
7580,30,Guilherme Arana,62,,BRA005
7582,30,Rossicley Pereira da Silva,77,,BRA007
7583,30,Messias Rodrigues da Silva Júnior,48,,BRA013
7584,30,Kaio Nunes,31,,BRA014
7584,30,Kaio Nunes,35,,BRA014
7584,30,Matheuzinho,26,,BRA021
7584,30,Michael Richard Delgado de Oliveira,41,,BRA021
7567,31,Diego Souza,62,,BRA025
7568,31,Renato Kayzer,44,,BRA003
7568,31,Pedro Henrique Ribeiro Gonçalves,68,,BRA003
7568,31,Rick,52,,BRA013
7570,31,Carlos Andrés Sánchez,90+3,Penalty,BRA040
7570,31,Marinho,28,,BRA040
7569,31,Diego Costa,14,,BRA005
7569,31,Keno,51,,BRA005
7569,31,Hulk,90+5,,BRA005
7571,31,Raphael Cavalcante Veiga,14,,BRA033
7571,31,Gustavo Scarpa,64,Penalty,BRA033
7571,31,Rony,31,,BRA033
7571,31,Breno Lopes,90,,BRA033
7574,31,Paulo Victor,86,Gol Contra,BRA031
7574,31,Dawhan,65,,BRA031
7574,31,Matheus Cadorini,88,,BRA028
7572,31,Martín Benítez,90+3,,BRA042
7572,31,Robson Fernandes,59,,BRA023
7573,31,Ademir,52,,BRA001
7573,31,Mikael,66,,BRA043
7573,31,Paulo Roberto Valoura Junior,83,,BRA001
7573,31,José Welison,76,,BRA043
7573,31,Alexandre Egea,17,,BRA001
7575,31,Michael Richard Delgado de Oliveira,58,,BRA021
7575,31,Andreas Pereira,89,,BRA021
7575,31,Gabriel Barbosa,32,Penalty,BRA021
7587,32,Aldemir Ferreira,55,,BRA025
7587,32,Felipe Azevedo,4,,BRA001
7587,32,Ademir,45+4,Penalty,BRA001
7587,32,Juninho,47,,BRA001
7588,32,Artur Victor Guimarães,60,Penalty,BRA010
7588,32,Hélio Junio Nunes de Castro,4,,BRA010
7588,32,Ytalo José dos Santos,15,,BRA010
7589,32,Edenílson Andrade dos Santos,65,,BRA028
7589,32,David Terans,37,,BRA003
7589,32,Edenílson Andrade dos Santos,40,,BRA028
7590,32,Róger Guedes,57,,BRA015
7590,32,Pepê,45+2,,BRA019
7590,32,Paulo Marcos de Jesus Ribeiro,78,,BRA019
7590,32,Giuliano Victor de Paula,3,,BRA015
7590,32,Renato Augusto,51,,BRA015
7591,32,Bruno Henrique,4,,BRA021
7591,32,Michael Richard Delgado de Oliveira,42,,BRA021
7591,32,Michael Richard Delgado de Oliveira,55,,BRA021
7591,32,Gabriel Barbosa,1,,BRA021
7592,32,Yago Rocha,88,,BRA022
7592,32,Eduardo Pereira Rodrigues,28,,BRA033
7592,32,Yago Rocha,46,,BRA022
7593,32,Mikael,61,,BRA043
7593,32,Vinícius,9,,BRA013
7593,32,Marlon,80,,BRA013
7594,32,Guilherme Castilho,2,,BRA031
7594,32,Vitor Mendes,26,,BRA031
7596,33,Matías Zaracho,45,,BRA005
7597,33,Diego Souza,5,,BRA025
7597,33,Lucas Silva Borges,34,,BRA025
7597,33,Jhonata Robert Alves da Silva,38,,BRA025
7599,33,Marinho,27,Penalty,BRA040
7599,33,Marcos Guilherme,84,,BRA040
7600,33,Elton Rodrigues Brandão,69,Penalty,BRA019
7601,33,Lima,14,,BRA013
7601,33,Vinícius,45+2,,BRA013
7601,33,Vinícius,86,,BRA013
7601,33,Yony González,90+3,,BRA013
7602,33,Gabriel Sara,24,,BRA042
7602,33,Luciano da Rocha Neves,61,,BRA042
7603,33,Vitor Mendes,18,,BRA031
7604,33,Bruno Henrique,90+4,,BRA021
7605,33,Paulinho Moccelin,66,,BRA043
7547,34,Hulk,76,,BRA005
7547,34,Hulk,72,Penalty,BRA005
7549,34,Bruno Cortês,76,Gol Contra,BRA014
7549,34,Thiago dos Santos,60,,BRA025
7549,34,Laércio Soldá,80,Gol Contra,BRA025
7549,34,Lucas Silva Borges,36,,BRA025
7548,34,Robson Fernandes,38,,BRA023
7550,34,João Paulo,55,,BRA004
7550,34,Vinícius,48,,BRA013
7551,34,Gabriel Barbosa,4,,BRA021
7551,34,Andreas Pereira,11,,BRA021
7551,34,Taison,41,,BRA028
7552,34,Jô,47,,BRA015
7552,34,Gabriel Girotto Franco,85,,BRA015
7553,34,Luiz Henrique,43,,BRA022
7553,34,Fred,83,Penalty,BRA022
7285,2,Miguel Borja,75,,BRA025
7285,2,Aldemir Ferreira,82,,BRA025
7285,2,Victor Vinícius Coelho Santos,58,,BRA021
7285,2,Victor Vinícius Coelho Santos,74,,BRA021
7585,30,Zé Roberto,62,,BRA004
7585,30,Ricardo Bueno,88,,BRA031
7606,35,Hulk,61,,BRA005
7606,35,Wesley Ribeiro Silva,28,,BRA033
7606,35,Deyverson,57,,BRA033
7606,35,Matías Zaracho,36,,BRA005
7607,35,Fred,4,Penalty,BRA022
7608,35,Marcos Leonardo Santos Almeida,90,,BRA040
7608,35,Marcos Leonardo Santos Almeida,71,Penalty,BRA040
7609,35,Róger Guedes,84,,BRA015
7609,35,Vinícius,6,,BRA013
7609,35,Yony González,87,,BRA013
7616,36,Matheus Bahia Santos,13,,BRA007
7616,36,Raí Nascimento de Oliveira,18,,BRA007
7616,36,Daniel Sampaio Simões,85,,BRA007
7616,36,Thiago dos Santos,61,,BRA025
7617,36,Artur Victor Guimarães,64,,BRA010
7617,36,Eduardo,50,,BRA001
7618,36,Jonathan Calleri,50,,BRA042
7618,36,Gabriel Sara,80,,BRA042
7619,36,Fábio Santos,65,Penalty,BRA015
7620,36,Hulk,60,,BRA005
7620,36,Manoel Messias Silva Carvalho,14,,BRA022
7620,36,Hulk,38,Penalty,BRA005
7621,36,Marcos Leonardo Santos Almeida,47,,BRA040
7621,36,Luiz Felipe,45+1,Gol Contra,BRA028
7610,35,Janderson,90+3,,BRA004
7610,35,Hugo Rodallega,71,,BRA007
7610,35,Marlon Freitas,60,Penalty,BRA004
7611,35,Ricardo Bueno,45,,BRA031
7612,35,Ademir,43,,BRA001
7612,35,Fabrício Daniel de Souza,59,,BRA001
7612,35,Ademir,70,Penalty,BRA001
7622,36,Matheuzinho,79,,BRA021
7622,36,Rick,71,,BRA013
7622,36,Gabriel Barbosa,3,,BRA021
7623,36,Giovani Henrique,30,,BRA033
7623,36,Gabriel Veron,90+1,,BRA033
7623,36,Alan Empereur,37,,BRA019
7623,36,Gabriel Silva,4,,BRA033
7595,32,Gilberto Oliveira Souza Junior,66,,BRA007
7595,32,Keno,74,,BRA005
7595,32,Hulk,73,Penalty,BRA005
7595,32,Keno,78,,BRA005
7595,32,Luiz Otávio da Silva Santos,62,,BRA007
7613,35,Jhonata Robert Alves da Silva,90+4,,BRA025
7613,35,Thiago dos Santos,23,,BRA025
7613,35,Diogo Barbosa,68,,BRA025
7614,35,Pedro Rocha Neves,58,,BRA003
7615,35,Gustavo,51,,BRA043
7615,35,Michael Richard Delgado de Oliveira,40,,BRA021
7624,36,Arthur Henrique,88,,BRA004
7625,36,Valentín Depietri,82,,BRA023
7626,37,Gilberto Oliveira Souza Junior,45+2,,BRA007
7626,37,Gilberto Oliveira Souza Junior,39,Penalty,BRA007
7628,37,Matías Zaracho,52,,BRA005
7628,37,Artur Victor Guimarães,47,,BRA010
7628,37,Jefferson Savarino,78,,BRA005
7628,37,Artur Victor Guimarães,90+10,,BRA010
7628,37,Hulk,88,,BRA005
7628,37,Keno,20,,BRA005
7628,37,Ytalo José dos Santos,39,,BRA010
7627,37,Renato Augusto,86,,BRA015
7627,37,Diego Souza,39,,BRA025
7630,37,Jonathan Calleri,43,,BRA042
7630,37,Marcos Vinicios,63,,BRA031
7630,37,Luciano da Rocha Neves,5,,BRA042
7630,37,Luciano da Rocha Neves,67,,BRA042
7632,37,Elton Rodrigues Brandão,9,Penalty,BRA019
7633,37,Janderson,45+2,,BRA004
7633,37,Yuri Alberto,33,,BRA028
7633,37,Gabriel Baralhas,45,,BRA004
7634,37,Marcos Leonardo Santos Almeida,57,,BRA040
7635,37,Luciano Juba,88,,BRA043
7642,38,Mikael,28,,BRA043
7642,38,Khellven Douglas Silva Oliveira,43,,BRA003
7636,38,Wellington Paulista,45+7,Penalty,BRA023
7636,38,Yago Pikachu,78,Penalty,BRA023
7636,38,Rodrigo Eduardo Costa Marinho,25,Penalty,BRA007
7637,38,Jonas Toró,90+2,,BRA004
7637,38,Lucas Gabriel Ribeiro Firmo,82,,BRA004
7638,38,Kevin,42,,BRA033
7639,38,Abel Hernández,90+1,,BRA022
7639,38,David Braz,49,,BRA022
7639,38,Luiz Henrique,59,,BRA022
7640,38,Ademir,58,,BRA001
7640,38,Ademir,62,,BRA001
7641,38,Artur Victor Guimarães,90+2,,BRA010
7643,38,Chico,83,Penalty,BRA031
7644,38,Jaminton Campaz,11,,BRA025
7644,38,Hyoran,90+1,,BRA005
7644,38,Douglas Costa,59,,BRA025
7644,38,Diego Souza,6,,BRA025
7644,38,José Rodolfo Pires Ribeiro,26,,BRA005
7644,38,Diego Souza,20,,BRA025
7644,38,Eduardo Vargas,35,,BRA005
7645,38,Lucas Braga Ribeiro,75,,BRA040
7645,38,Marllon Borges,16,,BRA019
7647,1,Bruno Henrique,84,,BRA021
7647,1,Wellington Rato,75,,BRA004
7648,1,Jorge Marco de Oliveira Moraes,7,Gol Contra,BRA013
7648,1,Gustavo Gómez,90+6,Penalty,BRA033
7648,1,José Rafael Vivian,22,,BRA033
7648,1,Stiven Mendoza,14,,BRA013
7648,1,Lucas Ribeiro,85,,BRA013
7649,1,Alef Manga,10,,BRA016
7649,1,Léo Gamalho,47,,BRA016
7649,1,Andrey,90+1,,BRA016
7650,1,Gustavo Mantuan,26,,BRA015
7650,1,Lucas Piton,44,,BRA015
7650,1,Diego Gonçalves,66,Penalty,BRA009
7650,1,Paulinho,17,,BRA015
7651,1,Hulk,10,,BRA005
7651,1,Hulk,90+3,,BRA005
7652,1,Éverton Cardoso da Silva,8,,BRA019
7653,1,Raniele,52,,BRA006
7654,1,Jonathan Calleri,70,,BRA042
7654,1,Luciano da Rocha Neves,74,,BRA042
7654,1,Jonathan Calleri,19,,BRA042
7654,1,Jonathan Calleri,52,,BRA042
7655,1,Renan Victor da Silva,30,Gol Contra,BRA031
7655,1,Thalisson Kelven,89,Gol Contra,BRA010
7655,1,Óscar Ruiz,69,,BRA031
7655,1,Miguel Silveira,12,,BRA010
7656,2,Pedro Raúl,57,,BRA024
7656,2,Rony,90+6,,BRA033
7658,2,Róger Guedes,55,,BRA015
7658,2,Róger Guedes,9,,BRA015
7658,2,Róger Guedes,25,,BRA015
7657,2,Pedrinho,89,,BRA001
7657,2,Rômulo Zwarg,84,,BRA031
7657,2,Iago Maidana,65,,BRA001
7657,2,Iago Maidana,19,Penalty,BRA001
7657,2,Felipe Azevedo,25,,BRA001
7659,2,Paulo Marcos de Jesus Ribeiro,90+2,Gol Contra,BRA022
7660,2,Henrique Adriano Buss,32,Gol Contra,BRA040
7660,2,Léo Baptistão,12,,BRA040
7660,2,Léo Gamalho,28,Penalty,BRA016
7661,2,Giorgian De Arrascaeta,72,,BRA021
7661,2,Jonathan Calleri,41,,BRA042
7661,2,Gabriel Barbosa Almeida,25,,BRA021
7661,2,Mauricio Isla,69,,BRA021
7662,2,Matías Zaracho,49,,BRA005
7663,2,Alexandre Alemão,90,,BRA028
7663,2,Yago Pikachu,45+6,Penalty,BRA023
7663,2,Andrés D'Alessandro,45+7,,BRA028
7664,2,Léo Ortiz,59,,BRA010
7664,2,Ytalo José dos Santos,19,,BRA010
7664,2,Natan Bernardo de Souza,26,,BRA010
7664,2,Marcos Vinicios,30,,BRA010
7665,2,Lima,43,,BRA013
7665,2,Erison Danilo de Souza,80,Penalty,BRA009
7665,2,João Victor Santos Sá,18,,BRA009
7665,2,Erison Danilo de Souza,60,,BRA009
7676,3,Alerrandro Barra Mansa Realino de Souza,1,,BRA010
7676,3,Eder Citadin Martins,70,,BRA042
7677,3,David Terans,32,Penalty,BRA003
7678,3,Gustavo Gómez,14,,BRA033
7678,3,Rony,19,,BRA033
7678,3,Eduardo Pereira Rodrigues,71,,BRA033
7679,3,Alexandre Alemão,54,,BRA028
7680,3,Jefferson Savarino,23,,BRA005
7680,3,Jefferson Savarino,36,,BRA005
7680,3,Igor Paixão,62,,BRA016
7680,3,Adrián Emmanuel Martínez,78,,BRA016
7681,3,Marcos Leonardo Santos Almeida,29,,BRA040
7681,3,Vinicius Zanocelo,51,,BRA040
7681,3,Vinicius Zanocelo,78,,BRA040
7682,3,Elton Rodrigues Brandão,84,Penalty,BRA019
7683,3,Leandro Barcia Montero,90+6,Gol Contra,BRA009
7683,3,Marlon Freitas,51,,BRA004
7684,3,Morato,4,,BRA006
7684,3,Muriqui,62,Penalty,BRA006
7684,3,Bissoli,51,,BRA006
7684,3,Élvis Vieira Araújo,88,Penalty,BRA024
7684,3,Pedro Raúl,76,,BRA024
7668,4,Juan Pablo Ramírez Velásquez,75,,BRA001
7667,4,Ytalo José dos Santos,17,,BRA010
7669,4,Eduardo Vargas,56,,BRA005
7669,4,Apodi,53,,BRA024
7669,4,Élvis Vieira Araújo,80,Penalty,BRA024
7669,4,Hulk,39,,BRA005
7670,4,Rodrigo Eduardo Costa Marinho,82,,BRA019
7670,4,Jorginho,45,,BRA004
7671,4,Isidro Pitta,64,,BRA031
7671,4,Diego Gonçalves,83,Penalty,BRA009
7672,4,Matheus Jussa,53,Gol Contra,BRA015
7673,4,Léo Gamalho,90+5,,BRA016
7673,4,Léo Gamalho,53,Penalty,BRA016
7673,4,Andrey,61,,BRA016
7673,4,Paulo Henrique Ganso,19,,BRA022
7673,4,Paulo Henrique Ganso,36,,BRA022
7675,4,Jonathan Calleri,10,,BRA042
7675,4,Marcos Leonardo Santos Almeida,45+1,,BRA040
7675,4,Luciano da Rocha Neves,82,Penalty,BRA042
7686,5,Ignacio Fernández,69,,BRA005
7686,5,Raúl Cáceres,81,,BRA001
7686,5,Iago Maidana,7,Penalty,BRA001
7687,5,Abner Vinícius,49,,BRA003
7688,5,Erison Danilo de Souza,51,,BRA009
7689,5,Eduardo Pereira Rodrigues,72,,BRA033
7689,5,Germán Cano,83,,BRA022
7690,5,Élvis Vieira Araújo,1,,BRA024
7691,5,Renato Augusto,54,,BRA015
7692,5,Léo Baptistão,3,,BRA040
7692,5,Alesson,11,,BRA019
7692,5,Marcos Leonardo Santos Almeida,37,,BRA040
7692,5,Bryan Angulo,76,,BRA040
7692,5,Rwan Philipe Rodrigues de Souza Cruz,78,,BRA040
7694,5,Luciano da Rocha Neves,57,,BRA042
7694,5,Yago Pikachu,69,,BRA023
7693,5,Óscar Ruiz,90+3,,BRA031
7693,5,Vitão,47,,BRA028
7695,5,Muriqui,73,Penalty,BRA006
7695,5,Igor Paixão,52,,BRA016
7695,5,Bissoli,62,Penalty,BRA006
7696,7,Ytalo José dos Santos,13,,BRA010
7696,7,Ignacio Fernández,66,,BRA005
7706,6,Raphael Cavalcante Veiga,90+9,Penalty,BRA033
7706,6,Danilo,30,,BRA033
7707,6,Willian Arão,7,,BRA021
7707,6,Willian Arão,38,,BRA021
7707,6,Stiven Mendoza,26,,BRA013
7707,6,Nino Paraíba,90+1,,BRA013
7709,6,Hulk,72,,BRA005
7709,6,Marlon Freitas,14,Gol Contra,BRA005
7708,6,Raul Gustavo Pereira Bicalho,30,,BRA015
7708,6,Jô,64,,BRA015
7708,6,Alan Patrick,25,,BRA028
7708,6,Wanderson,44,,BRA028
7710,6,Germán Cano,78,,BRA022
7710,6,Matheus Felipe Santos Nascimento,90+1,,BRA003
7710,6,Germán Cano,8,,BRA022
7711,6,Jenison de Jesus Brito e Brito,33,,BRA019
7711,6,Jonathan Calleri,66,Penalty,BRA042
7711,6,Nikão,82,,BRA042
7712,6,Andrey,45+2,,BRA016
7713,6,Daniel Borges,90+4,,BRA009
7713,6,Moisés Vieira da Veiga,14,,BRA023
7713,6,Erison Danilo de Souza,42,,BRA009
7713,6,Patrick de Paula,89,,BRA009
7714,6,Vitor Mendes,70,,BRA031
7714,6,Bissoli,27,,BRA006
7714,6,Óscar Ruiz,25,,BRA031
7715,6,Élvis Vieira Araújo,19,Penalty,BRA024
7697,7,Jorginho,45+2,,BRA004
7697,7,Airton,90,,BRA004
7698,7,Pedro,17,,BRA021
7700,7,Rony,31,,BRA033
7700,7,Gabriel Menino,90+2,,BRA033
7700,7,José Rafael Vivian,9,,BRA033
7701,7,Carlos de Pena,83,Penalty,BRA028
7701,7,Valdívia,50,,BRA019
7702,7,Erison Danilo de Souza,86,,BRA009
7702,7,Aloísio dos Santos Gonçalves,38,,BRA001
7704,7,Luiz Henrique,9,,BRA022
7703,7,Adson,80,,BRA015
7703,7,Jonathan Calleri,45+6,,BRA042
7705,7,David Terans,44,,BRA003
7705,7,David Terans,25,Penalty,BRA003
7705,7,William Pottker,51,Penalty,BRA006
7716,8,Nicolas Godinho Johann,74,,BRA024
7716,8,Artur Victor Guimarães,40,,BRA010
7717,8,Rodrigo Nestor,42,,BRA042
7717,8,Cléber,37,,BRA013
7717,8,Stiven Mendoza,71,,BRA013
7717,8,Jonathan Calleri,8,,BRA042
7718,8,Vitor Gabriel,49,,BRA031
7718,8,José Welison,65,,BRA023
7720,8,Gustavo Gómez,80,,BRA033
7719,8,Igor Paixão,29,,BRA016
7721,8,Vitor Roque,85,,BRA003
7722,8,Gustavo Mosquito,82,,BRA015
7722,8,Aloísio dos Santos Gonçalves,67,,BRA001
7723,8,Gabriel Barbosa Almeida,57,,BRA021
7723,8,Germán Cano,10,,BRA022
7723,8,Andreas Pereira,34,,BRA021
7724,8,Hulk,53,,BRA005
7724,8,Eduardo Sasha,66,,BRA005
7724,8,Morato,41,,BRA006
7725,8,Wanderson,12,,BRA028
7725,8,Diego Churín,79,,BRA004
7685,3,Cléber,45+11,,BRA013
7726,9,André Felipe Ribeiro de Souza,42,,BRA019
7726,9,Alexandre Egea,25,,BRA001
7726,9,Felipe Azevedo,53,,BRA001
7728,9,Stiven Mendoza,37,,BRA013
7728,9,Adrián Emmanuel Martínez,85,,BRA016
7727,9,Léo Baptistão,56,Gol Contra,BRA003
7727,9,Pablo Felipe Teixeira,43,,BRA003
7727,9,Marcos Leonardo Santos Almeida,12,,BRA040
7727,9,Marcos Leonardo Santos Almeida,64,,BRA040
7729,9,Muriqui,67,,BRA006
7729,9,Reinaldo Manoel da Silva,45+4,Penalty,BRA042
7730,9,Gustavo Mantuan,33,,BRA015
7731,9,Luccas Claro,32,Gol Contra,BRA031
7732,9,Éverton Ribeiro,45+5,,BRA021
7732,9,Robson Fernandes,28,,BRA023
7732,9,Hércules,90+2,,BRA023
7734,9,Carlos de Pena,90+10,Penalty,BRA028
7734,9,Johnny Cardoso,90+2,,BRA028
7735,9,Víctor Cuesta,45+1,,BRA009
7735,9,Pedro Raúl,73,,BRA024
7735,9,Pedro Raúl,84,,BRA024
7736,10,Uendel Pereira Gonçalves,36,,BRA019
7737,10,Stiven Mendoza,22,,BRA013
7737,10,Stiven Mendoza,55,,BRA013
7738,10,David Terans,63,,BRA003
7738,10,Vitor Bueno,90+6,,BRA003
7738,10,Jadson,38,,BRA031
7738,10,Pablo Felipe Teixeira,45+2,,BRA003
7739,10,Bissoli,43,,BRA006
7739,10,Gabriel Baralhas,34,,BRA004
7739,10,Wellington Rato,90+2,,BRA004
7740,10,Luan Cândido,17,,BRA010
7741,10,Germán Cano,58,,BRA022
7741,10,Jair Rodrigues Júnior,45+4,,BRA005
7741,10,Samuel Xavier,37,,BRA022
7741,10,Eduardo Sasha,53,,BRA005
7741,10,Jhon Arias,18,,BRA022
7741,10,Luiz Henrique,63,,BRA022
7741,10,Germán Cano,29,,BRA022
7741,10,Hulk,35,,BRA005
7742,10,Lucas Braga Ribeiro,63,,BRA040
7742,10,Bruno Méndez,71,,BRA028
7743,10,Rony,11,,BRA033
7743,10,Rony,33,,BRA033
7743,10,Gustavo Scarpa,18,,BRA033
7743,10,Wesley Ribeiro Silva,87,,BRA033
7744,10,Alef Manga,59,,BRA016
7744,10,Jonathan Calleri,4,,BRA042
7745,10,Yago Pikachu,13,,BRA023
7745,10,Pedro Raúl,86,,BRA024
7746,11,Adson,2,,BRA015
7746,11,Gustavo Mantuan,84,,BRA015
7747,11,Rwan Philipe Rodrigues de Souza Cruz,84,Penalty,BRA040
7747,11,Sávio Moreira de Oliveira,6,,BRA005
7749,11,Artur Victor Guimarães,17,,BRA010
7749,11,André Felipe Ribeiro de Souza,45+6,Penalty,BRA019
7748,11,Wellington Rato,45+1,,BRA004
7748,11,Jefferson,35,,BRA004
7750,11,Andreas Pereira,58,,BRA021
7750,11,Wanderson,1,,BRA028
7750,11,Wanderson,22,,BRA028
7750,11,Pedro Henrique Konzen,90+2,Penalty,BRA028
7751,11,Pedro Raúl,85,Penalty,BRA024
7751,11,Stiven Mendoza,9,,BRA013
7752,11,Patrick,34,,BRA042
7753,11,Rony,63,,BRA033
7753,11,Eduardo Pereira Rodrigues,23,,BRA033
7755,11,Kevin Peterson dos Santos Silva,45+1,,BRA006
7756,12,Marcos Leonardo Santos Almeida,77,,BRA040
7756,12,Ricardo Bueno,26,,BRA031
7756,12,Eduardo,57,,BRA040
7758,12,Natan Bernardo de Souza,75,,BRA010
7758,12,Hyoran,7,,BRA010
7758,12,Igor Paixão,51,,BRA016
7758,12,Hyoran,36,,BRA010
7758,12,Adrián Emmanuel Martínez,90+2,,BRA016
7758,12,Artur Victor Guimarães,34,,BRA010
7759,12,Edenílson Andrade dos Santos,8,,BRA028
7759,12,Alan Patrick,47,,BRA028
7759,12,Da Silva,41,,BRA024
7760,12,Ayrton Lucas Dantas de Medeiros,6,,BRA021
7760,12,Gabriel Barbosa Almeida,79,,BRA021
7761,12,Róger Guedes,5,,BRA015
7761,12,David Terans,82,Penalty,BRA003
7763,12,Kayque,61,,BRA009
7764,12,Gustavo Gómez,45+4,,BRA033
7764,12,Gustavo Scarpa,45,,BRA033
7764,12,Luan Garcia Teixeira,28,Gol Contra,BRA004
7764,12,José Rafael Vivian,42,,BRA033
7764,12,Diego Churín,79,,BRA004
7764,12,Gustavo Gómez,44,,BRA033
7765,12,Robson Fernandes,44,,BRA023
7765,12,Moisés Vieira da Veiga,65,,BRA023
7765,12,Bissoli,40,Penalty,BRA006
7765,12,Muriqui,33,,BRA006
7765,12,Bissoli,70,Penalty,BRA006
7767,13,Hyoran,45+1,,BRA010
7767,13,Luan Cândido,71,,BRA010
7767,13,Léo Baptistão,17,,BRA040
7767,13,Léo Baptistão,36,,BRA040
7768,13,Ignacio Fernández,35,,BRA005
7768,13,Ademir,85,,BRA005
7769,13,Khellven,90+10,Penalty,BRA003
7770,13,Fábio Santos,34,Penalty,BRA015
7771,13,Fabricio Bustos,14,,BRA028
7771,13,Vinícius Lopes,19,,BRA009
7771,13,Erison Danilo de Souza,59,,BRA009
7771,13,Edenílson Andrade dos Santos,9,Penalty,BRA028
7771,13,Hugo,90+11,,BRA009
7772,13,Yago Pikachu,43,,BRA023
7773,13,Rodrigo Alves Soares,23,,BRA031
7773,13,Airton,59,,BRA004
7773,13,Wellington Rato,63,,BRA004
7773,13,Léo Pereira,86,,BRA004
7774,13,Germán Cano,5,,BRA022
7774,13,Matheus Martins,72,,BRA022
7775,13,Gustavo Gómez,90,,BRA033
7775,13,Murilo Cerqueira,90+6,,BRA033
7775,13,Patrick,17,,BRA042
7776,14,Alexandre Alemão,54,,BRA028
7776,14,Taison,19,,BRA028
7776,14,Edenílson Andrade dos Santos,42,,BRA028
7777,14,Hugo Moura,67,,BRA003
7777,14,Erick Luis Conrado Carvalho,5,,BRA003
7777,14,Alerrandro Barra Mansa Realino de Souza,79,,BRA010
7777,14,Luis Manuel Orejuela,16,,BRA003
7777,14,Rômulo José Cardoso da Cruz,23,,BRA003
7777,14,Lucas Evangelista,82,Penalty,BRA010
7778,14,Mário Sérgio Santos Costa,90+1,,BRA021
7778,14,Gabriel Barbosa Almeida,41,,BRA021
7778,14,Giorgian De Arrascaeta,71,,BRA021
7780,14,Romarinho,29,,BRA023
7780,14,Rubens,76,,BRA005
7780,14,Réver,87,,BRA005
7780,14,Matheus Jussa,90+6,Gol Contra,BRA005
7780,14,Romarinho,3,,BRA023
7781,14,Bissoli,45+8,Penalty,BRA006
7781,14,Jean Pyerre,73,,BRA006
7781,14,Gustavo Scarpa,47,Penalty,BRA033
7781,14,Rony,65,,BRA033
7782,14,Manoel Messias Silva Carvalho,82,,BRA022
7783,14,Pedro Raúl,80,,BRA024
7784,14,Erick,48,,BRA013
7784,14,Jorginho,26,,BRA004
7786,15,Eduardo Sasha,56,,BRA005
7786,15,Hulk,30,Penalty,BRA005
7786,15,Onitlasi Júnior de Moraes Rodrigues,76,,BRA031
7787,15,Fred,90+1,,BRA022
7787,15,Manoel Messias Silva Carvalho,15,,BRA022
7787,15,Germán Cano,42,,BRA022
7787,15,Germán Cano,71,,BRA022
7788,15,Vinicius Zanocelo,66,,BRA040
7788,15,Pedro,18,,BRA021
7788,15,Gabriel Barbosa Almeida,73,,BRA021
7789,15,Moisés Roberto Barbosa,24,,BRA028
7789,15,Lima,20,Penalty,BRA013
7790,15,Vitor Bueno,58,Penalty,BRA003
7790,15,Vitor Roque,36,,BRA003
7791,15,Joaquim Henrique Pereira Silva,64,,BRA019
7791,15,Eduardo Jacinto de Biasi,30,,BRA006
7791,15,Valdívia,49,,BRA019
7792,15,Luciano da Rocha Neves,62,,BRA042
7792,15,Marlon Freitas,30,Penalty,BRA004
7792,15,Luciano da Rocha Neves,24,Penalty,BRA042
7793,15,Henrique Almeida,59,,BRA001
7794,15,José Hugo,90+4,,BRA016
7794,15,Habraão,85,,BRA023
7794,15,Léo Gamalho,2,,BRA016
7795,15,Vinícius Lopes,64,,BRA009
7796,16,Alerrandro Barra Mansa Realino de Souza,76,,BRA010
7796,16,Hélio Junio Nunes de Castro,87,,BRA010
7796,16,Bruno Praxedes,90,,BRA010
7796,16,Luan Cândido,70,,BRA010
7797,16,Matheus Martins,54,,BRA022
7797,16,Luiz Otávio,90+3,,BRA013
7797,16,Germán Cano,39,,BRA022
7798,16,Pedro Raúl,6,,BRA024
7798,16,Nicolas Godinho Johann,40,,BRA024
7798,16,David Terans,62,Penalty,BRA003
7799,16,Léo Gamalho,53,,BRA016
7799,16,Ricardo Bueno,34,Penalty,BRA031
7799,16,Adrián Emmanuel Martínez,78,,BRA016
7799,16,Paulo,5,,BRA031
7800,16,Rodinei Marcelo De Almeida,52,Gol Contra,BRA015
7801,16,Lucas Barbosa,76,,BRA040
7804,16,Alesson,22,,BRA019
7804,16,André Luis,90+8,,BRA019
7805,16,Moisés Roberto Barbosa,90+5,,BRA028
7807,17,Diego Ribas,22,,BRA021
7807,17,Gustavo Henrique Vernes,13,,BRA021
7808,17,Bissoli,10,Penalty,BRA006
7809,17,Róger Guedes,4,,BRA015
7809,17,Bruno Pacheco,28,,BRA013
7809,17,Vinícius,33,,BRA013
7809,17,Cléber,76,,BRA013
7811,17,Manoel Messias Silva Carvalho,64,,BRA022
7811,17,Luciano da Rocha Neves,34,,BRA042
7811,17,Patrick,42,,BRA042
7811,17,André Trindade,25,,BRA022
7813,17,Moisés Vieira da Veiga,74,,BRA023
7812,17,Matías Zaracho,55,,BRA005
7814,17,Alerrandro Barra Mansa Realino de Souza,7,,BRA010
7814,17,Marcos Vinicios,41,,BRA010
7814,17,Alerrandro Barra Mansa Realino de Souza,2,,BRA010
7815,17,Gabriel Veron,49,,BRA033
7816,18,Vinícius,45+3,,BRA013
7818,18,Nicolas Godinho Johann,80,,BRA024
7818,18,Jhon Arias,28,,BRA022
7818,18,Germán Cano,84,,BRA022
7818,18,Pedro Raúl,44,,BRA024
7818,18,Willian Gomes de Siqueira,85,,BRA022
7817,18,Lucas Evangelista,37,,BRA010
7817,18,Gabriel Novaes,90+5,,BRA010
7817,18,Emanuel Brítez,57,,BRA023
7819,18,Tomás Cuello,9,,BRA003
7819,18,Kelvin,72,,BRA004
7819,18,Agustín Canobbio,14,,BRA003
7819,18,David Terans,49,,BRA003
7819,18,Léo Cittadini,90+5,,BRA003
7820,18,Lázaro Vinícius,86,,BRA021
7820,18,Pedro,6,,BRA021
7820,18,Pedro,13,,BRA021
7820,18,Éverton Ribeiro,18,,BRA021
7821,18,Nikão,30,,BRA042
7821,18,Pedro Henrique Konzen,4,,BRA028
7821,18,Luciano da Rocha Neves,54,,BRA042
7821,18,Pedro Henrique Konzen,24,,BRA028
7821,18,Edenílson Andrade dos Santos,41,Penalty,BRA028
7821,18,Nikão,10,,BRA042
7822,18,Léo Baptistão,33,,BRA040
7822,18,Marcos Leonardo Santos Almeida,77,,BRA040
7823,18,Róger Guedes,36,,BRA015
7823,18,Adson,67,,BRA015
7823,18,Raul Gustavo Pereira Bicalho,85,,BRA015
7823,18,Luciano Castán,54,,BRA016
7824,18,Gabriel Pirani,90+9,,BRA019
7824,18,Alan Kardec,90+4,,BRA005
7825,18,Gustavo Scarpa,65,,BRA033
7826,19,Rodrigo Nestor,33,,BRA042
7826,19,Pedro Raúl,90+2,,BRA024
7826,19,Patrick,48,,BRA042
7826,19,Dada,8,,BRA024
7826,19,Jonathan Calleri,29,,BRA042
7826,19,Danilo Cardoso,39,,BRA024
7827,19,Erison Danilo de Souza,19,,BRA009
7827,19,Jeffinho,54,,BRA009
7828,19,Pedro,55,,BRA021
7828,19,Pedro,84,,BRA021
7828,19,Arthur Chaves,47,,BRA006
7830,19,Gustavo Gómez,18,,BRA033
7830,19,Gabriel Menino,88,,BRA033
7830,19,Alexandre Alemão,82,,BRA028
7831,19,Isidro Pitta,66,,BRA031
7829,19,Luan Cândido,72,,BRA010
7829,19,Jhon Arias,62,,BRA022
7829,19,Germán Cano,66,,BRA022
7833,19,Felipe Azevedo,33,,BRA001
7832,19,Keno,9,,BRA005
7832,19,Fábio Santos,80,,BRA015
7832,19,Fábio Santos,86,Penalty,BRA015
7835,19,Alef Manga,40,,BRA016
7836,20,Pedro Raúl,80,,BRA024
7837,20,Stiven Mendoza,80,Penalty,BRA013
7837,20,Eduardo Pereira Rodrigues,31,,BRA033
7837,20,José Manuel Alberto López,45,,BRA033
7838,20,Gustavo Mosquito,27,,BRA015
7839,20,Wellington Rato,82,,BRA004
7839,20,Lázaro Vinícius,22,,BRA021
7839,20,Arturo Vidal,32,Penalty,BRA021
7839,20,Mário Sérgio Santos Costa,23,,BRA021
7839,20,Victor Hugo,45+5,,BRA021
7841,20,Maurício,7,,BRA028
7841,20,Maurício,31,,BRA028
7841,20,Wanderson,24,,BRA028
7840,20,Vitor Bueno,69,Penalty,BRA003
7842,20,Robson Fernandes,25,,BRA023
7843,20,Bissoli,4,,BRA006
7843,20,Henrique Almeida,34,,BRA001
7843,20,Everaldo,70,,BRA001
7843,20,Everaldo,90,,BRA001
7844,20,Hélio Junio Nunes de Castro,28,,BRA010
7845,20,Jhon Arias,72,,BRA022
7845,20,Luiz Felipe,16,,BRA040
7845,20,Marcos Leonardo Santos Almeida,86,,BRA040
7845,20,Paulo Henrique Ganso,71,Penalty,BRA022
7846,21,Pedrinho,8,,BRA001
7847,21,Víctor Cuesta,9,,BRA009
7847,21,Stiven Mendoza,49,,BRA013
7849,21,Marlon Freitas,52,,BRA004
7849,21,Diego Churín,60,,BRA004
7849,21,Luan Cândido,86,,BRA010
7848,21,Fabián Balbuena,77,,BRA015
7848,21,Bissoli,36,Penalty,BRA006
7850,21,Lázaro Vinícius,7,,BRA021
7850,21,Gabriel Barbosa Almeida,90+5,,BRA021
7851,21,Germán Cano,2,,BRA022
7852,21,Eduard Atuesta,83,,BRA033
7852,21,Raphael Cavalcante Veiga,45+5,Penalty,BRA033
7852,21,Mayke,19,,BRA033
7853,21,Lucas Crispim,45,,BRA023
7853,21,Hércules,70,,BRA023
7853,21,Robson Fernandes,84,,BRA023
7854,21,Igor Rabello,30,,BRA005
7854,21,Agustín Canobbio,90+6,,BRA003
7854,21,Cristian Pavón,54,,BRA005
7854,21,Vitor Roque,46,,BRA003
7854,21,Vitor Roque,56,,BRA003
7855,21,Léo Gamalho,57,,BRA016
7855,21,Madson,47,,BRA040
7855,21,Bryan Angulo,90+3,,BRA040
7856,22,Dada,79,,BRA024
7856,22,Bissoli,45,Penalty,BRA006
7857,22,Roni,72,Gol Contra,BRA033
7858,22,André Felipe Ribeiro de Souza,22,,BRA019
7860,22,Alan Kardec,90+4,,BRA005
7861,22,Moisés Vieira da Veiga,17,,BRA023
7862,22,Fabrício Bruno,56,,BRA021
7862,22,Pedro,90+2,,BRA021
7862,22,Fabrício Bruno,59,,BRA021
7862,22,Ayrton Lucas Dantas de Medeiros,63,,BRA021
7862,22,Lázaro Vinícius,71,,BRA021
7863,22,Rodrigo Nestor,25,,BRA042
7863,22,Jonathan Calleri,59,,BRA042
7863,22,Igor Vinícius,61,,BRA042
7864,22,Pedrinho,14,,BRA001
7865,22,Fabricio Bustos,36,,BRA028
7865,22,Alexandre Alemão,71,,BRA028
7865,22,Carlos de Pena,90+3,,BRA028
7866,23,Pedro Raúl,51,,BRA024
7867,23,Willian Gomes de Siqueira,90,,BRA022
7867,23,Caio Paulista,3,,BRA022
7867,23,Willian Gomes de Siqueira,90+5,,BRA022
7867,23,Jhon Arias,36,,BRA022
7867,23,Alef Manga,72,,BRA016
7867,23,Nathan,77,,BRA022
7867,23,Egídio,84,,BRA016
7868,23,Isidro Pitta,9,,BRA031
7868,23,Isidro Pitta,65,,BRA031
7868,23,Júnior Santos,61,,BRA009
7868,23,Gabriel Appelt Pires,72,,BRA009
7869,23,Raphael Cavalcante Veiga,66,,BRA033
7869,23,Victor Hugo,29,,BRA021
7870,23,Éder,25,Gol Contra,BRA003
7870,23,Henrique Almeida,64,,BRA001
7871,23,Rodrigo Eduardo Costa Marinho,81,,BRA019
7871,23,Diego Churín,34,,BRA004
7872,23,Moisés Vieira da Veiga,65,,BRA023
7873,23,Zé Roberto,80,Penalty,BRA013
7873,23,Luan Cândido,90+13,Penalty,BRA010
7874,23,Lucas Braga Ribeiro,33,,BRA040
7875,23,Pedro Henrique Konzen,90+8,Penalty,BRA028
7876,24,Marquinhos,54,,BRA024
7876,24,Shaylon,84,,BRA004
7876,24,João Victor Andrade Caetano,11,,BRA024
7877,24,Fabrício Daniel de Souza,78,,BRA016
7878,24,Rony,8,,BRA033
7878,24,Manoel Messias Silva Carvalho,38,,BRA022
7881,24,Henrique Almeida,19,,BRA001
7881,24,Hulk,10,,BRA005
7880,24,Juninho Capixaba,32,,BRA023
7882,24,Arturo Vidal,58,,BRA021
7884,24,Johnny Cardoso,38,,BRA028
7884,24,Johnny Cardoso,48,,BRA028
7884,24,Edenílson Andrade dos Santos,90+2,Penalty,BRA028
7884,24,Wanderson,45+5,,BRA028
7885,24,Gustavo Mosquito,31,,BRA015
7886,25,Bissoli,59,,BRA006
7886,25,Chico,70,Penalty,BRA031
7887,25,Miguel Merentiel,71,,BRA033
7887,25,Luan Cândido,25,,BRA010
7887,25,Cleiton Schwengber,45+4,Gol Contra,BRA033
7887,25,Artur Victor Guimarães,35,,BRA010
7888,25,Pablo Felipe Teixeira,26,,BRA003
7889,25,Pedrinho,30,,BRA001
7889,25,Matheus Leonardo Sales Cardoso,78,,BRA001
7890,25,Gabriel Barbosa Almeida,53,,BRA021
7890,25,Jô,45,,BRA013
7891,25,Alexandre Alemão,1,,BRA028
7891,25,Alan Patrick,67,,BRA028
7891,25,Fabián Balbuena,13,,BRA015
7891,25,Yuri Alberto,19,,BRA015
7892,25,Carlos Eduardo de Oliveira Alves,36,,BRA009
7892,25,Fernando Marçal,64,,BRA009
7892,25,Moisés Vieira da Veiga,70,,BRA023
7892,25,Carlos Eduardo de Oliveira Alves,19,,BRA009
7893,25,Keno,45+5,,BRA005
7893,25,Hulk,58,,BRA005
7894,25,Luizão,80,,BRA042
7894,25,Deyverson,7,Penalty,BRA019
7895,25,Madson,55,,BRA040
7895,25,Pedro Raúl,2,,BRA024
7895,25,Pedro Raúl,61,,BRA024
7896,26,Ademir,17,,BRA005
7896,26,Aderlan Silva,31,,BRA010
7898,26,Zé Roberto,30,,BRA013
7898,26,Marcos Leonardo Santos Almeida,56,,BRA040
7898,26,Guilherme Castilho,6,,BRA013
7897,26,Alexandre Alemão,68,,BRA028
7899,26,Thiago Galhardo,51,,BRA023
7899,26,Germán Cano,11,,BRA022
7899,26,Germán Cano,56,,BRA022
7900,26,Rony,46,,BRA033
7900,26,Murilo Cerqueira,67,,BRA033
7900,26,Guilherme Parede,63,,BRA031
7901,26,William Pottker,22,,BRA006
7901,26,David Terans,48,,BRA003
7904,26,Fabrício Daniel de Souza,49,,BRA016
7904,26,Alef Manga,45,,BRA016
7903,26,Eder Citadin Martins,33,Penalty,BRA042
7903,26,Yuri Alberto,14,,BRA015
7905,26,Diego,80,,BRA024
7905,26,Matheus França,84,,BRA021
7906,27,Bissoli,54,Penalty,BRA006
7907,27,Francisco Soares,79,,BRA009
7907,27,Víctor Cuesta,75,,BRA009
7908,27,Alerrandro Barra Mansa Realino de Souza,28,,BRA010
7908,27,Pedro Raúl,55,Penalty,BRA024
7910,27,Jonathan Calleri,23,,BRA042
7910,27,Nahuel Bustos,90+3,,BRA042
7909,27,Paulo Henrique Ganso,45,Penalty,BRA022
7909,27,Gabriel Barbosa Almeida,83,,BRA021
7909,27,Nathan,76,,BRA022
7912,27,Paulo Miranda,44,Gol Contra,BRA023
7912,27,Vitor Gabriel,78,,BRA031
7911,27,Juninho,77,,BRA001
7913,27,Miguel Merentiel,77,,BRA033
7914,27,Tomás Cuello,35,,BRA003
7914,27,David Terans,45+4,Penalty,BRA003
7914,27,Rodrigo Eduardo Costa Marinho,8,,BRA019
7914,27,Deyverson,64,,BRA019
7915,27,Diego Churín,64,,BRA004
7915,27,Pedro Henrique Konzen,28,,BRA028
7915,27,Pedro Henrique Konzen,35,,BRA028
7916,28,Luciano da Rocha Neves,45+3,,BRA042
7916,28,Patrick,45+6,,BRA042
7916,28,Eder Citadin Martins,90+3,,BRA042
7916,28,Diego Henrique Costa Barbosa,25,,BRA042
7917,28,Nicolás Hernández,90+2,Gol Contra,BRA040
7917,28,Luan Guilherme de Jesus Vieira,35,,BRA040
7921,28,Pedro Rocha Neves,18,,BRA023
7921,28,Pedro Rocha Neves,51,,BRA023
7921,28,Caio Alexandre,90+4,,BRA023
7921,28,Gabriel Barbosa Almeida,45+5,Penalty,BRA021
7921,28,Gabriel Barbosa Almeida,32,,BRA021
7919,28,Róger Guedes,12,,BRA015
7919,28,Yuri Alberto,88,,BRA015
7919,28,Wellington Rato,17,,BRA004
7920,28,Germán Cano,19,,BRA022
7920,28,Samuel Xavier,28,,BRA022
7920,28,Jhon Arias,56,,BRA022
7920,28,Michel Araújo,88,,BRA022
7918,28,Fabrício Daniel de Souza,30,,BRA016
7922,28,Sidcley,32,,BRA019
7922,28,André Luis,62,,BRA019
7922,28,Gonzalo Mastriani,90+7,,BRA001
7925,28,Romildo Del Piage,89,,BRA009
7924,28,Murilo Cerqueira,51,,BRA033
7926,29,Hulk,41,,BRA005
7926,29,Hulk,65,Penalty,BRA005
7928,29,Juninho,25,,BRA001
7928,29,Felipe Azevedo,68,,BRA001
7928,29,Vinícius,90+3,,BRA013
7927,29,Carlos de Pena,23,,BRA028
7929,29,Gabriel Baralhas,56,,BRA004
7929,29,William Pottker,66,,BRA006
7929,29,Wellington Rato,45+1,,BRA004
7930,29,Vitor Hugo Naum dos Santos,20,,BRA003
7930,29,Fernandinho,69,,BRA003
7931,29,Pedro,66,,BRA021
7931,29,Hélio Junio Nunes de Castro,48,Penalty,BRA010
7931,29,Pedro,70,,BRA021
7931,29,Pedro,71,,BRA021
7931,29,Gabriel Barbosa Almeida,12,,BRA021
7932,29,Lucas Sasha,14,,BRA023
7933,29,Yuri Alberto,33,,BRA015
7933,29,Róger Guedes,45+4,,BRA015
7934,29,Eduardo Pereira Rodrigues,60,,BRA033
7934,29,Gustavo Scarpa,26,Penalty,BRA033
7934,29,Francisco Soares,20,,BRA009
7934,29,Mayke,36,,BRA033
7936,30,Yuri Alberto,54,,BRA015
7936,30,Óscar Ruiz,46,,BRA031
7936,30,Isidro Pitta,62,,BRA031
7936,30,Giuliano Victor de Paula,24,,BRA015
7937,30,Gabriel Baralhas,75,,BRA004
7937,30,Marlon Freitas,88,,BRA004
7937,30,Diego Churín,45,Penalty,BRA004
7937,30,Germán Cano,37,,BRA022
7937,30,Jhon Arias,5,Penalty,BRA022
7938,30,Stiven Mendoza,47,,BRA013
7938,30,Nicolas Godinho Johann,90+3,,BRA024
7939,30,Deyverson,34,Penalty,BRA019
7939,30,Werik Popó,45+5,,BRA010
7939,30,Artur Victor Guimarães,60,,BRA010
7940,30,Pablo Felipe Teixeira,90+2,,BRA003
7940,30,Thiago Galhardo,15,,BRA023
7942,30,Marcos Leonardo Santos Almeida,88,Penalty,BRA040
7942,30,Hulk,72,,BRA005
7942,30,Ignacio Fernández,90+2,Penalty,BRA005
7943,30,Rony,34,,BRA033
7943,30,Gustavo Gómez,51,,BRA033
7943,30,Breno Lopes,77,,BRA033
7943,30,Mayke,15,,BRA033
7945,30,Víctor Cuesta,49,,BRA009
7945,30,Francisco Soares,56,,BRA009
7945,30,Bissoli,11,Penalty,BRA006
7944,30,Jonathan Calleri,34,,BRA042
7944,30,Alisson Euler de Freitas Castro,90+1,,BRA042
7944,30,Aloísio dos Santos Gonçalves,10,,BRA001
7946,31,Rafael Gustavo Meneghel Gava,90+4,,BRA019
7946,31,Mário Sérgio Santos Costa,66,Penalty,BRA021
7946,31,Matheus França,58,,BRA021
7947,31,Róger Guedes,22,Penalty,BRA015
7947,31,Fabián Balbuena,6,,BRA015
7947,31,Erick Luis Conrado Carvalho,81,,BRA003
7948,31,Maurício,13,,BRA028
7948,31,Pedro Raúl,45+3,,BRA024
7948,31,Alan Patrick,42,,BRA028
7948,31,Alan Patrick,57,,BRA028
7948,31,Pedro Raúl,33,Penalty,BRA024
7948,31,Carlos de Pena,90+6,,BRA028
7950,31,Thiago Galhardo,54,,BRA023
7950,31,Hércules,90,,BRA023
7949,31,Francisco Soares,90,Penalty,BRA009
7951,31,Bruno Gomes,58,,BRA016
7951,31,Werik Popó,26,,BRA010
7951,31,Alef Manga,12,,BRA016
7953,31,Juninho,5,,BRA001
7953,31,Matheus Leonardo Sales Cardoso,34,,BRA001
7954,31,Shaylon,65,,BRA004
7954,31,Murilo Cerqueira,49,,BRA033
7955,31,Marcos Leonardo Santos Almeida,54,,BRA040
7955,31,Madson,63,,BRA040
7955,31,Lucas Braga Ribeiro,24,,BRA040
7955,31,Bruno Nazário,78,,BRA031
7955,31,Lucas Braga Ribeiro,75,,BRA040
7956,32,Everton Cebolinha,38,,BRA021
7957,32,Thiago Galhardo,34,,BRA023
7957,32,Wellington Paulista,90+1,Penalty,BRA001
7957,32,Thiago Galhardo,83,,BRA023
7958,32,Jô,90+2,,BRA013
7958,32,Deyverson,82,,BRA019
7960,32,Óscar Ruiz,76,,BRA031
7960,32,Wellington Rato,51,,BRA004
7961,32,Braian Romero,67,,BRA028
7962,32,David Braz,41,,BRA022
7962,32,Matheus Martinelli,63,,BRA022
7962,32,Germán Cano,25,,BRA022
7963,32,Alex Paulo Menezes Santana,90,,BRA003
7964,32,Ângelo Gabriel,69,,BRA040
7964,32,Guilherme Camacho,51,,BRA040
7935,29,Matheus Cadorini,84,,BRA016
7935,29,Jonathan Calleri,2,,BRA042
7935,29,Jonathan Calleri,63,,BRA042
7935,29,Luciano da Rocha Neves,72,,BRA042
7966,33,Luan Cândido,90,,BRA010
7966,33,Eric dos Santos Rodrigues,5,,BRA010
7966,33,Vitor Bueno,64,,BRA003
7966,33,Werik Popó,37,,BRA010
7966,33,Vitor Hugo Naum dos Santos,67,,BRA003
7966,33,Luan Cândido,45+5,,BRA010
7967,33,Matheus França,11,,BRA021
7967,33,Everton Cebolinha,24,,BRA021
7967,33,Everaldo,13,,BRA001
7968,33,Róger Guedes,89,,BRA015
7969,33,Vanderlan,90,,BRA033
7969,33,Gustavo Scarpa,4,Penalty,BRA033
7969,33,Eduardo Pereira Rodrigues,55,,BRA033
7971,33,Capixaba,39,,BRA031
7971,33,Reinaldo Manoel da Silva,36,,BRA042
7971,33,Reinaldo Manoel da Silva,56,,BRA042
7970,33,Matheus Martins,82,,BRA022
7970,33,Carlos Eduardo de Oliveira Alves,41,,BRA009
7970,33,Paulo Henrique Ganso,76,Penalty,BRA022
7970,33,Jeffinho,52,,BRA009
7973,33,Lucas Gazal,24,,BRA004
7974,33,Vinícius Santos Silva,20,,BRA024
7974,33,Deyverson,65,,BRA019
7974,33,Pedro Raúl,8,,BRA024
7972,33,Vitão,60,,BRA028
7972,33,Luciano Castán,24,,BRA016
7976,34,Alex,53,,BRA040
7976,34,Pedro,45+5,,BRA021
7976,34,Gabriel Carabajal,90+7,,BRA040
7976,34,Mário Sérgio Santos Costa,78,,BRA021
7976,34,Giorgian De Arrascaeta,87,,BRA021
7977,34,Endrick,70,,BRA033
7977,34,Gustavo Gómez,76,,BRA033
7977,34,Matheus Felipe Santos Nascimento,30,,BRA003
7977,34,Endrick,59,,BRA033
7978,34,Luan Cândido,62,,BRA010
7978,34,Gabriel Appelt Pires,18,,BRA009
7978,34,Danilo Neves,71,,BRA009
7980,34,Lima,6,Penalty,BRA013
7980,34,Edenílson Andrade dos Santos,65,,BRA028
7980,34,Alan Patrick,78,Penalty,BRA028
7981,34,Vinícius Santos Silva,61,,BRA024
7981,34,Diego,90+4,,BRA024
7981,34,Aloísio dos Santos Gonçalves,60,Penalty,BRA001
7981,34,Wellington Paulista,88,,BRA001
7979,34,Germán Cano,12,,BRA022
7979,34,Germán Cano,70,,BRA022
7982,34,Juninho Capixaba,55,,BRA023
7982,34,Romarinho,73,,BRA023
7982,34,Matheus Cadorini,60,,BRA016
7982,34,Juninho Capixaba,2,,BRA023
7983,34,Luan Vinícius da Silva Santos,90+5,,BRA042
7983,34,Gabriel Baralhas,72,,BRA004
7983,34,Jonathan Calleri,22,,BRA042
7984,34,José Rodolfo Pires Ribeiro,12,,BRA005
7985,34,Pepê,90+1,,BRA019
7986,35,Germán Cano,72,,BRA022
7987,35,André Luis,41,,BRA019
7987,35,Deyverson,52,,BRA019
7988,35,Jonathan Calleri,45+5,,BRA042
7988,35,Eduardo Vargas,81,,BRA005
7988,35,Eduardo Vargas,25,Penalty,BRA005
7988,35,Jonathan Calleri,40,,BRA042
7989,35,Yan Souto,40,,BRA024
7989,35,Pedro Raúl,51,,BRA024
7989,35,David Terans,29,,BRA003
7989,35,Alex Paulo Menezes Santana,13,,BRA003
7989,35,David Terans,6,Penalty,BRA003
7990,35,Alexandre Egea,76,,BRA001
7993,35,Marcos Leonardo Santos Almeida,19,,BRA040
7993,35,Lucas Braga Ribeiro,52,,BRA040
7993,35,Diego Churín,29,,BRA004
7993,35,Lucas Barbosa,90+4,,BRA040
7993,35,Luiz Fernando Moraes dos Santos,39,,BRA004
7991,35,Régis,90+2,,BRA016
7992,35,Artur Victor Guimarães,60,,BRA010
7992,35,Kevin Peterson dos Santos Silva,90,Penalty,BRA006
7992,35,Hélio Junio Nunes de Castro,68,,BRA010
7995,35,Du Queiroz,42,,BRA015
7995,35,Yuri Alberto,75,,BRA015
7995,35,Matheus França,48,,BRA021
7994,35,Rony,48,,BRA033
7994,35,Eduardo Pereira Rodrigues,32,,BRA033
7994,35,Endrick,64,,BRA033
7994,35,Rony,15,,BRA033
7997,36,Germán Cano,56,,BRA022
7997,36,Germán Cano,59,,BRA022
7997,36,Luciano da Rocha Neves,30,,BRA042
7997,36,Germán Cano,46,,BRA022
7996,36,Marcos Leonardo Santos Almeida,5,Penalty,BRA040
7996,36,Raniele,51,,BRA006
7998,36,Juninho,90,,BRA001
7998,36,Henrique Almeida,25,,BRA001
7998,36,Luan Cândido,18,Penalty,BRA010
7998,36,Juninho,6,,BRA001
7998,36,Everaldo,42,Penalty,BRA001
7999,36,Nicolas Godinho Johann,81,,BRA024
8000,36,Yuri Alberto,90,,BRA015
8001,36,Pedro Henrique Konzen,63,,BRA028
8001,36,Maurício,67,,BRA028
8002,36,Rómulo Otero,58,,BRA023
8002,36,Luiz Fernando Moraes dos Santos,17,,BRA004
8003,36,Alef Manga,58,Penalty,BRA016
8004,36,Jonathan Cafú,6,,BRA019
8004,36,José Manuel Alberto López,75,,BRA033
8005,36,João Victor Santos Sá,76,,BRA009
8005,36,Francisco Soares,84,,BRA009
8006,37,Maurício,21,,BRA028
8008,37,Germán Cano,78,,BRA022
8008,37,Alan Carvalho,83,,BRA022
8008,37,Michel Araújo,90,,BRA022
8007,37,Alef Manga,10,,BRA016
8007,37,Alef Manga,37,Penalty,BRA016
8007,37,Du Queiroz,30,,BRA015
8007,37,Yuri Alberto,48,,BRA015
8009,37,Mateus Ferreira,90+1,,BRA006
8009,37,Natanael,49,,BRA006
8010,37,Silvio Romero,57,,BRA023
8010,37,José Welison,26,,BRA023
8010,37,Thiago Galhardo,90,,BRA023
8010,37,Hércules,37,,BRA023
8010,37,Pedro Rocha Neves,42,Penalty,BRA023
8010,37,Silvio Romero,45,,BRA023
8013,37,Shaylon,51,,BRA004
8013,37,David Terans,61,,BRA003
8011,37,Matheuzinho,1,,BRA021
8011,37,Werton,90+1,,BRA021
8011,37,Paulo,36,,BRA031
8011,37,Jadson,43,,BRA031
8012,37,Murilo Cerqueira,81,,BRA033
8012,37,Martín Benítez,15,,BRA001
8012,37,Gustavo Scarpa,42,Penalty,BRA033
8015,37,Keno,4,,BRA005
8015,37,Keno,45,,BRA005
8015,37,Eduardo Vargas,56,,BRA005
8014,37,Francisco Soares,70,,BRA009
8014,37,Lucas Fernandes da Silva,10,,BRA009
8014,37,Lucas Fernandes da Silva,53,,BRA009
8016,38,Marcio Antonio de Sousa Junior,45+5,,BRA006
8016,38,Felipe Florencio da Silva,79,,BRA006
8016,38,Wellington Ferreira Nascimento,42,Gol Contra,BRA021
8017,38,Vitor Roque,62,,BRA003
8017,38,Adryelson,52,Gol Contra,BRA003
8017,38,Erick Luis Conrado Carvalho,90+4,,BRA003
8018,38,Vitor Mendes,45+2,Gol Contra,BRA013
8018,38,Cléber,23,,BRA013
8018,38,Erick,89,Penalty,BRA013
8018,38,Fernando Sobral,70,,BRA013
8018,38,Guilherme Parede,52,,BRA031
8019,38,Dudu,17,,BRA004
8019,38,Henrique Almeida,45+8,,BRA001
8020,38,Thiago Galhardo,66,,BRA023
8020,38,Moisés Vieira da Veiga,80,,BRA023
8021,38,Jonathan Cafú,44,,BRA019
8021,38,Léo Gamalho,76,,BRA016
8021,38,Alan Empereur,37,,BRA019
8022,38,Germán Cano,31,,BRA022
8023,38,Eduardo Vargas,45,Penalty,BRA005
8024,38,Alexandre Alemão,39,,BRA028
8024,38,Braian Romero,85,,BRA028
8024,38,Maurício,10,,BRA028
8025,38,Marcos Guilherme,77,,BRA042
8025,38,Juan Santos da Silva,90+1,,BRA042
8025,38,Giuliano Galoppo,20,,BRA042
8025,38,Luciano da Rocha Neves,71,,BRA042
8026,1,Raniele,45+7,,BRA019
8026,1,Endrick,5,,BRA033
8026,1,José Manuel Alberto López,65,,BRA033
8027,1,Germán Cano,52,,BRA022
8027,1,John Kennedy,60,,BRA022
8027,1,Leanderson da Silva Genésio,72,,BRA022
8029,1,Eduardo Sasha,70,,BRA010
8029,1,Everaldo Stum,45,,BRA007
8029,1,Bruno Gonçalves,54,,BRA010
8030,1,Pedro Henrique Ribeiro Gonçalves,36,,BRA003
8030,1,Christian Roberto Alves Cardoso,57,,BRA003
8031,1,Moisés Vieira da Veiga,56,,BRA023
8031,1,Wanderson,54,,BRA028
8028,1,Tiquinho Soares,4,,BRA009
8028,1,Carlos Eduardo de Oliveira Alves,88,,BRA009
8028,1,Jonathan Calleri,15,,BRA042
8032,1,Gabriel Pec,10,,BRA044
8032,1,Mauricio Lemos,45+5,,BRA005
8032,1,Andrey Santos,5,,BRA044
8034,1,Ayrton Lucas Dantas de Medeiros,12,,BRA021
8034,1,Pedro,90+5,,BRA021
8034,1,Gabriel Barbosa,56,Penalty,BRA021
8033,1,Matheus Araújo,68,,BRA015
8033,1,Róger Guedes,87,,BRA015
8033,1,Oliveira,90+5,,BRA018
8035,1,João Pedro Maturano dos Santos,44,,BRA025
8036,2,Nino,67,,BRA022
8036,2,Lima,11,,BRA022
8038,2,Mateusinho,67,,BRA019
8038,2,Thiago Borbas,86,,BRA010
8037,2,Luciano da Rocha Neves,21,,BRA042
8037,2,Jonathan Calleri,82,,BRA042
8037,2,Marcos Paulo Costa do Nascimento,90+5,,BRA042
8039,2,Bruno Rodrigues,64,,BRA018
8040,2,Maurício Magalhães Prado,90+8,,BRA028
8040,2,Gerson Santos da Silva,63,,BRA021
8040,2,Maurício Magalhães Prado,67,,BRA028
8042,2,Rafael Navarro,45+1,,BRA033
8042,2,Artur Victor Guimarães,62,,BRA033
8042,2,Pedro Raul,29,,BRA044
8042,2,Gabriel Pec,40,,BRA044
8043,2,Yago Pikachu,90+1,,BRA023
8043,2,Silvio Romero,51,,BRA023
8043,2,Yago Pikachu,83,,BRA023
8044,2,Róger Guedes,17,,BRA015
8044,2,Matheus Peixoto,31,,BRA024
8044,2,Lucas Halter,80,,BRA024
8044,2,Apodi,90+4,,BRA024
8045,2,Vítor Jacaré,41,,BRA007
8045,2,Júnior Santos,29,,BRA009
8045,2,Danilo Neves,78,,BRA009
8047,3,Bruno Gomes,12,,BRA016
8047,3,Marcos Paulo Costa do Nascimento,81,,BRA042
8046,3,Thiago Galhardo,29,,BRA023
8046,3,Alan Carvalho,45+2,,BRA022
8046,3,Moisés Vieira da Veiga,35,,BRA023
8046,3,John Kennedy,69,,BRA022
8046,3,Moisés Vieira da Veiga,60,,BRA023
8046,3,Hércules,79,,BRA023
8048,3,Murilo Cerqueira,16,,BRA033
8048,3,Joaquín Piquerez,76,Gol Contra,BRA015
8048,3,Raphael Cavalcante Veiga,36,,BRA033
8049,3,Alexandre Egea,7,,BRA001
8049,3,Everaldo,49,,BRA001
8049,3,Stiven Mendoza,19,,BRA040
8049,3,Eduardo,40,,BRA040
8049,3,Marcos Leonardo,69,Penalty,BRA040
8050,3,Bruno Rodrigues,87,,BRA018
8050,3,Ramiro,1,,BRA018
8050,3,Gilberto Oliveira Souza Junior,64,,BRA018
8051,3,Hulk,10,,BRA005
8051,3,Hulk,84,,BRA005
8051,3,Vitor Roque,90+2,,BRA003
8052,3,Léo Pereira,58,,BRA021
8052,3,Tiquinho Soares,30,Penalty,BRA009
8052,3,Léo Pereira,86,,BRA021
8052,3,Tiquinho Soares,71,,BRA009
8052,3,Danilo Barbosa da Silva,45+5,,BRA009
8053,3,Marllon Borges,29,,BRA019
8053,3,Vina,10,,BRA025
8053,3,Everton,68,,BRA025
8054,3,Carlos de Pena,52,,BRA028
8055,3,Thaciano,44,,BRA007
8056,4,Wesley Ribeiro Silva,21,,BRA018
8056,4,Wesley Ribeiro Silva,62,,BRA018
8056,4,Ângelo Gabriel,57,,BRA040
8057,4,Lima,55,,BRA022
8057,4,Pedro Raul,1,,BRA044
8058,4,Marlon,85,Gol Contra,BRA019
8058,4,Aloísio dos Santos Gonçalves,12,,BRA001
8058,4,Ronald,90+2,,BRA019
8059,4,Gabriel Teixeira,65,,BRA007
8059,4,David Duarte,68,,BRA007
8059,4,Gabriel Boschilia,63,,BRA016
8059,4,Victor Luis,16,Gol Contra,BRA007
8061,4,Vitor Roque,29,,BRA003
8061,4,Gabriel Barbosa,15,Penalty,BRA021
8061,4,Erick Luis Conrado Carvalho,80,,BRA003
8060,4,Pablo Maia,70,,BRA042
8060,4,Luciano da Rocha Neves,33,,BRA042
8062,4,Everton,62,,BRA025
8062,4,Matheus Fernandes,9,,BRA010
8062,4,Eduardo Sasha,53,,BRA010
8062,4,Franco Cristaldo,6,Penalty,BRA025
8062,4,Luis Alberto Suárez,56,,BRA025
8062,4,Thiago Borbas,90+1,,BRA010
8063,4,João Victor Santos Sá,30,,BRA009
8063,4,Matheus Nascimento,60,,BRA009
8064,4,Sidimar Fernando Sigolini,48,Gol Contra,BRA033
8064,4,Endrick,83,,BRA033
8064,4,Eduardo Pereira Rodrigues,90,,BRA033
8064,4,Artur Victor Guimarães,10,,BRA033
8064,4,Raphael Cavalcante Veiga,78,,BRA033
8065,4,Yuri Alberto,88,,BRA015
8065,4,Caio Alexandre,79,,BRA023
8067,5,Ângelo Gabriel,51,,BRA040
8067,5,Deivid Washington,4,,BRA040
8067,5,Stiven Mendoza,14,,BRA040
8066,5,Christian Roberto Alves Cardoso,79,,BRA003
8066,5,Willian Gomes de Siqueira,90+6,,BRA003
8068,5,Aloísio dos Santos Gonçalves,78,Penalty,BRA001
8068,5,Hélio Junio Nunes de Castro,33,,BRA010
8068,5,Hélio Junio Nunes de Castro,44,,BRA010
8068,5,Aloísio dos Santos Gonçalves,15,Penalty,BRA001
8069,5,Cristian Pavón,72,,BRA005
8069,5,Paulinho,87,,BRA005
8069,5,Hulk,51,Penalty,BRA005
8069,5,Hyoran,13,,BRA005
8070,5,Éverton Ribeiro,49,,BRA021
8070,5,Pedro,8,Penalty,BRA021
8071,5,Germán Cano,54,,BRA022
8071,5,Paulo Henrique Ganso,44,,BRA022
8072,5,João Paulo Bitello,45+2,,BRA025
8072,5,Raphael Cavalcante Veiga,24,,BRA033
8072,5,Mayke,68,,BRA033
8072,5,Luan Garcia Teixeira,73,,BRA033
8072,5,Raphael Cavalcante Veiga,56,Penalty,BRA033
8073,5,Zé Roberto,45+4,,BRA016
8073,5,Erick Marcus,80,,BRA044
8074,5,Carlos Eduardo de Oliveira Alves,81,,BRA009
8074,5,Tiquinho Soares,65,Penalty,BRA009
8074,5,Tiquinho Soares,12,,BRA009
8076,6,David Luiz,45+4,,BRA021
8076,6,Gabriel Teixeira,35,,BRA007
8076,6,Gabriel Barbosa,29,Penalty,BRA021
8076,6,Ademir,51,,BRA007
8076,6,Matheus França,23,,BRA021
8077,6,Nino,6,,BRA022
8077,6,Paulo Henrique Ganso,56,,BRA022
8078,6,Juninho Capixaba,71,,BRA010
8078,6,Artur Victor Guimarães,65,,BRA033
8079,6,Eduardo Vargas,3,,BRA005
8079,6,Paulinho,90+5,,BRA005
8081,6,Deivid Washington,29,,BRA040
8082,6,Michel Araújo,15,,BRA042
8082,6,Róger Guedes,45+5,Penalty,BRA015
8083,6,Marcelino Moreno,20,,BRA016
8083,6,Pablo Felipe Teixeira,49,,BRA003
8083,6,Robson Fernandes,66,,BRA016
8083,6,Willian Gomes de Siqueira,90+1,,BRA003
8083,6,Agustín Canobbio,90+7,,BRA003
8085,6,Henrique Dourado,33,,BRA018
8085,6,Marlon Rodrigues Xavier,70,,BRA018
8085,6,Gilberto Oliveira Souza Junior,84,,BRA018
8085,6,Gilberto Oliveira Souza Junior,90+1,,BRA018
8084,6,Bruno Melo,45+5,,BRA024
8084,6,Magno Jose da Silva,57,,BRA024
8084,6,Tiquinho Soares,33,Penalty,BRA009
8086,7,Everaldo Stum,25,,BRA007
8086,7,Bruno Melo,31,,BRA024
8087,7,Eduardo Sasha,16,,BRA010
8087,7,Thiago Borbas,86,,BRA010
8088,7,Jonathan Calleri,24,,BRA042
8088,7,Cauan Barros,45,,BRA044
8088,7,Rodrigo Nestor,42,,BRA042
8088,7,Matías Galarza,83,,BRA044
8088,7,Lucas Beraldo,89,,BRA042
8088,7,Juan Santos da Silva,90+2,,BRA042
8090,7,Felipe Azevedo,33,,BRA001
8090,7,Tomás Pochettino,26,,BRA023
8090,7,Breno,2,,BRA001
8091,7,Víctor Cuesta,74,,BRA009
8089,7,Robson Fernandes,13,Penalty,BRA016
8089,7,Hulk,90+1,Penalty,BRA005
8089,7,Hyoran,37,,BRA005
8093,7,Léo Pereira,90+4,,BRA021
8094,7,Luis Alberto Suárez,7,,BRA025
8094,7,Mathías Villasanti,31,,BRA025
8094,7,João Paulo Bitello,65,,BRA025
8094,7,Johnny Cardoso,87,,BRA028
8095,7,Deyverson,37,,BRA019
8096,8,Vitor Roque,34,,BRA003
8096,8,Cuiabano,31,,BRA025
8096,8,Bruno Uvini,49,,BRA025
8097,8,Thiago Galhardo,87,,BRA023
8097,8,Silvio Romero,90+4,,BRA023
8098,8,Ayrton Lucas Dantas de Medeiros,33,,BRA021
8098,8,Marlon Rodrigues Xavier,5,,BRA018
8099,8,Fernando Sobral,3,,BRA019
8099,8,Robson Fernandes,49,,BRA016
8100,8,Magno Jose da Silva,29,,BRA024
8100,8,Pablo Maia,57,,BRA042
8100,8,David Corrêa da Fonseca,90+1,,BRA042
8102,8,Wanderson,90+9,,BRA028
8102,8,Johnny Cardoso,49,,BRA028
8101,8,Róger Guedes,59,,BRA015
8101,8,Róger Guedes,90+2,,BRA015
8104,8,Juninho Capixaba,75,,BRA010
8104,8,Vitor Hugo Naum dos Santos,31,,BRA010
8103,8,Cristian Pavón,45,,BRA005
8103,8,Eduardo Pereira Rodrigues,52,,BRA033
8105,8,Júnior Santos,3,,BRA009
8105,8,Luis Henrique,60,,BRA009
8107,9,Alex Paulo Menezes Santana,42,,BRA003
8108,9,Hulk,27,,BRA005
8109,9,Renato Marques,87,,BRA001
8109,9,Danilo Avelar,74,Penalty,BRA001
8110,9,Lucas Rafael Araújo Lima,12,,BRA040
8110,9,Luiz Adriano,3,,BRA028
8111,9,Paulo Henrique Ganso,27,,BRA022
8111,9,Felipe Melo,34,,BRA022
8111,9,Thiago Borbas,54,,BRA010
8112,9,Jonathan Calleri,15,,BRA042
8112,9,Reinaldo Manoel da Silva,39,,BRA025
8112,9,Franco Cristaldo,31,Penalty,BRA025
8113,9,Deyverson,54,,BRA019
8114,9,Rony,73,,BRA033
8114,9,Alef Manga,83,,BRA016
8114,9,Artur Victor Guimarães,30,,BRA033
8114,9,Rony,34,,BRA033
8115,9,Pedro,42,,BRA021
8115,9,Jair Rodrigues Júnior,58,Penalty,BRA044
8115,9,Ayrton Lucas Dantas de Medeiros,45+2,,BRA021
8115,9,Erick Pulgar,14,,BRA021
8115,9,Gerson Santos da Silva,16,,BRA021
8119,10,Paulinho,17,,BRA005
8119,10,Eduardo Sasha,35,,BRA010
8117,10,Bruno Rodrigues,30,,BRA018
8117,10,Wesley Ribeiro Silva,45+1,,BRA018
8117,10,Kayky,18,,BRA007
8117,10,Arthur Sales,66,,BRA007
8118,10,Ruan Oliveira,81,,BRA015
8118,10,Deyverson,55,,BRA019
8120,10,Tiquinho Soares,45+3,,BRA009
8120,10,Tiquinho Soares,63,,BRA009
8121,10,Wellington Paulista,76,,BRA001
8121,10,Danilo Avelar,90+6,,BRA001
8121,10,Vitor Roque,9,,BRA003
8121,10,Christian Roberto Alves Cardoso,48,,BRA003
8122,10,Gabriel Menino,11,,BRA033
8122,10,Endrick,78,,BRA033
8123,10,Rayan,29,,BRA044
8123,10,Rômulo Zwarg,3,,BRA028
8123,10,Wanderson,16,,BRA028
8124,10,Everton Cebolinha,24,,BRA021
8124,10,Pedro,65,,BRA021
8124,10,Bruno Henrique,90+7,,BRA021
8125,10,Alesson,85,,BRA024
8125,10,Germán Cano,2,,BRA022
8125,10,Matheus Peixoto,45,Penalty,BRA024
8125,10,Lima,47,,BRA022
8126,11,Juan Martín Lucero,80,,BRA023
8127,11,Gabriel Neves,19,,BRA042
8127,11,Luciano da Rocha Neves,47,,BRA042
8127,11,Vitor Roque,11,,BRA003
8128,11,Ruan Oliveira,28,,BRA015
8128,11,Yuri Alberto,19,,BRA015
8129,11,Guga,35,Gol Contra,BRA005
8129,11,Samuel Xavier,45+1,,BRA022
8130,11,Thaciano,90+3,,BRA007
8131,11,Luis Alberto Suárez,69,,BRA025
8131,11,Danilo Avelar,25,,BRA001
8131,11,Matheus Cavichioli,40,Gol Contra,BRA025
8131,11,Mathías Villasanti,61,,BRA025
8133,11,Tiquinho Soares,60,Penalty,BRA009
8134,11,Everton Morelli,73,,BRA024
8132,11,Pedro Henrique Konzen,66,Penalty,BRA028
8135,11,Henry Mosquera,49,,BRA010
8135,11,Henry Mosquera,81,,BRA010
8135,11,Alerrandro Barra Mansa Realino de Souza,76,,BRA010
8135,11,Eduardo Santos,40,,BRA010
8136,12,Vitor Roque,36,,BRA003
8137,12,Leanderson da Silva Genésio,49,,BRA022
8137,12,Gabriel Pirani,51,,BRA022
8137,12,Vinicius Mingotti,28,,BRA007
8138,12,Tinga,62,,BRA023
8138,12,Alan Kardec,87,,BRA005
8138,12,Tomás Pochettino,54,,BRA023
8139,12,Rafinha,3,Gol Contra,BRA018
8140,12,Tiquinho Soares,28,,BRA009
8141,12,João Paulo Bitello,54,,BRA025
8141,12,Franco Cristaldo,34,Penalty,BRA025
8141,12,Luis Alberto Suárez,66,,BRA025
8141,12,André Henrique,84,,BRA025
8141,12,Mathías Villasanti,48,,BRA025
8141,12,Alef Manga,41,,BRA016
8144,12,Eduardo Sasha,7,,BRA010
8144,12,Marcos Vinicios,45+2,,BRA010
8142,12,Juninho,19,,BRA001
8142,12,Jean Dias,63,,BRA028
8142,12,Alexandre Alemão,85,,BRA028
8143,12,Rodrigo Fernández,52,,BRA040
8143,12,Everton Cebolinha,22,,BRA021
8143,12,Éverton Ribeiro,50,,BRA021
8143,12,Stiven Mendoza,40,,BRA040
8143,12,Erick Pulgar,57,,BRA021
8145,12,Jair Rodrigues Júnior,77,Penalty,BRA044
8146,13,Luciano da Rocha Neves,87,,BRA042
8147,13,Giorgian De Arrascaeta,64,,BRA021
8147,13,Gabriel Barbosa,14,,BRA021
8148,13,Kayky,20,,BRA007
8148,13,Franco Cristaldo,9,,BRA025
8148,13,Gustavo Martins,90+5,,BRA025
8150,13,Eduardo Sasha,17,,BRA010
8151,13,Luis Henrique,54,,BRA009
8151,13,Carlos Alberto,90+5,,BRA009
8152,13,Hulk,28,,BRA005
8152,13,Gonzalo Mastriani,58,,BRA001
8152,13,Gonzalo Mastriani,72,,BRA001
8152,13,Matías Zaracho,2,,BRA005
8153,13,Endrick,22,,BRA033
8153,13,Gabriel Menino,57,,BRA033
8153,13,Vitor Bueno,67,Penalty,BRA003
8153,13,Vitor Roque,73,,BRA003
8154,13,Rikelme,86,,BRA019
8154,13,Deyverson,53,,BRA019
8154,13,Denilson,75,,BRA019
8155,13,Dodô,69,,BRA024
8155,13,Alef Manga,26,,BRA016
8155,13,Benjamín Kuscevic,43,,BRA016
8156,14,Alan Empereur,51,Gol Contra,BRA007
8156,14,Deyverson,18,Penalty,BRA019
8157,14,Machado,45+4,,BRA018
8158,14,Róger Guedes,40,,BRA015
8159,14,Juninho,8,,BRA001
8159,14,Alef Manga,40,Penalty,BRA016
8159,14,Robson Fernandes,44,,BRA016
8159,14,Victor Luis,90+6,,BRA016
8160,14,Eduardo Pereira Rodrigues,24,,BRA033
8160,14,Giorgian De Arrascaeta,81,,BRA021
8161,14,Marcos Leonardo,30,,BRA040
8161,14,Stiven Mendoza,45+1,,BRA040
8161,14,Stiven Mendoza,90+4,Penalty,BRA040
8161,14,Guilherme,61,,BRA024
8161,14,Guilherme,40,Penalty,BRA024
8161,14,Marcos Leonardo,16,,BRA040
8161,14,João Magno,81,,BRA024
8162,14,Germán Cano,25,,BRA022
8162,14,Martinelli,40,,BRA022
8164,14,Yago Pikachu,84,,BRA023
8165,14,Carlos Alberto,88,,BRA009
8165,14,Carlos Eduardo de Oliveira Alves,75,,BRA009
8166,15,Carlos Eduardo de Oliveira Alves,48,,BRA009
8166,15,Leonel Di Plácido,60,,BRA009
8168,15,Deyverson,19,,BRA019
8170,15,Jonathan Calleri,45+1,,BRA042
8170,15,Marcos Leonardo,90+3,Penalty,BRA040
8170,15,David Corrêa da Fonseca,79,,BRA042
8170,15,Alexandre Pato,88,,BRA042
8170,15,Jonathan Calleri,22,Penalty,BRA042
8171,15,Erick Luis Conrado Carvalho,35,,BRA003
8171,15,Vitor Roque,24,,BRA003
8176,16,Richard Ríos,8,,BRA033
8176,16,Raphael Cavalcante Veiga,76,,BRA033
8176,16,Juan Martín Lucero,45,Penalty,BRA023
8176,16,Breno Lopes,90+6,,BRA033
8177,16,Victor Hugo,90+5,,BRA021
8177,16,Felipe Azevedo,84,,BRA001
8178,16,Isidro Pitta,78,,BRA019
8178,16,Nathan,90+9,,BRA042
8178,16,Clayson,66,Penalty,BRA019
8180,16,Ronald Falkoski,11,,BRA025
8183,16,João Magno,28,,BRA024
8182,16,Adryelson,87,,BRA009
8182,16,Marcos Leonardo,24,,BRA040
8182,16,Marcos Leonardo,81,,BRA040
8182,16,Tiquinho Soares,84,,BRA009
8184,16,Vitor Bueno,80,Penalty,BRA003
8184,16,Christian Roberto Alves Cardoso,71,,BRA003
8185,16,Robson Fernandes,24,Penalty,BRA016
8185,16,Diogo de Oliveira Barbosa,28,,BRA016
8186,17,Germán Cano,77,,BRA022
8187,17,Arthur Gomes,37,,BRA018
8187,17,Madson,41,,BRA003
8187,17,Wesley Ribeiro Silva,82,,BRA018
8187,17,Pablo Felipe Teixeira,78,,BRA003
8187,17,Fernandinho,87,Penalty,BRA003
8187,17,Arthur Gomes,8,,BRA018
8188,17,Deyverson,88,,BRA019
8188,17,Fabricio Bustos,16,,BRA028
8188,17,Raniele,44,,BRA019
8190,17,Luan Cândido,23,,BRA010
8190,17,Bruno Gonçalves,69,,BRA010
8190,17,Thiago Borbas,90+2,,BRA010
8189,17,Maycon de Andrade Barberan,19,,BRA015
8189,17,Yuri Alberto,62,,BRA015
8189,17,Gabriel Pec,71,,BRA044
8189,17,Róger Guedes,73,Penalty,BRA015
8191,17,Giorgian De Arrascaeta,80,,BRA021
8191,17,Wesley França,87,,BRA021
8191,17,Paulinho,33,,BRA005
8193,17,Rony,26,,BRA033
8193,17,Rony,59,,BRA033
8193,17,Nicolas,38,,BRA001
8193,17,Artur Victor Guimarães,53,,BRA033
8193,17,Murilo Cerqueira,18,,BRA033
8194,17,Gustavo Sauer,45+3,,BRA009
8194,17,Tiquinho Soares,36,,BRA009
8194,17,Tiquinho Soares,51,,BRA009
8194,17,Gustavo Sauer,3,,BRA009
8194,17,Bruno Gomes,9,,BRA016
8195,17,Matheus Babi,77,,BRA024
8195,17,André Henrique,90+3,,BRA025
8196,18,Marcos Leonardo,90+6,Penalty,BRA040
8196,18,Pablo Felipe Teixeira,30,,BRA003
8197,18,Tobias Figueiredo,53,Gol Contra,BRA024
8198,18,Luiz Adriano,90+9,,BRA028
8198,18,Renato Augusto,13,,BRA015
8198,18,Fábio Santos,86,Penalty,BRA015
8198,18,Bruno Henrique Corsini,17,,BRA028
8199,18,John Kennedy,59,,BRA022
8199,18,Jhon Arias,15,Penalty,BRA022
8199,18,Gustavo Gómez,90+6,,BRA033
8200,18,Pablo Vegetti,80,,BRA044
8201,18,Hulk,4,,BRA005
8201,18,Cristian Pavón,69,Penalty,BRA005
8202,18,Marcos Vinicios,19,,BRA010
8203,18,Cauly,60,,BRA007
8203,18,Rafael Ratão,69,,BRA007
8203,18,Gonzalo Mastriani,52,,BRA001
8203,18,Everaldo Stum,26,,BRA007
8205,18,Clayson,54,,BRA019
8205,18,Deyverson,80,,BRA019
8205,18,Matheus Alexandre Anastácio de Souza,46,,BRA019
8206,19,Maurício Magalhães Prado,18,,BRA028
8206,19,Nicolás Hernández,58,Gol Contra,BRA009
8206,19,João Victor Santos Sá,55,,BRA009
8206,19,Luis Henrique,73,,BRA009
8207,19,Paulinho,49,,BRA005
8208,19,Lucas Halter,34,,BRA024
8210,19,Germán Cano,19,,BRA022
8210,19,João Paulo Bitello,25,,BRA025
8210,19,Aldemir Ferreira,45+1,,BRA025
8209,19,Yuri Alberto,54,,BRA015
8209,19,Wesley Gassova,67,,BRA015
8209,19,Murillo,28,Gol Contra,BRA016
8209,19,Carlos Gilberto do Nascimento Silva,51,,BRA015
8211,19,João Basso,80,Gol Contra,BRA023
8211,19,Imanol Machuca,58,,BRA023
8211,19,Caio Alexandre,83,,BRA023
8211,19,Bruno Pacheco,90+1,,BRA023
8212,19,Lucas Moura,38,,BRA042
8212,19,Pedro,90+6,Penalty,BRA021
8213,19,José Manuel Alberto López,90+6,,BRA033
8214,19,Pablo Vegetti,32,Penalty,BRA044
8214,19,Gustavinho,45+8,,BRA010
8215,19,Bruno Zapelli,82,,BRA003
8215,19,Agustín Canobbio,45,,BRA003
8217,20,Thiago Galhardo,13,Penalty,BRA023
8218,20,Raphael Cavalcante Veiga,31,,BRA033
8218,20,Richard Ríos,66,,BRA033
8219,20,Germán Cano,65,,BRA022
8219,20,Jhon Arias,89,,BRA022
8219,20,Felipe Azevedo,52,,BRA001
8219,20,John Kennedy,58,,BRA022
8220,20,Gustavo Mosquito,90+8,,BRA015
8220,20,Rafael Elias,45,,BRA018
8221,20,Sergio Antonio De Luiz Junior,5,,BRA044
8223,20,Cauly,84,,BRA007
8223,20,Julio Cesar de Rezende Miranda,9,,BRA007
8223,20,Vitor Hugo Franchescoli de Souza,38,,BRA007
8223,20,Vinicius Mingotti,60,,BRA007
8224,20,Marcos Leonardo,63,,BRA040
8224,20,Julio Furch,90,,BRA040
8224,20,Franco Cristaldo,46,,BRA025
8222,20,Gerson Santos da Silva,90+4,,BRA021
8222,20,Gabriel Barbosa,19,Penalty,BRA021
8222,20,Edu,46,,BRA016
8222,20,Giorgian De Arrascaeta,31,,BRA021
8222,20,Robson Fernandes,15,Penalty,BRA016
8225,20,Alesson,81,,BRA024
8225,20,Vitor Roque,39,,BRA003
8227,21,Guilherme,59,Penalty,BRA024
8227,21,Maycon de Andrade Barberan,82,,BRA015
8228,21,Talisson de Almeida,83,,BRA010
8228,21,Thiago Borbas,55,,BRA010
8229,21,Diego Costa,4,,BRA009
8229,21,Diego Costa,52,,BRA009
8229,21,Luis Henrique,76,,BRA009
8231,21,Alexandre Pato,81,,BRA042
8231,21,Gonzalo Mastriani,61,,BRA001
8231,21,Rodrigo Varanda,90,,BRA001
8230,21,Paulinho,12,,BRA005
8230,21,Paulinho,67,,BRA005
8232,21,Raphael Cavalcante Veiga,65,,BRA033
8233,21,Benjamín Kuscevic,68,,BRA016
8233,21,Juan Martín Lucero,45+4,,BRA023
8233,21,Juan Martín Lucero,42,Penalty,BRA023
8233,21,Mário Sérgio Santos Costa,60,,BRA023
8234,21,João Neto,87,,BRA022
8234,21,Carlos de Menezes Júnior,13,,BRA003
8234,21,Vitor Roque,90+3,,BRA003
8234,21,Guga,76,,BRA022
8235,21,Luis Alberto Suárez,29,,BRA025
8235,21,Felipe Carballo,54,,BRA025
8235,21,Pepê,78,,BRA025
8237,22,Vitor Roque,78,,BRA003
8237,22,Paulinho,6,,BRA005
8238,22,Marlon Freitas,2,Gol Contra,BRA021
8238,22,João Victor Santos Sá,19,,BRA009
8238,22,Bruno Henrique,73,,BRA021
8239,22,Luis Alberto Suárez,30,,BRA025
8239,22,Rikelme,63,Gol Contra,BRA025
8241,22,Diogo Barbosa,90+2,,BRA022
8242,22,Ademir,45,,BRA007
8242,22,Pablo Vegetti,63,Penalty,BRA044
8244,22,Juninho,55,,BRA001
8244,22,Rodrigo Varanda,29,,BRA001
8246,23,Alex Paulo Menezes Santana,84,,BRA003
8246,23,Vitor Bueno,90+7,Penalty,BRA003
8246,23,Carlos de Menezes Júnior,27,,BRA003
8247,23,Fabricio Bustos,59,,BRA028
8247,23,Renê Rodrigues Martins,70,,BRA028
8247,23,Jonathan Calleri,45+4,Penalty,BRA042
8248,23,Bruno Rodrigues,70,,BRA018
8248,23,Nikão,89,,BRA018
8248,23,Matheus Jussa,41,,BRA018
8249,23,Pedro Henrique Silva dos Santos,33,,BRA015
8249,23,Juan Martín Lucero,26,,BRA023
8249,23,Yago Pikachu,90+4,,BRA023
8250,23,Thaciano,30,,BRA007
8250,23,Sebastián Gómez,2,,BRA016
8250,23,Ademir,34,,BRA007
8250,23,Andrey,90+4,,BRA016
8250,23,Gabriel Teixeira,74,,BRA007
8250,23,Rafael Ratão,11,,BRA007
8251,23,João Pedro Maturano dos Santos,20,Gol Contra,BRA010
8251,23,Vitor Hugo Naum dos Santos,45+1,,BRA010
8252,23,Wellington Alves da Silva,41,,BRA019
8252,23,Rodriguinho,11,,BRA001
8252,23,Felipe Azevedo,32,,BRA001
8252,23,Deyverson,35,Penalty,BRA019
8253,23,Breno Lopes,90+6,,BRA033
8254,23,Bruno Praxedes,23,,BRA044
8254,23,Marcelo Vieira da Silva Júnior,46,,BRA022
8254,23,Pablo Vegetti,50,,BRA044
8254,23,Lima,56,,BRA022
8254,23,Gabriel Pec,74,,BRA044
8254,23,Gabriel Pec,85,,BRA044
8255,23,Paulinho,81,,BRA005
8174,15,Nathan,21,,BRA025
8174,15,Lucas Veríssimo,45+4,,BRA015
8174,15,Franco Cristaldo,27,,BRA025
8174,15,Fábio Santos,45,Penalty,BRA015
8174,15,Yuri Alberto,45+6,,BRA015
8174,15,Everton,51,,BRA025
8174,15,Giuliano Victor de Paula,67,,BRA015
8174,15,Luis Alberto Suárez,58,,BRA025
8256,24,Marcos Leonardo,73,,BRA040
8256,24,Julio Furch,90+4,,BRA040
8256,24,Camilo Cándido,59,,BRA007
8257,24,Jadsom,36,,BRA010
8257,24,Lucas Evangelista,90+10,,BRA010
8259,24,Leo Fernández,67,,BRA022
8260,24,Juan Martín Lucero,53,Penalty,BRA023
8260,24,James Rodríguez,79,,BRA042
8260,24,José Welison,16,,BRA023
8261,24,Rossicley Pereira da Silva,34,,BRA044
8261,24,Sebastián Gómez,80,,BRA016
8261,24,Pablo Vegetti,50,,BRA044
8261,24,Pablo Vegetti,63,,BRA044
8261,24,Zé Gabriel,8,,BRA044
8261,24,Gabriel Pec,81,,BRA044
8262,24,Erick Luis Conrado Carvalho,24,,BRA003
8262,24,Alex Paulo Menezes Santana,90,,BRA003
8262,24,Carlos de Pena,36,,BRA028
8263,24,João Pedro Maturano dos Santos,9,,BRA025
8264,24,Carlos Gilberto do Nascimento Silva,59,,BRA015
8265,24,Paulinho,42,,BRA005
8175,15,Jair Rodrigues Júnior,90+1,,BRA044
8245,22,Luciano da Rocha Neves,45+13,Penalty,BRA042
8245,22,Alan Franco,30,,BRA042
8245,22,Islam Slimani,45+6,,BRA016
8266,25,Pedro,61,Penalty,BRA021
8267,25,Thiago Galhardo,44,Penalty,BRA023
8267,25,Luis Alberto Suárez,80,,BRA025
8268,25,Jonathan Calleri,40,,BRA042
8268,25,Jonathan Calleri,45+2,,BRA042
8268,25,Ángel Romero,3,,BRA015
8269,25,Alan Empereur,64,,BRA019
8269,25,Fernando Sobral,87,,BRA019
8269,25,Clayson,57,,BRA019
8270,25,Hulk,73,,BRA005
8270,25,Igor Gomes,81,,BRA005
8271,25,Luciano Castán,21,,BRA018
8271,25,Martín Benítez,28,,BRA001
8273,25,Marcos Leonardo,45+3,,BRA040
8273,25,Tomás Rincón,45+1,,BRA040
8273,25,Yeferson Soteldo,75,,BRA040
8273,25,Pablo Vegetti,31,,BRA044
8273,25,Marcos Leonardo,15,Penalty,BRA040
8272,25,Victor Luis,14,,BRA016
8272,25,Islam Slimani,45+3,,BRA016
8274,25,Eric dos Santos Rodrigues,90,,BRA010
8274,25,Eduardo Sasha,61,Penalty,BRA010
8274,25,Endrick,15,,BRA033
8275,25,Tiquinho Soares,52,,BRA009
8275,25,Lucas Halter,27,,BRA024
8276,26,Guilherme,27,,BRA024
8276,26,Everaldo Stum,37,,BRA007
8276,26,Gabriel Teixeira,90+5,,BRA007
8276,26,Matheus Babi,45+4,,BRA024
8276,26,Everaldo Stum,53,,BRA007
8276,26,Guilherme,45+2,Penalty,BRA024
8276,26,João Magno,50,,BRA024
8276,26,Gilberto Moraes Júnior,18,,BRA007
8276,26,Everaldo Stum,15,,BRA007
8276,26,Rafael Ratão,56,,BRA007
8278,26,Gerson Santos da Silva,54,,BRA021
8278,26,Fábio Santos,79,Penalty,BRA015
8279,26,Alan Patrick,70,,BRA028
8279,26,João Pedro Maturano dos Santos,67,,BRA025
8279,26,Enner Valencia,6,,BRA028
8279,26,Luis Alberto Suárez,74,,BRA025
8279,26,Wanderson,49,,BRA028
8281,26,Júnior Santos,20,,BRA009
8281,26,Tiquinho Soares,22,,BRA009
8280,26,Tomás Rincón,45+1,,BRA040
8280,26,Marcos Leonardo,70,,BRA040
8280,26,José Rafael Vivian,43,,BRA033
8282,26,Pablo Felipe Teixeira,40,,BRA003
8282,26,Eric dos Santos Rodrigues,34,,BRA010
8283,26,Islam Slimani,90+1,,BRA016
8283,26,Hulk,59,,BRA005
8283,26,Matheus Bianqui,64,,BRA016
8284,26,Gonzalo Mastriani,23,,BRA001
8284,26,Juan Martín Lucero,31,,BRA023
8284,26,Imanol Machuca,56,,BRA023
8284,26,Bruno Pacheco,68,,BRA023
8284,26,Gonzalo Mastriani,18,Penalty,BRA001
8286,27,Lucas Besozzi,7,,BRA025
8286,27,Bruno Zapelli,38,,BRA003
8286,27,Kaique Rocha,90+4,,BRA003
8287,27,Deyverson,24,,BRA019
8287,27,Isidro Pitta,82,,BRA019
8287,27,Raniele,88,,BRA019
8288,27,Júnior Santos,22,,BRA009
8288,27,Júnior Santos,50,,BRA009
8288,27,Martín Benítez,39,,BRA001
8289,27,Hugo,10,,BRA024
8289,27,Everton Morelli,45+5,,BRA024
8291,27,Dimitri Payet,58,,BRA044
8290,27,Gabriel Teixeira,44,,BRA007
8293,27,Ayrton Lucas Dantas de Medeiros,39,,BRA021
8293,27,Pedro,44,Penalty,BRA021
8292,27,Hulk,2,,BRA005
8292,27,Paulinho,76,,BRA005
8294,27,Léo Ortiz,86,Gol Contra,BRA040
8294,27,Eduardo Sasha,9,,BRA010
8294,27,Eduardo Sasha,29,Penalty,BRA010
8294,27,Eric dos Santos Rodrigues,47,,BRA010
8295,27,Lima,56,,BRA022
8295,27,Jhon Arias,84,,BRA022
8295,27,Yuri Alberto,10,,BRA015
8295,27,Fábio Santos,32,Penalty,BRA015
8295,27,Lima,22,,BRA022
8295,27,Yuri Alberto,27,,BRA015
8296,28,Clayson,46,,BRA019
8296,28,Guilherme,45+8,Penalty,BRA024
8297,28,Michel Araújo,21,,BRA042
8297,28,Pablo Maia,68,,BRA042
8297,28,Luciano da Rocha Neves,90+7,,BRA042
8298,28,Kanu,22,,BRA007
8298,28,Rafael Ratão,90+6,,BRA007
8300,28,Jemerson de Jesus Nascimento,87,Gol Contra,BRA018
8301,28,Gerson Santos da Silva,76,,BRA021
8302,28,Wanderson,39,,BRA028
8302,28,Alan Patrick,14,,BRA028
8302,28,Fabricio Bustos,54,,BRA028
8302,28,Kevyson,1,Gol Contra,BRA028
8302,28,Enner Valencia,27,,BRA028
8302,28,Luiz Adriano,75,,BRA028
8302,28,Enner Valencia,61,,BRA028
8302,28,Maximiliano Silvera,80,,BRA040
8303,28,Eduardo Sasha,17,Penalty,BRA010
8305,28,Giuliano Victor de Paula,90+9,,BRA015
8305,28,Martín Benítez,38,,BRA001
8304,28,Gustavo Gómez,33,,BRA033
8304,28,Joaquín Piquerez,45+3,,BRA033
8299,28,Tiquinho Soares,24,,BRA009
8299,28,Pablo Felipe Teixeira,41,,BRA003
8306,29,Talisson de Almeida,84,,BRA010
8306,29,Igor Gomes,80,,BRA005
8306,29,Hulk,36,Penalty,BRA005
8307,29,Vitor Bueno,45+3,,BRA003
8307,29,Gonzalo Mastriani,12,,BRA001
8307,29,Erick Luis Conrado Carvalho,28,,BRA003
8307,29,Emmanuel Martínez,77,,BRA001
8307,29,Pablo Felipe Teixeira,45,,BRA003
8308,29,Jhon Arias,37,,BRA022
8308,29,Matheus Babi,13,,BRA024
8308,29,Jhon Arias,47,,BRA022
8308,29,Julián Palacios,68,,BRA024
8308,29,Keno,62,,BRA022
8308,29,Keno,53,Penalty,BRA022
8308,29,Felipe Melo,17,,BRA022
8308,29,Allano,5,,BRA024
8310,29,Breno Lopes,16,,BRA033
8310,29,Breno Lopes,26,,BRA033
8310,29,Joaquín Piquerez,87,,BRA033
8310,29,Marcos Rocha,84,,BRA033
8310,29,Joaquín Piquerez,45+7,Penalty,BRA033
8309,29,Marlon Rodrigues Xavier,53,,BRA018
8309,29,Kanu,19,Gol Contra,BRA018
8309,29,Bruno Rodrigues,88,,BRA018
8311,29,Aldemir Ferreira,76,,BRA025
8311,29,Luiz Araújo,89,,BRA021
8311,29,Nathan Fernandes,81,,BRA025
8311,29,André Henrique,86,,BRA025
8311,29,Everton Cebolinha,42,,BRA021
8312,29,Ángel Romero,77,,BRA015
8313,29,Enner Valencia,59,,BRA028
8313,29,Alex Teixeira,84,,BRA044
8313,29,Maurício Magalhães Prado,20,,BRA028
8314,29,Matheus Bianqui,4,Gol Contra,BRA040
8314,29,Robson Fernandes,11,Penalty,BRA016
8314,29,Marcos Leonardo,73,,BRA040
8317,30,Gonzalo Mastriani,49,,BRA001
8317,30,Everton,20,,BRA025
8317,30,Reinaldo Manoel da Silva,17,Penalty,BRA025
8317,30,Rodriguinho,3,,BRA001
8317,30,Luis Alberto Suárez,71,,BRA025
8317,30,Gonzalo Mastriani,35,,BRA001
8317,30,Franco Cristaldo,78,,BRA025
8316,30,Raphael Cavalcante Veiga,38,,BRA033
8318,30,Paulinho,62,,BRA005
8318,30,Paulinho,83,,BRA005
8319,30,Pablo Felipe Teixeira,7,,BRA003
8319,30,Pablo Maia,10,,BRA042
8320,30,Matheus Babi,90+2,,BRA024
8320,30,Pablo Vegetti,58,,BRA044
8321,30,Maurício Garcez,28,,BRA016
8321,30,Robson Fernandes,90,Penalty,BRA016
8321,30,Matheus Bianqui,45+4,,BRA016
8321,30,Bruno Henrique Corsini,83,,BRA028
8321,30,Alan Patrick,43,Penalty,BRA028
8321,30,Enner Valencia,90+12,,BRA028
8321,30,Robson Fernandes,70,Penalty,BRA016
8322,30,Stiven Mendoza,90+9,Penalty,BRA040
8322,30,Jean Lucas Oliveira,57,Gol Contra,BRA015
8323,30,Isidro Pitta,52,,BRA019
8326,31,Everaldo Stum,40,,BRA007
8327,31,Enner Valencia,15,,BRA028
8327,31,Marlon,74,,BRA001
8328,31,Yuri Alberto,64,,BRA015
8330,31,Gustavo Nonato,33,,BRA040
8330,31,Joaquim Henrique,89,,BRA040
8330,31,Pedro,21,,BRA021
8329,31,Mathías Villasanti,27,,BRA025
8329,31,Aldemir Ferreira,83,,BRA025
8329,31,Robson Fernandes,60,Penalty,BRA016
8331,31,Juan Martín Lucero,44,,BRA023
8331,31,Paulinho,16,,BRA005
8331,31,Paulinho,56,,BRA005
8331,31,Hulk,61,Penalty,BRA005
8332,31,Endrick,49,,BRA033
8332,31,Carlos Eduardo de Oliveira Alves,21,,BRA009
8332,31,Endrick,84,,BRA033
8332,31,Danilo Neves,30,,BRA009
8332,31,José Manuel Alberto López,89,,BRA033
8332,31,Júnior Santos,36,,BRA009
8332,31,Murilo Cerqueira,90+9,,BRA033
8333,31,Gabriel Pec,57,,BRA044
8333,31,Luca Orellano,90+10,,BRA044
8334,31,Thiago Borbas,45,,BRA010
8334,31,Talisson de Almeida,90,,BRA010
8335,31,Luciano da Rocha Neves,84,,BRA042
8336,32,Luis Alberto Suárez,70,,BRA025
8337,32,Gonzalo Mastriani,66,,BRA001
8337,32,Paulinho,80,,BRA005
8338,32,Endrick,6,,BRA033
8339,32,Bruno Rodrigues,90+2,Penalty,BRA018
8339,32,Maurício Magalhães Prado,14,,BRA028
8339,32,Wanderson,52,,BRA028
8341,32,Pedro,45,,BRA021
8341,32,Luiz Araújo,87,,BRA021
8340,32,Hélio Junio Nunes de Castro,29,,BRA010
8342,32,Raphael Guzzo,70,,BRA024
8343,32,Paulo,29,,BRA044
8347,33,Bruno Gomes,22,,BRA016
8347,33,Marcelino Moreno,35,,BRA016
8347,33,Robson Fernandes,69,,BRA016
8348,33,Willian Gomes de Siqueira,57,,BRA003
8348,33,Guilherme,54,,BRA023
8349,33,Erison Danilo de Souza,90+3,Penalty,BRA042
8350,33,Giorgian De Arrascaeta,29,,BRA021
8350,33,Pedro,18,,BRA021
8350,33,Pedro,64,,BRA021
8351,33,Julio Furch,87,,BRA040
8352,33,Ángel Romero,23,,BRA015
8352,33,Paulinho,67,,BRA005
8354,33,Marlon Freitas,46,,BRA009
8354,33,Luis Alberto Suárez,69,,BRA025
8354,33,Everton,9,,BRA025
8354,33,Diego Costa,6,,BRA009
8354,33,Luis Alberto Suárez,50,,BRA025
8354,33,Júnior Santos,29,,BRA009
8354,33,Luis Alberto Suárez,53,,BRA025
8353,33,Isidro Pitta,77,,BRA019
8353,33,Ronald,90+8,,BRA019
8353,33,Deyverson,22,Penalty,BRA019
8356,34,Robson Fernandes,90+1,,BRA016
8357,34,Giorgian De Arrascaeta,45+2,,BRA021
8357,34,Yony González,62,,BRA022
8358,34,Endrick,59,,BRA033
8358,34,Rony,88,,BRA033
8358,34,José Rafael Vivian,38,,BRA033
8359,34,João Victor Santos Sá,35,,BRA009
8359,34,Carlos Eduardo de Oliveira Alves,37,,BRA009
8359,34,Thiago Borbas,3,,BRA010
8359,34,Thiago Borbas,90+6,,BRA010
8360,34,Ángel Romero,32,,BRA015
8362,34,Dimitri Payet,90+4,,BRA044
8362,34,Gonzalo Mastriani,13,,BRA001
8362,34,Pablo Vegetti,4,,BRA044
8363,34,Hulk,41,Penalty,BRA005
8363,34,Guilherme Arana,70,,BRA005
8363,34,Dodô,88,,BRA024
8365,34,Deyverson,6,,BRA019
8365,34,Yago Pikachu,90+8,,BRA023
8365,34,Isidro Pitta,90+2,Penalty,BRA019
8364,34,Agustín Canobbio,87,,BRA003
8364,34,Everaldo Stum,73,Penalty,BRA007
8324,30,Bruno Rodrigues,80,,BRA018
8345,32,Germán Cano,54,,BRA022
8355,33,Arthur Gomes,41,,BRA018
8355,33,José Luis Rodríguez Bebanz,15,,BRA044
8355,33,Bruno Rodrigues,45+9,Penalty,BRA018
8355,33,Gabriel Pec,77,,BRA044
8315,29,Danilo Barbosa da Silva,78,,BRA009
8315,29,Emanuel Brítez,20,Gol Contra,BRA009
8315,29,Yago Pikachu,8,,BRA023
8315,29,Guilherme,41,,BRA023
8325,30,Giorgian De Arrascaeta,75,,BRA021
8366,35,Julio Cesar de Rezende Miranda,4,,BRA007
8366,35,Thaciano,85,Penalty,BRA007
8366,35,Cauly,16,,BRA007
8366,35,Ademir,75,,BRA007
8366,35,Renato Augusto,67,,BRA015
8366,35,Thaciano,29,Penalty,BRA007
8368,35,John Kennedy,63,,BRA022
8368,35,Jesé Rodríguez,90,,BRA016
8368,35,Germán Cano,45+1,,BRA022
8369,35,Hulk,58,,BRA005
8369,35,Guilherme Arana,25,,BRA005
8369,35,Matías Zaracho,50,,BRA005
8370,35,Danilo Barbosa da Silva,11,,BRA009
8370,35,Messias Rodrigues da Silva Júnior,90,,BRA040
8373,35,Enner Valencia,30,Penalty,BRA028
8371,35,Pedro,50,,BRA021
8371,35,Éverton Ribeiro,85,,BRA021
8371,35,Everton Cebolinha,29,,BRA021
8374,35,Raphael Cavalcante Veiga,66,,BRA033
8374,35,José Rafael Vivian,77,,BRA033
8374,35,Thiago Galhardo,20,,BRA023
8374,35,Calebe Gonçalves Ferreira da Silva,70,,BRA023
8375,35,Robert,90+6,,BRA018
8376,36,Pablo Vegetti,25,,BRA044
8376,36,Giovane,90+4,,BRA015
8376,36,Ángel Romero,13,,BRA015
8376,36,Ángel Romero,45,,BRA015
8376,36,José Luis Rodríguez Bebanz,3,,BRA044
8376,36,Gabriel Moscardo,61,,BRA015
8377,36,Martinelli,10,,BRA022
8377,36,Jhon Arias,36,,BRA022
8377,36,Germán Cano,59,,BRA022
8378,36,Paulinho,8,,BRA005
8378,36,Edenílson Andrade dos Santos,47,,BRA005
8378,36,Rubens,82,,BRA005
8380,36,Enner Valencia,52,,BRA028
8380,36,Pedro Henrique Konzen,89,,BRA028
8379,36,Caio Paulista,90+7,,BRA042
8381,36,Edu,90+9,,BRA016
8381,36,Tiquinho Soares,90+7,Penalty,BRA009
8382,36,José Manuel Alberto López,88,,BRA033
8382,36,José Manuel Alberto López,90+2,,BRA033
8382,36,Éder,40,Gol Contra,BRA033
8382,36,Endrick,2,,BRA033
8383,36,Everton Morelli,28,,BRA024
8383,36,Aldemir Ferreira,50,,BRA025
8383,36,Franco Cristaldo,56,,BRA025
8384,36,Matheus Pereira,84,,BRA018
8384,36,Vitor Roque,65,,BRA003
8385,36,Yago Pikachu,14,,BRA023
8385,36,Calebe Gonçalves Ferreira da Silva,23,,BRA023
8385,36,Eduardo Sasha,45+3,,BRA010
8386,37,Wanderson,66,,BRA028
8386,37,Ángel Romero,57,,BRA015
8386,37,Maurício Magalhães Prado,35,,BRA028
8387,37,Luciano da Rocha Neves,90+1,Penalty,BRA042
8387,37,Hulk,77,,BRA005
8387,37,Paulinho,90+4,,BRA005
8388,37,Pedro,45+4,,BRA021
8388,37,Clayson,79,Penalty,BRA019
8388,37,Luiz Araújo,6,,BRA021
8389,37,Breno Lopes,30,,BRA033
8391,37,Renato Marques,47,,BRA001
8391,37,Ademir,57,,BRA007
8391,37,Everaldo Stum,26,Penalty,BRA007
8391,37,Ricardo Silva,29,,BRA001
8391,37,Renato Marques,38,,BRA001
8392,37,Guilherme,6,,BRA023
8393,37,Léo Ortiz,75,,BRA010
8395,37,Vitor Bueno,45+6,,BRA003
8395,37,Madson,75,,BRA003
8395,37,Willian Gomes de Siqueira,90+3,,BRA003
8394,37,Luis Alberto Suárez,46,,BRA025
8396,38,Luis Felipe Oyama,33,,BRA024
8397,38,Janderson,47,,BRA009
8397,38,Enner Valencia,19,,BRA028
8397,38,Alan Patrick,50,,BRA028
8397,38,Pedro Henrique Konzen,53,,BRA028
8398,38,Fausto Vera,11,,BRA015
8398,38,Ángel Romero,21,,BRA015
8399,38,Luis Alberto Suárez,64,Penalty,BRA025
8399,38,Luis Alberto Suárez,43,,BRA025
8399,38,Everton,45,,BRA025
8399,38,Jhon Arias,34,Penalty,BRA022
8399,38,John Kennedy,81,,BRA022
8400,38,Nikão,80,,BRA018
8400,38,Endrick,21,,BRA033
8401,38,Cauly,11,,BRA007
8401,38,Paulinho,36,,BRA005
8401,38,Luciano Juba,45+7,,BRA007
8401,38,Thaciano,67,,BRA007
8401,38,Ademir,90+2,,BRA007
8402,38,Clayson,13,Penalty,BRA019
8402,38,Clayson,90+6,,BRA019
8402,38,Derik Lacerda,17,,BRA019
8403,38,Mário Sérgio Santos Costa,39,,BRA023
8403,38,Juan Martín Lucero,90+6,,BRA023
8403,38,Messias Rodrigues da Silva Júnior,58,,BRA040
8404,38,Luciano da Rocha Neves,26,,BRA042
8405,38,Sergio Antonio De Luiz Junior,82,,BRA044
8405,38,Léo Ortiz,63,,BRA010
8405,38,Paulinho,29,,BRA044
8406,1,Gabriel Teixeira,70,,BRA007
8406,1,Wesley Ribeiro Silva,72,,BRA028
8406,1,Fernando Reges,83,,BRA028
8407,1,Renato Kayzer,36,,BRA017
8407,1,Jean Carlos,64,,BRA031
8408,1,Lima,68,,BRA022
8408,1,Eduardo Sasha,47,,BRA010
8408,1,Thiago Borbas,52,,BRA010
8408,1,Lima,45+4,,BRA022
8409,1,Juan Martín Lucero,66,,BRA023
8409,1,Imanol Machuca,80,,BRA023
8409,1,André Silva,84,,BRA042
8411,1,Gonzalo Mastriani,81,,BRA003
8411,1,Pablo Felipe Teixeira,23,,BRA003
8411,1,Agustín Canobbio,37,,BRA003
8411,1,Leonardo Godoy,39,,BRA003
8410,1,Gustavo Martins,68,,BRA025
8410,1,David Corrêa da Fonseca,24,,BRA044
8410,1,Mateus Carvalho,37,,BRA044
8412,1,Luiz Fernando Moraes dos Santos,63,,BRA004
8412,1,Pedro,90+13,Penalty,BRA021
8412,1,Nicolás de la Cruz,45+6,,BRA021
8414,1,Rafael da Silva,64,,BRA018
8414,1,Rafael Elias,90+1,,BRA018
8414,1,Tiquinho Soares,5,,BRA009
8414,1,Lucas Silva Borges,20,,BRA018
8414,1,Danilo Barbosa da Silva,83,,BRA009
8415,1,Richard Ríos,20,,BRA033
8416,2,Caio Alexandre,34,,BRA007
8416,2,Cauly,61,,BRA007
8416,2,Germán Cano,4,,BRA022
8418,2,Yeferson Soteldo,51,,BRA025
8418,2,Franco Cristaldo,19,,BRA025
8417,2,Ignacio Laquintana,7,,BRA010
8417,2,Vitor Hugo Naum dos Santos,78,,BRA010
8417,2,Pablo Vegetti,63,,BRA044
8421,2,Gustavo Scarpa,40,,BRA005
8421,2,Matheus Leonardo Sales Cardoso,84,,BRA017
8419,2,Hércules,19,,BRA023
8419,2,Mateus Vital,89,,BRA018
8422,2,Jean Carlos,53,,BRA031
8422,2,Lucas Barbosa,59,,BRA031
8420,2,Wesley Ribeiro Silva,45,,BRA028
8423,2,Luiz Araújo,20,,BRA021
8423,2,Nicolás de la Cruz,54,,BRA021
8423,2,Aldemir Ferreira,79,,BRA042
8424,2,Mateo Ponte,32,,BRA009
8426,3,Paulo Henrique Ganso,10,,BRA022
8426,3,Martinelli,53,,BRA022
8426,3,Pablo Vegetti,55,,BRA044
8428,3,Franco Cristaldo,44,,BRA025
8427,3,Vitor Hugo Naum dos Santos,5,,BRA010
8429,3,Matías Zaracho,25,,BRA005
8429,3,Paulinho,35,,BRA005
8429,3,Guilherme Arana,45+2,,BRA005
8431,3,Matheus Martins Fogaça de Paulo,20,,BRA045
8431,3,Wagner Leonardo,57,,BRA045
8431,3,Gabriel Teixeira,69,,BRA007
8431,3,Everaldo Stum,72,,BRA007
8432,3,Agustín Canobbio,71,,BRA003
8434,3,Luciano da Rocha Neves,52,Penalty,BRA042
8434,3,Jonathan Calleri,14,,BRA042
8434,3,Aldemir Ferreira,76,,BRA042
8433,3,Jacob Montes,80,,BRA009
8433,3,Júnior Santos,4,,BRA009
8433,3,Danilo Boza,85,,BRA031
8433,3,Danilo Barbosa da Silva,53,,BRA009
8433,3,Tiquinho Soares,9,Penalty,BRA009
8433,3,Jefferson Savarino,61,,BRA009
8436,4,Yannick Bolasie,55,,BRA017
8436,4,Higor Meritão,69,,BRA017
8436,4,Fellipe Mateus,32,,BRA017
8436,4,Fellipe Mateus,47,,BRA017
8437,4,Paulinho,78,Penalty,BRA005
8437,4,Eduardo Vargas,28,,BRA005
8437,4,Gustavo Scarpa,61,,BRA005
8438,4,Everaldo Stum,17,,BRA007
8439,4,Luiz Henrique,53,,BRA009
8439,4,Jefferson Savarino,90+3,,BRA009
8441,4,Lucas Silva Borges,52,Gol Contra,BRA045
8441,4,Arthur Gomes,75,,BRA018
8441,4,Matheus Pereira,50,,BRA018
8441,4,Rafael da Silva,58,,BRA018
8440,4,Wesley Gassova Ribeiro Teixeira,45+2,,BRA015
8440,4,Cacá,47,,BRA015
8440,4,Wesley Gassova Ribeiro Teixeira,40,,BRA015
8442,4,Kervin Andrade,9,,BRA023
8442,4,Eduardo Sasha,40,,BRA010
8443,4,Nikão,73,,BRA003
8443,4,Erick Farias,8,,BRA031
8444,4,Rafael Santos Borré,55,,BRA028
8444,4,Derek,50,,BRA004
8446,5,Renato Augusto,61,,BRA022
8446,5,Eduardo Vargas,73,,BRA005
8446,5,Eduardo Vargas,79,,BRA005
8446,5,Germán Cano,4,,BRA022
8447,5,Bruno Henrique,79,,BRA021
8447,5,Pedro Henrique Ribeiro Gonçalves,30,,BRA010
8449,5,Erick Luis Conrado Carvalho,26,,BRA003
8450,5,Luciano da Rocha Neves,45,,BRA042
8450,5,Luciano da Rocha Neves,53,,BRA042
8450,5,Nahuel Ferraresi,84,,BRA042
8450,5,Willian,49,,BRA045
8451,5,Rafael Ratão,86,,BRA007
8451,5,Everaldo Stum,45+3,Penalty,BRA007
8451,5,Jefferson Ruan Pereira dos Santos,63,,BRA009
8452,5,Lázaro Vinícius,45+1,,BRA033
8452,5,Estêvão,71,Penalty,BRA033
8456,6,Pedro,20,,BRA021
8456,6,Lorran Lucas Pereira de Souza,63,,BRA021
8459,6,Tomás Pochettino,10,,BRA023
8459,6,Danilo Barbosa da Silva,41,,BRA009
8457,6,Pablo Felipe Teixeira,45+9,,BRA003
8457,6,Gustavo Gómez,59,Gol Contra,BRA003
8458,6,Matheus Pereira,81,,BRA018
8460,6,Maicon Pereira Roque,50,,BRA044
8460,6,Pablo Vegetti,56,,BRA044
8460,6,Iury Lirio Freitas de Castilho,89,,BRA045
8461,6,Thaciano,37,,BRA007
8462,6,Damián Bobadilla,32,,BRA042
8462,6,Robert Arboleda,84,,BRA042
8462,6,Igor Vinícius,28,Gol Contra,BRA022
8467,7,Gabriel Baralhas,69,,BRA004
8467,7,Vágner Love,42,,BRA004
8466,7,Luan Cândido,60,Penalty,BRA010
8466,7,Eric dos Santos Rodrigues,3,,BRA010
8468,7,Jadson,67,,BRA031
8468,7,Marcelo Vieira da Silva Júnior,42,Penalty,BRA022
8469,7,Hugo Mallo,69,,BRA028
8470,7,Júnior Santos,59,,BRA009
8471,7,Pablo Vegetti,9,,BRA044
8471,7,Giorgian De Arrascaeta,52,,BRA021
8471,7,Everton Cebolinha,28,,BRA021
8471,7,Bruno Henrique,74,,BRA021
8471,7,Pedro,33,,BRA021
8471,7,Gabriel Barbosa,89,,BRA021
8471,7,David Luiz,43,,BRA021
8472,7,Ademir,70,,BRA007
8472,7,Hulk,62,,BRA005
8473,7,Matheus Leonardo Sales Cardoso,68,,BRA017
8473,7,Lázaro Vinícius,90+2,,BRA033
8473,7,Gustavo Gómez,67,Penalty,BRA033
8474,7,Jonathan Calleri,48,,BRA042
8474,7,Lucas Moura,5,,BRA042
8475,7,Benjamín Kuscevic,45,,BRA023
8453,5,Lucas Barbosa,38,,BRA031
8463,6,Isidro Pitta,16,,BRA019
8463,6,Ramon Ramos Lima,90+5,,BRA019
8463,6,Clayson,23,,BRA019
8463,6,Matheus Leonardo Sales Cardoso,63,,BRA017
8463,6,Clayson,35,,BRA019
8463,6,Tobias Figueiredo,65,,BRA017
8463,6,Max Alves,46,,BRA019
8476,8,Shaylon,90+2,Penalty,BRA004
8476,8,Yuri Alberto,15,,BRA015
8476,8,Yuri Alberto,62,,BRA015
8476,8,Cacá,66,Gol Contra,BRA004
8477,8,Rodrigo Sam,34,,BRA031
8477,8,Willian,42,,BRA045
8478,8,Bastos,66,,BRA009
8479,8,Matías Zaracho,42,,BRA005
8479,8,Paulinho,44,,BRA005
8479,8,Lucas Evangelista,25,,BRA010
8480,8,Isidro Pitta,64,Penalty,BRA019
8480,8,Matheus Pereira,45+1,,BRA018
8480,8,Rafael da Silva,67,,BRA018
8481,8,Gonzalo Mastriani,23,,BRA003
8481,8,Gonzalo Mastriani,54,,BRA003
8481,8,Tomás Cuello,79,,BRA003
8481,8,Gustavo Bonatto Barreto,8,,BRA017
8483,8,Luiz Araújo,42,,BRA021
8483,8,Luiz Araújo,67,,BRA021
8483,8,Edenílson Andrade dos Santos,90+6,,BRA025
8485,8,Joaquín Piquerez,26,,BRA033
8485,8,Rony,56,,BRA033
8484,8,Jean Lucas Oliveira,80,,BRA007
8486,9,Luis Mandaca,25,,BRA031
8486,9,Hélio Junio Nunes de Castro,2,,BRA010
8486,9,Hélio Junio Nunes de Castro,82,,BRA010
8487,9,Paulo Henrique Ganso,41,,BRA022
8487,9,Luiz Fernando Moraes dos Santos,71,,BRA004
8487,9,Mateo Zuleta,90+5,,BRA004
8490,9,Evertton Araújo,90+9,,BRA021
8490,9,Fernandinho,90+2,Penalty,BRA003
8488,9,Cacá,41,Gol Contra,BRA042
8488,9,Igor Coronado,31,,BRA015
8488,9,Gustavo Mosquito,45+3,,BRA015
8488,9,Lucas Moura,4,,BRA042
8489,9,Wesley Ribeiro Silva,82,,BRA028
8489,9,Wagner Leonardo,90+12,Penalty,BRA045
8489,9,Willian,8,,BRA045
8494,9,Isidro Pitta,45+8,,BRA019
8494,9,Fernando Sobral,54,Penalty,BRA019
8494,9,Clayson,3,,BRA019
8494,9,Ramon Ramos Lima,11,,BRA019
8494,9,Jonathan Cafú,37,,BRA019
8493,9,Júnior Santos,57,,BRA009
8493,9,Gustavo Nunes,21,,BRA025
8493,9,Cuiabano,10,,BRA009
8492,9,Everaldo Stum,56,,BRA007
8492,9,Caio Alexandre,72,,BRA007
8492,9,Marcelo Hermes,34,,BRA017
8492,9,Arthur Caike do Nascimento Cruz,46,,BRA017
8495,9,Aníbal Moreno,25,,BRA033
8495,9,Joaquín Piquerez,60,Penalty,BRA033
8495,9,Estêvão,61,,BRA033
8495,9,José Manuel Alberto López,90+5,,BRA033
8496,10,Bastos,90+8,,BRA009
8496,10,Gonzalo Mastriani,53,,BRA003
8497,10,Miguel Trauco,90+13,,BRA017
8497,10,Guilherme Romão,11,,BRA004
8497,10,Newton,60,,BRA017
8500,10,Juan Martín Lucero,42,Penalty,BRA023
8498,10,Eliel,82,,BRA019
8499,10,Lucas Barbosa,52,,BRA031
8499,10,Jean Carlos,90+8,,BRA031
8501,10,William de Asevedo Furtado,90+3,,BRA018
8501,10,William de Asevedo Furtado,41,Penalty,BRA018
8502,10,Wesley Ribeiro Silva,42,,BRA028
8503,10,Willian,66,,BRA045
8503,10,Gustavo Scarpa,14,Penalty,BRA005
8503,10,Erick Castillo,76,,BRA045
8503,10,Matheus Martins Fogaça de Paulo,8,,BRA045
8503,10,Brahian Palacios,88,,BRA005
8503,10,Willian,44,,BRA045
8504,10,David Luiz,90+4,,BRA021
8504,10,Everaldo Stum,35,,BRA007
8504,10,Gerson Santos da Silva,24,,BRA021
8505,10,Matheus Fernandes,49,,BRA010
8505,10,Raphael Veiga,21,,BRA033
8505,10,Rony,55,,BRA033
8506,11,Gustavo Bonatto Barreto,10,,BRA017
8506,11,Arthur Caike do Nascimento Cruz,84,,BRA017
8506,11,Lucas Halter,55,,BRA009
8507,11,Gustavo Martins,64,Gol Contra,BRA028
8509,11,Guilherme Estrella,45+3,,BRA044
8509,11,Leandrinho,80,,BRA044
8509,11,Alan Franco,33,Gol Contra,BRA044
8509,11,David Corrêa da Fonseca,90+3,,BRA044
8509,11,André Silva,10,,BRA042
8511,11,Christian Roberto Alves Cardoso,45,,BRA003
8511,11,Cacá,90+2,,BRA015
8512,11,Pedro,86,Penalty,BRA021
8510,11,Thaciano,45+9,,BRA007
8510,11,Gabriel Veron,14,,BRA018
8510,11,Óscar Estupiñán,78,,BRA007
8510,11,Óscar Estupiñán,90+7,,BRA007
8510,11,Gabriel Teixeira,90+1,,BRA007
8514,11,Paulinho,58,,BRA005
8514,11,Breno Lopes,25,,BRA023
8515,11,José Manuel Alberto López,49,,BRA033
8515,11,Estêvão,75,,BRA033
8515,11,Mayke,83,,BRA033
8515,11,Erick Farias,64,,BRA031
8513,11,Hélio Junio Nunes de Castro,66,,BRA010
8513,11,Jean Mota Oliveira de Souza,17,,BRA045
8513,11,Eric dos Santos Rodrigues,45+3,,BRA010
8516,12,Carlos Eduardo de Oliveira Alves,21,,BRA009
8516,12,Carlos Eduardo de Oliveira Alves,52,,BRA009
8516,12,Lucas Evangelista,6,,BRA010
8517,12,Vitinho,90+1,,BRA018
8517,12,Gabriel Veron,15,,BRA018
8518,12,Luiz Felipe,72,,BRA004
8518,12,Reinaldo Manoel da Silva,82,,BRA025
8520,12,Lucas Barbosa,26,,BRA031
8520,12,Luis Mandaca,87,,BRA031
8520,12,Pedro,19,,BRA021
8519,12,Marllon Borges,5,,BRA019
8519,12,Matheus Bidu,86,,BRA015
8521,12,Thaciano,7,,BRA007
8521,12,Óscar Estupiñán,85,,BRA007
8521,12,Paulo,20,,BRA044
8523,12,Bruno Pacheco,69,,BRA023
8523,12,Juan Martín Lucero,9,,BRA023
8523,12,Juan Martín Lucero,48,,BRA023
8522,12,Cadu,53,,BRA005
8522,12,Rômulo,90+7,,BRA005
8522,12,Alan Patrick,67,,BRA028
8524,12,Janderson,90,,BRA045
8525,12,Arthur Caike do Nascimento Cruz,90+2,,BRA017
8525,12,Alisson Euler de Freitas Castro,1,,BRA042
8525,12,Luciano da Rocha Neves,22,,BRA042
8526,13,Pablo Vegetti,84,,BRA044
8526,13,Bastos,73,,BRA009
8527,13,Hélio Junio Nunes de Castro,42,,BRA010
8527,13,Derik Lacerda,33,,BRA019
8528,13,Paulinho,23,,BRA005
8528,13,Luiz Fernando Moraes dos Santos,11,,BRA004
8529,13,Gustavo Nunes,61,,BRA025
8531,13,Yago Pikachu,45+3,,BRA023
8531,13,Ewerthon Diógenes da Silva,74,,BRA031
8531,13,Juan Martín Lucero,21,Penalty,BRA023
8530,13,Jonathan Calleri,30,,BRA042
8530,13,Aldemir Ferreira,32,,BRA042
8530,13,Luciano da Rocha Neves,65,,BRA042
8530,13,Gilberto Moraes Júnior,49,,BRA007
8534,13,Pedro,16,,BRA021
8534,13,Fabrício Bruno,65,,BRA021
8534,13,Matheus Pereira,38,,BRA018
8532,13,Claudinho,79,,BRA017
8532,13,Bruno Henrique Corsini,40,,BRA028
8533,13,Julimar,80,,BRA003
8535,13,Fabinho,53,,BRA033
8535,13,Vitor Reis,57,,BRA033
8536,14,Kauê Rodrigues Pessanha,5,,BRA009
8536,14,Mateo Ponte,75,,BRA009
8536,14,Isidro Pitta,45,Penalty,BRA019
8538,14,Mateus Carvalho,45+3,,BRA044
8538,14,Pablo Vegetti,63,,BRA044
8537,14,Yannick Bolasie,46,,BRA017
8540,14,Hulk,57,Penalty,BRA005
8540,14,Bruno Henrique,68,,BRA021
8540,14,Carlinhos,24,,BRA021
8540,14,Hulk,90,,BRA005
8540,14,Ayrton Lucas Dantas de Medeiros,51,,BRA021
8540,14,Bruno Henrique,14,,BRA021
8541,14,Lincoln Henrique Oliveira dos Santos,45,,BRA010
8541,14,Hélio Junio Nunes de Castro,20,,BRA010
8541,14,Luiz Fernando Moraes dos Santos,29,,BRA004
8541,14,Lincoln Henrique Oliveira dos Santos,6,,BRA010
8539,14,Aldemir Ferreira,33,,BRA042
8539,14,Jonathan Calleri,61,,BRA042
8539,14,Fernandinho,38,,BRA003
8542,14,José Manuel Alberto López,74,,BRA033
8542,14,Franco Cristaldo,70,Penalty,BRA025
8542,14,Estêvão,77,,BRA033
8542,14,Cristian Pavón,2,,BRA025
8543,14,Thaciano,59,,BRA007
8543,14,Cauly,68,,BRA007
8544,14,Paulo Henrique Ganso,45+4,,BRA022
8544,14,Igor Gomes,40,,BRA028
8545,14,Giovane Santana do Nascimento,90+5,,BRA015
8545,14,Alerrandro Barra Mansa Realino de Souza,37,,BRA045
8545,14,Rodrigo Garro,26,,BRA015
8545,14,Alerrandro Barra Mansa Realino de Souza,86,Penalty,BRA045
8545,14,Rodrigo Garro,43,,BRA015
8547,15,Pedro,60,,BRA021
8547,15,Derik Lacerda,6,,BRA019
8546,15,André Silva,65,,BRA042
8546,15,Luciano da Rocha Neves,90+1,,BRA042
8548,15,Juan Martín Lucero,56,,BRA023
8549,15,João Lucas,32,,BRA031
8549,15,Erick Farias,83,,BRA031
8549,15,Gilberto Oliveira Souza Junior,25,,BRA031
8550,15,Gabriel Veron,48,,BRA018
8550,15,Matheus Pereira,6,,BRA018
8550,15,Álvaro Barreal,45+4,,BRA018
8551,15,Fabricio Bustos,80,,BRA028
8551,15,Adson,61,,BRA044
8551,15,Lyncon,72,,BRA044
8553,15,Lucas Di Yorio,78,,BRA003
8553,15,Luiz Fernando Moraes dos Santos,47,,BRA004
8553,15,Julimar,50,,BRA003
8554,15,Estêvão,45+3,,BRA033
8554,15,Rony,61,,BRA033
8552,15,Lucas Esteves,37,,BRA045
8552,15,Matheus Leonardo Sales Cardoso,43,,BRA017
8552,15,Alerrandro Barra Mansa Realino de Souza,31,Penalty,BRA045
8555,15,Cuiabano,79,,BRA009
8555,15,Jefferson Savarino,90+4,,BRA009
8555,15,Luiz Henrique,13,,BRA009
8556,16,Ramiro,15,,BRA018
8556,16,Arthur Gomes,17,,BRA018
8558,16,Gabriel Teixeira,15,,BRA007
8558,16,Luciano Juba,78,,BRA007
8558,16,Lucas Di Yorio,61,,BRA003
8558,16,Everaldo Stum,9,,BRA007
8557,16,Lucas Piton,55,,BRA044
8557,16,Juan Sforza,90+5,,BRA044
8559,16,Shaylon,9,,BRA004
8559,16,José Manuel Alberto López,6,,BRA033
8559,16,Raphael Veiga,51,,BRA033
8559,16,Alix Vinicius,53,Gol Contra,BRA033
8561,16,Wesley França,11,Gol Contra,BRA023
8561,16,Pedro,39,Penalty,BRA021
8561,16,Juan Martín Lucero,63,,BRA023
8560,16,Matheus Leonardo Sales Cardoso,53,,BRA017
8560,16,Kauã Elias,89,,BRA022
8562,16,Eduardo Vargas,13,,BRA005
8562,16,Paulinho,45+3,,BRA005
8562,16,Lucas Moura,18,,BRA042
8563,16,Jefferson Savarino,62,,BRA009
8567,17,Matheus Pereira,84,,BRA018
8567,17,Thiago Borbas,90+5,,BRA010
8567,17,Gabriel Veron,8,,BRA018
8566,17,Jean Lucas Oliveira,49,,BRA007
8566,17,Isidro Pitta,22,,BRA019
8566,17,Isidro Pitta,51,,BRA019
8568,17,Jean Carlos,43,,BRA031
8568,17,Junior Alonso,18,,BRA005
8569,17,Ángel Romero,54,,BRA015
8569,17,Cacá,62,,BRA015
8569,17,Claudinho,41,,BRA017
8570,17,David Corrêa da Fonseca,51,,BRA044
8571,17,Lucas Moura,10,,BRA042
8572,17,Tiquinho Soares,56,,BRA009
8573,17,Tinga,55,,BRA023
8573,17,José Hugo,90,,BRA045
8573,17,Breno Lopes,25,,BRA023
8573,17,Tomás Pochettino,39,,BRA023
8576,18,Pedro,76,,BRA021
8576,18,Rodrigo Fagundes de Freitas,35,,BRA017
8576,18,Gabriel Barbosa,89,Penalty,BRA021
8577,18,Luiz Henrique,38,,BRA009
8578,18,Gabriel Menino,90+2,,BRA033
8578,18,José Manuel Alberto López,36,,BRA033
8579,18,Yeferson Soteldo,63,,BRA025
8579,18,Reinaldo Manoel da Silva,90+6,Penalty,BRA025
8580,18,Hulk,27,,BRA005
8580,18,Hulk,39,,BRA005
8581,18,Ángel Romero,37,,BRA015
8584,18,Roni,45,,BRA004
8584,18,Alix Vinicius,62,Gol Contra,BRA023
8584,18,Tomás Pochettino,23,,BRA023
8584,18,Renato Kayzer,74,,BRA023
8582,18,Raul,8,,BRA010
8585,18,Kauã Elias,73,,BRA022
8435,3,Miguel Trauco,21,,BRA017
8435,3,Juan Martín Lucero,63,,BRA023
8586,19,William de Asevedo Furtado,45,Penalty,BRA018
8586,19,Juan Dinenno,87,Penalty,BRA018
8587,19,Aldemir Ferreira,60,,BRA042
8587,19,Lucas Moura,6,Penalty,BRA042
8587,19,Cuiabano,22,,BRA009
8587,19,Tiquinho Soares,11,Penalty,BRA009
8588,19,Everaldo,75,,BRA045
8588,19,Giorgian De Arrascaeta,39,,BRA021
8588,19,Carlinhos,90,,BRA021
8589,19,Jean Lucas Oliveira,90+9,,BRA007
8589,19,Luiz Fernando Moraes dos Santos,60,,BRA004
8590,19,Jhon Arias,87,,BRA022
8591,19,Yuri Alberto,25,Penalty,BRA015
8591,19,Mathías Villasanti,76,,BRA025
8591,19,Rodrigo Garro,87,,BRA015
8591,19,Rodrigo Ely,2,,BRA025
8596,20,Matheus Martins Fogaça de Paulo,83,,BRA045
8596,20,Osvaldo Filho,52,,BRA045
8597,20,Luís Felipe Oyama,60,,BRA031
8597,20,Yannick Bolasie,57,,BRA017
8597,20,Yannick Bolasie,83,,BRA017
8598,20,David Duarte,13,,BRA007
8598,20,Rafael Santos Borré,89,,BRA028
8599,20,Renato Kayzer,4,Penalty,BRA023
8600,20,Álvaro Barreal,77,,BRA018
8600,20,William de Asevedo Furtado,13,,BRA018
8600,20,Lautaro Díaz,37,,BRA018
8601,20,Kauã Elias,44,,BRA022
8602,20,Pedro,19,,BRA021
8602,20,Giorgian De Arrascaeta,61,,BRA021
8603,20,Deyverson,90+6,,BRA019
8603,20,Julimar,11,,BRA003
8603,20,Lucas Di Yorio,90+4,,BRA003
8604,20,Yeferson Soteldo,57,,BRA025
8605,20,Yuri Alberto,39,,BRA015
8605,20,Hulk,32,Penalty,BRA005
8605,20,Hulk,85,Penalty,BRA005
8606,21,Wagner Leonardo,71,,BRA045
8607,21,Jhon Jhon,5,,BRA010
8607,21,Hélio Junio Nunes de Castro,89,,BRA010
8607,21,Gabriel Souza da Silva,50,,BRA044
8607,21,Adson,60,,BRA044
8609,21,Joel Campbell,43,Penalty,BRA004
8609,21,Óscar Romero,81,Penalty,BRA009
8609,21,Carlos Alberto Gomes da Silva Filho,21,,BRA009
8609,21,Luiz Henrique,88,Penalty,BRA009
8609,21,Ígor Jesus,69,,BRA009
8608,21,Cadu,90+6,,BRA005
8608,21,Higor Meritão,58,,BRA017
8608,21,Wilker Ángel,65,,BRA017
8610,21,Jonathan Calleri,61,,BRA042
8611,21,Pedro Henrique Konzen,48,,BRA015
8611,21,Alan Ruschel,4,,BRA031
8612,21,Kauã Elias,45,,BRA022
8613,21,Miguel Monsalve,21,,BRA025
8613,21,Gustavo Martins,18,,BRA025
8614,21,Bruno Henrique Corsini,31,,BRA028
8614,21,Rony,88,,BRA033
8615,21,Breno Lopes,9,,BRA023
8615,21,Renato Kayzer,42,,BRA023
8615,21,Matheus Henrique de Souza,15,,BRA018
8616,22,Moisés Vieira da Veiga,47,,BRA023
8617,22,Martin Braithwaite,64,,BRA025
8617,22,Martin Braithwaite,86,,BRA025
8617,22,Martin Braithwaite,52,Gol Contra,BRA019
8617,22,Gustavo Nunes,23,,BRA025
8619,22,Talles Magno,90+4,,BRA015
8619,22,Hélio Junio Nunes de Castro,39,,BRA010
8620,22,Pablo Vegetti,23,,BRA044
8620,22,Victor Luis,65,,BRA044
8621,22,Marcelo José de Lima Filho,48,,BRA031
8621,22,Cuiabano,69,,BRA009
8621,22,Danilo Boza,9,,BRA031
8621,22,Fernando Marçal,81,,BRA009
8621,22,Ronie Carrillo,45+4,,BRA031
8623,22,André Silva,15,,BRA042
8624,22,Giorgian De Arrascaeta,69,,BRA021
8624,22,Luighi,85,,BRA033
8622,22,Luciano Juba,90+7,,BRA007
8622,22,Éverton Ribeiro,15,,BRA007
8625,22,Wesley Ribeiro Silva,12,,BRA028
8625,22,Wanderson,90+6,,BRA028
8625,22,João Cruz,39,,BRA003
8625,22,Agustín Canobbio,50,,BRA003
8464,6,Thiago Maia,57,,BRA028
8464,6,Bruno Tabata,81,,BRA028
8464,6,Nenê,45+4,,BRA031
8626,23,Thaciano,45,,BRA007
8626,23,Thaciano,76,,BRA007
8627,23,Isidro Pitta,44,Penalty,BRA019
8627,23,Igor Gomes,11,Penalty,BRA005
8628,23,Lincoln Henrique Oliveira dos Santos,38,Penalty,BRA010
8628,23,Tomás Pochettino,26,,BRA023
8628,23,Breno Lopes,90,,BRA023
8630,23,Jan Hurtado,68,,BRA004
8632,23,José Manuel Alberto López,52,,BRA033
8632,23,José Manuel Alberto López,90+12,,BRA033
8632,23,Luciano da Rocha Neves,72,,BRA042
8631,23,Rayan,45+4,,BRA044
8631,23,Yannick Bolasie,6,,BRA017
8631,23,Yannick Bolasie,90+4,,BRA017
8631,23,David Corrêa da Fonseca,36,,BRA044
8633,23,Nikão,39,,BRA003
8633,23,Nenê,30,,BRA031
8633,23,Yan Souto,67,,BRA031
8634,23,Ígor Jesus,54,,BRA009
8634,23,Matheus Martins,84,,BRA009
8634,23,Matheus Martins,90+4,,BRA009
8634,23,Mateo Ponte,3,,BRA009
8634,23,Bruno Henrique,24,,BRA021
8635,23,Alerrandro Barra Mansa Realino de Souza,29,,BRA045
8635,23,Juan Dinenno,78,,BRA018
8635,23,Osvaldo Filho,25,Penalty,BRA045
8635,23,Juan Dinenno,84,,BRA018
8636,24,Diego Gonçalves,90+1,,BRA031
8636,24,Alejo Cruz,90+11,Penalty,BRA004
8636,24,Jan Hurtado,47,,BRA004
8637,24,Estêvão,27,Penalty,BRA033
8637,24,Felipe Anderson,56,,BRA033
8637,24,Murilo Cerqueira,15,,BRA033
8637,24,Estêvão,32,,BRA033
8637,24,Maurício,45+2,,BRA033
8638,24,Kevin Serna,23,,BRA022
8638,24,Jhon Arias,59,,BRA022
8641,24,Yago Pikachu,77,,BRA023
8640,24,Miguel Monsalve,86,,BRA025
8642,24,Alerrandro Barra Mansa Realino de Souza,62,Penalty,BRA045
8642,24,William Gomes,6,,BRA042
8642,24,Erick,30,,BRA042
8643,24,Rafael Santos Borré,70,,BRA028
8644,24,Michael,16,,BRA021
8644,24,Douglas Mendes,57,,BRA010
8644,24,Raul,59,Gol Contra,BRA021
8645,24,Gabriel Girotto Franco,24,,BRA003
8645,24,Emerson Rodríguez,68,,BRA044
8645,24,Pablo Vegetti,86,,BRA044
8592,19,Marcelo Hermes,36,,BRA017
8646,25,Clayson,57,,BRA019
8646,25,Lucas Fernandes da Silva,67,,BRA019
8646,25,Arthur Caike do Nascimento Cruz,35,,BRA017
8647,25,Ígor Jesus,73,,BRA009
8647,25,Ígor Jesus,90+1,,BRA009
8649,25,William de Asevedo Furtado,9,Penalty,BRA018
8649,25,Matheus Henrique de Souza,25,,BRA018
8649,25,Kaio Jorge,56,,BRA018
8649,25,Joel Campbell,33,,BRA004
8648,25,Eduardo Vargas,90+6,,BRA005
8648,25,Gustavo Scarpa,73,Penalty,BRA005
8648,25,Martin Braithwaite,32,,BRA025
8648,25,Brahian Palacios,90+5,Penalty,BRA005
8648,25,Franco Cristaldo,41,,BRA025
8650,25,Talles Magno,26,,BRA015
8650,25,Pedro,37,Penalty,BRA021
8650,25,Ángel Romero,60,,BRA015
8651,25,Luciano Juba,72,,BRA007
8651,25,Douglas Mendes,64,,BRA010
8651,25,Gustavinho,90+5,,BRA010
8652,25,Kauã Elias,31,,BRA022
8652,25,Keno,90+1,,BRA022
8653,25,Estêvão,58,,BRA033
8653,25,Maurício,8,,BRA033
8655,25,João Victor,72,,BRA044
8654,25,Alexandro Bernabei,59,,BRA028
8654,25,Luís Felipe Oyama,90+2,,BRA031
8654,25,Rafael Santos Borré,30,,BRA028
8654,25,Gabriel Carvalho,34,,BRA028
8593,19,Titi,45+2,,BRA023
8593,19,Alan Patrick,21,,BRA028
8593,19,Gustavo Prado,83,,BRA028
8656,26,Alerrandro Barra Mansa Realino de Souza,13,,BRA045
8656,26,Matheus Martins Fogaça de Paulo,78,,BRA045
8657,26,Agustín Canobbio,28,,BRA003
8657,26,Moisés Vieira da Veiga,14,,BRA023
8658,26,Rodrigo Garro,63,Penalty,BRA015
8658,26,Luiz Henrique,39,,BRA009
8658,26,Thiago Almada,67,,BRA009
8659,26,Vinicinho,63,,BRA010
8659,26,Miguel Monsalve,28,,BRA025
8659,26,Jemerson de Jesus Nascimento,53,,BRA025
8659,26,Eduardo Sasha,44,Penalty,BRA010
8660,26,Tobias Figueiredo,18,Gol Contra,BRA033
8660,26,Felipe Anderson,15,,BRA033
8660,26,Estêvão,52,,BRA033
8660,26,Raphael Veiga,77,,BRA033
8660,26,José Manuel Alberto López,1,,BRA033
8661,26,Marcelo José de Lima Filho,83,,BRA031
8661,26,Jhon Arias,27,,BRA022
8661,26,Ronaldo da Silva Souza,81,,BRA031
8663,26,Gerson Santos da Silva,72,,BRA021
8663,26,Philippe Coutinho,87,,BRA044
8664,26,William Gomes,59,,BRA042
8662,26,Luciano Rodriguez,90+2,,BRA007
8662,26,Everaldo Stum,51,,BRA007
8662,26,Éverton Ribeiro,58,,BRA007
8665,26,Alan Patrick,11,Penalty,BRA028
8665,26,Gabriel Mercado,41,,BRA028
8665,26,Rafael Santos Borré,73,,BRA028
8667,27,Gustavo Mosquito,45+3,Penalty,BRA045
8666,27,Rodrigo Garro,83,,BRA015
8666,27,Ángel Romero,45+4,,BRA015
8666,27,Ángel Romero,55,,BRA015
8668,27,Luiz Henrique,90+5,,BRA009
8669,27,Tomás Pochettino,80,,BRA023
8669,27,Renato Kayzer,89,,BRA023
8669,27,Mário Sérgio Santos Costa,28,,BRA023
8669,27,Everaldo Stum,30,,BRA007
8669,27,Mário Sérgio Santos Costa,37,,BRA023
8670,27,Cadu,52,,BRA005
8670,27,Hulk,78,,BRA005
8670,27,Deyverson,39,,BRA005
8671,27,José Manuel Alberto López,26,,BRA033
8674,27,Luciano da Rocha Neves,5,,BRA042
8674,27,Bruno Gomes,42,,BRA028
8674,27,Thiago Maia,54,,BRA028
8674,27,Alan Patrick,63,,BRA028
8672,27,Martin Braithwaite,55,,BRA025
8672,27,Diego Costa,83,,BRA025
8672,27,Matheus Gonçalves,25,,BRA021
8672,27,Franco Cristaldo,12,,BRA025
8672,27,Felipe Teresa,90,,BRA021
8455,5,Arthur Caike do Nascimento Cruz,14,,BRA017
8455,5,Ronald,78,,BRA017
8455,5,Mathías Villasanti,67,,BRA025
8565,16,Jhon Jhon,43,,BRA010
8565,16,Vitor Hugo Naum dos Santos,75,,BRA010
8565,16,Rafael Santos Borré,13,,BRA028
8565,16,Enner Valencia,77,,BRA028
8676,28,Hulk,68,,BRA005
8676,28,Raphael Veiga,45+2,Penalty,BRA033
8676,28,Raphael Veiga,86,Penalty,BRA033
8678,28,Luis Mandaca,48,,BRA031
8678,28,Eduardo Santos,85,,BRA010
8681,28,Janderson,84,,BRA004
8680,28,Hércules,45+4,,BRA023
8679,28,Lucas Moura,45+8,Penalty,BRA042
8679,28,André Silva,90+8,,BRA042
8679,28,Yuri Alberto,83,,BRA015
8679,28,Robert Arboleda,75,,BRA042
8682,28,Ivaldo,59,,BRA018
8682,28,Pablo Vegetti,41,,BRA044
8683,28,Wagner Leonardo,58,,BRA045
8683,28,Alan Patrick,45+4,Penalty,BRA028
8683,28,Wesley Ribeiro Silva,51,,BRA028
8683,28,Wesley Ribeiro Silva,90+2,,BRA028
8684,28,Cauly,32,,BRA007
8685,28,Gerson Santos da Silva,90,,BRA021
8686,29,Fellipe Mateus,47,,BRA017
8686,29,Rodrigo Fagundes de Freitas,42,,BRA017
8687,29,Jhon Arias,55,,BRA022
8688,29,Yeferson Soteldo,90+1,,BRA025
8688,29,Hércules,18,,BRA023
8688,29,Alexander Aravena,13,,BRA025
8688,29,Martin Braithwaite,60,,BRA025
8690,29,Eduardo Vargas,45,,BRA005
8690,29,Wagner Leonardo,64,,BRA045
8690,29,Alerrandro Barra Mansa Realino de Souza,68,,BRA045
8690,29,Fausto Vera,8,,BRA005
8689,29,Ígor Jesus,14,,BRA009
8693,29,Bruno Alves,4,,BRA019
8693,29,Clayson,42,,BRA019
8692,29,Carlos Alcaraz,90+12,Penalty,BRA021
8692,29,Ayrton Lucas Dantas de Medeiros,35,,BRA021
8694,29,Ricardo Mathias,90+4,,BRA028
8694,29,Yuri Alberto,3,,BRA015
8694,29,Yuri Alberto,73,Penalty,BRA015
8694,29,Alexandro Bernabei,17,,BRA028
8695,29,Dimitri Payet,11,,BRA044
8695,29,Edson Carioca,4,,BRA031
8465,6,Deyverson,39,,BRA005
8465,6,Hulk,11,Penalty,BRA005
8465,6,Alexander Aravena,24,,BRA025
8696,30,Lucas Moura,46,,BRA042
8696,30,Lucas Moura,67,,BRA042
8696,30,Luciano da Rocha Neves,9,,BRA042
8697,30,Mário Sérgio Santos Costa,15,,BRA023
8697,30,Fausto Vera,48,,BRA005
8699,30,Jhon Arias,60,,BRA022
8699,30,Lima,50,,BRA022
8698,30,Matheuzinho,5,,BRA015
8698,30,Yuri Alberto,78,,BRA015
8698,30,Cacá,18,,BRA015
8698,30,Nikão,30,,BRA003
8698,30,Memphis Depay,55,,BRA015
8698,30,Erick Luis Conrado Carvalho,39,,BRA003
8698,30,Rodrigo Garro,66,,BRA015
8701,30,Tiquinho Soares,90+1,,BRA009
8701,30,Felipe Vizeu,90+4,,BRA017
8702,30,Luciano Rodriguez,82,,BRA007
8702,30,Gabriel Veron,61,,BRA018
8703,30,Rafael Santos Borré,67,,BRA028
8704,30,Everaldo,78,,BRA045
8705,30,Ronaldo da Silva Souza,49,,BRA031
8705,30,Raphael Veiga,50,,BRA033
8705,30,Edson Carioca,67,,BRA031
8705,30,Raphael Veiga,90,,BRA033
8705,30,Estêvão,22,,BRA033
8705,30,Richard Ríos,63,,BRA033
8705,30,Danilo Boza,35,,BRA031
8705,30,Raphael Veiga,44,,BRA033
8574,17,Germán Cano,81,,BRA022
8594,19,Hugo Moura,53,,BRA044
8706,31,Raphael Veiga,29,Penalty,BRA033
8706,31,Moisés Vieira da Veiga,62,,BRA023
8706,31,Estêvão,57,Penalty,BRA033
8706,31,Hércules,38,,BRA023
8707,31,Gilberto Oliveira Souza Junior,24,,BRA031
8707,31,Michael,8,,BRA021
8707,31,Edson Carioca,70,,BRA031
8707,31,Gabriel Barbosa,49,Penalty,BRA021
8707,31,Giorgian De Arrascaeta,54,,BRA021
8707,31,Gonzalo Plata,90+5,,BRA021
8709,31,Lucas Arcanjo,61,Gol Contra,BRA022
8709,31,Neris,45+1,,BRA045
8709,31,Alerrandro Barra Mansa Realino de Souza,90+1,Penalty,BRA045
8708,31,Mathías Villasanti,83,,BRA025
8708,31,Derek,28,,BRA004
8708,31,Yeferson Soteldo,40,,BRA025
8708,31,Pepê,59,,BRA025
8710,31,Julimar,46,,BRA003
8710,31,Nikão,80,,BRA003
8710,31,Pablo Felipe Teixeira,25,,BRA003
8711,31,Gregore,86,,BRA009
8712,31,Eduardo Vargas,45+3,Penalty,BRA005
8712,31,Bruno Tabata,88,,BRA028
8712,31,Alan Patrick,38,Penalty,BRA028
8712,31,Alexandro Bernabei,40,,BRA028
8713,31,Felipe Vizeu,22,,BRA017
8713,31,Liziero,87,,BRA042
8714,31,Memphis Depay,44,Penalty,BRA015
8715,31,Dimitri Payet,32,,BRA044
8715,31,Luciano Rodriguez,42,,BRA007
8715,31,Ademir,75,,BRA007
8715,31,Dimitri Payet,18,Penalty,BRA044
8715,31,Emerson Rodríguez,12,,BRA044
8575,17,Carlos Alcaraz,45+3,Penalty,BRA021
8575,17,Enner Valencia,89,,BRA028
8716,32,Reinaldo Manoel da Silva,90+9,Penalty,BRA025
8716,32,Kauã Elias,66,,BRA022
8716,32,Martin Braithwaite,26,,BRA025
8716,32,Jhon Arias,43,,BRA022
8719,32,Julimar,31,,BRA003
8719,32,Alerrandro Barra Mansa Realino de Souza,33,,BRA045
8719,32,Matheus Martins Fogaça de Paulo,65,,BRA045
8718,32,Benjamín Kuscevic,71,,BRA023
8718,32,Moisés Vieira da Veiga,45+3,,BRA023
8718,32,Eros Mancuso,45+7,,BRA023
8720,32,Rodrigo Garro,41,,BRA015
8720,32,Yuri Alberto,56,,BRA015
8723,32,Luiz Henrique,12,,BRA009
8723,32,Júnior Santos,71,,BRA009
8723,32,Jefferson Savarino,9,,BRA009
8722,32,Alan Patrick,43,,BRA028
8722,32,Wesley Ribeiro Silva,90+3,,BRA028
8721,32,Lucas Moura,90+1,,BRA042
8721,32,Luiz Gustavo,41,,BRA042
8721,32,Wellington Rato,66,,BRA042
8725,32,Janderson,89,,BRA004
8724,32,David Luiz,53,,BRA021
8726,33,Rafael Santos Borré,52,,BRA028
8726,33,Bruno Henrique Corsini,90+5,,BRA028
8727,33,Estêvão,73,,BRA033
8728,33,Yuri Alberto,24,,BRA015
8728,33,Memphis Depay,69,,BRA015
8728,33,Alerrandro Barra Mansa Realino de Souza,9,,BRA045
8731,33,Lucas Barbosa,70,,BRA031
8731,33,Gabriel Pereira Taliari,79,,BRA031
8731,33,Cauly,2,,BRA007
8732,33,Emmanuel Martínez,13,,BRA023
8732,33,Breno Lopes,78,,BRA023
8732,33,Renato Kayzer,90+2,,BRA023
8730,33,Allano,82,,BRA017
8730,33,Kaio Jorge,9,,BRA018
8730,33,Gabriel Veron,70,,BRA018
8734,33,André Silva,89,,BRA042
8734,33,Julimar,69,,BRA003
8734,33,Luciano da Rocha Neves,52,,BRA042
8595,19,Tomás Cuello,28,,BRA003
8736,34,Kaiki Bruno,34,,BRA018
8736,34,Memphis Depay,11,,BRA015
8736,34,Yuri Alberto,16,,BRA015
8738,34,Nikão,66,,BRA003
8738,34,Tomás Cuello,45+5,,BRA003
8737,34,Eduardo Sasha,15,,BRA010
8737,34,Lucas Moura,25,,BRA042
8739,34,Janderson,68,,BRA045
8740,34,José Manuel Alberto López,89,,BRA033
8740,34,Luciano Rodriguez,27,,BRA007
8740,34,Raphael Veiga,41,,BRA033
8741,34,Martin Braithwaite,3,,BRA025
8741,34,João Lucas,90+4,Gol Contra,BRA025
8741,34,Luis Mandaca,45+6,,BRA031
8741,34,Lucas Barbosa,52,,BRA031
8742,34,Derik Lacerda,59,,BRA019
8742,34,Guilherme Gomes,62,,BRA021
8742,34,Matheus Gonçalves,90+3,,BRA021
8744,34,Wesley Ribeiro Silva,65,,BRA028
8745,34,Lima,11,,BRA022
8745,34,Germán Cano,85,,BRA022
8745,34,Moisés Vieira da Veiga,19,,BRA023
8745,34,Mário Sérgio Santos Costa,43,,BRA023
8747,35,Alerrandro Barra Mansa Realino de Souza,20,,BRA045
8747,35,Wagner Leonardo,87,Gol Contra,BRA009
8748,35,Raphael Veiga,20,,BRA033
8746,35,Nenê,90+5,,BRA031
8746,35,Matheus Alexandre Anastácio de Souza,75,,BRA019
8749,35,Fausto Vera,24,Gol Contra,BRA042
8749,35,André Silva,45+1,,BRA042
8749,35,Paulinho,1,,BRA005
8749,35,Paulinho,18,,BRA005
8751,35,Wesley Ribeiro Silva,86,,BRA028
8751,35,Alan Patrick,5,Penalty,BRA028
8751,35,Wanderson,88,,BRA028
8751,35,Juninho Capixaba,20,,BRA010
8751,35,Rafael Santos Borré,28,,BRA028
8752,35,Nikão,62,,BRA003
8752,35,Gabriel Teixeira,90+3,,BRA007
8750,35,Rodrigo Garro,15,,BRA015
8750,35,Rodrigo Garro,24,,BRA015
8750,35,José Luis Rodríguez Bebanz,76,,BRA044
8750,35,Gustavo Henrique Vernes,11,,BRA015
8757,36,Lucas Barbosa,22,,BRA031
8757,36,Gilberto Oliveira Souza Junior,67,,BRA031
8757,36,Eduardo Vargas,81,Penalty,BRA005
8757,36,Erick Farias,90+3,,BRA031
8757,36,Alisson Santana,73,,BRA005
8756,36,Gregore,19,,BRA009
8756,36,Jefferson Savarino,73,,BRA009
8756,36,Adryelson,89,,BRA009
8756,36,Richard Ríos,90+3,,BRA033
8755,35,Matheus Pereira,42,,BRA018
8755,35,Martin Braithwaite,19,,BRA025
8759,36,Eliel,16,,BRA019
8759,36,Ademir,37,,BRA007
8759,36,Luciano Rodriguez,84,,BRA007
8758,36,Yannick Bolasie,38,,BRA017
8758,36,Yuri Alberto,90+4,,BRA015
8758,36,Rodrigo Garro,62,,BRA015
8758,36,Matheus Bidu,65,,BRA015
8758,36,Yannick Bolasie,30,,BRA017
8758,36,Yuri Alberto,83,,BRA015
8760,36,Maxime Dominguez,75,,BRA044
8760,36,Alex Teixeira,90+3,,BRA044
8760,36,Luiz Fernando Moraes dos Santos,21,,BRA004
8760,36,Luiz Fernando Moraes dos Santos,56,,BRA004
8762,36,Michael,41,,BRA021
8762,36,Wesley Ribeiro Silva,55,,BRA028
8762,36,Léo Ortiz,29,,BRA021
8762,36,Enner Valencia,62,,BRA028
8762,36,Michael,37,,BRA021
8761,36,Franco Cristaldo,36,,BRA025
8761,36,Ruan Tressoldi Netto,45+1,Gol Contra,BRA025
8761,36,Luiz Gustavo,64,,BRA042
8763,36,Ramiro,85,,BRA018
8763,36,Eduardo Sasha,6,,BRA010
8764,36,Lucas Belezi,2,,BRA003
8764,36,Jhon Arias,65,,BRA022
8765,36,Alerrandro Barra Mansa Realino de Souza,37,,BRA045
8765,36,Alerrandro Barra Mansa Realino de Souza,9,,BRA045
8766,37,Memphis Depay,12,,BRA015
8766,37,Memphis Depay,61,,BRA015
8766,37,Yuri Alberto,45+4,,BRA015
8767,37,Pablo Vegetti,52,,BRA044
8767,37,Philippe Coutinho,64,,BRA044
8768,37,Alerrandro Barra Mansa Realino de Souza,67,,BRA045
8768,37,João Pedro Maturano dos Santos,37,,BRA025
8769,37,Guillermo Varela,45,,BRA021
8769,37,Luiz Araújo,84,,BRA021
8769,37,Bruno Henrique,71,Penalty,BRA021
8770,37,Erick Farias,62,,BRA031
8770,37,Luciano da Rocha Neves,77,,BRA042
8770,37,Gabriel Pereira Taliari,52,,BRA031
8771,37,Tomás Cardona,12,,BRA023
8771,37,Derek,21,,BRA004
8771,37,Janderson,79,,BRA004
8771,37,Alejo Cruz,85,,BRA004
8772,37,Jefferson Savarino,5,,BRA009
8773,37,Estêvão,90,,BRA033
8773,37,Matheus Pereira,52,,BRA018
8773,37,Maurício,61,,BRA033
8775,37,Eduardo Sasha,82,,BRA010
8775,37,Erick Luis Conrado Carvalho,74,,BRA003
8775,37,Eduardo Sasha,14,,BRA010
8774,37,Kevin Serna,59,,BRA022
8777,38,Tevis Gabriel,30,,BRA018
8778,38,Luciano Rodriguez,58,Penalty,BRA007
8778,38,Thaciano,41,,BRA007
8779,38,Alerrandro Barra Mansa Realino de Souza,16,,BRA045
8779,38,Janderson,74,,BRA045
8779,38,Gabriel Barbosa,59,,BRA021
8779,38,Ayrton Lucas Dantas de Medeiros,79,,BRA021
8781,38,Rubens,73,,BRA005
8782,38,Jefferson Savarino,37,,BRA009
8782,38,Gregore,90+2,,BRA009
8782,38,William Gomes,63,,BRA042
8783,38,Derik Lacerda,33,,BRA019
8783,38,Pablo Vegetti,17,,BRA044
8783,38,Pablo Vegetti,43,,BRA044
8784,38,Kevin Serna,37,,BRA022
8776,38,Moisés Vieira da Veiga,7,,BRA023
8776,38,Moisés Vieira da Veiga,20,,BRA023
8776,38,Tinga,53,,BRA023
8780,38,Eduardo Sasha,55,,BRA010
8780,38,Henry Mosquera,70,,BRA010
8780,38,Juninho Capixaba,13,,BRA010
8780,38,Jhon Jhon,80,,BRA010
8780,38,Vinicinho,30,,BRA010
8780,38,Rodrigo Fagundes de Freitas,39,,BRA017
8785,38,Charles Rigon Matos,88,,BRA015
8785,38,Yuri Alberto,45+1,Penalty,BRA015
8785,38,Memphis Depay,90+3,,BRA015
