match_id,season,competition,round,date,home_team_id,away_team_id,home_goals,away_goals,arena,result
1,2003,Brasileirão Série A,1,2003-03-29,BRA027,BRA044,4,2, Brinco de Ouro,H
2,2003,Brasileirão Série A,1,2003-03-29,BRA003,BRA025,2,0, Arena da Baixada,H
3,2003,Brasileirão Série A,1,2003-03-30,BRA021,BRA016,1,1, Maracanã,D
4,2003,Brasileirão Série A,1,2003-03-30,BRA024,BRA035,2,2, Serra Dourada,D
5,2003,Brasileirão Série A,1,2003-03-30,BRA028,BRA036,1,1, Beira Rio,D
6,2003,Brasileirão Série A,1,2003-03-30,BRA017,BRA022,2,0, Heriberto Hulse,H
7,2003,Brasileirão Série A,1,2003-03-30,BRA031,BRA042,2,2, Alfredo Jaconi,D
8,2003,Brasileirão Série A,1,2003-03-30,BRA023,BRA007,0,0, Castelão,D
9,2003,Brasileirão Série A,1,2003-03-30,BRA018,BRA041,2,2, Mineirão,D
10,2003,Brasileirão Série A,1,2003-03-30,BRA045,BRA020,1,1, Barradão,D
11,2003,Brasileirão Série A,1,2003-03-30,BRA040,BRA034,2,2, Vila Belmiro,D
12,2003,Brasileirão Série A,1,2003-03-30,BRA015,BRA005,0,3, Pacaembu,A
13,2003,Brasileirão Série A,2,2003-04-05,BRA022,BRA023,1,1, Maracanã,D
14,2003,Brasileirão Série A,2,2003-04-05,BRA005,BRA040,0,0, Mineirão,D
15,2003,Brasileirão Série A,2,2003-04-05,BRA016,BRA028,0,1, Couto Pereira,A
16,2003,Brasileirão Série A,2,2003-04-05,BRA025,BRA027,3,1, Olímpico,H
17,2003,Brasileirão Série A,2,2003-04-06,BRA007,BRA021,1,2, Fonte Nova,A
18,2003,Brasileirão Série A,2,2003-04-06,BRA020,BRA015,3,3, Orlando Scarpelli,D
19,2003,Brasileirão Série A,2,2003-04-06,BRA035,BRA045,1,2, Mangueirão,A
20,2003,Brasileirão Série A,2,2003-04-06,BRA036,BRA031,1,0, Moisés Lucarelli,H
21,2003,Brasileirão Série A,2,2003-04-06,BRA034,BRA003,3,0, Pinheirão,H
22,2003,Brasileirão Série A,2,2003-04-06,BRA041,BRA017,3,2, Anacleto Campanella,H
23,2003,Brasileirão Série A,2,2003-04-06,BRA042,BRA018,2,4, Morumbi,A
24,2003,Brasileirão Série A,2,2003-04-06,BRA044,BRA024,6,4, São Januário,H
25,2003,Brasileirão Série A,4,2003-04-09,BRA035,BRA040,2,1, Mangueirão,H
37,2003,Brasileirão Série A,3,2003-04-12,BRA028,BRA007,2,0, Beira Rio,H
38,2003,Brasileirão Série A,3,2003-04-12,BRA040,BRA020,2,0, Vila Belmiro,H
39,2003,Brasileirão Série A,3,2003-04-12,BRA003,BRA005,1,2, Arena da Baixada,A
40,2003,Brasileirão Série A,3,2003-04-12,BRA015,BRA035,6,1, Pacaembu,H
41,2003,Brasileirão Série A,3,2003-04-13,BRA045,BRA044,2,1, Barradão,H
42,2003,Brasileirão Série A,3,2003-04-13,BRA017,BRA042,1,1, Heriberto Hulse,D
43,2003,Brasileirão Série A,3,2003-04-13,BRA023,BRA041,1,1, Presidente Vargas,D
44,2003,Brasileirão Série A,3,2003-04-13,BRA031,BRA016,2,1, Alfredo Jaconi,H
45,2003,Brasileirão Série A,3,2003-04-13,BRA027,BRA034,2,0, Brinco de Ouro,H
46,2003,Brasileirão Série A,3,2003-04-13,BRA024,BRA025,1,1, Serra Dourada,D
47,2003,Brasileirão Série A,3,2003-04-13,BRA018,BRA036,3,0, Mineirão,H
48,2003,Brasileirão Série A,3,2003-04-13,BRA021,BRA022,4,1, Maracanã,H
26,2003,Brasileirão Série A,4,2003-04-16,BRA007,BRA031,3,1, Fonte Nova,H
27,2003,Brasileirão Série A,4,2003-04-16,BRA025,BRA045,2,1, Olímpico,H
28,2003,Brasileirão Série A,4,2003-04-16,BRA005,BRA027,3,2, Mineirão,H
29,2003,Brasileirão Série A,4,2003-04-16,BRA020,BRA003,1,1, Orlando Scarpelli,D
30,2003,Brasileirão Série A,4,2003-04-16,BRA036,BRA017,1,1, Moisés Lucarelli,D
31,2003,Brasileirão Série A,4,2003-04-16,BRA041,BRA021,1,1, Anacleto Campanella,D
32,2003,Brasileirão Série A,4,2003-04-16,BRA044,BRA015,2,2, São Januário,D
33,2003,Brasileirão Série A,4,2003-04-16,BRA016,BRA018,3,4, Couto Pereira,A
34,2003,Brasileirão Série A,4,2003-04-17,BRA022,BRA028,3,1, Maracanã,H
35,2003,Brasileirão Série A,4,2003-04-17,BRA042,BRA023,3,1, Morumbi,H
36,2003,Brasileirão Série A,4,2003-04-17,BRA034,BRA024,3,1, Pinheirão,H
144,2003,Brasileirão Série A,12,2003-04-18,BRA021,BRA018,3,0, Maracanã,H
49,2003,Brasileirão Série A,5,2003-04-19,BRA007,BRA005,2,4, Fonte Nova,A
50,2003,Brasileirão Série A,5,2003-04-19,BRA041,BRA025,1,1, Anacleto Campanella,D
51,2003,Brasileirão Série A,5,2003-04-19,BRA021,BRA040,0,2, Maracanã,A
52,2003,Brasileirão Série A,5,2003-04-20,BRA042,BRA044,3,1, Morumbi,H
53,2003,Brasileirão Série A,5,2003-04-20,BRA028,BRA015,2,1, Beira Rio,H
54,2003,Brasileirão Série A,5,2003-04-20,BRA017,BRA027,1,0, Heriberto Hulse,H
55,2003,Brasileirão Série A,5,2003-04-20,BRA031,BRA045,1,1, Alfredo Jaconi,D
56,2003,Brasileirão Série A,5,2003-04-20,BRA023,BRA003,1,0, Presidente Vargas,H
57,2003,Brasileirão Série A,5,2003-04-20,BRA036,BRA035,4,4, Moisés Lucarelli,D
58,2003,Brasileirão Série A,5,2003-04-20,BRA018,BRA024,4,1, Mineirão,H
59,2003,Brasileirão Série A,5,2003-04-20,BRA022,BRA034,0,0, Maracanã,D
60,2003,Brasileirão Série A,5,2003-04-21,BRA016,BRA020,1,0, Couto Pereira,H
61,2003,Brasileirão Série A,6,2003-04-26,BRA005,BRA016,1,2, Mineirão,A
62,2003,Brasileirão Série A,6,2003-04-26,BRA034,BRA007,3,1, Pinheirão,H
63,2003,Brasileirão Série A,6,2003-04-26,BRA045,BRA028,0,3, Barradão,A
64,2003,Brasileirão Série A,6,2003-04-26,BRA027,BRA018,1,1, Brinco de Ouro,D
65,2003,Brasileirão Série A,6,2003-04-27,BRA015,BRA021,1,1, Pacaembu,D
66,2003,Brasileirão Série A,6,2003-04-27,BRA024,BRA031,7,0, Serra Dourada,H
67,2003,Brasileirão Série A,6,2003-04-27,BRA020,BRA036,0,0, Orlando Scarpelli,D
68,2003,Brasileirão Série A,6,2003-04-27,BRA040,BRA023,4,0, Vila Belmiro,H
69,2003,Brasileirão Série A,6,2003-04-27,BRA025,BRA022,0,1, Olímpico,A
70,2003,Brasileirão Série A,6,2003-04-27,BRA003,BRA017,5,2, Arena da Baixada,H
71,2003,Brasileirão Série A,6,2003-04-27,BRA035,BRA042,5,2, Mangueirão,H
72,2003,Brasileirão Série A,6,2003-04-27,BRA044,BRA041,1,0, São Januário,H
73,2003,Brasileirão Série A,7,2003-05-03,BRA021,BRA045,2,1, Maracanã,H
74,2003,Brasileirão Série A,7,2003-05-03,BRA007,BRA025,2,1, Fonte Nova,H
75,2003,Brasileirão Série A,7,2003-05-03,BRA018,BRA003,5,2, Mineirão,H
76,2003,Brasileirão Série A,7,2003-05-04,BRA023,BRA015,1,2, Castelão,A
77,2003,Brasileirão Série A,7,2003-05-04,BRA042,BRA020,3,2, Morumbi,H
78,2003,Brasileirão Série A,7,2003-05-04,BRA041,BRA035,2,0, Anacleto Campanella,H
79,2003,Brasileirão Série A,7,2003-05-04,BRA028,BRA024,2,1, Beira Rio,H
80,2003,Brasileirão Série A,7,2003-05-04,BRA036,BRA005,2,1, Moisés Lucarelli,H
81,2003,Brasileirão Série A,7,2003-05-04,BRA031,BRA027,1,1, Alfredo Jaconi,D
82,2003,Brasileirão Série A,7,2003-05-04,BRA016,BRA034,2,1, Couto Pereira,H
83,2003,Brasileirão Série A,7,2003-05-04,BRA017,BRA040,1,3, Heriberto Hulse,A
84,2003,Brasileirão Série A,7,2003-05-04,BRA022,BRA044,0,0, Maracanã,D
85,2003,Brasileirão Série A,8,2003-05-10,BRA024,BRA021,1,1, Serra Dourada,D
86,2003,Brasileirão Série A,8,2003-05-10,BRA040,BRA018,0,2, Vila Belmiro,A
87,2003,Brasileirão Série A,8,2003-05-10,BRA034,BRA036,3,2, Pinheirão,H
88,2003,Brasileirão Série A,8,2003-05-10,BRA015,BRA017,3,0, Pacaembu,H
89,2003,Brasileirão Série A,8,2003-05-11,BRA044,BRA007,1,1, São Januário,D
90,2003,Brasileirão Série A,8,2003-05-11,BRA035,BRA022,2,2, Mangueirão,D
91,2003,Brasileirão Série A,8,2003-05-11,BRA005,BRA042,2,2, Mineirão,D
92,2003,Brasileirão Série A,8,2003-05-11,BRA045,BRA023,2,1, Barradão,H
93,2003,Brasileirão Série A,8,2003-05-11,BRA027,BRA028,3,0, Brinco de Ouro,H
94,2003,Brasileirão Série A,8,2003-05-11,BRA003,BRA031,2,0, Arena da Baixada,H
95,2003,Brasileirão Série A,8,2003-05-11,BRA020,BRA041,3,0, Orlando Scarpelli,H
96,2003,Brasileirão Série A,8,2003-05-11,BRA025,BRA016,1,0, Olímpico,H
97,2003,Brasileirão Série A,9,2003-05-17,BRA022,BRA020,3,0, Maracanã,H
98,2003,Brasileirão Série A,9,2003-05-17,BRA041,BRA005,2,0, Anacleto Campanella,H
99,2003,Brasileirão Série A,9,2003-05-17,BRA031,BRA040,1,1, Alfredo Jaconi,D
100,2003,Brasileirão Série A,9,2003-05-18,BRA007,BRA035,2,0, Fonte Nova,H
101,2003,Brasileirão Série A,9,2003-05-18,BRA028,BRA003,1,1, Beira Rio,D
102,2003,Brasileirão Série A,9,2003-05-18,BRA016,BRA044,1,1, Couto Pereira,D
103,2003,Brasileirão Série A,9,2003-05-18,BRA018,BRA015,1,1, Mineirão,D
104,2003,Brasileirão Série A,9,2003-05-18,BRA023,BRA024,1,0, Castelão,H
105,2003,Brasileirão Série A,9,2003-05-18,BRA036,BRA025,2,1, Moisés Lucarelli,H
106,2003,Brasileirão Série A,9,2003-05-18,BRA017,BRA045,1,1, Heriberto Hulse,D
107,2003,Brasileirão Série A,9,2003-05-18,BRA021,BRA027,1,1, Maracanã,D
108,2003,Brasileirão Série A,9,2003-05-18,BRA042,BRA034,2,0, Morumbi,H
109,2003,Brasileirão Série A,10,2003-05-24,BRA005,BRA022,3,0,  Independência,H
110,2003,Brasileirão Série A,10,2003-05-24,BRA034,BRA041,1,1, Pinheirão,D
111,2003,Brasileirão Série A,10,2003-05-24,BRA015,BRA031,3,0, Pacaembu,H
112,2003,Brasileirão Série A,10,2003-05-24,BRA044,BRA036,1,0, São Januário,H
113,2003,Brasileirão Série A,10,2003-05-25,BRA003,BRA021,4,1, Arena da Baixada,H
114,2003,Brasileirão Série A,10,2003-05-25,BRA035,BRA016,1,3, Mangueirão,A
115,2003,Brasileirão Série A,10,2003-05-25,BRA024,BRA017,0,2, Serra Dourada,A
116,2003,Brasileirão Série A,10,2003-05-25,BRA025,BRA042,1,2, Olímpico,A
117,2003,Brasileirão Série A,10,2003-05-25,BRA027,BRA023,2,1, Brinco de Ouro,H
118,2003,Brasileirão Série A,10,2003-05-25,BRA020,BRA007,1,0, Orlando Scarpelli,H
119,2003,Brasileirão Série A,10,2003-05-25,BRA045,BRA018,2,1, Barradão,H
120,2003,Brasileirão Série A,10,2003-05-25,BRA040,BRA028,2,1, Vila Belmiro,H
121,2003,Brasileirão Série A,11,2003-05-31,BRA022,BRA003,2,1,  Édson Passos,H
122,2003,Brasileirão Série A,11,2003-05-31,BRA018,BRA017,2,0, Mineirão,H
123,2003,Brasileirão Série A,11,2003-05-31,BRA016,BRA027,3,2, Couto Pereira,H
124,2003,Brasileirão Série A,11,2003-05-31,BRA036,BRA041,0,0, Moisés Lucarelli,D
125,2003,Brasileirão Série A,11,2003-05-31,BRA028,BRA035,2,1, Beira Rio,H
126,2003,Brasileirão Série A,11,2003-06-01,BRA034,BRA021,6,2, Pinheirão,H
127,2003,Brasileirão Série A,11,2003-06-01,BRA007,BRA024,2,1, Fonte Nova,H
128,2003,Brasileirão Série A,11,2003-06-01,BRA023,BRA031,3,1, Castelão,H
129,2003,Brasileirão Série A,11,2003-06-01,BRA020,BRA025,2,1, Orlando Scarpelli,H
130,2003,Brasileirão Série A,11,2003-06-01,BRA040,BRA042,3,2, Vila Belmiro,H
131,2003,Brasileirão Série A,11,2003-06-01,BRA015,BRA045,4,0, Pacaembu,H
132,2003,Brasileirão Série A,11,2003-06-01,BRA044,BRA005,2,2, São Januário,D
133,2003,Brasileirão Série A,12,2003-06-07,BRA045,BRA022,2,1, Barradão,H
134,2003,Brasileirão Série A,12,2003-06-07,BRA027,BRA040,1,2, Brinco de Ouro,A
135,2003,Brasileirão Série A,12,2003-06-07,BRA025,BRA023,3,1, Olímpico,H
136,2003,Brasileirão Série A,12,2003-06-07,BRA005,BRA020,1,1,  Independência,D
137,2003,Brasileirão Série A,12,2003-06-08,BRA035,BRA034,3,0, Mangueirão,H
138,2003,Brasileirão Série A,12,2003-06-08,BRA031,BRA044,0,0, Alfredo Jaconi,D
139,2003,Brasileirão Série A,12,2003-06-08,BRA003,BRA036,4,2, Arena da Baixada,H
140,2003,Brasileirão Série A,12,2003-06-08,BRA024,BRA016,1,2, Serra Dourada,A
141,2003,Brasileirão Série A,12,2003-06-08,BRA041,BRA015,1,0, Anacleto Campanella,H
142,2003,Brasileirão Série A,12,2003-06-08,BRA017,BRA028,1,0, Heriberto Hulse,H
143,2003,Brasileirão Série A,12,2003-06-08,BRA042,BRA007,2,2, Morumbi,D
145,2003,Brasileirão Série A,13,2003-06-14,BRA022,BRA024,2,3, Maracanã,A
146,2003,Brasileirão Série A,13,2003-06-14,BRA036,BRA027,0,2, Moisés Lucarelli,A
147,2003,Brasileirão Série A,13,2003-06-14,BRA016,BRA003,2,0, Couto Pereira,H
148,2003,Brasileirão Série A,13,2003-06-15,BRA015,BRA042,1,2, Morumbi,A
149,2003,Brasileirão Série A,13,2003-06-15,BRA023,BRA035,1,2, Presidente Vargas,A
150,2003,Brasileirão Série A,13,2003-06-15,BRA034,BRA031,1,2, Pinheirão,A
151,2003,Brasileirão Série A,13,2003-06-15,BRA025,BRA028,0,0, Olímpico,D
152,2003,Brasileirão Série A,13,2003-06-15,BRA040,BRA041,0,1, Vila Belmiro,A
153,2003,Brasileirão Série A,13,2003-06-15,BRA017,BRA020,1,0, Heriberto Hulse,H
154,2003,Brasileirão Série A,13,2003-06-15,BRA007,BRA045,2,1, Fonte Nova,H
155,2003,Brasileirão Série A,13,2003-06-15,BRA044,BRA021,1,2, Maracanã,A
156,2003,Brasileirão Série A,13,2003-06-15,BRA018,BRA005,0,0, Mineirão,D
157,2003,Brasileirão Série A,14,2003-06-19,BRA007,BRA016,2,2, Fonte Nova,D
158,2003,Brasileirão Série A,14,2003-06-21,BRA044,BRA017,2,0, São Januário,H
159,2003,Brasileirão Série A,14,2003-06-21,BRA005,BRA025,3,2, Mineirão,H
160,2003,Brasileirão Série A,14,2003-06-21,BRA028,BRA034,2,1, Beira Rio,H
161,2003,Brasileirão Série A,14,2003-06-21,BRA042,BRA024,1,0, Morumbi,H
162,2003,Brasileirão Série A,14,2003-06-22,BRA035,BRA021,2,2, Mangueirão,D
163,2003,Brasileirão Série A,14,2003-06-22,BRA036,BRA015,3,3, Moisés Lucarelli,D
164,2003,Brasileirão Série A,14,2003-06-22,BRA041,BRA045,2,1, Anacleto Campanella,H
165,2003,Brasileirão Série A,14,2003-06-22,BRA020,BRA023,2,2, Orlando Scarpelli,D
166,2003,Brasileirão Série A,14,2003-06-22,BRA031,BRA018,0,1, Alfredo Jaconi,A
167,2003,Brasileirão Série A,14,2003-06-22,BRA022,BRA027,5,2, Maracanã,H
168,2003,Brasileirão Série A,15,2003-06-28,BRA023,BRA044,0,1, Castelão,A
169,2003,Brasileirão Série A,15,2003-06-28,BRA016,BRA041,2,0, Couto Pereira,H
170,2003,Brasileirão Série A,15,2003-06-28,BRA025,BRA031,1,4, Olímpico,A
171,2003,Brasileirão Série A,15,2003-06-28,BRA040,BRA007,4,0, Vila Belmiro,H
172,2003,Brasileirão Série A,15,2003-06-28,BRA021,BRA020,0,2, Maracanã,A
173,2003,Brasileirão Série A,15,2003-06-29,BRA015,BRA022,1,0, Pacaembu,H
174,2003,Brasileirão Série A,15,2003-06-29,BRA027,BRA042,0,1, Brinco de Ouro,A
175,2003,Brasileirão Série A,15,2003-06-29,BRA017,BRA035,2,0, Heriberto Hulse,H
176,2003,Brasileirão Série A,15,2003-06-29,BRA045,BRA003,1,0, Barradão,H
177,2003,Brasileirão Série A,15,2003-06-29,BRA018,BRA028,3,2, Mineirão,H
178,2003,Brasileirão Série A,15,2003-06-29,BRA034,BRA005,1,1, Pinheirão,D
181,2003,Brasileirão Série A,16,2003-07-05,BRA044,BRA034,1,4, São Januário,A
182,2003,Brasileirão Série A,16,2003-07-05,BRA042,BRA041,1,1, Morumbi,D
183,2003,Brasileirão Série A,16,2003-07-05,BRA020,BRA018,1,0, Orlando Scarpelli,H
184,2003,Brasileirão Série A,16,2003-07-05,BRA005,BRA035,3,2,  Independência,H
185,2003,Brasileirão Série A,16,2003-07-06,BRA025,BRA021,2,0, Olímpico,H
186,2003,Brasileirão Série A,16,2003-07-06,BRA027,BRA024,3,2, Brinco de Ouro,H
187,2003,Brasileirão Série A,16,2003-07-06,BRA003,BRA015,3,1, Arena da Baixada,H
188,2003,Brasileirão Série A,16,2003-07-06,BRA031,BRA028,1,1, Alfredo Jaconi,D
189,2003,Brasileirão Série A,16,2003-07-06,BRA023,BRA017,0,1, Presidente Vargas,A
190,2003,Brasileirão Série A,16,2003-07-06,BRA045,BRA036,1,4, Barradão,A
191,2003,Brasileirão Série A,16,2003-07-06,BRA040,BRA016,3,1, Vila Belmiro,H
192,2003,Brasileirão Série A,16,2003-07-06,BRA022,BRA007,1,0, Maracanã,H
193,2003,Brasileirão Série A,17,2003-07-09,BRA041,BRA003,0,0, Anacleto Campanella,D
194,2003,Brasileirão Série A,17,2003-07-09,BRA015,BRA040,1,1, Morumbi,D
195,2003,Brasileirão Série A,17,2003-07-09,BRA018,BRA023,2,0, Mineirão,H
196,2003,Brasileirão Série A,17,2003-07-09,BRA007,BRA027,2,0, Fonte Nova,H
197,2003,Brasileirão Série A,17,2003-07-09,BRA035,BRA020,1,0, Mangueirão,H
198,2003,Brasileirão Série A,17,2003-07-09,BRA024,BRA045,1,1, Serra Dourada,D
199,2003,Brasileirão Série A,17,2003-07-09,BRA021,BRA031,2,1, Maracanã,H
200,2003,Brasileirão Série A,17,2003-07-09,BRA028,BRA044,2,1, Beira Rio,H
201,2003,Brasileirão Série A,17,2003-07-09,BRA016,BRA042,0,2, Couto Pereira,A
202,2003,Brasileirão Série A,17,2003-07-10,BRA036,BRA022,3,0, Moisés Lucarelli,H
203,2003,Brasileirão Série A,17,2003-07-10,BRA017,BRA005,1,0, Heriberto Hulse,H
204,2003,Brasileirão Série A,17,2003-07-10,BRA034,BRA025,3,1, Pinheirão,H
205,2003,Brasileirão Série A,18,2003-07-12,BRA003,BRA024,0,0, Arena da Baixada,D
206,2003,Brasileirão Série A,18,2003-07-12,BRA023,BRA028,3,0, Castelão,H
207,2003,Brasileirão Série A,18,2003-07-12,BRA044,BRA035,0,2, São Januário,A
208,2003,Brasileirão Série A,18,2003-07-13,BRA005,BRA021,1,0, Mineirão,H
209,2003,Brasileirão Série A,18,2003-07-13,BRA036,BRA007,1,0, Moisés Lucarelli,H
210,2003,Brasileirão Série A,18,2003-07-13,BRA015,BRA016,0,1, Morumbi,A
211,2003,Brasileirão Série A,18,2003-07-13,BRA017,BRA031,3,0, Heriberto Hulse,H
212,2003,Brasileirão Série A,18,2003-07-13,BRA020,BRA034,4,2, Orlando Scarpelli,H
213,2003,Brasileirão Série A,18,2003-07-13,BRA041,BRA027,0,2, Anacleto Campanella,A
214,2003,Brasileirão Série A,18,2003-07-13,BRA022,BRA042,1,3, Maracanã,A
215,2003,Brasileirão Série A,18,2003-07-13,BRA025,BRA018,0,1, Olímpico,A
216,2003,Brasileirão Série A,18,2003-07-13,BRA045,BRA040,2,0, Barradão,H
217,2003,Brasileirão Série A,19,2003-07-16,BRA021,BRA023,0,2, Maracanã,A
218,2003,Brasileirão Série A,19,2003-07-16,BRA031,BRA020,1,2, Alfredo Jaconi,A
219,2003,Brasileirão Série A,19,2003-07-16,BRA007,BRA041,0,0, Fonte Nova,D
220,2003,Brasileirão Série A,19,2003-07-16,BRA016,BRA022,3,0, Couto Pereira,H
221,2003,Brasileirão Série A,19,2003-07-16,BRA027,BRA045,2,2, Brinco de Ouro,D
222,2003,Brasileirão Série A,19,2003-07-16,BRA028,BRA005,3,3, Beira Rio,D
223,2003,Brasileirão Série A,19,2003-07-16,BRA040,BRA036,2,1, Vila Belmiro,H
224,2003,Brasileirão Série A,19,2003-07-16,BRA018,BRA044,4,1, Mineirão,H
225,2003,Brasileirão Série A,19,2003-07-16,BRA024,BRA015,1,1, Serra Dourada,D
226,2003,Brasileirão Série A,19,2003-07-17,BRA035,BRA025,1,1, Mangueirão,D
227,2003,Brasileirão Série A,19,2003-07-17,BRA042,BRA003,2,0, Morumbi,H
229,2003,Brasileirão Série A,20,2003-07-19,BRA022,BRA040,1,4,  Giulite Coutinho,A
230,2003,Brasileirão Série A,20,2003-07-19,BRA015,BRA027,1,0, Pacaembu,H
231,2003,Brasileirão Série A,20,2003-07-19,BRA023,BRA005,4,3, Castelão,H
232,2003,Brasileirão Série A,20,2003-07-19,BRA028,BRA020,3,0, Beira Rio,H
233,2003,Brasileirão Série A,20,2003-07-20,BRA031,BRA035,2,0, Alfredo Jaconi,H
234,2003,Brasileirão Série A,20,2003-07-20,BRA003,BRA007,2,1, Arena da Baixada,H
235,2003,Brasileirão Série A,20,2003-07-20,BRA036,BRA016,1,1, Moisés Lucarelli,D
236,2003,Brasileirão Série A,20,2003-07-20,BRA017,BRA021,4,3, Heriberto Hulse,H
237,2003,Brasileirão Série A,20,2003-07-20,BRA024,BRA041,2,1, Serra Dourada,H
238,2003,Brasileirão Série A,20,2003-07-20,BRA045,BRA042,0,2, Barradão,A
239,2003,Brasileirão Série A,20,2003-07-20,BRA018,BRA034,5,1, Mineirão,H
240,2003,Brasileirão Série A,20,2003-07-20,BRA044,BRA025,2,0, São Januário,H
241,2003,Brasileirão Série A,21,2003-07-23,BRA034,BRA023,4,1, Pinheirão,H
242,2003,Brasileirão Série A,21,2003-07-23,BRA005,BRA031,2,1, Mineirão,H
243,2003,Brasileirão Série A,21,2003-07-23,BRA035,BRA018,3,0, Mangueirão,H
244,2003,Brasileirão Série A,21,2003-07-23,BRA027,BRA003,1,0, Brinco de Ouro,H
245,2003,Brasileirão Série A,21,2003-07-23,BRA020,BRA044,0,0, Orlando Scarpelli,D
246,2003,Brasileirão Série A,21,2003-07-23,BRA040,BRA024,3,3, Vila Belmiro,D
247,2003,Brasileirão Série A,21,2003-07-23,BRA007,BRA015,0,0, Fonte Nova,D
248,2003,Brasileirão Série A,21,2003-07-24,BRA016,BRA045,1,1, Couto Pereira,D
249,2003,Brasileirão Série A,21,2003-07-24,BRA025,BRA017,0,2, Olímpico,A
250,2003,Brasileirão Série A,21,2003-07-24,BRA021,BRA028,2,1, Maracanã,H
251,2003,Brasileirão Série A,21,2003-07-24,BRA041,BRA022,2,0, Anacleto Campanella,H
252,2003,Brasileirão Série A,21,2003-07-24,BRA042,BRA036,1,2, Morumbi,A
253,2003,Brasileirão Série A,22,2003-07-26,BRA040,BRA044,2,1, Vila Belmiro,H
254,2003,Brasileirão Série A,22,2003-07-26,BRA024,BRA005,1,1, Serra Dourada,D
255,2003,Brasileirão Série A,22,2003-07-26,BRA003,BRA035,1,1, Arena da Baixada,D
256,2003,Brasileirão Série A,22,2003-07-27,BRA023,BRA036,2,3, Castelão,A
257,2003,Brasileirão Série A,22,2003-07-27,BRA031,BRA022,2,1, Alfredo Jaconi,H
258,2003,Brasileirão Série A,22,2003-07-27,BRA021,BRA042,1,1, Maracanã,D
259,2003,Brasileirão Série A,22,2003-07-27,BRA017,BRA016,2,3, Heriberto Hulse,A
260,2003,Brasileirão Série A,22,2003-07-27,BRA027,BRA020,3,0, Brinco de Ouro,H
261,2003,Brasileirão Série A,22,2003-07-27,BRA045,BRA034,0,3, Barradão,A
262,2003,Brasileirão Série A,22,2003-07-27,BRA015,BRA025,1,0, Pacaembu,H
263,2003,Brasileirão Série A,22,2003-07-27,BRA018,BRA007,5,2, Mineirão,H
264,2003,Brasileirão Série A,22,2003-07-27,BRA028,BRA041,0,0, Beira Rio,D
179,2003,Brasileirão Série A,15,2003-07-30,BRA003,BRA040,0,2, Arena da Baixada,A
180,2003,Brasileirão Série A,15,2003-07-30,BRA024,BRA036,0,0, Serra Dourada,D
228,2003,Brasileirão Série A,19,2003-07-31,BRA034,BRA017,2,1, Pinheirão,H
265,2003,Brasileirão Série A,23,2003-08-02,BRA022,BRA018,2,2,  Giulite Coutinho,D
266,2003,Brasileirão Série A,23,2003-08-02,BRA025,BRA040,2,0, Olímpico,H
267,2003,Brasileirão Série A,23,2003-08-02,BRA042,BRA028,0,2, Morumbi,A
268,2003,Brasileirão Série A,23,2003-08-02,BRA041,BRA031,1,1, Anacleto Campanella,D
269,2003,Brasileirão Série A,23,2003-08-03,BRA020,BRA024,0,1, Orlando Scarpelli,A
270,2003,Brasileirão Série A,23,2003-08-03,BRA034,BRA015,1,1, Arena da Baixada,D
271,2003,Brasileirão Série A,23,2003-08-03,BRA035,BRA027,6,1, Mangueirão,H
272,2003,Brasileirão Série A,23,2003-08-03,BRA016,BRA023,1,1, Couto Pereira,D
273,2003,Brasileirão Série A,23,2003-08-03,BRA007,BRA017,2,2, Fonte Nova,D
274,2003,Brasileirão Série A,23,2003-08-03,BRA036,BRA021,1,1, Moisés Lucarelli,D
275,2003,Brasileirão Série A,23,2003-08-03,BRA044,BRA003,2,1, São Januário,H
276,2003,Brasileirão Série A,23,2003-08-03,BRA005,BRA045,1,0, Mineirão,H
277,2003,Brasileirão Série A,24,2003-08-06,BRA045,BRA035,1,1, Barradão,D
278,2003,Brasileirão Série A,24,2003-08-06,BRA003,BRA034,1,0, Arena da Baixada,H
279,2003,Brasileirão Série A,24,2003-08-06,BRA017,BRA041,0,1, Heriberto Hulse,A
280,2003,Brasileirão Série A,24,2003-08-06,BRA023,BRA022,3,1, Castelão,H
281,2003,Brasileirão Série A,24,2003-08-06,BRA031,BRA036,0,0, Alfredo Jaconi,D
282,2003,Brasileirão Série A,24,2003-08-06,BRA040,BRA005,3,3, Vila Belmiro,D
283,2003,Brasileirão Série A,24,2003-08-06,BRA024,BRA044,3,1, Serra Dourada,H
284,2003,Brasileirão Série A,24,2003-08-06,BRA018,BRA042,1,1, Mineirão,D
285,2003,Brasileirão Série A,24,2003-08-07,BRA021,BRA007,6,0, Maracanã,H
286,2003,Brasileirão Série A,24,2003-08-07,BRA015,BRA020,0,1, Pacaembu,A
287,2003,Brasileirão Série A,24,2003-08-07,BRA027,BRA025,2,0, Brinco de Ouro,H
288,2003,Brasileirão Série A,24,2003-08-07,BRA028,BRA016,1,0, Beira Rio,H
289,2003,Brasileirão Série A,25,2003-08-09,BRA022,BRA017,1,1, Maracanã,D
290,2003,Brasileirão Série A,25,2003-08-09,BRA041,BRA018,2,0, Anacleto Campanella,H
291,2003,Brasileirão Série A,25,2003-08-09,BRA034,BRA040,1,2, Couto Pereira,A
292,2003,Brasileirão Série A,25,2003-08-09,BRA042,BRA031,3,1, Morumbi,H
293,2003,Brasileirão Série A,25,2003-08-10,BRA035,BRA024,2,2, Mangueirão,D
294,2003,Brasileirão Série A,25,2003-08-10,BRA036,BRA028,1,4, Moisés Lucarelli,A
295,2003,Brasileirão Série A,25,2003-08-10,BRA016,BRA021,5,0, Couto Pereira,H
296,2003,Brasileirão Série A,25,2003-08-10,BRA005,BRA015,2,3, Mineirão,A
297,2003,Brasileirão Série A,25,2003-08-10,BRA020,BRA045,1,2, Orlando Scarpelli,A
298,2003,Brasileirão Série A,25,2003-08-10,BRA007,BRA023,1,0, Fonte Nova,H
299,2003,Brasileirão Série A,25,2003-08-10,BRA044,BRA027,0,0, São Januário,D
300,2003,Brasileirão Série A,25,2003-08-10,BRA025,BRA003,1,1, Olímpico,D
301,2003,Brasileirão Série A,26,2003-08-16,BRA044,BRA045,1,0, São Januário,H
302,2003,Brasileirão Série A,26,2003-08-16,BRA007,BRA028,1,3, Fonte Nova,A
303,2003,Brasileirão Série A,26,2003-08-16,BRA020,BRA040,1,0, Orlando Scarpelli,H
304,2003,Brasileirão Série A,26,2003-08-16,BRA016,BRA031,1,0, Couto Pereira,H
305,2003,Brasileirão Série A,26,2003-08-16,BRA005,BRA003,1,2, Mineirão,A
306,2003,Brasileirão Série A,26,2003-08-16,BRA042,BRA017,0,0,  Santa Cruz,D
307,2003,Brasileirão Série A,26,2003-08-17,BRA035,BRA015,2,2, Mangueirão,D
308,2003,Brasileirão Série A,26,2003-08-17,BRA041,BRA023,3,0, Anacleto Campanella,H
309,2003,Brasileirão Série A,26,2003-08-17,BRA036,BRA018,1,3, Moisés Lucarelli,A
310,2003,Brasileirão Série A,26,2003-08-17,BRA034,BRA027,0,0, Pinheirão,D
311,2003,Brasileirão Série A,26,2003-08-17,BRA025,BRA024,0,1, Olímpico,A
312,2003,Brasileirão Série A,26,2003-08-17,BRA022,BRA021,0,1, Maracanã,A
313,2003,Brasileirão Série A,27,2003-08-20,BRA021,BRA041,1,0, Maracanã,H
314,2003,Brasileirão Série A,27,2003-08-20,BRA024,BRA034,1,0, Serra Dourada,H
315,2003,Brasileirão Série A,27,2003-08-20,BRA031,BRA007,1,0, Alfredo Jaconi,H
316,2003,Brasileirão Série A,27,2003-08-20,BRA018,BRA016,2,2, Mineirão,D
317,2003,Brasileirão Série A,27,2003-08-20,BRA003,BRA020,1,2, Arena da Baixada,A
318,2003,Brasileirão Série A,27,2003-08-20,BRA045,BRA025,4,1, Barradão,H
319,2003,Brasileirão Série A,27,2003-08-20,BRA040,BRA035,2,0, Vila Belmiro,H
320,2003,Brasileirão Série A,27,2003-08-20,BRA023,BRA042,0,2, Castelão,A
321,2003,Brasileirão Série A,27,2003-08-20,BRA015,BRA044,0,0, Pacaembu,D
322,2003,Brasileirão Série A,27,2003-08-21,BRA028,BRA022,0,1, Beira Rio,A
323,2003,Brasileirão Série A,27,2003-08-21,BRA027,BRA005,2,2, Brinco de Ouro,D
324,2003,Brasileirão Série A,27,2003-08-21,BRA017,BRA036,3,0, Heriberto Hulse,H
325,2003,Brasileirão Série A,28,2003-08-23,BRA040,BRA021,2,1, Vila Belmiro,H
326,2003,Brasileirão Série A,28,2003-08-23,BRA003,BRA023,3,1, Arena da Baixada,H
327,2003,Brasileirão Série A,28,2003-08-23,BRA024,BRA018,1,0, Serra Dourada,H
328,2003,Brasileirão Série A,28,2003-08-23,BRA025,BRA041,0,0, Olímpico,D
329,2003,Brasileirão Série A,28,2003-08-24,BRA044,BRA042,3,2, São Januário,H
330,2003,Brasileirão Série A,28,2003-08-24,BRA035,BRA036,3,2, Mangueirão,H
331,2003,Brasileirão Série A,28,2003-08-24,BRA034,BRA022,2,0,  Willie Davids,H
332,2003,Brasileirão Série A,28,2003-08-24,BRA045,BRA031,3,0, Barradão,H
333,2003,Brasileirão Série A,28,2003-08-24,BRA027,BRA017,1,0, Brinco de Ouro,H
334,2003,Brasileirão Série A,28,2003-08-24,BRA020,BRA016,1,2, Orlando Scarpelli,A
335,2003,Brasileirão Série A,28,2003-08-24,BRA015,BRA028,3,1, Pacaembu,H
336,2003,Brasileirão Série A,28,2003-08-24,BRA005,BRA007,1,0, Mineirão,H
337,2003,Brasileirão Série A,29,2003-08-30,BRA022,BRA025,2,0,  Municipal Juiz de Fora,H
338,2003,Brasileirão Série A,29,2003-08-30,BRA023,BRA040,0,0, Castelão,D
339,2003,Brasileirão Série A,29,2003-08-30,BRA028,BRA045,0,1, Beira Rio,A
340,2003,Brasileirão Série A,29,2003-08-30,BRA018,BRA027,4,1, Mineirão,H
341,2003,Brasileirão Série A,29,2003-08-30,BRA042,BRA035,1,0,  Benedito Teixeira,H
342,2003,Brasileirão Série A,29,2003-08-31,BRA041,BRA044,1,0, Anacleto Campanella,H
343,2003,Brasileirão Série A,29,2003-08-31,BRA031,BRA024,0,2, Alfredo Jaconi,A
344,2003,Brasileirão Série A,29,2003-08-31,BRA021,BRA015,1,0, Maracanã,H
345,2003,Brasileirão Série A,29,2003-08-31,BRA007,BRA034,4,2, Fonte Nova,H
346,2003,Brasileirão Série A,29,2003-08-31,BRA036,BRA020,1,1, Moisés Lucarelli,D
347,2003,Brasileirão Série A,29,2003-08-31,BRA017,BRA003,2,0, Heriberto Hulse,H
348,2003,Brasileirão Série A,29,2003-08-31,BRA016,BRA005,2,2, Couto Pereira,D
349,2003,Brasileirão Série A,30,2003-09-13,BRA040,BRA017,5,2, Vila Belmiro,H
350,2003,Brasileirão Série A,30,2003-09-13,BRA003,BRA018,1,4, Arena da Baixada,A
351,2003,Brasileirão Série A,30,2003-09-13,BRA025,BRA007,1,1, Olímpico,D
352,2003,Brasileirão Série A,30,2003-09-13,BRA015,BRA023,2,0, Pacaembu,H
353,2003,Brasileirão Série A,30,2003-09-14,BRA045,BRA021,1,0, Barradão,H
354,2003,Brasileirão Série A,30,2003-09-14,BRA020,BRA042,2,2, Orlando Scarpelli,D
355,2003,Brasileirão Série A,30,2003-09-14,BRA024,BRA028,3,1, Serra Dourada,H
356,2003,Brasileirão Série A,30,2003-09-14,BRA035,BRA041,1,0, Mangueirão,H
357,2003,Brasileirão Série A,30,2003-09-14,BRA027,BRA031,2,0, Brinco de Ouro,H
358,2003,Brasileirão Série A,30,2003-09-14,BRA034,BRA016,2,3, Couto Pereira,A
359,2003,Brasileirão Série A,30,2003-09-14,BRA044,BRA022,1,0, Maracanã,H
360,2003,Brasileirão Série A,30,2003-09-14,BRA005,BRA036,2,0,  Independência,H
361,2003,Brasileirão Série A,31,2003-09-20,BRA018,BRA040,3,0, Mineirão,H
362,2003,Brasileirão Série A,31,2003-09-20,BRA016,BRA025,1,0, Couto Pereira,H
363,2003,Brasileirão Série A,31,2003-09-20,BRA036,BRA034,4,0, Vila Belmiro,H
364,2003,Brasileirão Série A,31,2003-09-20,BRA022,BRA035,1,1, Maracanã,D
365,2003,Brasileirão Série A,31,2003-09-20,BRA028,BRA027,2,0, Beira Rio,H
366,2003,Brasileirão Série A,31,2003-09-21,BRA007,BRA044,3,0, Fonte Nova,H
367,2003,Brasileirão Série A,31,2003-09-21,BRA017,BRA015,1,0, Heriberto Hulse,H
368,2003,Brasileirão Série A,31,2003-09-21,BRA023,BRA045,1,0,  Plácido Castelo,H
369,2003,Brasileirão Série A,31,2003-09-21,BRA031,BRA003,4,0, Alfredo Jaconi,H
370,2003,Brasileirão Série A,31,2003-09-21,BRA041,BRA020,0,2, Anacleto Campanella,A
371,2003,Brasileirão Série A,31,2003-09-21,BRA042,BRA005,2,2, Morumbi,D
372,2003,Brasileirão Série A,31,2003-09-21,BRA021,BRA024,1,1, Maracanã,D
373,2003,Brasileirão Série A,32,2003-09-24,BRA003,BRA028,2,1, Arena da Baixada,H
374,2003,Brasileirão Série A,32,2003-09-24,BRA025,BRA036,2,2, Olímpico,D
375,2003,Brasileirão Série A,32,2003-09-24,BRA024,BRA023,0,1, Serra Dourada,A
376,2003,Brasileirão Série A,32,2003-09-24,BRA035,BRA007,4,0, Mangueirão,H
377,2003,Brasileirão Série A,32,2003-09-24,BRA045,BRA017,1,1, Barradão,D
378,2003,Brasileirão Série A,32,2003-09-24,BRA027,BRA021,5,3, Brinco de Ouro,H
379,2003,Brasileirão Série A,32,2003-09-24,BRA034,BRA042,4,2, Pinheirão,H
380,2003,Brasileirão Série A,32,2003-09-24,BRA040,BRA031,1,1, Vila Belmiro,D
381,2003,Brasileirão Série A,32,2003-09-24,BRA015,BRA018,0,1, Pacaembu,A
382,2003,Brasileirão Série A,32,2003-09-25,BRA020,BRA022,2,2, Orlando Scarpelli,D
383,2003,Brasileirão Série A,32,2003-09-25,BRA044,BRA016,2,1, São Januário,H
384,2003,Brasileirão Série A,32,2003-09-25,BRA005,BRA041,3,1,  Independência,H
385,2003,Brasileirão Série A,33,2003-09-27,BRA028,BRA040,1,0, Beira Rio,H
386,2003,Brasileirão Série A,33,2003-09-27,BRA042,BRA025,3,1, Morumbi,H
387,2003,Brasileirão Série A,33,2003-09-27,BRA021,BRA003,2,1, Maracanã,H
388,2003,Brasileirão Série A,33,2003-09-28,BRA018,BRA045,1,0, Mineirão,H
389,2003,Brasileirão Série A,33,2003-09-28,BRA007,BRA020,1,1, Fonte Nova,D
390,2003,Brasileirão Série A,33,2003-09-28,BRA017,BRA024,1,0, Heriberto Hulse,H
391,2003,Brasileirão Série A,33,2003-09-28,BRA023,BRA027,3,0, Presidente Vargas,H
392,2003,Brasileirão Série A,33,2003-09-28,BRA031,BRA015,6,1, Alfredo Jaconi,H
393,2003,Brasileirão Série A,33,2003-09-28,BRA036,BRA044,2,2, Moisés Lucarelli,D
394,2003,Brasileirão Série A,33,2003-09-28,BRA041,BRA034,2,0, Anacleto Campanella,H
395,2003,Brasileirão Série A,33,2003-09-28,BRA022,BRA005,0,1,  Giulite Coutinho,A
396,2003,Brasileirão Série A,33,2003-09-28,BRA016,BRA035,1,0, Couto Pereira,H
397,2003,Brasileirão Série A,34,2003-10-04,BRA003,BRA022,0,0, Arena da Baixada,D
398,2003,Brasileirão Série A,34,2003-10-04,BRA035,BRA028,0,0, Mangueirão,D
399,2003,Brasileirão Série A,34,2003-10-04,BRA041,BRA036,1,0, Anacleto Campanella,H
400,2003,Brasileirão Série A,34,2003-10-04,BRA025,BRA020,3,1, Olímpico,H
401,2003,Brasileirão Série A,34,2003-10-04,BRA042,BRA040,1,2, Morumbi,A
402,2003,Brasileirão Série A,34,2003-10-05,BRA045,BRA015,1,2, Barradão,A
403,2003,Brasileirão Série A,34,2003-10-05,BRA024,BRA007,3,1, Serra Dourada,H
404,2003,Brasileirão Série A,34,2003-10-05,BRA005,BRA044,2,1,  Independência,H
405,2003,Brasileirão Série A,34,2003-10-05,BRA031,BRA023,2,2, Alfredo Jaconi,D
406,2003,Brasileirão Série A,34,2003-10-05,BRA027,BRA016,2,1, Brinco de Ouro,H
407,2003,Brasileirão Série A,34,2003-10-05,BRA021,BRA034,0,3, Maracanã,A
408,2003,Brasileirão Série A,34,2003-10-05,BRA017,BRA018,1,3, Heriberto Hulse,A
409,2003,Brasileirão Série A,35,2003-10-08,BRA044,BRA031,1,1, Maracanã,D
410,2003,Brasileirão Série A,35,2003-10-08,BRA023,BRA025,2,2, Castelão,D
411,2003,Brasileirão Série A,35,2003-10-08,BRA015,BRA041,0,3, Pacaembu,A
412,2003,Brasileirão Série A,35,2003-10-08,BRA016,BRA024,1,0, Couto Pereira,H
413,2003,Brasileirão Série A,35,2003-10-08,BRA036,BRA003,2,2, Moisés Lucarelli,D
414,2003,Brasileirão Série A,35,2003-10-08,BRA040,BRA027,1,1, Vila Belmiro,D
415,2003,Brasileirão Série A,35,2003-10-08,BRA007,BRA042,3,0, Fonte Nova,H
416,2003,Brasileirão Série A,35,2003-10-08,BRA018,BRA021,2,0, Mineirão,H
417,2003,Brasileirão Série A,35,2003-10-09,BRA034,BRA035,4,2, Couto Pereira,H
418,2003,Brasileirão Série A,35,2003-10-09,BRA028,BRA017,2,0, Beira Rio,H
419,2003,Brasileirão Série A,35,2003-10-09,BRA022,BRA045,2,0, Maracanã,H
420,2003,Brasileirão Série A,35,2003-10-09,BRA020,BRA005,0,1, Orlando Scarpelli,A
421,2003,Brasileirão Série A,36,2003-10-11,BRA003,BRA016,2,0, Arena da Baixada,H
422,2003,Brasileirão Série A,36,2003-10-11,BRA027,BRA036,1,3, Brinco de Ouro,A
423,2003,Brasileirão Série A,36,2003-10-11,BRA041,BRA040,2,2, Anacleto Campanella,D
424,2003,Brasileirão Série A,36,2003-10-12,BRA005,BRA018,0,1, Mineirão,A
425,2003,Brasileirão Série A,36,2003-10-12,BRA020,BRA017,4,2, Orlando Scarpelli,H
426,2003,Brasileirão Série A,36,2003-10-12,BRA042,BRA015,3,0, Morumbi,H
427,2003,Brasileirão Série A,36,2003-10-12,BRA045,BRA007,2,1, Barradão,H
428,2003,Brasileirão Série A,36,2003-10-12,BRA024,BRA022,6,1, Serra Dourada,H
429,2003,Brasileirão Série A,36,2003-10-12,BRA031,BRA034,1,1, Alfredo Jaconi,D
430,2003,Brasileirão Série A,36,2003-10-12,BRA021,BRA044,2,1, Maracanã,H
431,2003,Brasileirão Série A,36,2003-10-12,BRA028,BRA025,0,1, Beira Rio,A
432,2003,Brasileirão Série A,36,2003-10-15,BRA035,BRA023,3,0, Mangueirão,H
433,2003,Brasileirão Série A,37,2003-10-18,BRA024,BRA042,3,1, Serra Dourada,H
434,2003,Brasileirão Série A,37,2003-10-18,BRA027,BRA022,2,0, Brinco de Ouro,H
435,2003,Brasileirão Série A,37,2003-10-18,BRA021,BRA035,2,0, Maracanã,H
436,2003,Brasileirão Série A,37,2003-10-18,BRA025,BRA005,2,2, Olímpico,D
437,2003,Brasileirão Série A,37,2003-10-18,BRA016,BRA007,3,2, Couto Pereira,H
438,2003,Brasileirão Série A,37,2003-10-19,BRA034,BRA028,4,0, Couto Pereira,H
439,2003,Brasileirão Série A,37,2003-10-19,BRA040,BRA003,3,2, Vila Belmiro,H
440,2003,Brasileirão Série A,37,2003-10-19,BRA017,BRA044,2,1, Heriberto Hulse,H
441,2003,Brasileirão Série A,37,2003-10-19,BRA023,BRA020,1,1, Presidente Vargas,D
442,2003,Brasileirão Série A,37,2003-10-19,BRA045,BRA041,0,0, Barradão,D
443,2003,Brasileirão Série A,37,2003-10-19,BRA015,BRA036,3,0, Pacaembu,H
444,2003,Brasileirão Série A,37,2003-10-19,BRA018,BRA031,1,2, Mineirão,A
445,2003,Brasileirão Série A,38,2003-10-22,BRA036,BRA024,0,2, Moisés Lucarelli,A
446,2003,Brasileirão Série A,38,2003-10-22,BRA041,BRA016,2,0, Anacleto Campanella,H
447,2003,Brasileirão Série A,38,2003-10-22,BRA003,BRA045,1,2,  Estádio do Café,A
448,2003,Brasileirão Série A,38,2003-10-22,BRA020,BRA021,0,0, Orlando Scarpelli,D
449,2003,Brasileirão Série A,38,2003-10-22,BRA022,BRA015,1,0, Maracanã,H
450,2003,Brasileirão Série A,38,2003-10-22,BRA028,BRA018,1,0, Beira Rio,H
451,2003,Brasileirão Série A,38,2003-10-22,BRA007,BRA040,4,7, Fonte Nova,A
452,2003,Brasileirão Série A,38,2003-10-23,BRA035,BRA017,4,0, Mangueirão,H
453,2003,Brasileirão Série A,38,2003-10-23,BRA042,BRA027,3,3, Morumbi,D
454,2003,Brasileirão Série A,38,2003-10-23,BRA005,BRA034,2,2, Mineirão,D
455,2003,Brasileirão Série A,38,2003-10-23,BRA031,BRA025,1,2, Alfredo Jaconi,A
456,2003,Brasileirão Série A,38,2003-10-23,BRA044,BRA023,1,1,  Vivaldo Lima,D
457,2003,Brasileirão Série A,39,2003-10-25,BRA016,BRA040,0,4, Couto Pereira,A
458,2003,Brasileirão Série A,39,2003-10-25,BRA007,BRA022,2,2, Fonte Nova,D
459,2003,Brasileirão Série A,39,2003-10-25,BRA036,BRA045,1,1, Moisés Lucarelli,D
460,2003,Brasileirão Série A,39,2003-10-25,BRA018,BRA020,1,0, Mineirão,H
461,2003,Brasileirão Série A,39,2003-10-26,BRA041,BRA042,0,1, Anacleto Campanella,A
462,2003,Brasileirão Série A,39,2003-10-26,BRA034,BRA044,3,3, Orlando Scarpelli,D
463,2003,Brasileirão Série A,39,2003-10-26,BRA024,BRA027,3,0, Serra Dourada,H
464,2003,Brasileirão Série A,39,2003-10-26,BRA017,BRA023,2,2, Heriberto Hulse,D
465,2003,Brasileirão Série A,39,2003-10-26,BRA015,BRA003,2,3, Pacaembu,A
466,2003,Brasileirão Série A,39,2003-10-26,BRA035,BRA005,1,0, Mangueirão,H
467,2003,Brasileirão Série A,39,2003-10-26,BRA021,BRA025,2,1, Maracanã,H
468,2003,Brasileirão Série A,39,2003-10-26,BRA028,BRA031,0,0, Beira Rio,D
469,2003,Brasileirão Série A,40,2003-11-01,BRA027,BRA007,3,2, Brinco de Ouro,H
470,2003,Brasileirão Série A,40,2003-11-01,BRA003,BRA041,1,0, Arena da Baixada,H
471,2003,Brasileirão Série A,40,2003-11-01,BRA025,BRA034,0,2, Olímpico,A
472,2003,Brasileirão Série A,40,2003-11-01,BRA022,BRA036,2,2, Maracanã,D
473,2003,Brasileirão Série A,40,2003-11-01,BRA005,BRA017,1,1,  Independência,D
474,2003,Brasileirão Série A,40,2003-11-02,BRA040,BRA015,3,1, Vila Belmiro,H
475,2003,Brasileirão Série A,40,2003-11-02,BRA031,BRA021,2,2, Alfredo Jaconi,D
476,2003,Brasileirão Série A,40,2003-11-02,BRA023,BRA018,1,2, Castelão,A
477,2003,Brasileirão Série A,40,2003-11-02,BRA020,BRA035,6,0, Orlando Scarpelli,H
478,2003,Brasileirão Série A,40,2003-11-02,BRA045,BRA024,3,4, Barradão,A
479,2003,Brasileirão Série A,40,2003-11-02,BRA044,BRA028,0,1,  Batistão,A
480,2003,Brasileirão Série A,40,2003-11-02,BRA042,BRA016,1,0, Morumbi,H
481,2003,Brasileirão Série A,41,2003-11-05,BRA034,BRA020,1,1,  Estádio do Café,D
482,2003,Brasileirão Série A,41,2003-11-05,BRA028,BRA023,1,1, Beira Rio,D
483,2003,Brasileirão Série A,41,2003-11-05,BRA031,BRA017,3,1, Alfredo Jaconi,H
484,2003,Brasileirão Série A,41,2003-11-05,BRA035,BRA044,1,2, Mangueirão,A
485,2003,Brasileirão Série A,41,2003-11-05,BRA042,BRA022,1,0, Morumbi,H
486,2003,Brasileirão Série A,41,2003-11-05,BRA016,BRA015,1,0, Couto Pereira,H
487,2003,Brasileirão Série A,41,2003-11-05,BRA040,BRA045,3,1, Vila Belmiro,H
488,2003,Brasileirão Série A,41,2003-11-05,BRA018,BRA025,3,0, Mineirão,H
489,2003,Brasileirão Série A,41,2003-11-06,BRA007,BRA036,1,0, Fonte Nova,H
490,2003,Brasileirão Série A,41,2003-11-06,BRA024,BRA003,4,1, Serra Dourada,H
491,2003,Brasileirão Série A,41,2003-11-06,BRA021,BRA005,3,2, Maracanã,H
492,2003,Brasileirão Série A,41,2003-11-06,BRA027,BRA041,0,1, Brinco de Ouro,A
493,2003,Brasileirão Série A,42,2003-11-08,BRA022,BRA016,3,2, Maracanã,H
494,2003,Brasileirão Série A,42,2003-11-08,BRA025,BRA035,2,0, Olímpico,H
495,2003,Brasileirão Série A,42,2003-11-08,BRA017,BRA034,1,2,  Ressacada,A
496,2003,Brasileirão Série A,42,2003-11-09,BRA036,BRA040,3,4, Moisés Lucarelli,A
497,2003,Brasileirão Série A,42,2003-11-09,BRA044,BRA018,0,1,  Pedro Pedrossian,A
498,2003,Brasileirão Série A,42,2003-11-09,BRA023,BRA021,4,1, Castelão,H
499,2003,Brasileirão Série A,42,2003-11-09,BRA003,BRA042,4,3, Arena da Baixada,H
500,2003,Brasileirão Série A,42,2003-11-09,BRA041,BRA007,4,1, Anacleto Campanella,H
501,2003,Brasileirão Série A,42,2003-11-09,BRA020,BRA031,2,1, Orlando Scarpelli,H
502,2003,Brasileirão Série A,42,2003-11-09,BRA045,BRA027,0,0, Barradão,D
503,2003,Brasileirão Série A,42,2003-11-09,BRA015,BRA024,2,0, Pacaembu,H
504,2003,Brasileirão Série A,42,2003-11-09,BRA005,BRA028,1,2,  Independência,A
505,2003,Brasileirão Série A,43,2003-11-22,BRA020,BRA028,3,2, Orlando Scarpelli,H
506,2003,Brasileirão Série A,43,2003-11-22,BRA005,BRA023,2,0,  Ipatingão,H
507,2003,Brasileirão Série A,43,2003-11-22,BRA016,BRA036,1,1, Couto Pereira,D
508,2003,Brasileirão Série A,43,2003-11-22,BRA025,BRA044,4,3, Olímpico,H
509,2003,Brasileirão Série A,43,2003-11-22,BRA021,BRA017,1,0, Maracanã,H
510,2003,Brasileirão Série A,43,2003-11-23,BRA040,BRA022,3,1, Vila Belmiro,H
511,2003,Brasileirão Série A,43,2003-11-23,BRA034,BRA018,1,3, Pinheirão,A
512,2003,Brasileirão Série A,43,2003-11-23,BRA041,BRA024,1,0, Anacleto Campanella,H
513,2003,Brasileirão Série A,43,2003-11-23,BRA007,BRA003,0,2, Fonte Nova,A
514,2003,Brasileirão Série A,43,2003-11-23,BRA042,BRA045,3,1, Morumbi,H
515,2003,Brasileirão Série A,43,2003-11-23,BRA027,BRA015,0,1, Brinco de Ouro,A
516,2003,Brasileirão Série A,43,2003-11-23,BRA035,BRA031,3,2, Mangueirão,H
517,2003,Brasileirão Série A,44,2003-11-29,BRA044,BRA020,1,0, São Januário,H
518,2003,Brasileirão Série A,44,2003-11-29,BRA031,BRA005,1,0, Alfredo Jaconi,H
519,2003,Brasileirão Série A,44,2003-11-29,BRA003,BRA027,3,1, Arena da Baixada,H
520,2003,Brasileirão Série A,44,2003-11-29,BRA022,BRA041,2,1, Maracanã,H
521,2003,Brasileirão Série A,44,2003-11-29,BRA028,BRA021,3,1, Beira Rio,H
522,2003,Brasileirão Série A,44,2003-11-30,BRA024,BRA040,3,0, Serra Dourada,H
523,2003,Brasileirão Série A,44,2003-11-30,BRA023,BRA034,5,3, Castelão,H
524,2003,Brasileirão Série A,44,2003-11-30,BRA017,BRA025,0,2, Heriberto Hulse,A
525,2003,Brasileirão Série A,44,2003-11-30,BRA045,BRA016,1,0, Barradão,H
526,2003,Brasileirão Série A,44,2003-11-30,BRA036,BRA042,1,2, Moisés Lucarelli,A
527,2003,Brasileirão Série A,44,2003-11-30,BRA015,BRA007,1,2, Pacaembu,A
528,2003,Brasileirão Série A,44,2003-11-30,BRA018,BRA035,2,1, Mineirão,H
529,2003,Brasileirão Série A,45,2003-12-06,BRA045,BRA005,0,1, Barradão,A
530,2003,Brasileirão Série A,45,2003-12-06,BRA024,BRA020,0,3, Serra Dourada,A
531,2003,Brasileirão Série A,45,2003-12-06,BRA003,BRA044,2,2, Arena da Baixada,D
532,2003,Brasileirão Série A,45,2003-12-06,BRA015,BRA034,1,1, Pacaembu,D
533,2003,Brasileirão Série A,45,2003-12-07,BRA018,BRA022,5,2, Mineirão,H
534,2003,Brasileirão Série A,45,2003-12-07,BRA027,BRA035,2,1, Brinco de Ouro,H
535,2003,Brasileirão Série A,45,2003-12-07,BRA040,BRA025,2,2, Vila Belmiro,D
536,2003,Brasileirão Série A,45,2003-12-07,BRA021,BRA036,1,1, Maracanã,D
537,2003,Brasileirão Série A,45,2003-12-07,BRA017,BRA007,3,2, Heriberto Hulse,H
538,2003,Brasileirão Série A,45,2003-12-07,BRA023,BRA016,2,2, Presidente Vargas,D
539,2003,Brasileirão Série A,45,2003-12-07,BRA028,BRA042,1,1, Beira Rio,D
540,2003,Brasileirão Série A,45,2003-12-07,BRA031,BRA041,2,1, Alfredo Jaconi,H
541,2003,Brasileirão Série A,46,2003-12-13,BRA034,BRA045,2,0, Pinheirão,H
542,2003,Brasileirão Série A,46,2003-12-13,BRA016,BRA017,2,0, Couto Pereira,H
543,2003,Brasileirão Série A,46,2003-12-13,BRA005,BRA024,3,2,  Ipatingão,H
544,2003,Brasileirão Série A,46,2003-12-13,BRA020,BRA027,2,0, Orlando Scarpelli,H
545,2003,Brasileirão Série A,46,2003-12-13,BRA041,BRA028,5,0, Anacleto Campanella,H
546,2003,Brasileirão Série A,46,2003-12-14,BRA025,BRA015,3,0, Olímpico,H
547,2003,Brasileirão Série A,46,2003-12-14,BRA036,BRA023,2,0, Moisés Lucarelli,H
548,2003,Brasileirão Série A,46,2003-12-14,BRA007,BRA018,0,7, Fonte Nova,A
549,2003,Brasileirão Série A,46,2003-12-14,BRA022,BRA031,1,0, Maracanã,H
550,2003,Brasileirão Série A,46,2003-12-14,BRA035,BRA003,2,2, Mangueirão,D
551,2003,Brasileirão Série A,46,2003-12-14,BRA044,BRA040,1,1, São Januário,D
552,2003,Brasileirão Série A,46,2003-12-14,BRA042,BRA021,1,3, Morumbi,A
553,2004,Brasileirão Série A,1,2004-04-21,BRA009,BRA024,1,4,  Caio Martins,A
554,2004,Brasileirão Série A,1,2004-04-21,BRA020,BRA028,1,0, Orlando Scarpelli,H
555,2004,Brasileirão Série A,1,2004-04-21,BRA041,BRA045,1,0, Anacleto Campanella,H
556,2004,Brasileirão Série A,1,2004-04-21,BRA018,BRA031,2,1,  Ipatingão,H
557,2004,Brasileirão Série A,1,2004-04-21,BRA033,BRA005,0,0,  Parque Antártica,D
558,2004,Brasileirão Série A,1,2004-04-21,BRA025,BRA021,0,0, Olímpico,D
559,2004,Brasileirão Série A,1,2004-04-21,BRA036,BRA015,3,2, Moisés Lucarelli,H
560,2004,Brasileirão Série A,1,2004-04-21,BRA034,BRA040,3,2, Pinheirão,H
561,2004,Brasileirão Série A,1,2004-04-22,BRA016,BRA027,1,0, Couto Pereira,H
562,2004,Brasileirão Série A,1,2004-04-22,BRA044,BRA017,0,1, São Januário,A
563,2004,Brasileirão Série A,1,2004-04-22,BRA035,BRA022,3,3, Mangueirão,D
564,2004,Brasileirão Série A,1,2004-04-22,BRA042,BRA003,1,0, Morumbi,H
565,2004,Brasileirão Série A,2,2004-04-24,BRA021,BRA036,0,0,  Raulino de Oliveira,D
566,2004,Brasileirão Série A,2,2004-04-24,BRA024,BRA018,2,2, Serra Dourada,D
567,2004,Brasileirão Série A,2,2004-04-24,BRA031,BRA025,1,1, Alfredo Jaconi,D
568,2004,Brasileirão Série A,2,2004-04-25,BRA028,BRA033,1,0, Beira Rio,H
569,2004,Brasileirão Série A,2,2004-04-25,BRA005,BRA044,1,1, Mineirão,D
570,2004,Brasileirão Série A,2,2004-04-25,BRA022,BRA016,1,1, Maracanã,D
571,2004,Brasileirão Série A,2,2004-04-25,BRA015,BRA035,2,1, Pacaembu,H
572,2004,Brasileirão Série A,2,2004-04-25,BRA027,BRA041,1,1, Brinco de Ouro,D
573,2004,Brasileirão Série A,2,2004-04-25,BRA003,BRA020,0,3, Arena da Baixada,A
574,2004,Brasileirão Série A,2,2004-04-25,BRA045,BRA034,6,1, Barradão,H
575,2004,Brasileirão Série A,2,2004-04-25,BRA017,BRA042,1,1, Heriberto Hulse,D
576,2004,Brasileirão Série A,2,2004-04-25,BRA040,BRA009,2,0, Vila Belmiro,H
577,2004,Brasileirão Série A,3,2004-04-28,BRA009,BRA005,2,2,  Caio Martins,D
578,2004,Brasileirão Série A,3,2004-04-28,BRA016,BRA028,1,1, Couto Pereira,D
579,2004,Brasileirão Série A,3,2004-04-28,BRA035,BRA003,0,3, Mangueirão,A
580,2004,Brasileirão Série A,3,2004-04-28,BRA018,BRA017,2,2,  Independência,D
581,2004,Brasileirão Série A,3,2004-04-28,BRA036,BRA024,2,0, Moisés Lucarelli,H
582,2004,Brasileirão Série A,3,2004-04-28,BRA025,BRA015,4,0, Olímpico,H
583,2004,Brasileirão Série A,3,2004-04-28,BRA020,BRA040,2,1, Orlando Scarpelli,H
584,2004,Brasileirão Série A,3,2004-04-28,BRA042,BRA022,1,0, Morumbi,H
585,2004,Brasileirão Série A,3,2004-04-29,BRA034,BRA021,2,1, Pinheirão,H
586,2004,Brasileirão Série A,3,2004-04-29,BRA044,BRA027,0,1, São Januário,A
587,2004,Brasileirão Série A,3,2004-04-29,BRA033,BRA045,2,2,  Parque Antártica,D
589,2004,Brasileirão Série A,4,2004-05-01,BRA028,BRA035,1,0, Beira Rio,H
590,2004,Brasileirão Série A,4,2004-05-01,BRA017,BRA009,1,0, Heriberto Hulse,H
591,2004,Brasileirão Série A,4,2004-05-01,BRA005,BRA036,1,2,  Independência,A
592,2004,Brasileirão Série A,4,2004-05-01,BRA024,BRA025,4,0, Serra Dourada,H
593,2004,Brasileirão Série A,4,2004-05-02,BRA021,BRA041,1,1,  Raulino de Oliveira,D
594,2004,Brasileirão Série A,4,2004-05-02,BRA040,BRA018,1,3, Vila Belmiro,A
595,2004,Brasileirão Série A,4,2004-05-02,BRA022,BRA044,1,0, Maracanã,H
596,2004,Brasileirão Série A,4,2004-05-02,BRA015,BRA033,0,4, Morumbi,A
597,2004,Brasileirão Série A,4,2004-05-02,BRA031,BRA034,4,0, Alfredo Jaconi,H
598,2004,Brasileirão Série A,4,2004-05-02,BRA045,BRA020,3,1, Barradão,H
599,2004,Brasileirão Série A,4,2004-05-02,BRA027,BRA042,2,3, Brinco de Ouro,A
600,2004,Brasileirão Série A,4,2004-05-02,BRA003,BRA016,1,1, Arena da Baixada,D
601,2004,Brasileirão Série A,5,2004-05-08,BRA040,BRA031,2,1, Vila Belmiro,H
602,2004,Brasileirão Série A,5,2004-05-08,BRA034,BRA018,2,0, Pinheirão,H
603,2004,Brasileirão Série A,5,2004-05-08,BRA027,BRA003,0,0, Brinco de Ouro,D
604,2004,Brasileirão Série A,5,2004-05-08,BRA041,BRA017,5,0, Anacleto Campanella,H
605,2004,Brasileirão Série A,5,2004-05-08,BRA044,BRA025,1,1, São Januário,D
606,2004,Brasileirão Série A,5,2004-05-08,BRA033,BRA036,3,0,  Parque Antártica,H
607,2004,Brasileirão Série A,5,2004-05-09,BRA028,BRA022,0,0, Beira Rio,D
608,2004,Brasileirão Série A,5,2004-05-09,BRA005,BRA015,2,2,  Independência,D
609,2004,Brasileirão Série A,5,2004-05-09,BRA009,BRA035,2,2,  Caio Martins,D
610,2004,Brasileirão Série A,5,2004-05-09,BRA024,BRA020,1,0, Serra Dourada,H
611,2004,Brasileirão Série A,5,2004-05-09,BRA045,BRA021,5,1, Barradão,H
612,2004,Brasileirão Série A,5,2004-05-09,BRA016,BRA042,1,2, Couto Pereira,A
613,2004,Brasileirão Série A,6,2004-05-15,BRA035,BRA044,1,2, Mangueirão,A
614,2004,Brasileirão Série A,6,2004-05-15,BRA003,BRA040,1,0, Arena da Baixada,H
615,2004,Brasileirão Série A,6,2004-05-16,BRA018,BRA033,2,1,  Independência,H
616,2004,Brasileirão Série A,6,2004-05-16,BRA021,BRA028,1,2,  Raulino de Oliveira,A
617,2004,Brasileirão Série A,6,2004-05-16,BRA020,BRA041,1,0, Orlando Scarpelli,H
618,2004,Brasileirão Série A,6,2004-05-16,BRA017,BRA024,7,2, Heriberto Hulse,H
619,2004,Brasileirão Série A,6,2004-05-16,BRA031,BRA005,1,1, Alfredo Jaconi,D
620,2004,Brasileirão Série A,6,2004-05-16,BRA036,BRA016,0,0, Moisés Lucarelli,D
621,2004,Brasileirão Série A,6,2004-05-16,BRA025,BRA009,2,2, Olímpico,D
622,2004,Brasileirão Série A,6,2004-05-16,BRA042,BRA034,2,2, Morumbi,D
623,2004,Brasileirão Série A,6,2004-05-16,BRA022,BRA045,1,0, Maracanã,H
624,2004,Brasileirão Série A,6,2004-05-16,BRA015,BRA027,1,0, Pacaembu,H
625,2004,Brasileirão Série A,7,2004-05-22,BRA009,BRA020,1,1,  Caio Martins,D
626,2004,Brasileirão Série A,7,2004-05-22,BRA035,BRA025,1,3, Mangueirão,A
627,2004,Brasileirão Série A,7,2004-05-22,BRA028,BRA024,1,0, Beira Rio,H
628,2004,Brasileirão Série A,7,2004-05-22,BRA016,BRA005,0,1, Couto Pereira,A
629,2004,Brasileirão Série A,7,2004-05-23,BRA040,BRA033,0,4, Vila Belmiro,A
630,2004,Brasileirão Série A,7,2004-05-23,BRA021,BRA022,1,2, Maracanã,A
631,2004,Brasileirão Série A,7,2004-05-23,BRA041,BRA044,3,2, Anacleto Campanella,H
632,2004,Brasileirão Série A,7,2004-05-23,BRA034,BRA036,0,1, Pinheirão,A
633,2004,Brasileirão Série A,7,2004-05-23,BRA017,BRA045,2,0, Heriberto Hulse,H
634,2004,Brasileirão Série A,7,2004-05-23,BRA031,BRA027,2,0, Alfredo Jaconi,H
635,2004,Brasileirão Série A,7,2004-05-23,BRA015,BRA003,0,5, Pacaembu,A
636,2004,Brasileirão Série A,7,2004-05-23,BRA018,BRA042,2,1, Mineirão,H
637,2004,Brasileirão Série A,8,2004-05-29,BRA022,BRA017,1,1, Maracanã,D
638,2004,Brasileirão Série A,8,2004-05-29,BRA036,BRA031,0,1, Moisés Lucarelli,A
639,2004,Brasileirão Série A,8,2004-05-29,BRA020,BRA035,1,1, Orlando Scarpelli,D
640,2004,Brasileirão Série A,8,2004-05-29,BRA033,BRA016,2,0,  Parque Antártica,H
641,2004,Brasileirão Série A,8,2004-05-29,BRA045,BRA028,2,1, Barradão,H
642,2004,Brasileirão Série A,8,2004-05-30,BRA005,BRA040,3,3, Mineirão,D
643,2004,Brasileirão Série A,8,2004-05-30,BRA044,BRA009,4,0, Maracanã,H
644,2004,Brasileirão Série A,8,2004-05-30,BRA042,BRA015,1,1, Morumbi,D
645,2004,Brasileirão Série A,8,2004-05-30,BRA027,BRA034,1,0, Brinco de Ouro,H
646,2004,Brasileirão Série A,8,2004-05-30,BRA024,BRA021,2,2, Serra Dourada,D
647,2004,Brasileirão Série A,8,2004-05-30,BRA003,BRA018,3,1, Arena da Baixada,H
648,2004,Brasileirão Série A,8,2004-05-30,BRA025,BRA041,1,2, Olímpico,A
649,2004,Brasileirão Série A,9,2004-06-12,BRA022,BRA027,1,1,  Raulino de Oliveira,D
650,2004,Brasileirão Série A,9,2004-06-12,BRA034,BRA009,1,1, Pinheirão,D
651,2004,Brasileirão Série A,9,2004-06-12,BRA028,BRA005,4,1, Beira Rio,H
652,2004,Brasileirão Série A,9,2004-06-12,BRA042,BRA025,3,2, Morumbi,H
653,2004,Brasileirão Série A,9,2004-06-13,BRA024,BRA015,1,1, Serra Dourada,D
654,2004,Brasileirão Série A,9,2004-06-13,BRA033,BRA044,2,2,  Parque Antártica,D
655,2004,Brasileirão Série A,9,2004-06-13,BRA018,BRA035,1,0, Mineirão,H
656,2004,Brasileirão Série A,9,2004-06-13,BRA016,BRA041,1,0, Couto Pereira,H
657,2004,Brasileirão Série A,9,2004-06-13,BRA017,BRA031,2,0, Heriberto Hulse,H
658,2004,Brasileirão Série A,9,2004-06-13,BRA036,BRA020,0,2, Moisés Lucarelli,A
659,2004,Brasileirão Série A,9,2004-06-13,BRA021,BRA003,3,0,  Raulino de Oliveira,H
660,2004,Brasileirão Série A,9,2004-06-13,BRA045,BRA040,1,2, Barradão,A
661,2004,Brasileirão Série A,10,2004-06-19,BRA025,BRA016,1,1, Olímpico,D
662,2004,Brasileirão Série A,10,2004-06-19,BRA003,BRA045,1,3, Arena da Baixada,A
663,2004,Brasileirão Série A,10,2004-06-19,BRA044,BRA034,0,0, São Januário,D
664,2004,Brasileirão Série A,10,2004-06-19,BRA020,BRA018,0,0, Orlando Scarpelli,D
665,2004,Brasileirão Série A,10,2004-06-20,BRA041,BRA033,1,1, Anacleto Campanella,D
666,2004,Brasileirão Série A,10,2004-06-20,BRA015,BRA021,1,1,  Mj José Levi Sobrinho,D
667,2004,Brasileirão Série A,10,2004-06-20,BRA009,BRA036,0,1,  Caio Martins,A
668,2004,Brasileirão Série A,10,2004-06-20,BRA035,BRA042,1,0, Mangueirão,H
669,2004,Brasileirão Série A,10,2004-06-20,BRA027,BRA017,2,1, Brinco de Ouro,H
670,2004,Brasileirão Série A,10,2004-06-20,BRA031,BRA024,1,1, Alfredo Jaconi,D
671,2004,Brasileirão Série A,10,2004-06-20,BRA040,BRA028,3,0, Vila Belmiro,H
672,2004,Brasileirão Série A,10,2004-06-20,BRA005,BRA022,2,1, Mineirão,H
588,2004,Brasileirão Série A,3,2004-06-24,BRA041,BRA031,1,0, Anacleto Campanella,H
673,2004,Brasileirão Série A,11,2004-06-26,BRA017,BRA025,1,2, Heriberto Hulse,A
674,2004,Brasileirão Série A,11,2004-06-26,BRA016,BRA034,1,1, Couto Pereira,D
675,2004,Brasileirão Série A,11,2004-06-26,BRA021,BRA020,0,3,  Raulino de Oliveira,A
676,2004,Brasileirão Série A,11,2004-06-26,BRA040,BRA027,2,1, Pacaembu,H
677,2004,Brasileirão Série A,11,2004-06-27,BRA028,BRA044,1,3, Beira Rio,A
678,2004,Brasileirão Série A,11,2004-06-27,BRA031,BRA015,1,0, Alfredo Jaconi,H
679,2004,Brasileirão Série A,11,2004-06-27,BRA009,BRA022,3,3, Maracanã,D
680,2004,Brasileirão Série A,11,2004-06-27,BRA033,BRA042,2,1, Pacaembu,H
681,2004,Brasileirão Série A,11,2004-06-27,BRA035,BRA045,4,2, Mangueirão,H
682,2004,Brasileirão Série A,11,2004-06-27,BRA024,BRA041,3,2, Serra Dourada,H
683,2004,Brasileirão Série A,11,2004-06-27,BRA036,BRA018,1,0, Moisés Lucarelli,H
684,2004,Brasileirão Série A,11,2004-06-27,BRA005,BRA003,0,1, Mineirão,A
685,2004,Brasileirão Série A,12,2004-07-03,BRA028,BRA017,3,0, Beira Rio,H
686,2004,Brasileirão Série A,12,2004-07-03,BRA042,BRA036,2,0, Morumbi,H
687,2004,Brasileirão Série A,12,2004-07-03,BRA003,BRA031,4,1, Arena da Baixada,H
688,2004,Brasileirão Série A,12,2004-07-03,BRA020,BRA044,2,2, Orlando Scarpelli,D
689,2004,Brasileirão Série A,12,2004-07-03,BRA045,BRA024,0,0, Barradão,D
690,2004,Brasileirão Série A,12,2004-07-03,BRA027,BRA005,1,1, Brinco de Ouro,D
691,2004,Brasileirão Série A,12,2004-07-03,BRA022,BRA025,2,0, Maracanã,H
692,2004,Brasileirão Série A,12,2004-07-04,BRA034,BRA033,1,2, Pinheirão,A
693,2004,Brasileirão Série A,12,2004-07-04,BRA041,BRA009,1,2, Anacleto Campanella,A
694,2004,Brasileirão Série A,12,2004-07-04,BRA015,BRA040,2,3, Pacaembu,A
695,2004,Brasileirão Série A,12,2004-07-04,BRA021,BRA035,4,1,  Raulino de Oliveira,H
696,2004,Brasileirão Série A,12,2004-07-04,BRA018,BRA016,0,3, Mineirão,A
697,2004,Brasileirão Série A,13,2004-07-06,BRA042,BRA005,1,0, Morumbi,H
698,2004,Brasileirão Série A,13,2004-07-06,BRA024,BRA022,4,0, Serra Dourada,H
699,2004,Brasileirão Série A,13,2004-07-06,BRA025,BRA020,2,2, Olímpico,D
700,2004,Brasileirão Série A,13,2004-07-06,BRA044,BRA045,3,1, São Januário,H
701,2004,Brasileirão Série A,13,2004-07-07,BRA009,BRA028,5,1,  Caio Martins,H
702,2004,Brasileirão Série A,13,2004-07-07,BRA034,BRA003,1,0, Pinheirão,H
703,2004,Brasileirão Série A,13,2004-07-07,BRA018,BRA027,2,0, Mineirão,H
704,2004,Brasileirão Série A,13,2004-07-07,BRA033,BRA031,4,1,  Parque Antártica,H
705,2004,Brasileirão Série A,13,2004-07-07,BRA035,BRA041,0,0, Mangueirão,D
706,2004,Brasileirão Série A,13,2004-07-07,BRA017,BRA021,1,1, Heriberto Hulse,D
707,2004,Brasileirão Série A,13,2004-07-07,BRA036,BRA040,0,4, Moisés Lucarelli,A
708,2004,Brasileirão Série A,13,2004-07-07,BRA016,BRA015,1,2, Couto Pereira,A
709,2004,Brasileirão Série A,14,2004-07-10,BRA036,BRA027,3,1, Moisés Lucarelli,H
710,2004,Brasileirão Série A,14,2004-07-10,BRA028,BRA025,2,0, Beira Rio,H
711,2004,Brasileirão Série A,14,2004-07-10,BRA040,BRA042,2,1, Vila Belmiro,H
712,2004,Brasileirão Série A,14,2004-07-10,BRA045,BRA009,1,0, Barradão,H
713,2004,Brasileirão Série A,14,2004-07-10,BRA021,BRA044,0,1, Maracanã,A
714,2004,Brasileirão Série A,14,2004-07-10,BRA031,BRA016,1,0, Alfredo Jaconi,H
715,2004,Brasileirão Série A,14,2004-07-10,BRA024,BRA035,3,2, Serra Dourada,H
716,2004,Brasileirão Série A,14,2004-07-10,BRA015,BRA034,1,0, Pacaembu,H
717,2004,Brasileirão Série A,14,2004-07-10,BRA003,BRA033,0,0, Arena da Baixada,D
718,2004,Brasileirão Série A,14,2004-07-10,BRA020,BRA017,2,0, Orlando Scarpelli,H
719,2004,Brasileirão Série A,14,2004-07-10,BRA022,BRA041,1,0,  Raulino de Oliveira,H
720,2004,Brasileirão Série A,14,2004-07-10,BRA005,BRA018,2,0, Mineirão,H
721,2004,Brasileirão Série A,15,2004-07-13,BRA005,BRA045,1,1,  Independência,D
722,2004,Brasileirão Série A,15,2004-07-13,BRA015,BRA017,1,0, Pacaembu,H
723,2004,Brasileirão Série A,15,2004-07-13,BRA031,BRA022,2,1, Alfredo Jaconi,H
724,2004,Brasileirão Série A,15,2004-07-13,BRA025,BRA018,2,3, Olímpico,A
725,2004,Brasileirão Série A,15,2004-07-13,BRA027,BRA028,2,1, Brinco de Ouro,H
726,2004,Brasileirão Série A,15,2004-07-13,BRA020,BRA034,0,0, Orlando Scarpelli,D
727,2004,Brasileirão Série A,15,2004-07-13,BRA035,BRA036,3,0, Mangueirão,H
728,2004,Brasileirão Série A,15,2004-07-13,BRA003,BRA024,6,0, Arena da Baixada,H
729,2004,Brasileirão Série A,15,2004-07-13,BRA044,BRA016,2,3, São Januário,A
730,2004,Brasileirão Série A,15,2004-07-13,BRA041,BRA042,0,0, Anacleto Campanella,D
731,2004,Brasileirão Série A,15,2004-07-13,BRA009,BRA033,1,1,  Caio Martins,D
732,2004,Brasileirão Série A,15,2004-07-13,BRA040,BRA021,2,0, Vila Belmiro,H
733,2004,Brasileirão Série A,16,2004-07-17,BRA018,BRA009,3,2, Mineirão,H
734,2004,Brasileirão Série A,16,2004-07-17,BRA028,BRA003,6,0, Beira Rio,H
735,2004,Brasileirão Série A,16,2004-07-17,BRA033,BRA025,2,0,  Parque Antártica,H
736,2004,Brasileirão Série A,16,2004-07-17,BRA045,BRA015,1,1, Barradão,D
737,2004,Brasileirão Série A,16,2004-07-17,BRA034,BRA041,0,1, Pinheirão,A
738,2004,Brasileirão Série A,16,2004-07-17,BRA024,BRA027,2,0, Serra Dourada,H
739,2004,Brasileirão Série A,16,2004-07-17,BRA021,BRA031,0,1,  Raulino de Oliveira,A
740,2004,Brasileirão Série A,16,2004-07-17,BRA022,BRA040,1,0, Maracanã,H
741,2004,Brasileirão Série A,16,2004-07-17,BRA017,BRA005,4,2, Heriberto Hulse,H
742,2004,Brasileirão Série A,16,2004-07-17,BRA016,BRA035,1,1, Couto Pereira,D
743,2004,Brasileirão Série A,16,2004-07-17,BRA036,BRA044,3,2, Moisés Lucarelli,H
744,2004,Brasileirão Série A,16,2004-07-17,BRA042,BRA020,2,1, Morumbi,H
745,2004,Brasileirão Série A,17,2004-07-20,BRA025,BRA034,4,0, Olímpico,H
746,2004,Brasileirão Série A,17,2004-07-20,BRA015,BRA028,0,0, Pacaembu,D
747,2004,Brasileirão Série A,17,2004-07-20,BRA031,BRA045,3,2, Alfredo Jaconi,H
748,2004,Brasileirão Série A,17,2004-07-20,BRA005,BRA024,0,2, Mineirão,A
749,2004,Brasileirão Série A,17,2004-07-20,BRA027,BRA021,0,1, Brinco de Ouro,A
750,2004,Brasileirão Série A,17,2004-07-20,BRA020,BRA016,1,1, Orlando Scarpelli,D
751,2004,Brasileirão Série A,17,2004-07-20,BRA035,BRA033,1,0, Mangueirão,H
752,2004,Brasileirão Série A,17,2004-07-20,BRA041,BRA036,0,1, Anacleto Campanella,A
753,2004,Brasileirão Série A,17,2004-07-20,BRA044,BRA018,3,2, São Januário,H
754,2004,Brasileirão Série A,17,2004-07-20,BRA009,BRA042,1,0,  Caio Martins,H
755,2004,Brasileirão Série A,17,2004-07-20,BRA003,BRA022,4,1, Arena da Baixada,H
756,2004,Brasileirão Série A,17,2004-07-20,BRA040,BRA017,5,2, Vila Belmiro,H
757,2004,Brasileirão Série A,18,2004-07-24,BRA022,BRA015,2,0, Maracanã,H
758,2004,Brasileirão Série A,18,2004-07-24,BRA028,BRA031,1,2, Beira Rio,A
759,2004,Brasileirão Série A,18,2004-07-24,BRA042,BRA044,1,0, Morumbi,H
760,2004,Brasileirão Série A,18,2004-07-24,BRA016,BRA009,1,0, Couto Pereira,H
761,2004,Brasileirão Série A,18,2004-07-24,BRA017,BRA003,4,1, Heriberto Hulse,H
762,2004,Brasileirão Série A,18,2004-07-24,BRA045,BRA027,3,2, Barradão,H
763,2004,Brasileirão Série A,18,2004-07-24,BRA021,BRA005,0,0,  Raulino de Oliveira,D
764,2004,Brasileirão Série A,18,2004-07-24,BRA018,BRA041,0,1, Mineirão,A
765,2004,Brasileirão Série A,18,2004-07-24,BRA024,BRA040,3,3, Serra Dourada,D
766,2004,Brasileirão Série A,18,2004-07-24,BRA033,BRA020,0,0,  Parque Antártica,D
767,2004,Brasileirão Série A,18,2004-07-24,BRA036,BRA025,1,0, Moisés Lucarelli,H
768,2004,Brasileirão Série A,18,2004-07-24,BRA034,BRA035,2,0, Pinheirão,H
769,2004,Brasileirão Série A,19,2004-07-28,BRA009,BRA021,0,0, Maracanã,D
770,2004,Brasileirão Série A,19,2004-07-28,BRA015,BRA018,1,0, Pacaembu,H
771,2004,Brasileirão Série A,19,2004-07-28,BRA003,BRA036,4,0, Arena da Baixada,H
772,2004,Brasileirão Série A,19,2004-07-28,BRA025,BRA045,4,0, Olímpico,H
773,2004,Brasileirão Série A,19,2004-07-28,BRA035,BRA017,2,2, Mangueirão,D
774,2004,Brasileirão Série A,19,2004-07-28,BRA020,BRA022,2,1, Orlando Scarpelli,H
775,2004,Brasileirão Série A,19,2004-07-28,BRA027,BRA033,1,0, Brinco de Ouro,H
776,2004,Brasileirão Série A,19,2004-07-28,BRA031,BRA042,1,2, Alfredo Jaconi,A
777,2004,Brasileirão Série A,19,2004-07-29,BRA044,BRA024,3,1, São Januário,H
778,2004,Brasileirão Série A,19,2004-07-29,BRA041,BRA028,2,0, Anacleto Campanella,H
779,2004,Brasileirão Série A,19,2004-07-29,BRA005,BRA034,4,1, Mineirão,H
780,2004,Brasileirão Série A,19,2004-07-29,BRA040,BRA016,4,2, Vila Belmiro,H
781,2004,Brasileirão Série A,20,2004-07-31,BRA022,BRA018,0,0, Maracanã,D
782,2004,Brasileirão Série A,20,2004-07-31,BRA003,BRA025,0,0, Arena da Baixada,D
783,2004,Brasileirão Série A,20,2004-08-01,BRA021,BRA033,0,1,  Raulino de Oliveira,A
784,2004,Brasileirão Série A,20,2004-08-01,BRA031,BRA044,1,1, Alfredo Jaconi,D
785,2004,Brasileirão Série A,20,2004-08-01,BRA017,BRA036,3,1, Heriberto Hulse,H
786,2004,Brasileirão Série A,20,2004-08-01,BRA015,BRA041,2,0, Pacaembu,H
787,2004,Brasileirão Série A,20,2004-08-01,BRA040,BRA035,6,0, Vila Belmiro,H
788,2004,Brasileirão Série A,20,2004-08-01,BRA005,BRA020,3,1,  Independência,H
789,2004,Brasileirão Série A,20,2004-08-01,BRA024,BRA034,3,0, Serra Dourada,H
790,2004,Brasileirão Série A,20,2004-08-01,BRA045,BRA016,2,2, Barradão,D
791,2004,Brasileirão Série A,20,2004-08-01,BRA028,BRA042,1,1, Beira Rio,D
792,2004,Brasileirão Série A,20,2004-08-01,BRA027,BRA009,0,2, Brinco de Ouro,A
793,2004,Brasileirão Série A,21,2004-08-04,BRA036,BRA022,3,2, Moisés Lucarelli,H
794,2004,Brasileirão Série A,21,2004-08-04,BRA033,BRA024,0,3,  Parque Antártica,A
795,2004,Brasileirão Série A,21,2004-08-04,BRA020,BRA027,1,1, Orlando Scarpelli,D
796,2004,Brasileirão Série A,21,2004-08-04,BRA041,BRA003,0,3, Anacleto Campanella,A
797,2004,Brasileirão Série A,21,2004-08-04,BRA035,BRA005,2,1, Mangueirão,H
798,2004,Brasileirão Série A,21,2004-08-04,BRA034,BRA017,0,3, Pinheirão,A
799,2004,Brasileirão Série A,21,2004-08-04,BRA044,BRA015,1,3, São Januário,A
800,2004,Brasileirão Série A,21,2004-08-04,BRA016,BRA021,1,0, Couto Pereira,H
801,2004,Brasileirão Série A,21,2004-08-04,BRA025,BRA040,3,1, Olímpico,H
802,2004,Brasileirão Série A,21,2004-08-05,BRA009,BRA031,0,1,  Caio Martins,A
803,2004,Brasileirão Série A,21,2004-08-05,BRA018,BRA028,2,0, Mineirão,H
804,2004,Brasileirão Série A,21,2004-08-05,BRA042,BRA045,2,1, Morumbi,H
805,2004,Brasileirão Série A,22,2004-08-07,BRA022,BRA034,3,1,  Raulino de Oliveira,H
806,2004,Brasileirão Série A,22,2004-08-07,BRA040,BRA041,0,1, Vila Belmiro,A
807,2004,Brasileirão Série A,22,2004-08-07,BRA024,BRA016,1,2, Serra Dourada,A
808,2004,Brasileirão Série A,22,2004-08-07,BRA005,BRA025,3,0,  Independência,H
809,2004,Brasileirão Série A,22,2004-08-08,BRA021,BRA042,1,0,  Raulino de Oliveira,H
810,2004,Brasileirão Série A,22,2004-08-08,BRA015,BRA009,2,2, Pacaembu,D
811,2004,Brasileirão Série A,22,2004-08-08,BRA028,BRA036,1,2, Beira Rio,A
812,2004,Brasileirão Série A,22,2004-08-08,BRA027,BRA035,0,0, Brinco de Ouro,D
813,2004,Brasileirão Série A,22,2004-08-08,BRA031,BRA020,0,0, Alfredo Jaconi,D
814,2004,Brasileirão Série A,22,2004-08-08,BRA045,BRA018,3,2, Barradão,H
815,2004,Brasileirão Série A,22,2004-08-08,BRA017,BRA033,1,2, Heriberto Hulse,A
816,2004,Brasileirão Série A,22,2004-08-08,BRA003,BRA044,2,0, Arena da Baixada,H
817,2004,Brasileirão Série A,23,2004-08-11,BRA042,BRA024,4,0, Morumbi,H
818,2004,Brasileirão Série A,23,2004-08-11,BRA034,BRA028,1,2, Pinheirão,A
819,2004,Brasileirão Série A,23,2004-08-11,BRA036,BRA045,1,0, Moisés Lucarelli,H
820,2004,Brasileirão Série A,23,2004-08-11,BRA025,BRA027,1,1, Olímpico,D
821,2004,Brasileirão Série A,23,2004-08-11,BRA035,BRA031,0,1, Mangueirão,A
822,2004,Brasileirão Série A,23,2004-08-11,BRA020,BRA015,0,1, Orlando Scarpelli,A
823,2004,Brasileirão Série A,23,2004-08-11,BRA018,BRA021,2,0, Mineirão,H
824,2004,Brasileirão Série A,23,2004-08-11,BRA044,BRA040,2,3, São Januário,A
825,2004,Brasileirão Série A,23,2004-08-12,BRA009,BRA003,1,1,  Caio Martins,D
826,2004,Brasileirão Série A,23,2004-08-12,BRA041,BRA005,1,1, Anacleto Campanella,D
827,2004,Brasileirão Série A,23,2004-08-12,BRA016,BRA017,1,0, Couto Pereira,H
828,2004,Brasileirão Série A,23,2004-08-12,BRA033,BRA022,3,2,  Parque Antártica,H
829,2004,Brasileirão Série A,24,2004-08-14,BRA028,BRA020,4,0, Beira Rio,H
830,2004,Brasileirão Série A,24,2004-08-14,BRA031,BRA018,1,0, Alfredo Jaconi,H
831,2004,Brasileirão Série A,24,2004-08-14,BRA021,BRA025,3,0, Maracanã,H
832,2004,Brasileirão Série A,24,2004-08-14,BRA015,BRA036,2,0, Pacaembu,H
833,2004,Brasileirão Série A,24,2004-08-15,BRA017,BRA044,1,0, Heriberto Hulse,H
834,2004,Brasileirão Série A,24,2004-08-15,BRA005,BRA033,1,2, Mineirão,A
835,2004,Brasileirão Série A,24,2004-08-15,BRA022,BRA035,1,1, Maracanã,D
836,2004,Brasileirão Série A,24,2004-08-15,BRA024,BRA009,3,1, Serra Dourada,H
837,2004,Brasileirão Série A,24,2004-08-15,BRA027,BRA016,0,0, Brinco de Ouro,D
838,2004,Brasileirão Série A,24,2004-08-15,BRA045,BRA041,1,2, Barradão,A
839,2004,Brasileirão Série A,24,2004-08-15,BRA040,BRA034,5,1, Vila Belmiro,H
840,2004,Brasileirão Série A,24,2004-08-15,BRA003,BRA042,1,0, Arena da Baixada,H
841,2004,Brasileirão Série A,25,2004-08-18,BRA025,BRA031,2,4, Olímpico,A
842,2004,Brasileirão Série A,25,2004-08-18,BRA020,BRA003,1,1, Orlando Scarpelli,D
843,2004,Brasileirão Série A,25,2004-08-18,BRA041,BRA027,3,0, Anacleto Campanella,H
844,2004,Brasileirão Série A,25,2004-08-18,BRA018,BRA024,1,3, Mineirão,A
845,2004,Brasileirão Série A,25,2004-08-18,BRA033,BRA028,3,1,  Parque Antártica,H
846,2004,Brasileirão Série A,25,2004-08-18,BRA034,BRA045,4,1, Pinheirão,H
847,2004,Brasileirão Série A,25,2004-08-18,BRA009,BRA040,2,0,  Caio Martins,H
848,2004,Brasileirão Série A,25,2004-08-18,BRA035,BRA015,2,1, Mangueirão,H
849,2004,Brasileirão Série A,25,2004-08-18,BRA036,BRA021,1,0, Moisés Lucarelli,H
850,2004,Brasileirão Série A,25,2004-08-19,BRA016,BRA022,2,0, Couto Pereira,H
851,2004,Brasileirão Série A,25,2004-08-19,BRA044,BRA005,3,0, São Januário,H
852,2004,Brasileirão Série A,25,2004-08-19,BRA042,BRA017,2,0, Morumbi,H
853,2004,Brasileirão Série A,26,2004-08-21,BRA021,BRA034,2,1,  Raulino de Oliveira,H
854,2004,Brasileirão Série A,26,2004-08-21,BRA015,BRA025,1,1, Pacaembu,D
855,2004,Brasileirão Série A,26,2004-08-22,BRA040,BRA020,4,1,  Wilson de Barros,H
856,2004,Brasileirão Série A,26,2004-08-22,BRA022,BRA042,1,0,  Raulino de Oliveira,H
857,2004,Brasileirão Série A,26,2004-08-22,BRA027,BRA044,1,1, Brinco de Ouro,D
858,2004,Brasileirão Série A,26,2004-08-22,BRA017,BRA018,1,2, Heriberto Hulse,A
859,2004,Brasileirão Série A,26,2004-08-22,BRA028,BRA016,1,1, Beira Rio,D
860,2004,Brasileirão Série A,26,2004-08-22,BRA003,BRA035,2,0, Arena da Baixada,H
861,2004,Brasileirão Série A,26,2004-08-22,BRA024,BRA036,5,0, Serra Dourada,H
862,2004,Brasileirão Série A,26,2004-08-22,BRA031,BRA041,2,2, Alfredo Jaconi,D
863,2004,Brasileirão Série A,26,2004-08-22,BRA045,BRA033,2,2, Barradão,D
864,2004,Brasileirão Série A,26,2004-08-22,BRA005,BRA009,1,1, Mineirão,D
865,2004,Brasileirão Série A,27,2004-08-28,BRA009,BRA017,1,1,  Caio Martins,D
866,2004,Brasileirão Série A,27,2004-08-28,BRA034,BRA031,1,2, Pinheirão,A
867,2004,Brasileirão Série A,27,2004-08-28,BRA042,BRA027,3,3, Morumbi,D
868,2004,Brasileirão Série A,27,2004-08-28,BRA025,BRA024,1,1, Olímpico,D
869,2004,Brasileirão Série A,27,2004-08-28,BRA035,BRA028,2,1, Mangueirão,H
870,2004,Brasileirão Série A,27,2004-08-29,BRA041,BRA021,0,1, Anacleto Campanella,A
871,2004,Brasileirão Série A,27,2004-08-29,BRA033,BRA015,0,1, Morumbi,A
872,2004,Brasileirão Série A,27,2004-08-29,BRA044,BRA022,1,1, Maracanã,D
873,2004,Brasileirão Série A,27,2004-08-29,BRA016,BRA003,1,2, Couto Pereira,A
874,2004,Brasileirão Série A,27,2004-08-29,BRA020,BRA045,2,1, Orlando Scarpelli,H
875,2004,Brasileirão Série A,27,2004-08-29,BRA036,BRA005,1,1, Moisés Lucarelli,D
876,2004,Brasileirão Série A,27,2004-08-29,BRA018,BRA040,4,4, Mineirão,D
877,2004,Brasileirão Série A,28,2004-09-01,BRA022,BRA028,3,1, Maracanã,H
878,2004,Brasileirão Série A,28,2004-09-01,BRA042,BRA016,2,3, Morumbi,A
879,2004,Brasileirão Série A,28,2004-09-01,BRA018,BRA034,1,4, Mineirão,A
880,2004,Brasileirão Série A,28,2004-09-01,BRA020,BRA024,3,2, Orlando Scarpelli,H
881,2004,Brasileirão Série A,28,2004-09-01,BRA017,BRA041,0,4, Heriberto Hulse,A
882,2004,Brasileirão Série A,28,2004-09-01,BRA015,BRA005,1,0, Pacaembu,H
883,2004,Brasileirão Série A,28,2004-09-01,BRA036,BRA033,0,0, Moisés Lucarelli,D
884,2004,Brasileirão Série A,28,2004-09-01,BRA031,BRA040,1,2, Alfredo Jaconi,A
885,2004,Brasileirão Série A,28,2004-09-02,BRA021,BRA045,2,0,  Raulino de Oliveira,H
886,2004,Brasileirão Série A,28,2004-09-02,BRA003,BRA027,2,0, Arena da Baixada,H
887,2004,Brasileirão Série A,28,2004-09-02,BRA035,BRA009,2,0, Mangueirão,H
888,2004,Brasileirão Série A,28,2004-09-02,BRA025,BRA044,1,2, Olímpico,A
889,2004,Brasileirão Série A,29,2004-09-07,BRA044,BRA035,0,1, São Januário,A
890,2004,Brasileirão Série A,29,2004-09-07,BRA033,BRA018,1,3,  Parque Antártica,A
891,2004,Brasileirão Série A,29,2004-09-08,BRA034,BRA042,0,2, Pinheirão,A
892,2004,Brasileirão Série A,29,2004-09-08,BRA005,BRA031,1,1, Mineirão,D
893,2004,Brasileirão Série A,29,2004-09-08,BRA024,BRA017,2,1, Serra Dourada,H
894,2004,Brasileirão Série A,29,2004-09-08,BRA041,BRA020,1,0, Anacleto Campanella,H
895,2004,Brasileirão Série A,29,2004-09-08,BRA040,BRA003,1,1, Vila Belmiro,D
896,2004,Brasileirão Série A,29,2004-09-08,BRA028,BRA021,0,0, Beira Rio,D
897,2004,Brasileirão Série A,29,2004-09-08,BRA027,BRA015,0,1, Brinco de Ouro,A
898,2004,Brasileirão Série A,29,2004-09-09,BRA045,BRA022,2,3, Barradão,A
899,2004,Brasileirão Série A,29,2004-09-09,BRA009,BRA025,2,1,  Caio Martins,H
900,2004,Brasileirão Série A,29,2004-09-09,BRA016,BRA036,2,0, Couto Pereira,H
901,2004,Brasileirão Série A,30,2004-09-11,BRA042,BRA018,0,0, Pacaembu,D
902,2004,Brasileirão Série A,30,2004-09-11,BRA044,BRA041,1,2, Maracanã,A
903,2004,Brasileirão Série A,30,2004-09-11,BRA027,BRA031,3,1, Brinco de Ouro,H
904,2004,Brasileirão Série A,30,2004-09-11,BRA024,BRA028,1,0, Serra Dourada,H
905,2004,Brasileirão Série A,30,2004-09-12,BRA022,BRA021,2,1, Maracanã,H
906,2004,Brasileirão Série A,30,2004-09-12,BRA033,BRA040,1,2, Pacaembu,A
907,2004,Brasileirão Série A,30,2004-09-12,BRA020,BRA009,3,1, Orlando Scarpelli,H
908,2004,Brasileirão Série A,30,2004-09-12,BRA003,BRA015,3,1, Arena da Baixada,H
909,2004,Brasileirão Série A,30,2004-09-12,BRA036,BRA034,0,2, Moisés Lucarelli,A
910,2004,Brasileirão Série A,30,2004-09-12,BRA045,BRA017,1,0, Barradão,H
911,2004,Brasileirão Série A,30,2004-09-12,BRA025,BRA035,1,1, Olímpico,D
912,2004,Brasileirão Série A,30,2004-09-12,BRA005,BRA016,2,1, Mineirão,H
913,2004,Brasileirão Série A,31,2004-09-18,BRA041,BRA025,2,0, Anacleto Campanella,H
914,2004,Brasileirão Série A,31,2004-09-18,BRA034,BRA027,0,0, Pinheirão,D
915,2004,Brasileirão Série A,31,2004-09-18,BRA040,BRA005,2,0, Vila Belmiro,H
916,2004,Brasileirão Série A,31,2004-09-18,BRA017,BRA022,0,2, Heriberto Hulse,A
917,2004,Brasileirão Série A,31,2004-09-19,BRA021,BRA024,4,0,  Raulino de Oliveira,H
918,2004,Brasileirão Série A,31,2004-09-19,BRA015,BRA042,0,0, Morumbi,D
919,2004,Brasileirão Série A,31,2004-09-19,BRA028,BRA045,2,1, Beira Rio,H
920,2004,Brasileirão Série A,31,2004-09-19,BRA009,BRA044,2,2, Maracanã,D
921,2004,Brasileirão Série A,31,2004-09-19,BRA031,BRA036,1,2, Alfredo Jaconi,A
922,2004,Brasileirão Série A,31,2004-09-19,BRA035,BRA020,3,1, Mangueirão,H
923,2004,Brasileirão Série A,31,2004-09-19,BRA018,BRA003,2,4, Mineirão,A
924,2004,Brasileirão Série A,31,2004-09-19,BRA016,BRA033,0,0, Couto Pereira,D
925,2004,Brasileirão Série A,32,2004-09-24,BRA020,BRA036,0,1, Orlando Scarpelli,A
926,2004,Brasileirão Série A,32,2004-09-25,BRA035,BRA018,3,1, Mangueirão,H
927,2004,Brasileirão Série A,32,2004-09-25,BRA005,BRA028,1,1, Mineirão,D
928,2004,Brasileirão Série A,32,2004-09-25,BRA041,BRA016,1,0, Anacleto Campanella,H
929,2004,Brasileirão Série A,32,2004-09-25,BRA027,BRA022,1,1, Brinco de Ouro,D
930,2004,Brasileirão Série A,32,2004-09-25,BRA025,BRA042,2,1, Olímpico,H
931,2004,Brasileirão Série A,32,2004-09-26,BRA044,BRA033,2,5, São Januário,A
932,2004,Brasileirão Série A,32,2004-09-26,BRA003,BRA021,2,1, Arena da Baixada,H
933,2004,Brasileirão Série A,32,2004-09-26,BRA015,BRA024,1,0, Pacaembu,H
934,2004,Brasileirão Série A,32,2004-09-26,BRA031,BRA017,1,0, Alfredo Jaconi,H
935,2004,Brasileirão Série A,32,2004-09-26,BRA009,BRA034,4,3,  Caio Martins,H
936,2004,Brasileirão Série A,32,2004-09-26,BRA040,BRA045,4,1, Vila Belmiro,H
937,2004,Brasileirão Série A,33,2004-09-28,BRA042,BRA035,7,0, Morumbi,H
938,2004,Brasileirão Série A,33,2004-09-28,BRA016,BRA025,2,1, Couto Pereira,H
939,2004,Brasileirão Série A,33,2004-09-28,BRA022,BRA005,1,1, Maracanã,D
940,2004,Brasileirão Série A,33,2004-09-28,BRA018,BRA020,3,3, Mineirão,D
941,2004,Brasileirão Série A,33,2004-09-29,BRA033,BRA041,3,1,  Parque Antártica,H
942,2004,Brasileirão Série A,33,2004-09-29,BRA034,BRA044,2,1, Pinheirão,H
943,2004,Brasileirão Série A,33,2004-09-29,BRA017,BRA027,1,1, Heriberto Hulse,D
944,2004,Brasileirão Série A,33,2004-09-29,BRA045,BRA003,2,3, Barradão,A
945,2004,Brasileirão Série A,33,2004-09-29,BRA024,BRA031,1,2, Serra Dourada,A
946,2004,Brasileirão Série A,33,2004-09-29,BRA028,BRA040,2,1, Beira Rio,H
947,2004,Brasileirão Série A,33,2004-09-29,BRA036,BRA009,1,1, Moisés Lucarelli,D
948,2004,Brasileirão Série A,33,2004-09-29,BRA021,BRA015,0,0, Maracanã,D
949,2004,Brasileirão Série A,34,2004-10-02,BRA044,BRA028,2,0, São Januário,H
950,2004,Brasileirão Série A,34,2004-10-02,BRA042,BRA033,2,1, Morumbi,H
951,2004,Brasileirão Série A,34,2004-10-02,BRA022,BRA009,1,4, Maracanã,A
952,2004,Brasileirão Série A,34,2004-10-02,BRA003,BRA005,5,0, Arena da Baixada,H
953,2004,Brasileirão Série A,34,2004-10-02,BRA041,BRA024,2,0, Anacleto Campanella,H
954,2004,Brasileirão Série A,34,2004-10-02,BRA020,BRA021,3,2, Orlando Scarpelli,H
955,2004,Brasileirão Série A,34,2004-10-02,BRA045,BRA035,4,1, Barradão,H
956,2004,Brasileirão Série A,34,2004-10-02,BRA018,BRA036,5,0, Mineirão,H
957,2004,Brasileirão Série A,34,2004-10-02,BRA027,BRA040,0,1, Brinco de Ouro,A
958,2004,Brasileirão Série A,34,2004-10-02,BRA025,BRA017,2,0, Olímpico,H
959,2004,Brasileirão Série A,34,2004-10-02,BRA034,BRA016,1,0, Pinheirão,H
960,2004,Brasileirão Série A,34,2004-10-02,BRA015,BRA031,1,2, Pacaembu,A
961,2004,Brasileirão Série A,35,2004-10-06,BRA016,BRA018,1,1, Couto Pereira,D
962,2004,Brasileirão Série A,35,2004-10-06,BRA044,BRA020,1,0, São Januário,H
963,2004,Brasileirão Série A,35,2004-10-06,BRA017,BRA028,2,1, Heriberto Hulse,H
964,2004,Brasileirão Série A,35,2004-10-06,BRA024,BRA045,4,0, Serra Dourada,H
965,2004,Brasileirão Série A,35,2004-10-06,BRA025,BRA022,2,3, Olímpico,A
966,2004,Brasileirão Série A,35,2004-10-06,BRA036,BRA042,0,1, Moisés Lucarelli,A
967,2004,Brasileirão Série A,35,2004-10-06,BRA040,BRA015,1,1, Vila Belmiro,D
968,2004,Brasileirão Série A,35,2004-10-07,BRA005,BRA027,3,2,  Independência,H
969,2004,Brasileirão Série A,35,2004-10-07,BRA033,BRA034,1,1,  Parque Antártica,D
970,2004,Brasileirão Série A,35,2004-10-07,BRA035,BRA021,2,2, Mangueirão,D
971,2004,Brasileirão Série A,35,2004-10-07,BRA031,BRA003,3,3, Alfredo Jaconi,D
972,2004,Brasileirão Série A,35,2004-10-07,BRA009,BRA041,1,1,  Caio Martins,D
973,2004,Brasileirão Série A,36,2004-10-16,BRA015,BRA016,0,0, Pacaembu,D
974,2004,Brasileirão Série A,36,2004-10-16,BRA020,BRA025,2,0, Orlando Scarpelli,H
975,2004,Brasileirão Série A,36,2004-10-16,BRA045,BRA044,4,1, Barradão,H
976,2004,Brasileirão Série A,36,2004-10-16,BRA022,BRA024,1,4, Maracanã,A
977,2004,Brasileirão Série A,36,2004-10-16,BRA040,BRA036,4,0, Vila Belmiro,H
978,2004,Brasileirão Série A,36,2004-10-17,BRA005,BRA042,0,5,  Independência,A
979,2004,Brasileirão Série A,36,2004-10-17,BRA028,BRA009,3,1, Beira Rio,H
980,2004,Brasileirão Série A,36,2004-10-17,BRA041,BRA035,3,0, Anacleto Campanella,H
981,2004,Brasileirão Série A,36,2004-10-17,BRA027,BRA018,2,0, Brinco de Ouro,H
982,2004,Brasileirão Série A,36,2004-10-17,BRA003,BRA034,1,1, Arena da Baixada,D
983,2004,Brasileirão Série A,36,2004-10-17,BRA021,BRA017,3,1,  Raulino de Oliveira,H
984,2004,Brasileirão Série A,36,2004-10-17,BRA031,BRA033,0,2, Alfredo Jaconi,A
985,2004,Brasileirão Série A,37,2004-10-23,BRA018,BRA005,0,3, Mineirão,A
986,2004,Brasileirão Série A,37,2004-10-23,BRA025,BRA028,1,3, Olímpico,A
987,2004,Brasileirão Série A,37,2004-10-23,BRA016,BRA031,2,3, Couto Pereira,A
988,2004,Brasileirão Série A,37,2004-10-23,BRA035,BRA024,4,2, Mangueirão,H
989,2004,Brasileirão Série A,37,2004-10-23,BRA009,BRA045,1,1,  Mário Helênio,D
990,2004,Brasileirão Série A,37,2004-10-23,BRA033,BRA003,3,1,  Parque Antártica,H
991,2004,Brasileirão Série A,37,2004-10-24,BRA042,BRA040,1,0, Morumbi,H
992,2004,Brasileirão Série A,37,2004-10-24,BRA044,BRA021,1,0, Maracanã,H
993,2004,Brasileirão Série A,37,2004-10-24,BRA041,BRA022,2,0, Anacleto Campanella,H
994,2004,Brasileirão Série A,37,2004-10-24,BRA017,BRA020,2,1, Heriberto Hulse,H
995,2004,Brasileirão Série A,37,2004-10-24,BRA034,BRA015,1,2, Pinheirão,A
996,2004,Brasileirão Série A,37,2004-10-24,BRA027,BRA036,0,0, Brinco de Ouro,D
997,2004,Brasileirão Série A,38,2004-10-26,BRA033,BRA009,2,1,  Parque Antártica,H
998,2004,Brasileirão Série A,38,2004-10-26,BRA024,BRA003,2,0, Serra Dourada,H
999,2004,Brasileirão Série A,38,2004-10-26,BRA018,BRA025,2,0, Mineirão,H
1000,2004,Brasileirão Série A,38,2004-10-26,BRA045,BRA005,2,1, Barradão,H
1001,2004,Brasileirão Série A,38,2004-10-27,BRA028,BRA027,1,3, Beira Rio,A
1002,2004,Brasileirão Série A,38,2004-10-27,BRA034,BRA020,2,1, Pinheirão,H
1003,2004,Brasileirão Série A,38,2004-10-27,BRA022,BRA031,7,1,  Raulino de Oliveira,H
1004,2004,Brasileirão Série A,38,2004-10-27,BRA036,BRA035,3,0, Moisés Lucarelli,H
1005,2004,Brasileirão Série A,38,2004-10-27,BRA016,BRA044,0,1, Couto Pereira,A
1006,2004,Brasileirão Série A,38,2004-10-27,BRA021,BRA040,1,1, Maracanã,D
1007,2004,Brasileirão Série A,38,2004-10-27,BRA017,BRA015,1,1, Heriberto Hulse,D
1009,2004,Brasileirão Série A,39,2004-10-30,BRA040,BRA022,5,0,  Benedito Teixeira,H
1010,2004,Brasileirão Série A,39,2004-10-30,BRA027,BRA024,1,1, Brinco de Ouro,D
1011,2004,Brasileirão Série A,39,2004-10-30,BRA035,BRA016,0,0, Mangueirão,D
1012,2004,Brasileirão Série A,39,2004-10-30,BRA009,BRA018,2,1,  Caio Martins,H
1013,2004,Brasileirão Série A,39,2004-10-30,BRA031,BRA021,1,0, Alfredo Jaconi,H
1014,2004,Brasileirão Série A,39,2004-10-30,BRA025,BRA033,2,3,  Bento Freitas,A
1015,2004,Brasileirão Série A,39,2004-10-30,BRA015,BRA045,1,0, Pacaembu,H
1016,2004,Brasileirão Série A,39,2004-10-30,BRA020,BRA042,1,0, Orlando Scarpelli,H
1017,2004,Brasileirão Série A,39,2004-10-30,BRA003,BRA028,2,1, Serra Dourada,H
1018,2004,Brasileirão Série A,39,2004-10-30,BRA005,BRA017,2,2, Morumbi,D
1019,2004,Brasileirão Série A,39,2004-10-31,BRA044,BRA036,2,2, São Januário,D
1008,2004,Brasileirão Série A,38,2004-11-03,BRA042,BRA041,4,2, Morumbi,H
1021,2004,Brasileirão Série A,40,2004-11-06,BRA033,BRA035,1,0,  Parque Antártica,H
1022,2004,Brasileirão Série A,40,2004-11-06,BRA024,BRA005,1,0, Serra Dourada,H
1023,2004,Brasileirão Série A,40,2004-11-06,BRA021,BRA027,1,0,  Raulino de Oliveira,H
1024,2004,Brasileirão Série A,40,2004-11-06,BRA034,BRA025,1,0, Pinheirão,H
1025,2004,Brasileirão Série A,40,2004-11-07,BRA017,BRA040,1,1, Heriberto Hulse,D
1026,2004,Brasileirão Série A,40,2004-11-07,BRA028,BRA015,3,0, Beira Rio,H
1027,2004,Brasileirão Série A,40,2004-11-07,BRA022,BRA003,1,2, Maracanã,A
1028,2004,Brasileirão Série A,40,2004-11-07,BRA018,BRA044,3,2, Mineirão,H
1029,2004,Brasileirão Série A,40,2004-11-07,BRA016,BRA020,2,0, Couto Pereira,H
1030,2004,Brasileirão Série A,40,2004-11-07,BRA045,BRA031,1,1, Barradão,D
1031,2004,Brasileirão Série A,40,2004-11-07,BRA042,BRA009,5,2, Morumbi,H
1032,2004,Brasileirão Série A,40,2004-11-07,BRA036,BRA041,0,3, Moisés Lucarelli,A
1020,2004,Brasileirão Série A,39,2004-11-10,BRA041,BRA034,2,1, Anacleto Campanella,H
1033,2004,Brasileirão Série A,41,2004-11-13,BRA009,BRA016,4,1,  Caio Martins,H
1034,2004,Brasileirão Série A,41,2004-11-13,BRA041,BRA018,4,1, Anacleto Campanella,H
1035,2004,Brasileirão Série A,41,2004-11-13,BRA025,BRA036,6,1,  Bento Freitas,H
1036,2004,Brasileirão Série A,41,2004-11-13,BRA015,BRA022,1,1, Pacaembu,D
1037,2004,Brasileirão Série A,41,2004-11-14,BRA044,BRA042,0,0, São Januário,D
1038,2004,Brasileirão Série A,41,2004-11-14,BRA040,BRA024,2,1,  Prudentão,H
1039,2004,Brasileirão Série A,41,2004-11-14,BRA005,BRA021,6,1,  Ipatingão,H
1040,2004,Brasileirão Série A,41,2004-11-14,BRA003,BRA017,6,1, Arena da Baixada,H
1041,2004,Brasileirão Série A,41,2004-11-14,BRA027,BRA045,0,0, Brinco de Ouro,D
1042,2004,Brasileirão Série A,41,2004-11-14,BRA035,BRA034,1,1, Mangueirão,D
1043,2004,Brasileirão Série A,41,2004-11-14,BRA020,BRA033,0,1, Orlando Scarpelli,A
1044,2004,Brasileirão Série A,41,2004-11-14,BRA031,BRA028,2,3,  Colosso da Lagoa,A
1045,2004,Brasileirão Série A,42,2004-11-20,BRA022,BRA020,0,2,  Raulino de Oliveira,A
1046,2004,Brasileirão Série A,42,2004-11-20,BRA034,BRA005,1,0, Pinheirão,H
1047,2004,Brasileirão Série A,42,2004-11-20,BRA033,BRA027,0,2,  Parque Antártica,A
1048,2004,Brasileirão Série A,42,2004-11-20,BRA045,BRA025,2,0, Barradão,H
1049,2004,Brasileirão Série A,42,2004-11-21,BRA024,BRA044,3,2, Serra Dourada,H
1050,2004,Brasileirão Série A,42,2004-11-21,BRA036,BRA003,2,3, Moisés Lucarelli,A
1051,2004,Brasileirão Série A,42,2004-11-21,BRA021,BRA009,0,0, Maracanã,D
1052,2004,Brasileirão Série A,42,2004-11-21,BRA018,BRA015,0,1, Mineirão,A
1053,2004,Brasileirão Série A,42,2004-11-21,BRA016,BRA040,0,1, Couto Pereira,A
1054,2004,Brasileirão Série A,42,2004-11-21,BRA017,BRA035,1,0, Heriberto Hulse,H
1055,2004,Brasileirão Série A,42,2004-11-21,BRA028,BRA041,1,0, Beira Rio,H
1056,2004,Brasileirão Série A,42,2004-11-21,BRA042,BRA031,4,0, Morumbi,H
1057,2004,Brasileirão Série A,43,2004-11-27,BRA020,BRA005,2,1,  Santa Cruz,H
1058,2004,Brasileirão Série A,43,2004-11-27,BRA009,BRA027,1,0,  Caio Martins,H
1059,2004,Brasileirão Série A,43,2004-11-27,BRA034,BRA024,2,1, Pinheirão,H
1060,2004,Brasileirão Série A,43,2004-11-27,BRA018,BRA022,2,3, Mineirão,A
1061,2004,Brasileirão Série A,43,2004-11-27,BRA042,BRA028,2,1, Morumbi,H
1062,2004,Brasileirão Série A,43,2004-11-28,BRA035,BRA040,1,1, Mangueirão,D
1063,2004,Brasileirão Série A,43,2004-11-28,BRA033,BRA021,1,2,  Parque Antártica,A
1064,2004,Brasileirão Série A,43,2004-11-28,BRA036,BRA017,1,0, Moisés Lucarelli,H
1065,2004,Brasileirão Série A,43,2004-11-28,BRA041,BRA015,2,1, Anacleto Campanella,H
1066,2004,Brasileirão Série A,43,2004-11-28,BRA016,BRA045,5,1, Couto Pereira,H
1067,2004,Brasileirão Série A,43,2004-11-28,BRA025,BRA003,3,3,  Colosso da Lagoa,D
1068,2004,Brasileirão Série A,43,2004-11-28,BRA044,BRA031,1,1, São Januário,D
1069,2004,Brasileirão Série A,44,2004-12-04,BRA022,BRA036,1,0,  Raulino de Oliveira,H
1070,2004,Brasileirão Série A,44,2004-12-04,BRA027,BRA020,2,1, Brinco de Ouro,H
1071,2004,Brasileirão Série A,44,2004-12-04,BRA017,BRA034,1,2, Heriberto Hulse,A
1072,2004,Brasileirão Série A,44,2004-12-04,BRA005,BRA035,0,0,  Ipatingão,D
1073,2004,Brasileirão Série A,44,2004-12-04,BRA024,BRA033,0,0, Serra Dourada,D
1074,2004,Brasileirão Série A,44,2004-12-04,BRA015,BRA044,3,1, Pacaembu,H
1075,2004,Brasileirão Série A,44,2004-12-05,BRA045,BRA042,1,4, Barradão,A
1076,2004,Brasileirão Série A,44,2004-12-05,BRA040,BRA025,5,1,  Benedito Teixeira,H
1077,2004,Brasileirão Série A,44,2004-12-05,BRA031,BRA009,1,0, Alfredo Jaconi,H
1078,2004,Brasileirão Série A,44,2004-12-05,BRA003,BRA041,5,2, Arena da Baixada,H
1079,2004,Brasileirão Série A,44,2004-12-05,BRA028,BRA018,2,0, Beira Rio,H
1080,2004,Brasileirão Série A,44,2004-12-05,BRA021,BRA016,0,0,  Raulino de Oliveira,D
1081,2004,Brasileirão Série A,45,2004-12-11,BRA025,BRA005,0,1,  Colosso da Lagoa,A
1082,2004,Brasileirão Série A,45,2004-12-11,BRA035,BRA027,4,2, Mangueirão,H
1083,2004,Brasileirão Série A,45,2004-12-11,BRA033,BRA017,3,2,  Parque Antártica,H
1084,2004,Brasileirão Série A,45,2004-12-11,BRA034,BRA022,0,1, Pinheirão,A
1085,2004,Brasileirão Série A,45,2004-12-12,BRA042,BRA021,1,1, Morumbi,D
1086,2004,Brasileirão Série A,45,2004-12-12,BRA041,BRA040,0,3, Anacleto Campanella,A
1087,2004,Brasileirão Série A,45,2004-12-12,BRA009,BRA015,1,2,  Caio Martins,A
1088,2004,Brasileirão Série A,45,2004-12-12,BRA044,BRA003,1,0, São Januário,H
1089,2004,Brasileirão Série A,45,2004-12-12,BRA016,BRA024,1,0, Couto Pereira,H
1090,2004,Brasileirão Série A,45,2004-12-12,BRA020,BRA031,1,0, Orlando Scarpelli,H
1091,2004,Brasileirão Série A,45,2004-12-12,BRA018,BRA045,4,0, Mineirão,H
1092,2004,Brasileirão Série A,45,2004-12-12,BRA036,BRA028,1,2, Moisés Lucarelli,A
1093,2004,Brasileirão Série A,46,2004-12-19,BRA022,BRA033,1,1, Maracanã,D
1094,2004,Brasileirão Série A,46,2004-12-19,BRA045,BRA036,1,2, Barradão,A
1095,2004,Brasileirão Série A,46,2004-12-19,BRA017,BRA016,3,3, Heriberto Hulse,D
1096,2004,Brasileirão Série A,46,2004-12-19,BRA027,BRA025,2,0, Brinco de Ouro,H
1097,2004,Brasileirão Série A,46,2004-12-19,BRA024,BRA042,2,0, Serra Dourada,H
1098,2004,Brasileirão Série A,46,2004-12-19,BRA005,BRA041,3,0, Mineirão,H
1099,2004,Brasileirão Série A,46,2004-12-19,BRA021,BRA018,6,2,  Raulino de Oliveira,H
1100,2004,Brasileirão Série A,46,2004-12-19,BRA015,BRA020,5,2, Pacaembu,H
1101,2004,Brasileirão Série A,46,2004-12-19,BRA028,BRA034,2,1, Beira Rio,H
1102,2004,Brasileirão Série A,46,2004-12-19,BRA031,BRA035,1,2, Alfredo Jaconi,A
1103,2004,Brasileirão Série A,46,2004-12-19,BRA003,BRA009,1,1, Arena da Baixada,D
1104,2004,Brasileirão Série A,46,2004-12-19,BRA040,BRA044,2,1,Teixeirão,H
1105,2005,Brasileirão Série A,1,2005-04-23,BRA034,BRA024,0,2, Pinheirão,A
1106,2005,Brasileirão Série A,1,2005-04-23,BRA005,BRA020,4,1, Mineirão,H
1107,2005,Brasileirão Série A,1,2005-04-23,BRA041,BRA033,2,2,  Bruno J Daniel,D
1108,2005,Brasileirão Série A,1,2005-04-23,BRA021,BRA018,1,1, Maracanã,D
1109,2005,Brasileirão Série A,1,2005-04-24,BRA028,BRA009,0,2, Beira Rio,A
1110,2005,Brasileirão Série A,1,2005-04-24,BRA023,BRA016,0,1,  Pres Vargas*(PF),A
1111,2005,Brasileirão Série A,1,2005-04-24,BRA022,BRA042,2,1, Maracanã,H
1112,2005,Brasileirão Série A,1,2005-04-24,BRA015,BRA031,2,2, Pacaembu,D
1113,2005,Brasileirão Série A,1,2005-04-24,BRA003,BRA036,0,1, Arena da Baixada,A
1114,2005,Brasileirão Série A,1,2005-04-24,BRA011,BRA044,0,1,  Mané Garrincha,A
1115,2005,Brasileirão Série A,1,2005-04-24,BRA040,BRA035,4,1,  A Campanella*(PF),H
1116,2005,Brasileirão Série A,2,2005-04-30,BRA024,BRA041,0,0, Serra Dourada,D
1117,2005,Brasileirão Série A,2,2005-04-30,BRA044,BRA023,0,0,  R de Oliveira*(PF),D
1118,2005,Brasileirão Série A,2,2005-04-30,BRA033,BRA011,2,1,  Parque Antártica,H
1119,2005,Brasileirão Série A,2,2005-04-30,BRA036,BRA005,3,3, Moisés Lucarelli,D
1120,2005,Brasileirão Série A,2,2005-04-30,BRA042,BRA034,1,1, Morumbi,D
1121,2005,Brasileirão Série A,2,2005-05-01,BRA018,BRA028,3,2, Mineirão,H
1122,2005,Brasileirão Série A,2,2005-05-01,BRA031,BRA003,1,0, Alfredo Jaconi,H
1123,2005,Brasileirão Série A,2,2005-05-01,BRA020,BRA021,0,1, Orlando Scarpelli,A
1124,2005,Brasileirão Série A,2,2005-05-01,BRA009,BRA015,3,1,  Luso Brasileiro*(PF),H
1125,2005,Brasileirão Série A,2,2005-05-01,BRA016,BRA040,2,3, Couto Pereira,A
1126,2005,Brasileirão Série A,2,2005-05-01,BRA035,BRA022,1,2, Mangueirão,A
1127,2005,Brasileirão Série A,3,2005-05-07,BRA034,BRA031,2,2, Pinheirão,D
1128,2005,Brasileirão Série A,3,2005-05-07,BRA024,BRA020,0,0, Serra Dourada,D
1129,2005,Brasileirão Série A,3,2005-05-07,BRA036,BRA035,2,0, Moisés Lucarelli,H
1130,2005,Brasileirão Série A,3,2005-05-07,BRA040,BRA003,2,1, Vila Belmiro,H
1131,2005,Brasileirão Série A,3,2005-05-08,BRA028,BRA021,1,0, Beira Rio,H
1132,2005,Brasileirão Série A,3,2005-05-08,BRA016,BRA033,1,0, Couto Pereira,H
1133,2005,Brasileirão Série A,3,2005-05-08,BRA015,BRA042,1,5, Pacaembu,A
1134,2005,Brasileirão Série A,3,2005-05-08,BRA022,BRA018,2,1,  Raulino de Oliveira,H
1135,2005,Brasileirão Série A,3,2005-05-08,BRA041,BRA023,2,1, Anacleto Campanella,H
1136,2005,Brasileirão Série A,3,2005-05-08,BRA005,BRA011,0,1, Mineirão,A
1138,2005,Brasileirão Série A,4,2005-05-14,BRA023,BRA036,2,1,  Pres Vargas*(PF),H
1139,2005,Brasileirão Série A,4,2005-05-14,BRA009,BRA005,2,1,  G Coutinho*(PF),H
1140,2005,Brasileirão Série A,4,2005-05-14,BRA042,BRA016,1,0, Morumbi,H
1141,2005,Brasileirão Série A,4,2005-05-14,BRA020,BRA028,1,2, Orlando Scarpelli,A
1142,2005,Brasileirão Série A,4,2005-05-15,BRA018,BRA024,3,1, Mineirão,H
1143,2005,Brasileirão Série A,4,2005-05-15,BRA031,BRA044,4,1, Alfredo Jaconi,H
1144,2005,Brasileirão Série A,4,2005-05-15,BRA003,BRA015,1,2, Arena da Baixada,A
1145,2005,Brasileirão Série A,4,2005-05-15,BRA035,BRA041,3,2, Mangueirão,H
1146,2005,Brasileirão Série A,4,2005-05-15,BRA033,BRA034,1,2,  Parque Antártica,A
1147,2005,Brasileirão Série A,4,2005-05-15,BRA021,BRA040,2,1,  Luso Brasileiro,H
1148,2005,Brasileirão Série A,4,2005-05-15,BRA011,BRA022,0,3,  Boca do Jacaré,A
1149,2005,Brasileirão Série A,5,2005-05-21,BRA034,BRA036,1,1, Pinheirão,D
1150,2005,Brasileirão Série A,5,2005-05-21,BRA031,BRA035,2,0, Alfredo Jaconi,H
1151,2005,Brasileirão Série A,5,2005-05-21,BRA023,BRA011,2,0, Presidente Vargas,H
1152,2005,Brasileirão Série A,5,2005-05-21,BRA022,BRA016,2,4,  Raulino de Oliveira,A
1153,2005,Brasileirão Série A,5,2005-05-21,BRA024,BRA009,4,0, Serra Dourada,H
1154,2005,Brasileirão Série A,5,2005-05-22,BRA040,BRA005,3,0, Vila Belmiro,H
1155,2005,Brasileirão Série A,5,2005-05-22,BRA041,BRA021,1,0, Anacleto Campanella,H
1156,2005,Brasileirão Série A,5,2005-05-22,BRA044,BRA042,3,1, São Januário,H
1157,2005,Brasileirão Série A,5,2005-05-22,BRA003,BRA028,1,3, Arena da Baixada,A
1158,2005,Brasileirão Série A,5,2005-05-22,BRA015,BRA020,2,1, Pacaembu,H
1159,2005,Brasileirão Série A,5,2005-05-22,BRA018,BRA033,2,0, Mineirão,H
1160,2005,Brasileirão Série A,6,2005-05-28,BRA035,BRA024,1,0, Mangueirão,H
1161,2005,Brasileirão Série A,6,2005-05-28,BRA042,BRA018,1,1, Morumbi,D
1162,2005,Brasileirão Série A,6,2005-05-28,BRA020,BRA041,2,0, Orlando Scarpelli,H
1163,2005,Brasileirão Série A,6,2005-05-29,BRA033,BRA040,2,1,  Parque Antártica,H
1164,2005,Brasileirão Série A,6,2005-05-29,BRA021,BRA022,0,0,  Raulino de Oliveira,D
1165,2005,Brasileirão Série A,6,2005-05-29,BRA036,BRA044,4,2, Moisés Lucarelli,H
1166,2005,Brasileirão Série A,6,2005-05-29,BRA005,BRA015,0,1, Mineirão,A
1167,2005,Brasileirão Série A,6,2005-05-29,BRA011,BRA034,1,0,  Boca do Jacaré,H
1168,2005,Brasileirão Série A,6,2005-05-29,BRA009,BRA003,2,0,  Luso Brasileiro,H
1169,2005,Brasileirão Série A,6,2005-05-29,BRA016,BRA031,1,2, Couto Pereira,A
1170,2005,Brasileirão Série A,6,2005-05-29,BRA028,BRA023,1,0, Beira Rio,H
1171,2005,Brasileirão Série A,7,2005-06-11,BRA034,BRA023,3,0, Pinheirão,H
1172,2005,Brasileirão Série A,7,2005-06-11,BRA018,BRA036,1,2, Mineirão,A
1173,2005,Brasileirão Série A,7,2005-06-11,BRA041,BRA011,2,0, Anacleto Campanella,H
1174,2005,Brasileirão Série A,7,2005-06-11,BRA003,BRA020,0,0,  Couto Pereira*(PF),D
1175,2005,Brasileirão Série A,7,2005-06-11,BRA024,BRA033,2,1, Serra Dourada,H
1176,2005,Brasileirão Série A,7,2005-06-11,BRA009,BRA031,3,2,  Luso Brasileiro,H
1177,2005,Brasileirão Série A,7,2005-06-12,BRA040,BRA022,1,1, Vila Belmiro,D
1178,2005,Brasileirão Série A,7,2005-06-12,BRA028,BRA005,1,1, Beira Rio,D
1179,2005,Brasileirão Série A,7,2005-06-12,BRA015,BRA021,4,2,  Wilson de Barros*(PF),H
1180,2005,Brasileirão Série A,7,2005-06-12,BRA044,BRA016,2,2, São Januário,D
1181,2005,Brasileirão Série A,7,2005-06-12,BRA035,BRA042,2,2, Mangueirão,D
1182,2005,Brasileirão Série A,8,2005-06-18,BRA033,BRA044,5,2,  Parque Antártica,H
1183,2005,Brasileirão Série A,8,2005-06-18,BRA011,BRA015,2,4,  Mané Garrincha,A
1184,2005,Brasileirão Série A,8,2005-06-18,BRA020,BRA035,3,3, Orlando Scarpelli,D
1185,2005,Brasileirão Série A,8,2005-06-18,BRA021,BRA003,1,1,  Luso Brasileiro,D
1186,2005,Brasileirão Série A,8,2005-06-18,BRA005,BRA041,2,3, Mineirão,A
1187,2005,Brasileirão Série A,8,2005-06-18,BRA036,BRA024,2,0, Moisés Lucarelli,H
1188,2005,Brasileirão Série A,8,2005-06-19,BRA042,BRA009,1,0, Morumbi,H
1189,2005,Brasileirão Série A,8,2005-06-19,BRA016,BRA034,2,1, Couto Pereira,H
1190,2005,Brasileirão Série A,8,2005-06-19,BRA022,BRA028,3,0,  Raulino de Oliveira,H
1191,2005,Brasileirão Série A,8,2005-06-19,BRA031,BRA018,0,0, Alfredo Jaconi,D
1192,2005,Brasileirão Série A,8,2005-06-19,BRA023,BRA040,0,0, Castelão,D
1193,2005,Brasileirão Série A,9,2005-06-25,BRA034,BRA005,1,0, Pinheirão,H
1194,2005,Brasileirão Série A,9,2005-06-25,BRA031,BRA036,1,3, Alfredo Jaconi,A
1195,2005,Brasileirão Série A,9,2005-06-25,BRA042,BRA028,1,3, Morumbi,A
1196,2005,Brasileirão Série A,9,2005-06-25,BRA021,BRA011,3,4,  Giulite Coutinho,A
1197,2005,Brasileirão Série A,9,2005-06-26,BRA009,BRA020,0,1,  Luso Brasileiro,A
1198,2005,Brasileirão Série A,9,2005-06-26,BRA015,BRA022,0,1,  Wilson de Barros*(PF),A
1199,2005,Brasileirão Série A,9,2005-06-26,BRA041,BRA040,1,3, Anacleto Campanella,A
1200,2005,Brasileirão Série A,9,2005-06-26,BRA024,BRA016,2,1, Serra Dourada,H
1201,2005,Brasileirão Série A,9,2005-06-26,BRA003,BRA023,0,0,  Couto Pereira*(PF),D
1202,2005,Brasileirão Série A,9,2005-06-26,BRA035,BRA033,2,1, Mangueirão,H
1203,2005,Brasileirão Série A,9,2005-06-26,BRA018,BRA044,3,3, Mineirão,D
1204,2005,Brasileirão Série A,10,2005-07-02,BRA016,BRA035,3,1, Couto Pereira,H
1205,2005,Brasileirão Série A,10,2005-07-02,BRA022,BRA034,0,1,  Raulino de Oliveira,A
1206,2005,Brasileirão Série A,10,2005-07-02,BRA044,BRA024,1,2, São Januário,A
1207,2005,Brasileirão Série A,10,2005-07-03,BRA023,BRA015,2,1, Castelão,H
1208,2005,Brasileirão Série A,10,2005-07-03,BRA020,BRA018,0,0, Orlando Scarpelli,D
1209,2005,Brasileirão Série A,10,2005-07-03,BRA005,BRA021,3,1, Mineirão,H
1210,2005,Brasileirão Série A,10,2005-07-03,BRA028,BRA041,2,1, Beira Rio,H
1211,2005,Brasileirão Série A,10,2005-07-03,BRA033,BRA009,4,1,  Parque Antártica,H
1212,2005,Brasileirão Série A,10,2005-07-03,BRA040,BRA031,0,0, Vila Belmiro,D
1213,2005,Brasileirão Série A,10,2005-07-03,BRA011,BRA003,2,1,  Boca do Jacaré,H
1215,2005,Brasileirão Série A,11,2005-07-09,BRA034,BRA020,3,0, Pinheirão,H
1216,2005,Brasileirão Série A,11,2005-07-09,BRA031,BRA011,2,1, Alfredo Jaconi,H
1217,2005,Brasileirão Série A,11,2005-07-09,BRA035,BRA023,1,2, Mangueirão,A
1218,2005,Brasileirão Série A,11,2005-07-09,BRA042,BRA021,2,0, Morumbi,H
1219,2005,Brasileirão Série A,11,2005-07-09,BRA041,BRA036,2,1, Anacleto Campanella,H
1220,2005,Brasileirão Série A,11,2005-07-10,BRA015,BRA033,3,1, Morumbi,H
1221,2005,Brasileirão Série A,11,2005-07-10,BRA009,BRA022,1,2,  Raulino de Oliveira,A
1222,2005,Brasileirão Série A,11,2005-07-10,BRA024,BRA040,3,4, Serra Dourada,A
1223,2005,Brasileirão Série A,11,2005-07-10,BRA044,BRA028,2,4, São Januário,A
1224,2005,Brasileirão Série A,11,2005-07-10,BRA003,BRA016,1,0, Arena da Baixada,H
1225,2005,Brasileirão Série A,11,2005-07-10,BRA018,BRA005,2,1, Mineirão,H
1226,2005,Brasileirão Série A,12,2005-07-16,BRA036,BRA020,2,1, Moisés Lucarelli,H
1227,2005,Brasileirão Série A,12,2005-07-16,BRA024,BRA011,1,3, Serra Dourada,A
1228,2005,Brasileirão Série A,12,2005-07-16,BRA022,BRA041,0,1,  Raulino de Oliveira,A
1229,2005,Brasileirão Série A,12,2005-07-16,BRA034,BRA015,2,3,  Willie Davids,A
1230,2005,Brasileirão Série A,12,2005-07-17,BRA040,BRA042,2,1, Vila Belmiro,H
1231,2005,Brasileirão Série A,12,2005-07-17,BRA021,BRA044,1,0,  Raulino de Oliveira,H
1232,2005,Brasileirão Série A,12,2005-07-17,BRA016,BRA009,0,3, Couto Pereira,A
1233,2005,Brasileirão Série A,12,2005-07-17,BRA005,BRA003,2,3, Mineirão,A
1234,2005,Brasileirão Série A,12,2005-07-17,BRA028,BRA031,5,2, Beira Rio,H
1235,2005,Brasileirão Série A,12,2005-07-17,BRA033,BRA023,1,2,  Parque Antártica,A
1237,2005,Brasileirão Série A,13,2005-07-20,BRA041,BRA034,1,1, Anacleto Campanella,D
1238,2005,Brasileirão Série A,13,2005-07-20,BRA009,BRA036,4,2,  Luso Brasileiro,H
1239,2005,Brasileirão Série A,13,2005-07-20,BRA023,BRA005,1,4, Castelão,A
1240,2005,Brasileirão Série A,13,2005-07-20,BRA003,BRA022,3,2, Arena da Baixada,H
1241,2005,Brasileirão Série A,13,2005-07-20,BRA028,BRA024,2,3, Beira Rio,A
1242,2005,Brasileirão Série A,13,2005-07-20,BRA040,BRA044,2,3, Vila Belmiro,A
1243,2005,Brasileirão Série A,13,2005-07-20,BRA020,BRA033,1,4, Orlando Scarpelli,A
1244,2005,Brasileirão Série A,13,2005-07-20,BRA011,BRA042,3,3,  Boca do Jacaré,D
1245,2005,Brasileirão Série A,13,2005-07-21,BRA021,BRA031,3,4,  Luso Brasileiro,A
1246,2005,Brasileirão Série A,13,2005-07-21,BRA018,BRA016,2,2, Mineirão,D
1247,2005,Brasileirão Série A,13,2005-07-21,BRA015,BRA035,3,2, Pacaembu,H
1248,2005,Brasileirão Série A,14,2005-07-23,BRA034,BRA003,2,0, Pinheirão,H
1249,2005,Brasileirão Série A,14,2005-07-23,BRA009,BRA011,1,1,  Luso Brasileiro,D
1250,2005,Brasileirão Série A,14,2005-07-23,BRA024,BRA023,2,1, Serra Dourada,H
1251,2005,Brasileirão Série A,14,2005-07-23,BRA042,BRA041,0,1, Morumbi,A
1252,2005,Brasileirão Série A,14,2005-07-24,BRA044,BRA015,2,3, São Januário,A
1253,2005,Brasileirão Série A,14,2005-07-24,BRA016,BRA021,3,2, Couto Pereira,H
1254,2005,Brasileirão Série A,14,2005-07-24,BRA033,BRA005,1,0,  Parque Antártica,H
1255,2005,Brasileirão Série A,14,2005-07-24,BRA036,BRA022,2,1, Moisés Lucarelli,H
1256,2005,Brasileirão Série A,14,2005-07-24,BRA018,BRA040,3,2, Mineirão,H
1257,2005,Brasileirão Série A,14,2005-07-24,BRA035,BRA028,1,2, Mangueirão,A
1259,2005,Brasileirão Série A,15,2005-07-27,BRA023,BRA031,2,0, Castelão,H
1260,2005,Brasileirão Série A,15,2005-07-27,BRA022,BRA024,1,1,  Raulino de Oliveira,D
1261,2005,Brasileirão Série A,15,2005-07-27,BRA041,BRA009,0,1, Anacleto Campanella,A
1262,2005,Brasileirão Série A,15,2005-07-27,BRA015,BRA018,4,3, Pacaembu,H
1263,2005,Brasileirão Série A,15,2005-07-27,BRA003,BRA044,7,2, Arena da Baixada,H
1264,2005,Brasileirão Série A,15,2005-07-27,BRA040,BRA036,0,1, Vila Belmiro,A
1265,2005,Brasileirão Série A,15,2005-07-27,BRA005,BRA042,0,0, Mineirão,D
1266,2005,Brasileirão Série A,15,2005-07-28,BRA011,BRA035,0,0,  Serejão,D
1267,2005,Brasileirão Série A,15,2005-07-28,BRA021,BRA033,0,0,  Luso Brasileiro,D
1268,2005,Brasileirão Série A,15,2005-07-28,BRA020,BRA016,0,0, Orlando Scarpelli,D
1269,2005,Brasileirão Série A,15,2005-07-28,BRA028,BRA034,0,2, Beira Rio,A
1270,2005,Brasileirão Série A,16,2005-07-30,BRA018,BRA023,3,0, Mineirão,H
1271,2005,Brasileirão Série A,16,2005-07-30,BRA024,BRA005,3,1, Serra Dourada,H
1272,2005,Brasileirão Série A,16,2005-07-30,BRA044,BRA041,3,2, São Januário,H
1273,2005,Brasileirão Série A,16,2005-07-31,BRA020,BRA022,1,1, Orlando Scarpelli,D
1274,2005,Brasileirão Série A,16,2005-07-31,BRA016,BRA011,1,1, Couto Pereira,D
1275,2005,Brasileirão Série A,16,2005-07-31,BRA009,BRA021,0,2,  Luso Brasileiro,A
1276,2005,Brasileirão Série A,16,2005-07-31,BRA036,BRA028,1,1, Moisés Lucarelli,D
1277,2005,Brasileirão Série A,16,2005-07-31,BRA035,BRA034,3,4, Mangueirão,A
1278,2005,Brasileirão Série A,16,2005-07-31,BRA031,BRA042,2,1, Alfredo Jaconi,H
1279,2005,Brasileirão Série A,16,2005-07-31,BRA033,BRA003,1,1,  Pacaembu*(PF),D
1281,2005,Brasileirão Série A,17,2005-08-03,BRA011,BRA018,1,2,  Boca do Jacaré,A
1282,2005,Brasileirão Série A,17,2005-08-03,BRA041,BRA031,1,1, Anacleto Campanella,D
1283,2005,Brasileirão Série A,17,2005-08-03,BRA015,BRA016,3,0, Pacaembu,H
1284,2005,Brasileirão Série A,17,2005-08-03,BRA003,BRA024,1,0, Arena da Baixada,H
1285,2005,Brasileirão Série A,17,2005-08-03,BRA005,BRA035,2,2, Mineirão,D
1286,2005,Brasileirão Série A,17,2005-08-03,BRA028,BRA040,0,1, Beira Rio,A
1287,2005,Brasileirão Série A,17,2005-08-03,BRA021,BRA036,1,0,  Luso Brasileiro,H
1288,2005,Brasileirão Série A,17,2005-08-03,BRA034,BRA009,2,0, Pinheirão,H
1289,2005,Brasileirão Série A,17,2005-08-04,BRA022,BRA044,3,2,  Raulino de Oliveira,H
1290,2005,Brasileirão Série A,17,2005-08-04,BRA023,BRA020,5,2, Castelão,H
1291,2005,Brasileirão Série A,17,2005-08-04,BRA042,BRA033,3,3, Morumbi,D
1292,2005,Brasileirão Série A,18,2005-08-06,BRA003,BRA018,5,4, Arena da Baixada,H
1293,2005,Brasileirão Série A,18,2005-08-06,BRA015,BRA041,0,2, Pacaembu,A
1294,2005,Brasileirão Série A,18,2005-08-06,BRA009,BRA035,2,0,  Luso Brasileiro,H
1295,2005,Brasileirão Série A,18,2005-08-07,BRA031,BRA033,1,2, Alfredo Jaconi,A
1296,2005,Brasileirão Série A,18,2005-08-07,BRA034,BRA040,1,1,  Willie Davids,D
1297,2005,Brasileirão Série A,18,2005-08-07,BRA023,BRA021,2,1, Castelão,H
1298,2005,Brasileirão Série A,18,2005-08-07,BRA011,BRA028,0,0,  Boca do Jacaré,D
1299,2005,Brasileirão Série A,18,2005-08-07,BRA005,BRA022,1,2, Mineirão,A
1300,2005,Brasileirão Série A,18,2005-08-07,BRA036,BRA016,0,3, Moisés Lucarelli,A
1301,2005,Brasileirão Série A,18,2005-08-07,BRA042,BRA024,0,1, Morumbi,A
1303,2005,Brasileirão Série A,19,2005-08-10,BRA041,BRA003,3,2, Anacleto Campanella,H
1304,2005,Brasileirão Série A,19,2005-08-10,BRA035,BRA044,0,2, Mangueirão,A
1305,2005,Brasileirão Série A,19,2005-08-10,BRA016,BRA005,1,0, Couto Pereira,H
1306,2005,Brasileirão Série A,19,2005-08-10,BRA033,BRA036,2,1,  Parque Antártica,H
1307,2005,Brasileirão Série A,19,2005-08-10,BRA028,BRA015,0,0, Beira Rio,D
1308,2005,Brasileirão Série A,19,2005-08-10,BRA020,BRA042,3,1, Orlando Scarpelli,H
1309,2005,Brasileirão Série A,19,2005-08-11,BRA040,BRA011,1,1, Vila Belmiro,D
1310,2005,Brasileirão Série A,19,2005-08-11,BRA022,BRA023,2,0,  Raulino de Oliveira,H
1311,2005,Brasileirão Série A,19,2005-08-11,BRA021,BRA034,1,1,  Luso Brasileiro,D
1312,2005,Brasileirão Série A,19,2005-08-11,BRA024,BRA031,1,0, Serra Dourada,H
1314,2005,Brasileirão Série A,20,2005-08-13,BRA016,BRA041,2,2, Couto Pereira,D
1315,2005,Brasileirão Série A,20,2005-08-13,BRA033,BRA028,3,2,  Parque Antártica,H
1316,2005,Brasileirão Série A,20,2005-08-13,BRA035,BRA003,2,1, Mangueirão,H
1317,2005,Brasileirão Série A,20,2005-08-14,BRA036,BRA015,3,5, Moisés Lucarelli,A
1318,2005,Brasileirão Série A,20,2005-08-14,BRA044,BRA005,2,1, São Januário,H
1319,2005,Brasileirão Série A,20,2005-08-14,BRA020,BRA011,2,2, Orlando Scarpelli,D
1320,2005,Brasileirão Série A,20,2005-08-14,BRA024,BRA021,2,0, Serra Dourada,H
1321,2005,Brasileirão Série A,20,2005-08-14,BRA018,BRA034,0,1, Mineirão,A
1322,2005,Brasileirão Série A,20,2005-08-14,BRA042,BRA023,3,2, Morumbi,H
1323,2005,Brasileirão Série A,20,2005-08-14,BRA009,BRA040,3,3,  Luso Brasileiro,D
1325,2005,Brasileirão Série A,21,2005-08-20,BRA005,BRA031,2,1, Mineirão,H
1326,2005,Brasileirão Série A,21,2005-08-20,BRA041,BRA018,0,1, Anacleto Campanella,A
1327,2005,Brasileirão Série A,21,2005-08-20,BRA003,BRA042,4,2, Arena da Baixada,H
1328,2005,Brasileirão Série A,21,2005-08-21,BRA015,BRA024,1,1, Pacaembu,D
1329,2005,Brasileirão Série A,21,2005-08-21,BRA034,BRA044,0,0, Pinheirão,D
1330,2005,Brasileirão Série A,21,2005-08-21,BRA022,BRA033,2,2,  Raulino de Oliveira,D
1331,2005,Brasileirão Série A,21,2005-08-21,BRA011,BRA036,4,0,  Boca do Jacaré,H
1332,2005,Brasileirão Série A,21,2005-08-21,BRA023,BRA009,3,1, Castelão,H
1333,2005,Brasileirão Série A,21,2005-08-21,BRA021,BRA035,2,1,  Luso Brasileiro,H
1334,2005,Brasileirão Série A,21,2005-08-21,BRA040,BRA020,4,3, Vila Belmiro,H
1336,2005,Brasileirão Série A,22,2005-08-24,BRA033,BRA041,2,1,  Parque Antártica,H
1337,2005,Brasileirão Série A,22,2005-08-24,BRA036,BRA003,0,2, Moisés Lucarelli,A
1338,2005,Brasileirão Série A,22,2005-08-24,BRA024,BRA034,1,1, Serra Dourada,D
1339,2005,Brasileirão Série A,22,2005-08-24,BRA044,BRA011,1,0, São Januário,H
1340,2005,Brasileirão Série A,22,2005-08-24,BRA042,BRA022,1,1, Morumbi,D
1341,2005,Brasileirão Série A,22,2005-08-24,BRA018,BRA021,0,0, Mineirão,D
1342,2005,Brasileirão Série A,22,2005-08-24,BRA031,BRA015,1,0, Alfredo Jaconi,H
1343,2005,Brasileirão Série A,22,2005-08-24,BRA035,BRA040,2,3, Mangueirão,A
1344,2005,Brasileirão Série A,22,2005-08-25,BRA009,BRA028,0,1,  Luso Brasileiro,A
1345,2005,Brasileirão Série A,22,2005-08-25,BRA020,BRA005,0,1, Orlando Scarpelli,A
1346,2005,Brasileirão Série A,22,2005-08-25,BRA016,BRA023,2,0, Couto Pereira,H
1347,2005,Brasileirão Série A,23,2005-08-27,BRA003,BRA031,2,2, Arena da Baixada,D
1348,2005,Brasileirão Série A,23,2005-08-27,BRA041,BRA024,0,1, Anacleto Campanella,A
1349,2005,Brasileirão Série A,23,2005-08-27,BRA011,BRA033,3,2,  Boca do Jacaré,H
1350,2005,Brasileirão Série A,23,2005-08-28,BRA034,BRA042,0,4,  Willie Davids,A
1351,2005,Brasileirão Série A,23,2005-08-28,BRA021,BRA020,2,2,  Luso Brasileiro,D
1352,2005,Brasileirão Série A,23,2005-08-28,BRA028,BRA018,4,1, Beira Rio,H
1353,2005,Brasileirão Série A,23,2005-08-28,BRA015,BRA009,3,3, Pacaembu,D
1354,2005,Brasileirão Série A,23,2005-08-28,BRA005,BRA036,1,0, Mineirão,H
1355,2005,Brasileirão Série A,23,2005-08-28,BRA023,BRA044,4,2, Castelão,H
1356,2005,Brasileirão Série A,23,2005-08-28,BRA022,BRA035,5,2,  Raulino de Oliveira,H
1357,2005,Brasileirão Série A,23,2005-08-28,BRA040,BRA016,2,0, Vila Belmiro,H
1358,2005,Brasileirão Série A,24,2005-09-07,BRA009,BRA044,2,2,  Luso Brasileiro,D
1359,2005,Brasileirão Série A,24,2005-09-07,BRA023,BRA041,5,2, Castelão,H
1360,2005,Brasileirão Série A,24,2005-09-07,BRA011,BRA005,1,2,  Boca do Jacaré,A
1361,2005,Brasileirão Série A,24,2005-09-07,BRA020,BRA024,3,0, Orlando Scarpelli,H
1362,2005,Brasileirão Série A,24,2005-09-07,BRA031,BRA034,2,0, Alfredo Jaconi,H
1363,2005,Brasileirão Série A,24,2005-09-07,BRA018,BRA022,2,6, Mineirão,A
1364,2005,Brasileirão Série A,24,2005-09-07,BRA003,BRA040,3,3, Arena da Baixada,D
1365,2005,Brasileirão Série A,24,2005-09-07,BRA035,BRA036,2,2, Mangueirão,D
1366,2005,Brasileirão Série A,24,2005-09-08,BRA021,BRA028,1,1,  Luso Brasileiro,D
1367,2005,Brasileirão Série A,24,2005-09-08,BRA033,BRA016,1,1,  Parque Antártica,D
1369,2005,Brasileirão Série A,25,2005-09-10,BRA041,BRA035,1,2, Anacleto Campanella,A
1370,2005,Brasileirão Série A,25,2005-09-10,BRA024,BRA018,1,0, Serra Dourada,H
1371,2005,Brasileirão Série A,25,2005-09-11,BRA040,BRA021,0,0, Vila Belmiro,D
1372,2005,Brasileirão Série A,25,2005-09-11,BRA028,BRA020,3,0, Beira Rio,H
1373,2005,Brasileirão Série A,25,2005-09-11,BRA044,BRA031,5,2, São Januário,H
1374,2005,Brasileirão Série A,25,2005-09-11,BRA034,BRA033,1,3,  Willie Davids,A
1375,2005,Brasileirão Série A,25,2005-09-11,BRA015,BRA003,2,0, Pacaembu,H
1376,2005,Brasileirão Série A,25,2005-09-11,BRA036,BRA023,2,1, Moisés Lucarelli,H
1377,2005,Brasileirão Série A,25,2005-09-11,BRA016,BRA042,1,4, Couto Pereira,A
1378,2005,Brasileirão Série A,25,2005-09-11,BRA005,BRA009,0,2,  Independência*(PF),A
1380,2005,Brasileirão Série A,26,2005-09-17,BRA036,BRA034,1,0, Moisés Lucarelli,H
1381,2005,Brasileirão Série A,26,2005-09-17,BRA035,BRA031,3,0, Mangueirão,H
1382,2005,Brasileirão Série A,26,2005-09-17,BRA033,BRA018,2,1,  Parque Antártica,H
1383,2005,Brasileirão Série A,26,2005-09-17,BRA021,BRA041,2,0,  Luso Brasileiro,H
1384,2005,Brasileirão Série A,26,2005-09-18,BRA042,BRA044,4,2, Morumbi,H
1385,2005,Brasileirão Série A,26,2005-09-18,BRA011,BRA023,0,2,  Boca do Jacaré,A
1386,2005,Brasileirão Série A,26,2005-09-18,BRA028,BRA003,3,2, Beira Rio,H
1387,2005,Brasileirão Série A,26,2005-09-18,BRA020,BRA015,2,3, Orlando Scarpelli,A
1388,2005,Brasileirão Série A,26,2005-09-18,BRA009,BRA024,3,1,  Luso Brasileiro,H
1389,2005,Brasileirão Série A,26,2005-09-18,BRA016,BRA022,0,0, Couto Pereira,D
1390,2005,Brasileirão Série A,26,2005-09-18,BRA005,BRA040,3,0, Mineirão,H
1391,2005,Brasileirão Série A,27,2005-09-21,BRA041,BRA020,0,1, Anacleto Campanella,A
1392,2005,Brasileirão Série A,27,2005-09-21,BRA023,BRA028,1,2, Castelão,A
1393,2005,Brasileirão Série A,27,2005-09-21,BRA024,BRA035,4,1, Serra Dourada,H
1394,2005,Brasileirão Série A,27,2005-09-21,BRA034,BRA011,4,1, Pinheirão,H
1395,2005,Brasileirão Série A,27,2005-09-21,BRA040,BRA033,2,1, Vila Belmiro,H
1396,2005,Brasileirão Série A,27,2005-09-21,BRA018,BRA042,2,3, Mineirão,A
1397,2005,Brasileirão Série A,27,2005-09-21,BRA022,BRA021,2,2,  Raulino de Oliveira,D
1398,2005,Brasileirão Série A,27,2005-09-22,BRA031,BRA016,0,0, Alfredo Jaconi,D
1399,2005,Brasileirão Série A,27,2005-09-22,BRA044,BRA036,0,0, São Januário,D
1400,2005,Brasileirão Série A,27,2005-09-22,BRA015,BRA005,1,1, Pacaembu,D
1401,2005,Brasileirão Série A,27,2005-09-22,BRA003,BRA009,2,0, Arena da Baixada,H
1402,2005,Brasileirão Série A,28,2005-09-24,BRA042,BRA035,4,1, Morumbi,H
1403,2005,Brasileirão Série A,28,2005-09-24,BRA011,BRA041,1,1,  Boca do Jacaré,D
1404,2005,Brasileirão Série A,28,2005-09-24,BRA023,BRA034,2,2, Castelão,D
1405,2005,Brasileirão Série A,28,2005-09-25,BRA031,BRA009,0,0, Alfredo Jaconi,D
1406,2005,Brasileirão Série A,28,2005-09-25,BRA020,BRA003,2,0, Orlando Scarpelli,H
1407,2005,Brasileirão Série A,28,2005-09-25,BRA036,BRA018,2,3, Moisés Lucarelli,A
1408,2005,Brasileirão Série A,28,2005-09-25,BRA016,BRA044,2,0, Couto Pereira,H
1409,2005,Brasileirão Série A,28,2005-09-25,BRA021,BRA015,1,3,  Luso Brasileiro,A
1410,2005,Brasileirão Série A,28,2005-09-25,BRA033,BRA024,3,1,  Parque Antártica,H
1411,2005,Brasileirão Série A,28,2005-09-25,BRA022,BRA040,4,3,  Raulino de Oliveira,H
1412,2005,Brasileirão Série A,28,2005-09-25,BRA005,BRA028,1,1, Mineirão,D
1413,2005,Brasileirão Série A,29,2005-10-01,BRA034,BRA016,3,2, Pinheirão,H
1414,2005,Brasileirão Série A,29,2005-10-01,BRA024,BRA036,4,1, Serra Dourada,H
1415,2005,Brasileirão Série A,29,2005-10-01,BRA018,BRA031,2,0, Mineirão,H
1416,2005,Brasileirão Série A,29,2005-10-01,BRA035,BRA020,3,1,  Curuzu*(PF),H
1417,2005,Brasileirão Série A,29,2005-10-01,BRA041,BRA005,3,1, Anacleto Campanella,H
1418,2005,Brasileirão Série A,29,2005-10-01,BRA040,BRA023,0,0, Vila Belmiro,D
1419,2005,Brasileirão Série A,29,2005-10-02,BRA028,BRA022,2,2, Beira Rio,D
1420,2005,Brasileirão Série A,29,2005-10-02,BRA044,BRA033,0,0, São Januário,D
1421,2005,Brasileirão Série A,29,2005-10-02,BRA015,BRA011,3,2, Pacaembu,H
1422,2005,Brasileirão Série A,29,2005-10-02,BRA009,BRA042,1,1,  Luso Brasileiro,D
1423,2005,Brasileirão Série A,29,2005-10-02,BRA003,BRA021,2,0, Arena da Baixada,H
1424,2005,Brasileirão Série A,30,2005-10-04,BRA040,BRA041,2,0, Vila Belmiro,H
1425,2005,Brasileirão Série A,30,2005-10-04,BRA036,BRA031,3,2, Moisés Lucarelli,H
1426,2005,Brasileirão Série A,30,2005-10-04,BRA016,BRA024,0,2, Couto Pereira,A
1427,2005,Brasileirão Série A,30,2005-10-04,BRA005,BRA034,0,1, Mineirão,A
1428,2005,Brasileirão Série A,30,2005-10-05,BRA020,BRA009,1,0, Orlando Scarpelli,H
1429,2005,Brasileirão Série A,30,2005-10-05,BRA023,BRA003,1,4, Castelão,A
1430,2005,Brasileirão Série A,30,2005-10-05,BRA044,BRA018,3,3, São Januário,D
1431,2005,Brasileirão Série A,30,2005-10-05,BRA033,BRA035,5,3,  Parque Antártica,H
1432,2005,Brasileirão Série A,30,2005-10-05,BRA011,BRA021,2,3,  Boca do Jacaré,A
1433,2005,Brasileirão Série A,30,2005-10-05,BRA022,BRA015,0,2,  Raulino de Oliveira,A
1434,2005,Brasileirão Série A,30,2005-10-05,BRA028,BRA042,3,0, Beira Rio,H
1435,2005,Brasileirão Série A,31,2005-10-08,BRA009,BRA033,1,2,  Luso Brasileiro,A
1436,2005,Brasileirão Série A,31,2005-10-08,BRA015,BRA023,3,0, Pacaembu,H
1437,2005,Brasileirão Série A,31,2005-10-08,BRA034,BRA022,6,1, Pinheirão,H
1438,2005,Brasileirão Série A,31,2005-10-08,BRA031,BRA040,3,1, Alfredo Jaconi,H
1439,2005,Brasileirão Série A,31,2005-10-08,BRA024,BRA044,4,3, Serra Dourada,H
1440,2005,Brasileirão Série A,31,2005-10-08,BRA018,BRA020,4,0, Mineirão,H
1441,2005,Brasileirão Série A,31,2005-10-11,BRA041,BRA028,1,1, Anacleto Campanella,D
1442,2005,Brasileirão Série A,31,2005-10-11,BRA042,BRA036,3,2, Morumbi,H
1443,2005,Brasileirão Série A,31,2005-10-11,BRA021,BRA005,1,2,  Luso Brasileiro,A
1444,2005,Brasileirão Série A,31,2005-10-11,BRA003,BRA011,4,0, Arena da Baixada,H
1445,2005,Brasileirão Série A,31,2005-10-11,BRA035,BRA016,2,1,  Curuzu*(PF),H
1302,2005,Brasileirão Série A,18,2005-10-12,BRA044,BRA020,3,3, São Januário,D
1313,2005,Brasileirão Série A,19,2005-10-12,BRA018,BRA009,2,2, Mineirão,D
1324,2005,Brasileirão Série A,20,2005-10-12,BRA031,BRA022,3,4, Alfredo Jaconi,A
1280,2005,Brasileirão Série A,16,2005-10-13,BRA040,BRA015,2,3, Vila Belmiro,A
1446,2005,Brasileirão Série A,32,2005-10-15,BRA022,BRA009,3,2,  Raulino de Oliveira,H
1447,2005,Brasileirão Série A,32,2005-10-15,BRA023,BRA035,1,2, Castelão,A
1448,2005,Brasileirão Série A,32,2005-10-15,BRA011,BRA031,1,0,  Boca do Jacaré,H
1449,2005,Brasileirão Série A,32,2005-10-15,BRA020,BRA034,2,0, Orlando Scarpelli,H
1450,2005,Brasileirão Série A,32,2005-10-15,BRA016,BRA003,1,2, Couto Pereira,A
1451,2005,Brasileirão Série A,32,2005-10-16,BRA028,BRA044,3,1, Beira Rio,H
1452,2005,Brasileirão Série A,32,2005-10-16,BRA033,BRA015,1,1, Morumbi,D
1453,2005,Brasileirão Série A,32,2005-10-16,BRA005,BRA018,0,1, Mineirão,A
1454,2005,Brasileirão Série A,32,2005-10-16,BRA021,BRA042,1,6,  Luso Brasileiro,A
1455,2005,Brasileirão Série A,32,2005-10-16,BRA040,BRA024,1,1, Vila Belmiro,D
1456,2005,Brasileirão Série A,32,2005-10-16,BRA036,BRA041,1,2, Moisés Lucarelli,A
1137,2005,Brasileirão Série A,3,2005-10-19,BRA044,BRA009,1,0, São Januário,H
1214,2005,Brasileirão Série A,10,2005-10-19,BRA036,BRA042,2,0, Moisés Lucarelli,H
1236,2005,Brasileirão Série A,12,2005-10-19,BRA035,BRA018,4,1, Mangueirão,H
1258,2005,Brasileirão Série A,14,2005-10-19,BRA031,BRA020,2,2, Alfredo Jaconi,D
1457,2005,Brasileirão Série A,33,2005-10-21,BRA011,BRA024,1,2,  Boca do Jacaré,A
1458,2005,Brasileirão Série A,33,2005-10-21,BRA041,BRA022,2,2, Anacleto Campanella,D
1459,2005,Brasileirão Série A,33,2005-10-22,BRA044,BRA021,2,1, São Januário,H
1460,2005,Brasileirão Série A,33,2005-10-22,BRA015,BRA034,1,0, Pacaembu,H
1461,2005,Brasileirão Série A,33,2005-10-22,BRA023,BRA033,1,1, Castelão,D
1462,2005,Brasileirão Série A,33,2005-10-22,BRA003,BRA005,2,0, Arena da Baixada,H
1463,2005,Brasileirão Série A,33,2005-10-22,BRA031,BRA028,2,1, Alfredo Jaconi,H
1464,2005,Brasileirão Série A,33,2005-10-22,BRA018,BRA035,4,3, Mineirão,H
1465,2005,Brasileirão Série A,33,2005-10-22,BRA020,BRA036,4,0, Orlando Scarpelli,H
1466,2005,Brasileirão Série A,33,2005-10-22,BRA009,BRA016,2,0,  Luso Brasileiro,H
1467,2005,Brasileirão Série A,33,2005-10-22,BRA042,BRA040,1,2, Morumbi,A
1368,2005,Brasileirão Série A,24,2005-10-24,BRA042,BRA015,1,1, Morumbi,D
1379,2005,Brasileirão Série A,25,2005-10-24,BRA022,BRA011,1,1,  Raulino de Oliveira,D
1468,2005,Brasileirão Série A,34,2005-10-25,BRA016,BRA018,0,3, Couto Pereira,A
1469,2005,Brasileirão Série A,34,2005-10-25,BRA024,BRA028,0,1, Serra Dourada,A
1470,2005,Brasileirão Série A,34,2005-10-26,BRA005,BRA023,2,3, Mineirão,A
1471,2005,Brasileirão Série A,34,2005-10-26,BRA033,BRA020,2,2,  Parque Antártica,D
1472,2005,Brasileirão Série A,34,2005-10-26,BRA044,BRA040,1,3, São Januário,A
1473,2005,Brasileirão Série A,34,2005-10-26,BRA031,BRA021,2,2, Alfredo Jaconi,D
1474,2005,Brasileirão Série A,34,2005-10-27,BRA042,BRA011,1,2, Morumbi,A
1475,2005,Brasileirão Série A,34,2005-10-27,BRA022,BRA003,4,1,  Raulino de Oliveira,H
1476,2005,Brasileirão Série A,34,2005-10-27,BRA035,BRA015,0,2, Mangueirão,A
1477,2005,Brasileirão Série A,34,2005-10-27,BRA036,BRA009,0,1, Moisés Lucarelli,A
1335,2005,Brasileirão Série A,21,2005-10-28,BRA028,BRA016,3,2, Beira Rio,H
1478,2005,Brasileirão Série A,34,2005-10-28,BRA034,BRA041,1,3, Pinheirão,A
1479,2005,Brasileirão Série A,35,2005-10-29,BRA020,BRA031,4,3, Orlando Scarpelli,H
1480,2005,Brasileirão Série A,35,2005-10-29,BRA023,BRA024,1,1, Castelão,D
1481,2005,Brasileirão Série A,35,2005-10-30,BRA005,BRA033,1,3, Mineirão,A
1482,2005,Brasileirão Série A,35,2005-10-30,BRA040,BRA018,1,2,  Parque Antártica*(PF),A
1483,2005,Brasileirão Série A,35,2005-10-30,BRA003,BRA034,2,1, Arena da Baixada,H
1484,2005,Brasileirão Série A,35,2005-10-30,BRA015,BRA044,1,1, Pacaembu,D
1485,2005,Brasileirão Série A,35,2005-10-30,BRA041,BRA042,0,1, Anacleto Campanella,A
1486,2005,Brasileirão Série A,35,2005-10-30,BRA022,BRA036,4,3,  Raulino de Oliveira,H
1487,2005,Brasileirão Série A,35,2005-10-30,BRA011,BRA009,0,0,  Boca do Jacaré,D
1488,2005,Brasileirão Série A,35,2005-10-31,BRA028,BRA035,1,0, Beira Rio,H
1489,2005,Brasileirão Série A,35,2005-10-31,BRA021,BRA016,2,1,  Luso Brasileiro,H
1490,2005,Brasileirão Série A,36,2005-11-02,BRA042,BRA005,2,2, Morumbi,D
1491,2005,Brasileirão Série A,36,2005-11-02,BRA031,BRA023,2,0, Alfredo Jaconi,H
1492,2005,Brasileirão Série A,36,2005-11-02,BRA036,BRA040,2,1, Moisés Lucarelli,H
1493,2005,Brasileirão Série A,36,2005-11-02,BRA018,BRA015,2,1, Mineirão,H
1494,2005,Brasileirão Série A,36,2005-11-02,BRA024,BRA022,1,2, Serra Dourada,A
1495,2005,Brasileirão Série A,36,2005-11-03,BRA016,BRA020,4,1, Couto Pereira,H
1496,2005,Brasileirão Série A,36,2005-11-03,BRA033,BRA021,0,1,  Parque Antártica,A
1497,2005,Brasileirão Série A,36,2005-11-03,BRA044,BRA003,2,1, São Januário,H
1498,2005,Brasileirão Série A,36,2005-11-03,BRA009,BRA041,1,0,  Luso Brasileiro,H
1499,2005,Brasileirão Série A,36,2005-11-03,BRA034,BRA028,3,1,  Olímpico Regional,H
1500,2005,Brasileirão Série A,36,2005-11-03,BRA035,BRA011,2,1, Mangueirão,H
1501,2005,Brasileirão Série A,37,2005-11-05,BRA042,BRA031,3,1, Morumbi,H
1502,2005,Brasileirão Série A,37,2005-11-05,BRA023,BRA018,3,1, Castelão,H
1503,2005,Brasileirão Série A,37,2005-11-06,BRA021,BRA009,3,1,  Raulino de Oliveira,H
1504,2005,Brasileirão Série A,37,2005-11-06,BRA041,BRA044,1,2, Anacleto Campanella,A
1505,2005,Brasileirão Série A,37,2005-11-06,BRA015,BRA040,7,1, Pacaembu,H
1506,2005,Brasileirão Série A,37,2005-11-06,BRA028,BRA036,2,1, Beira Rio,H
1507,2005,Brasileirão Série A,37,2005-11-06,BRA034,BRA035,2,0, Pinheirão,H
1508,2005,Brasileirão Série A,37,2005-11-06,BRA005,BRA024,1,2, Mineirão,A
1509,2005,Brasileirão Série A,37,2005-11-06,BRA022,BRA020,2,0, São Januário,H
1510,2005,Brasileirão Série A,37,2005-11-06,BRA003,BRA033,4,0, Arena da Baixada,H
1511,2005,Brasileirão Série A,37,2005-11-06,BRA011,BRA016,1,1,  Boca do Jacaré,D
1512,2005,Brasileirão Série A,38,2005-11-12,BRA033,BRA042,2,1, Pacaembu,H
1513,2005,Brasileirão Série A,38,2005-11-12,BRA009,BRA034,2,0,  Luso Brasileiro,H
1514,2005,Brasileirão Série A,38,2005-11-12,BRA035,BRA005,0,2, Mangueirão,A
1515,2005,Brasileirão Série A,38,2005-11-12,BRA020,BRA023,1,0, Orlando Scarpelli,H
1516,2005,Brasileirão Série A,38,2005-11-13,BRA024,BRA003,4,2, Serra Dourada,H
1517,2005,Brasileirão Série A,38,2005-11-13,BRA036,BRA021,2,2, Moisés Lucarelli,D
1518,2005,Brasileirão Série A,38,2005-11-13,BRA016,BRA015,0,1, Couto Pereira,A
1519,2005,Brasileirão Série A,38,2005-11-13,BRA044,BRA022,2,0, São Januário,H
1520,2005,Brasileirão Série A,38,2005-11-13,BRA018,BRA011,1,0, Mineirão,H
1521,2005,Brasileirão Série A,38,2005-11-13,BRA031,BRA041,3,1,  Centenário*(PF),H
1522,2005,Brasileirão Série A,38,2005-11-13,BRA040,BRA028,0,4,  A.Campanella*(PF),A
1523,2005,Brasileirão Série A,39,2005-11-16,BRA033,BRA031,3,2,  Parque Antártica,H
1524,2005,Brasileirão Série A,39,2005-11-16,BRA021,BRA023,3,0,  Luso Brasileiro,H
1525,2005,Brasileirão Série A,39,2005-11-16,BRA024,BRA042,3,0, Serra Dourada,H
1526,2005,Brasileirão Série A,39,2005-11-16,BRA028,BRA011,1,0, Beira Rio,H
1527,2005,Brasileirão Série A,39,2005-11-16,BRA041,BRA015,1,0, Anacleto Campanella,H
1528,2005,Brasileirão Série A,39,2005-11-16,BRA040,BRA034,0,0,  Pacaembu*(PF),D
1529,2005,Brasileirão Série A,39,2005-11-16,BRA020,BRA044,5,1, Orlando Scarpelli,H
1530,2005,Brasileirão Série A,39,2005-11-17,BRA035,BRA009,2,0, Mangueirão,H
1531,2005,Brasileirão Série A,39,2005-11-17,BRA016,BRA036,2,1, Couto Pereira,H
1532,2005,Brasileirão Série A,39,2005-11-17,BRA018,BRA003,1,2, Mineirão,A
1533,2005,Brasileirão Série A,39,2005-11-17,BRA022,BRA005,0,2,  Raulino de Oliveira,A
1534,2005,Brasileirão Série A,40,2005-11-19,BRA042,BRA020,4,2, Morumbi,H
1535,2005,Brasileirão Série A,40,2005-11-19,BRA031,BRA024,2,1, Alfredo Jaconi,H
1536,2005,Brasileirão Série A,40,2005-11-19,BRA011,BRA040,1,0,  Mané Garrincha,H
1537,2005,Brasileirão Série A,40,2005-11-20,BRA034,BRA021,0,1, Pinheirão,A
1538,2005,Brasileirão Série A,40,2005-11-20,BRA015,BRA028,1,1, Pacaembu,D
1539,2005,Brasileirão Série A,40,2005-11-20,BRA003,BRA041,2,2, Arena da Baixada,D
1540,2005,Brasileirão Série A,40,2005-11-20,BRA044,BRA035,4,0, São Januário,H
1541,2005,Brasileirão Série A,40,2005-11-20,BRA005,BRA016,1,0, Mineirão,H
1542,2005,Brasileirão Série A,40,2005-11-20,BRA023,BRA022,5,1, Castelão,H
1543,2005,Brasileirão Série A,40,2005-11-20,BRA036,BRA033,2,6, Moisés Lucarelli,A
1544,2005,Brasileirão Série A,40,2005-11-20,BRA009,BRA018,2,1,  Luso Brasileiro,H
1545,2005,Brasileirão Série A,41,2005-11-27,BRA005,BRA044,0,0, Mineirão,D
1546,2005,Brasileirão Série A,41,2005-11-27,BRA011,BRA020,0,2,  Boca do Jacaré,A
1547,2005,Brasileirão Série A,41,2005-11-27,BRA003,BRA035,3,2, Arena da Baixada,H
1548,2005,Brasileirão Série A,41,2005-11-27,BRA041,BRA016,1,1, Anacleto Campanella,D
1549,2005,Brasileirão Série A,41,2005-11-27,BRA028,BRA033,2,1, Beira Rio,H
1550,2005,Brasileirão Série A,41,2005-11-27,BRA034,BRA018,2,0, Pinheirão,H
1551,2005,Brasileirão Série A,41,2005-11-27,BRA022,BRA031,1,2,  Raulino de Oliveira,A
1552,2005,Brasileirão Série A,41,2005-11-27,BRA015,BRA036,3,1, Pacaembu,H
1553,2005,Brasileirão Série A,41,2005-11-27,BRA023,BRA042,1,0, Castelão,H
1554,2005,Brasileirão Série A,41,2005-11-27,BRA021,BRA024,0,0,  Luso Brasileiro,D
1555,2005,Brasileirão Série A,41,2005-11-27,BRA040,BRA009,2,1, Vila Belmiro,H
1556,2005,Brasileirão Série A,42,2005-12-04,BRA042,BRA003,3,1, Morumbi,H
1557,2005,Brasileirão Série A,42,2005-12-04,BRA035,BRA021,1,4, Mangueirão,A
1558,2005,Brasileirão Série A,42,2005-12-04,BRA020,BRA040,3,1, Orlando Scarpelli,H
1559,2005,Brasileirão Série A,42,2005-12-04,BRA036,BRA011,3,1, Moisés Lucarelli,H
1560,2005,Brasileirão Série A,42,2005-12-04,BRA044,BRA034,3,1, São Januário,H
1561,2005,Brasileirão Série A,42,2005-12-04,BRA016,BRA028,1,0, Couto Pereira,H
1562,2005,Brasileirão Série A,42,2005-12-04,BRA033,BRA022,3,2,  Parque Antártica,H
1563,2005,Brasileirão Série A,42,2005-12-04,BRA031,BRA005,1,3, Alfredo Jaconi,A
1564,2005,Brasileirão Série A,42,2005-12-04,BRA018,BRA041,1,3, Mineirão,A
1565,2005,Brasileirão Série A,42,2005-12-04,BRA009,BRA023,2,0,  Luso Brasileiro,H
1566,2005,Brasileirão Série A,42,2005-12-04,BRA024,BRA015,3,2, Serra Dourada,H
1567,2006,Brasileirão Série A,1,2006-04-15,BRA031,BRA034,1,0, Alfredo Jaconi,H
1568,2006,Brasileirão Série A,1,2006-04-15,BRA044,BRA028,1,1, São Januário,D
1569,2006,Brasileirão Série A,1,2006-04-16,BRA042,BRA021,1,0, Morumbi,H
1570,2006,Brasileirão Série A,1,2006-04-16,BRA025,BRA015,2,0, Olímpico,H
1571,2006,Brasileirão Série A,1,2006-04-16,BRA009,BRA023,1,0, Maracanã,H
1572,2006,Brasileirão Série A,1,2006-04-16,BRA041,BRA018,2,1, Anacleto Campanella,H
1573,2006,Brasileirão Série A,1,2006-04-16,BRA033,BRA036,2,3,  Parque Antártica,A
1574,2006,Brasileirão Série A,1,2006-04-16,BRA038,BRA020,0,0,  Arruda,D
1575,2006,Brasileirão Série A,1,2006-04-16,BRA003,BRA022,1,2,  Kyocera Arena,A
1576,2006,Brasileirão Série A,1,2006-04-16,BRA024,BRA040,0,0, Serra Dourada,D
1577,2006,Brasileirão Série A,2,2006-04-22,BRA015,BRA041,3,0, Pacaembu,H
1578,2006,Brasileirão Série A,2,2006-04-22,BRA022,BRA024,1,0, Maracanã,H
1579,2006,Brasileirão Série A,2,2006-04-22,BRA020,BRA033,6,1, Orlando Scarpelli,H
1580,2006,Brasileirão Série A,2,2006-04-23,BRA028,BRA038,1,0, Beira Rio,H
1581,2006,Brasileirão Série A,2,2006-04-23,BRA040,BRA003,2,0,  Papa J.Paulo II (*PF),H
1582,2006,Brasileirão Série A,2,2006-04-23,BRA036,BRA044,1,2, Moisés Lucarelli,A
1583,2006,Brasileirão Série A,2,2006-04-23,BRA021,BRA031,3,1, Maracanã,H
1584,2006,Brasileirão Série A,2,2006-04-23,BRA018,BRA025,3,1, Mineirão,H
1585,2006,Brasileirão Série A,2,2006-04-23,BRA034,BRA009,0,0, Pinheirão,D
1586,2006,Brasileirão Série A,2,2006-04-23,BRA023,BRA042,1,0, Castelão,H
1587,2006,Brasileirão Série A,3,2006-04-29,BRA023,BRA041,2,1, Castelão,H
1588,2006,Brasileirão Série A,3,2006-04-29,BRA009,BRA003,0,4, Maracanã,A
1589,2006,Brasileirão Série A,3,2006-04-29,BRA042,BRA038,4,0, Morumbi,H
1590,2006,Brasileirão Série A,3,2006-04-30,BRA036,BRA015,3,2, Moisés Lucarelli,H
1591,2006,Brasileirão Série A,3,2006-04-30,BRA028,BRA021,1,0, Beira Rio,H
1592,2006,Brasileirão Série A,3,2006-04-30,BRA034,BRA025,5,2, Pinheirão,H
1593,2006,Brasileirão Série A,3,2006-04-30,BRA033,BRA040,1,2,  Parque Antártica,A
1594,2006,Brasileirão Série A,3,2006-04-30,BRA044,BRA022,1,1, São Januário,D
1595,2006,Brasileirão Série A,3,2006-04-30,BRA031,BRA024,1,1, Alfredo Jaconi,D
1596,2006,Brasileirão Série A,3,2006-04-30,BRA020,BRA018,0,2, Orlando Scarpelli,A
1597,2006,Brasileirão Série A,4,2006-05-06,BRA038,BRA036,1,1,  Arruda,D
1598,2006,Brasileirão Série A,4,2006-05-06,BRA022,BRA034,2,1, Maracanã,H
1599,2006,Brasileirão Série A,4,2006-05-06,BRA040,BRA023,2,0,  Bruno J.Daniel (*PF),H
1600,2006,Brasileirão Série A,4,2006-05-07,BRA025,BRA044,1,2, Olímpico,A
1601,2006,Brasileirão Série A,4,2006-05-07,BRA041,BRA033,2,0, Anacleto Campanella,H
1602,2006,Brasileirão Série A,4,2006-05-07,BRA003,BRA028,1,2,  Kyocera Arena,A
1603,2006,Brasileirão Série A,4,2006-05-07,BRA015,BRA042,1,3,Teixeirão,A
1604,2006,Brasileirão Série A,4,2006-05-07,BRA021,BRA009,1,0, Maracanã,H
1605,2006,Brasileirão Série A,4,2006-05-07,BRA024,BRA020,2,1, Serra Dourada,H
1606,2006,Brasileirão Série A,4,2006-05-07,BRA018,BRA031,2,0, Mineirão,H
1607,2006,Brasileirão Série A,5,2006-05-13,BRA041,BRA031,0,2, Anacleto Campanella,A
1608,2006,Brasileirão Série A,5,2006-05-13,BRA009,BRA025,2,2, Maracanã,D
1609,2006,Brasileirão Série A,5,2006-05-13,BRA040,BRA036,3,1, Vila Belmiro,H
1610,2006,Brasileirão Série A,5,2006-05-14,BRA038,BRA003,1,2,  Arruda,A
1611,2006,Brasileirão Série A,5,2006-05-14,BRA028,BRA042,3,1, Beira Rio,H
1612,2006,Brasileirão Série A,5,2006-05-14,BRA020,BRA022,1,0, Orlando Scarpelli,H
1613,2006,Brasileirão Série A,5,2006-05-14,BRA033,BRA018,1,1,  Parque Antártica,D
1614,2006,Brasileirão Série A,5,2006-05-14,BRA021,BRA023,0,0, Maracanã,D
1615,2006,Brasileirão Série A,5,2006-05-14,BRA034,BRA015,1,2,  Willie Davids,A
1616,2006,Brasileirão Série A,5,2006-05-14,BRA024,BRA044,2,0, Serra Dourada,H
1617,2006,Brasileirão Série A,6,2006-05-20,BRA003,BRA024,2,3,  Kyocera Arena,A
1618,2006,Brasileirão Série A,6,2006-05-20,BRA023,BRA034,1,1, Castelão,D
1619,2006,Brasileirão Série A,6,2006-05-20,BRA028,BRA020,2,4, Beira Rio,A
1620,2006,Brasileirão Série A,6,2006-05-20,BRA042,BRA041,1,0, Morumbi,H
1621,2006,Brasileirão Série A,6,2006-05-21,BRA033,BRA038,2,1,  Parque Antártica,H
1622,2006,Brasileirão Série A,6,2006-05-21,BRA018,BRA021,2,1, Mineirão,H
1623,2006,Brasileirão Série A,6,2006-05-21,BRA044,BRA015,2,4, São Januário,A
1624,2006,Brasileirão Série A,6,2006-05-21,BRA036,BRA025,1,1, Moisés Lucarelli,D
1625,2006,Brasileirão Série A,6,2006-05-21,BRA022,BRA040,1,0, Maracanã,H
1626,2006,Brasileirão Série A,6,2006-05-21,BRA031,BRA009,1,0, Alfredo Jaconi,H
1627,2006,Brasileirão Série A,7,2006-05-24,BRA018,BRA036,5,1, Mineirão,H
1628,2006,Brasileirão Série A,7,2006-05-24,BRA034,BRA020,0,0, Pinheirão,D
1629,2006,Brasileirão Série A,7,2006-05-24,BRA031,BRA038,4,1, Alfredo Jaconi,H
1630,2006,Brasileirão Série A,7,2006-05-24,BRA042,BRA033,4,1, Morumbi,H
1631,2006,Brasileirão Série A,7,2006-05-24,BRA041,BRA003,2,1, Anacleto Campanella,H
1632,2006,Brasileirão Série A,7,2006-05-24,BRA023,BRA022,2,5, Castelão,A
1633,2006,Brasileirão Série A,7,2006-05-24,BRA021,BRA040,2,2, Maracanã,D
1634,2006,Brasileirão Série A,7,2006-05-25,BRA009,BRA044,4,1, Maracanã,H
1635,2006,Brasileirão Série A,7,2006-05-25,BRA025,BRA024,2,0, Olímpico,H
1636,2006,Brasileirão Série A,7,2006-05-25,BRA015,BRA028,0,1, Morumbi,A
1637,2006,Brasileirão Série A,8,2006-05-27,BRA003,BRA031,1,0,  Kyocera Arena,H
1638,2006,Brasileirão Série A,8,2006-05-27,BRA020,BRA023,0,0, Orlando Scarpelli,D
1639,2006,Brasileirão Série A,8,2006-05-27,BRA036,BRA034,2,5, Moisés Lucarelli,A
1640,2006,Brasileirão Série A,8,2006-05-28,BRA040,BRA015,2,0, Vila Belmiro,H
1641,2006,Brasileirão Série A,8,2006-05-28,BRA028,BRA018,1,1, Beira Rio,D
1642,2006,Brasileirão Série A,8,2006-05-28,BRA038,BRA009,1,1,  Arruda,D
1643,2006,Brasileirão Série A,8,2006-05-28,BRA022,BRA021,1,0, Maracanã,H
1644,2006,Brasileirão Série A,8,2006-05-28,BRA033,BRA025,0,1,  Parque Antártica,A
1645,2006,Brasileirão Série A,8,2006-05-28,BRA024,BRA041,2,1, Serra Dourada,H
1646,2006,Brasileirão Série A,8,2006-05-28,BRA044,BRA042,1,1, São Januário,D
1647,2006,Brasileirão Série A,9,2006-05-31,BRA018,BRA003,1,1, Mineirão,D
1648,2006,Brasileirão Série A,9,2006-05-31,BRA023,BRA044,1,1, Castelão,D
1649,2006,Brasileirão Série A,9,2006-05-31,BRA031,BRA036,0,1, Alfredo Jaconi,A
1650,2006,Brasileirão Série A,9,2006-05-31,BRA041,BRA028,1,1, Anacleto Campanella,D
1651,2006,Brasileirão Série A,9,2006-05-31,BRA042,BRA022,1,0, Morumbi,H
1652,2006,Brasileirão Série A,9,2006-05-31,BRA025,BRA040,1,0, Olímpico,H
1653,2006,Brasileirão Série A,9,2006-05-31,BRA021,BRA033,2,1, Maracanã,H
1654,2006,Brasileirão Série A,9,2006-06-01,BRA009,BRA020,2,3, Maracanã,A
1655,2006,Brasileirão Série A,9,2006-06-01,BRA034,BRA038,3,0, Pinheirão,H
1656,2006,Brasileirão Série A,9,2006-06-01,BRA015,BRA024,0,1, Morumbi,A
1657,2006,Brasileirão Série A,10,2006-06-03,BRA022,BRA028,2,3, Maracanã,A
1658,2006,Brasileirão Série A,10,2006-06-03,BRA023,BRA018,0,2, Castelão,A
1659,2006,Brasileirão Série A,10,2006-06-03,BRA025,BRA041,1,1, Olímpico,D
1660,2006,Brasileirão Série A,10,2006-06-04,BRA015,BRA021,0,2, Morumbi,A
1661,2006,Brasileirão Série A,10,2006-06-04,BRA044,BRA038,2,1, São Januário,H
1662,2006,Brasileirão Série A,10,2006-06-04,BRA036,BRA020,3,0, Moisés Lucarelli,H
1663,2006,Brasileirão Série A,10,2006-06-04,BRA003,BRA033,2,0,  Kyocera Arena,H
1664,2006,Brasileirão Série A,10,2006-06-04,BRA024,BRA034,1,2, Serra Dourada,A
1665,2006,Brasileirão Série A,10,2006-06-04,BRA031,BRA042,1,1, Alfredo Jaconi,D
1666,2006,Brasileirão Série A,10,2006-06-04,BRA040,BRA009,0,0, Vila Belmiro,D
1667,2006,Brasileirão Série A,11,2006-07-12,BRA028,BRA036,2,0, Beira Rio,H
1668,2006,Brasileirão Série A,11,2006-07-12,BRA003,BRA023,0,0,  Kyocera Arena,D
1669,2006,Brasileirão Série A,11,2006-07-12,BRA022,BRA031,3,2,  Raulino de Oliveira,H
1670,2006,Brasileirão Série A,11,2006-07-12,BRA042,BRA025,2,1, Morumbi,H
1671,2006,Brasileirão Série A,11,2006-07-12,BRA020,BRA040,2,1, Orlando Scarpelli,H
1672,2006,Brasileirão Série A,11,2006-07-12,BRA041,BRA009,1,1, Anacleto Campanella,D
1673,2006,Brasileirão Série A,11,2006-07-12,BRA018,BRA015,2,0, Mineirão,H
1674,2006,Brasileirão Série A,11,2006-07-13,BRA038,BRA024,2,1,  Arruda,H
1675,2006,Brasileirão Série A,11,2006-07-13,BRA021,BRA034,1,4,  Raulino de Oliveira,A
1676,2006,Brasileirão Série A,11,2006-07-13,BRA033,BRA044,4,2,  Parque Antártica,H
1677,2006,Brasileirão Série A,12,2006-07-15,BRA009,BRA036,4,1,  Raulino de Oliveira,H
1678,2006,Brasileirão Série A,12,2006-07-15,BRA042,BRA020,2,1, Morumbi,H
1679,2006,Brasileirão Série A,12,2006-07-16,BRA025,BRA022,4,4, Olímpico,D
1680,2006,Brasileirão Série A,12,2006-07-16,BRA033,BRA015,1,0, Morumbi,H
1681,2006,Brasileirão Série A,12,2006-07-16,BRA041,BRA040,2,0, Anacleto Campanella,H
1682,2006,Brasileirão Série A,12,2006-07-16,BRA018,BRA024,0,0, Mineirão,D
1683,2006,Brasileirão Série A,12,2006-07-16,BRA023,BRA038,1,4, Castelão,A
1684,2006,Brasileirão Série A,12,2006-07-16,BRA034,BRA003,2,1, Pinheirão,H
1685,2006,Brasileirão Série A,12,2006-07-16,BRA031,BRA028,2,0, Alfredo Jaconi,H
1686,2006,Brasileirão Série A,12,2006-07-16,BRA021,BRA044,0,1, Maracanã,A
1687,2006,Brasileirão Série A,13,2006-07-22,BRA020,BRA025,2,0, Orlando Scarpelli,H
1688,2006,Brasileirão Série A,13,2006-07-22,BRA034,BRA018,1,0, Pinheirão,H
1689,2006,Brasileirão Série A,13,2006-07-22,BRA015,BRA023,2,2, Morumbi,D
1690,2006,Brasileirão Série A,13,2006-07-22,BRA022,BRA041,2,2, Maracanã,D
1691,2006,Brasileirão Série A,13,2006-07-23,BRA036,BRA042,1,3, Moisés Lucarelli,A
1692,2006,Brasileirão Série A,13,2006-07-23,BRA044,BRA003,2,1, São Januário,H
1693,2006,Brasileirão Série A,13,2006-07-23,BRA038,BRA021,3,0,  Arruda,H
1694,2006,Brasileirão Série A,13,2006-07-23,BRA040,BRA031,3,2, Vila Belmiro,H
1695,2006,Brasileirão Série A,13,2006-07-23,BRA028,BRA009,0,0, Beira Rio,D
1696,2006,Brasileirão Série A,13,2006-07-23,BRA024,BRA033,1,3, Serra Dourada,A
1697,2006,Brasileirão Série A,14,2006-07-29,BRA031,BRA020,1,0, Alfredo Jaconi,H
1698,2006,Brasileirão Série A,14,2006-07-29,BRA041,BRA036,1,1, Anacleto Campanella,D
1699,2006,Brasileirão Série A,14,2006-07-29,BRA033,BRA034,4,2,  Parque Antártica,H
1700,2006,Brasileirão Série A,14,2006-07-30,BRA042,BRA040,0,4, Morumbi,A
1701,2006,Brasileirão Série A,14,2006-07-30,BRA038,BRA015,1,0,  Arruda,H
1702,2006,Brasileirão Série A,14,2006-07-30,BRA044,BRA018,1,0, São Januário,H
1703,2006,Brasileirão Série A,14,2006-07-30,BRA003,BRA021,1,0,  Kyocera Arena,H
1704,2006,Brasileirão Série A,14,2006-07-30,BRA024,BRA023,1,1, Serra Dourada,D
1705,2006,Brasileirão Série A,14,2006-07-30,BRA028,BRA025,0,0, Beira Rio,D
1706,2006,Brasileirão Série A,14,2006-07-30,BRA022,BRA009,1,1, Maracanã,D
1707,2006,Brasileirão Série A,15,2006-08-05,BRA020,BRA041,1,1, Orlando Scarpelli,D
1708,2006,Brasileirão Série A,15,2006-08-05,BRA025,BRA031,1,0, Olímpico,H
1709,2006,Brasileirão Série A,15,2006-08-05,BRA015,BRA003,2,1, Pacaembu,H
1710,2006,Brasileirão Série A,15,2006-08-05,BRA021,BRA024,1,0, Maracanã,H
1711,2006,Brasileirão Série A,15,2006-08-06,BRA040,BRA028,2,1, Vila Belmiro,H
1712,2006,Brasileirão Série A,15,2006-08-06,BRA009,BRA042,1,1,  Raulino de Oliveira,D
1713,2006,Brasileirão Série A,15,2006-08-06,BRA034,BRA044,2,1, Pinheirão,H
1714,2006,Brasileirão Série A,15,2006-08-06,BRA036,BRA022,3,0, Moisés Lucarelli,H
1715,2006,Brasileirão Série A,15,2006-08-06,BRA018,BRA038,3,3, Mineirão,D
1716,2006,Brasileirão Série A,15,2006-08-06,BRA023,BRA033,0,0, Presidente Vargas,D
1717,2006,Brasileirão Série A,16,2006-08-12,BRA031,BRA044,0,0, Alfredo Jaconi,D
1718,2006,Brasileirão Série A,16,2006-08-12,BRA041,BRA038,2,0, Anacleto Campanella,H
1719,2006,Brasileirão Série A,16,2006-08-12,BRA015,BRA020,1,3, Pacaembu,A
1720,2006,Brasileirão Série A,16,2006-08-12,BRA021,BRA036,0,0, Maracanã,D
1721,2006,Brasileirão Série A,16,2006-08-13,BRA009,BRA033,1,3, Maracanã,A
1722,2006,Brasileirão Série A,16,2006-08-13,BRA025,BRA003,2,0,  Centenário (*PF),H
1723,2006,Brasileirão Série A,16,2006-08-13,BRA018,BRA022,2,3, Mineirão,A
1724,2006,Brasileirão Série A,16,2006-08-13,BRA023,BRA028,1,2, Presidente Vargas,A
1725,2006,Brasileirão Série A,16,2006-08-13,BRA042,BRA024,2,1, Morumbi,H
1726,2006,Brasileirão Série A,16,2006-08-13,BRA034,BRA040,1,1, Pinheirão,D
1727,2006,Brasileirão Série A,17,2006-08-16,BRA036,BRA023,1,3, Moisés Lucarelli,A
1728,2006,Brasileirão Série A,17,2006-08-16,BRA038,BRA025,2,4,  Arruda,A
1729,2006,Brasileirão Série A,17,2006-08-16,BRA044,BRA041,1,2, São Januário,A
1730,2006,Brasileirão Série A,17,2006-08-16,BRA024,BRA009,2,2, Serra Dourada,D
1731,2006,Brasileirão Série A,17,2006-08-16,BRA020,BRA021,1,1, Orlando Scarpelli,D
1732,2006,Brasileirão Série A,17,2006-08-16,BRA022,BRA015,1,2, Maracanã,A
1733,2006,Brasileirão Série A,17,2006-08-17,BRA040,BRA018,2,0, Vila Belmiro,H
1734,2006,Brasileirão Série A,17,2006-08-17,BRA033,BRA031,1,1,  Parque Antártica,D
1737,2006,Brasileirão Série A,18,2006-08-19,BRA036,BRA024,3,2, Moisés Lucarelli,H
1738,2006,Brasileirão Série A,18,2006-08-19,BRA021,BRA025,1,0, Maracanã,H
1739,2006,Brasileirão Série A,18,2006-08-20,BRA022,BRA038,1,1, Maracanã,D
1740,2006,Brasileirão Série A,18,2006-08-20,BRA040,BRA044,0,2, Vila Belmiro,A
1741,2006,Brasileirão Série A,18,2006-08-20,BRA023,BRA031,4,1, Presidente Vargas,H
1742,2006,Brasileirão Série A,18,2006-08-20,BRA018,BRA042,2,2, Mineirão,D
1743,2006,Brasileirão Série A,18,2006-08-20,BRA020,BRA003,3,3, Orlando Scarpelli,D
1744,2006,Brasileirão Série A,18,2006-08-20,BRA034,BRA041,1,0, Pinheirão,H
1745,2006,Brasileirão Série A,18,2006-08-20,BRA028,BRA033,1,1, Beira Rio,D
1746,2006,Brasileirão Série A,18,2006-08-20,BRA015,BRA009,1,0, Pacaembu,H
1747,2006,Brasileirão Série A,19,2006-08-23,BRA003,BRA036,3,0,  Kyocera Arena,H
1748,2006,Brasileirão Série A,19,2006-08-23,BRA024,BRA028,2,2, Serra Dourada,D
1749,2006,Brasileirão Série A,19,2006-08-23,BRA033,BRA022,3,0,  Parque Antártica,H
1750,2006,Brasileirão Série A,19,2006-08-23,BRA009,BRA018,1,0, Maracanã,H
1751,2006,Brasileirão Série A,19,2006-08-23,BRA038,BRA040,1,1,  Arruda,D
1752,2006,Brasileirão Série A,19,2006-08-23,BRA031,BRA015,0,0, Alfredo Jaconi,D
1753,2006,Brasileirão Série A,19,2006-08-23,BRA041,BRA021,2,2, Anacleto Campanella,D
1754,2006,Brasileirão Série A,19,2006-08-24,BRA025,BRA023,4,1,  Centenário (*PF),H
1755,2006,Brasileirão Série A,19,2006-08-24,BRA042,BRA034,3,2, Morumbi,H
1756,2006,Brasileirão Série A,19,2006-08-24,BRA044,BRA020,3,1, São Januário,H
1757,2006,Brasileirão Série A,20,2006-08-26,BRA022,BRA003,1,2, Maracanã,A
1758,2006,Brasileirão Série A,20,2006-08-26,BRA040,BRA024,2,1, Vila Belmiro,H
1759,2006,Brasileirão Série A,20,2006-08-26,BRA018,BRA041,3,0,  Independência,H
1760,2006,Brasileirão Série A,20,2006-08-27,BRA021,BRA042,1,1, Maracanã,D
1761,2006,Brasileirão Série A,20,2006-08-27,BRA015,BRA025,0,2, Pacaembu,A
1762,2006,Brasileirão Série A,20,2006-08-27,BRA028,BRA044,1,2, Beira Rio,A
1763,2006,Brasileirão Série A,20,2006-08-27,BRA034,BRA031,0,1, Pinheirão,A
1764,2006,Brasileirão Série A,20,2006-08-27,BRA036,BRA033,1,1, Moisés Lucarelli,D
1765,2006,Brasileirão Série A,20,2006-08-27,BRA020,BRA038,2,0, Orlando Scarpelli,H
1766,2006,Brasileirão Série A,20,2006-08-27,BRA023,BRA009,2,3, Castelão,A
1767,2006,Brasileirão Série A,21,2006-08-30,BRA025,BRA018,2,1,  Centenário (*PF),H
1768,2006,Brasileirão Série A,21,2006-08-30,BRA024,BRA022,3,1, Serra Dourada,H
1769,2006,Brasileirão Série A,21,2006-08-30,BRA038,BRA028,0,2,  Arruda,A
1770,2006,Brasileirão Série A,21,2006-08-30,BRA033,BRA020,1,1,  Parque Antártica,D
1771,2006,Brasileirão Série A,21,2006-08-30,BRA031,BRA021,1,0, Alfredo Jaconi,H
1772,2006,Brasileirão Série A,21,2006-08-30,BRA041,BRA015,0,1, Anacleto Campanella,A
1773,2006,Brasileirão Série A,21,2006-08-30,BRA003,BRA040,2,1,  Kyocera Arena,H
1774,2006,Brasileirão Série A,21,2006-08-31,BRA009,BRA034,4,0, Maracanã,H
1775,2006,Brasileirão Série A,21,2006-08-31,BRA042,BRA023,1,1, Morumbi,D
1776,2006,Brasileirão Série A,21,2006-08-31,BRA044,BRA036,2,2, São Januário,D
1777,2006,Brasileirão Série A,22,2006-09-02,BRA018,BRA020,2,2, Mineirão,D
1778,2006,Brasileirão Série A,22,2006-09-02,BRA021,BRA028,1,2, Maracanã,A
1779,2006,Brasileirão Série A,22,2006-09-03,BRA040,BRA033,5,1, Vila Belmiro,H
1780,2006,Brasileirão Série A,22,2006-09-03,BRA025,BRA034,2,1, Olímpico,H
1781,2006,Brasileirão Série A,22,2006-09-03,BRA041,BRA023,0,0, Anacleto Campanella,D
1782,2006,Brasileirão Série A,22,2006-09-03,BRA003,BRA009,0,5,  Kyocera Arena,A
1783,2006,Brasileirão Série A,22,2006-09-03,BRA024,BRA031,2,0, Serra Dourada,H
1784,2006,Brasileirão Série A,22,2006-09-03,BRA022,BRA044,1,1, Maracanã,D
1785,2006,Brasileirão Série A,22,2006-09-03,BRA038,BRA042,1,3,  Arruda,A
1786,2006,Brasileirão Série A,22,2006-09-03,BRA015,BRA036,1,0, Pacaembu,H
1787,2006,Brasileirão Série A,23,2006-09-09,BRA036,BRA038,2,0, Moisés Lucarelli,H
1788,2006,Brasileirão Série A,23,2006-09-09,BRA044,BRA025,1,1, São Januário,D
1789,2006,Brasileirão Série A,23,2006-09-09,BRA033,BRA041,3,1,  Parque Antártica,H
1790,2006,Brasileirão Série A,23,2006-09-10,BRA031,BRA018,2,0, Alfredo Jaconi,H
1791,2006,Brasileirão Série A,23,2006-09-10,BRA042,BRA015,0,0, Morumbi,D
1792,2006,Brasileirão Série A,23,2006-09-10,BRA034,BRA022,1,0, Pinheirão,H
1793,2006,Brasileirão Série A,23,2006-09-10,BRA020,BRA024,2,2, Orlando Scarpelli,D
1794,2006,Brasileirão Série A,23,2006-09-10,BRA028,BRA003,2,0, Beira Rio,H
1795,2006,Brasileirão Série A,23,2006-09-10,BRA009,BRA021,0,2, Maracanã,A
1796,2006,Brasileirão Série A,23,2006-09-10,BRA023,BRA040,1,1, Castelão,D
1797,2006,Brasileirão Série A,24,2006-09-16,BRA003,BRA038,2,1,  Kyocera Arena,H
1798,2006,Brasileirão Série A,24,2006-09-16,BRA044,BRA024,0,0, São Januário,D
1799,2006,Brasileirão Série A,24,2006-09-16,BRA015,BRA034,1,0, Pacaembu,H
1800,2006,Brasileirão Série A,24,2006-09-17,BRA018,BRA033,1,0, Mineirão,H
1801,2006,Brasileirão Série A,24,2006-09-17,BRA042,BRA028,2,0, Morumbi,H
1802,2006,Brasileirão Série A,24,2006-09-17,BRA025,BRA009,4,0, Olímpico,H
1803,2006,Brasileirão Série A,24,2006-09-17,BRA031,BRA041,1,0, Alfredo Jaconi,H
1804,2006,Brasileirão Série A,24,2006-09-17,BRA022,BRA020,2,0, Maracanã,H
1805,2006,Brasileirão Série A,24,2006-09-17,BRA036,BRA040,1,0, Moisés Lucarelli,H
1806,2006,Brasileirão Série A,24,2006-09-17,BRA023,BRA021,3,4, Castelão,A
1807,2006,Brasileirão Série A,25,2006-09-20,BRA025,BRA036,4,0, Olímpico,H
1808,2006,Brasileirão Série A,25,2006-09-20,BRA020,BRA028,1,0, Orlando Scarpelli,H
1809,2006,Brasileirão Série A,25,2006-09-20,BRA009,BRA031,2,1, Maracanã,H
1810,2006,Brasileirão Série A,25,2006-09-20,BRA034,BRA023,2,0,  Durival de Brito,H
1811,2006,Brasileirão Série A,25,2006-09-20,BRA024,BRA003,2,2, Serra Dourada,D
1812,2006,Brasileirão Série A,25,2006-09-20,BRA040,BRA022,1,1, Vila Belmiro,D
1813,2006,Brasileirão Série A,25,2006-09-20,BRA041,BRA042,0,1, Anacleto Campanella,A
1814,2006,Brasileirão Série A,25,2006-09-20,BRA015,BRA044,1,1, Pacaembu,D
1815,2006,Brasileirão Série A,25,2006-09-21,BRA021,BRA018,1,0, Maracanã,H
1816,2006,Brasileirão Série A,25,2006-09-21,BRA038,BRA033,3,2,  Arruda,H
1817,2006,Brasileirão Série A,26,2006-09-23,BRA022,BRA023,1,3, Maracanã,A
1818,2006,Brasileirão Série A,26,2006-09-23,BRA003,BRA041,3,1,  Kyocera Arena,H
1819,2006,Brasileirão Série A,26,2006-09-24,BRA040,BRA021,3,0, Vila Belmiro,H
1820,2006,Brasileirão Série A,26,2006-09-24,BRA033,BRA042,3,1,  Prudentão,H
1821,2006,Brasileirão Série A,26,2006-09-24,BRA020,BRA034,0,1, Orlando Scarpelli,A
1822,2006,Brasileirão Série A,26,2006-09-24,BRA028,BRA015,1,1, Beira Rio,D
1823,2006,Brasileirão Série A,26,2006-09-24,BRA038,BRA031,1,0,  Arruda,H
1824,2006,Brasileirão Série A,26,2006-09-24,BRA036,BRA018,0,1, Moisés Lucarelli,A
1825,2006,Brasileirão Série A,26,2006-09-24,BRA044,BRA009,0,0, Maracanã,D
1826,2006,Brasileirão Série A,26,2006-09-24,BRA024,BRA025,4,0, Serra Dourada,H
1735,2006,Brasileirão Série A,17,2006-09-30,BRA028,BRA034,3,2, Beira Rio,H
1736,2006,Brasileirão Série A,17,2006-09-30,BRA003,BRA042,0,0,  Kyocera Arena,D
1827,2006,Brasileirão Série A,27,2006-10-04,BRA023,BRA020,1,1, Presidente Vargas,D
1828,2006,Brasileirão Série A,27,2006-10-04,BRA031,BRA003,3,2, Alfredo Jaconi,H
1829,2006,Brasileirão Série A,27,2006-10-04,BRA034,BRA036,2,1,  Durival de Brito,H
1830,2006,Brasileirão Série A,27,2006-10-04,BRA021,BRA022,4,1, Maracanã,H
1831,2006,Brasileirão Série A,27,2006-10-04,BRA025,BRA033,2,1, Olímpico,H
1832,2006,Brasileirão Série A,27,2006-10-04,BRA041,BRA024,1,2, Anacleto Campanella,A
1833,2006,Brasileirão Série A,27,2006-10-04,BRA042,BRA044,5,1, Morumbi,H
1834,2006,Brasileirão Série A,27,2006-10-05,BRA009,BRA038,3,0, Maracanã,H
1835,2006,Brasileirão Série A,27,2006-10-05,BRA015,BRA040,0,3, Pacaembu,A
1836,2006,Brasileirão Série A,27,2006-10-05,BRA018,BRA028,2,1, Mineirão,H
1837,2006,Brasileirão Série A,28,2006-10-07,BRA036,BRA031,3,1, Moisés Lucarelli,H
1838,2006,Brasileirão Série A,28,2006-10-07,BRA044,BRA023,2,0, São Januário,H
1839,2006,Brasileirão Série A,28,2006-10-07,BRA022,BRA042,1,2, Maracanã,A
1840,2006,Brasileirão Série A,28,2006-10-08,BRA033,BRA021,3,1,  Parque Antártica,H
1841,2006,Brasileirão Série A,28,2006-10-08,BRA038,BRA034,1,3,  Arruda,A
1842,2006,Brasileirão Série A,28,2006-10-08,BRA003,BRA018,1,1,  Kyocera Arena,D
1843,2006,Brasileirão Série A,28,2006-10-08,BRA028,BRA041,1,0, Beira Rio,H
1844,2006,Brasileirão Série A,28,2006-10-08,BRA024,BRA015,3,1, Serra Dourada,H
1845,2006,Brasileirão Série A,28,2006-10-08,BRA040,BRA025,1,0, Vila Belmiro,H
1846,2006,Brasileirão Série A,28,2006-10-08,BRA020,BRA009,1,0, Orlando Scarpelli,H
1847,2006,Brasileirão Série A,29,2006-10-14,BRA018,BRA023,0,0,  Independência (*PF),D
1848,2006,Brasileirão Série A,29,2006-10-14,BRA042,BRA031,5,0, Morumbi,H
1849,2006,Brasileirão Série A,29,2006-10-14,BRA009,BRA040,4,3, Maracanã,H
1850,2006,Brasileirão Série A,29,2006-10-14,BRA041,BRA025,0,2, Anacleto Campanella,A
1851,2006,Brasileirão Série A,29,2006-10-15,BRA034,BRA024,1,0,  Durival de Brito,H
1852,2006,Brasileirão Série A,29,2006-10-15,BRA021,BRA015,3,0, Maracanã,H
1853,2006,Brasileirão Série A,29,2006-10-15,BRA028,BRA022,2,0, Beira Rio,H
1854,2006,Brasileirão Série A,29,2006-10-15,BRA020,BRA036,2,1, Orlando Scarpelli,H
1855,2006,Brasileirão Série A,29,2006-10-15,BRA033,BRA003,2,2,  Parque Antártica,D
1856,2006,Brasileirão Série A,29,2006-10-15,BRA038,BRA044,0,4,  Arruda,A
1857,2006,Brasileirão Série A,30,2006-10-18,BRA044,BRA033,3,0, São Januário,H
1858,2006,Brasileirão Série A,30,2006-10-21,BRA024,BRA038,5,3, Serra Dourada,H
1859,2006,Brasileirão Série A,30,2006-10-21,BRA040,BRA020,2,1, Vila Belmiro,H
1860,2006,Brasileirão Série A,30,2006-10-21,BRA036,BRA028,0,2, Moisés Lucarelli,A
1861,2006,Brasileirão Série A,30,2006-10-22,BRA025,BRA042,1,1, Olímpico,D
1862,2006,Brasileirão Série A,30,2006-10-22,BRA034,BRA021,0,2,  Durival de Brito,A
1863,2006,Brasileirão Série A,30,2006-10-22,BRA023,BRA003,3,4, Presidente Vargas,A
1864,2006,Brasileirão Série A,30,2006-10-22,BRA015,BRA018,1,0, Pacaembu,H
1865,2006,Brasileirão Série A,30,2006-10-22,BRA009,BRA041,2,1, Maracanã,H
1866,2006,Brasileirão Série A,30,2006-10-22,BRA031,BRA022,1,1, Alfredo Jaconi,D
1867,2006,Brasileirão Série A,31,2006-10-25,BRA015,BRA033,1,0, Morumbi,H
1868,2006,Brasileirão Série A,31,2006-10-26,BRA044,BRA021,3,1, Maracanã,H
1869,2006,Brasileirão Série A,31,2006-10-26,BRA022,BRA025,1,2,  Raulino de Oliveira,A
1870,2006,Brasileirão Série A,31,2006-10-26,BRA028,BRA031,1,0, Beira Rio,H
1871,2006,Brasileirão Série A,31,2006-10-26,BRA038,BRA023,0,1,  Arruda,A
1872,2006,Brasileirão Série A,31,2006-10-28,BRA003,BRA034,4,0,  Kyocera Arena,H
1873,2006,Brasileirão Série A,31,2006-10-28,BRA020,BRA042,0,2, Orlando Scarpelli,A
1874,2006,Brasileirão Série A,31,2006-10-28,BRA036,BRA009,1,2, Moisés Lucarelli,A
1875,2006,Brasileirão Série A,31,2006-10-28,BRA024,BRA018,2,3, Serra Dourada,A
1876,2006,Brasileirão Série A,31,2006-10-28,BRA040,BRA041,1,0, Vila Belmiro,H
1877,2006,Brasileirão Série A,32,2006-11-01,BRA003,BRA044,6,4,  Kyocera Arena,H
1878,2006,Brasileirão Série A,32,2006-11-01,BRA033,BRA024,1,3,  Parque Antártica,A
1879,2006,Brasileirão Série A,32,2006-11-01,BRA021,BRA038,1,1, Maracanã,D
1880,2006,Brasileirão Série A,32,2006-11-01,BRA025,BRA020,1,2, Olímpico,A
1881,2006,Brasileirão Série A,32,2006-11-01,BRA023,BRA015,0,4, Castelão,A
1882,2006,Brasileirão Série A,32,2006-11-01,BRA031,BRA040,3,2, Alfredo Jaconi,H
1883,2006,Brasileirão Série A,32,2006-11-01,BRA041,BRA022,1,1, Anacleto Campanella,D
1884,2006,Brasileirão Série A,32,2006-11-02,BRA009,BRA028,0,1, Maracanã,A
1885,2006,Brasileirão Série A,32,2006-11-02,BRA042,BRA036,1,1, Morumbi,D
1886,2006,Brasileirão Série A,32,2006-11-02,BRA018,BRA034,2,2, Mineirão,D
1887,2006,Brasileirão Série A,33,2006-11-04,BRA020,BRA031,1,0, Orlando Scarpelli,H
1888,2006,Brasileirão Série A,33,2006-11-04,BRA021,BRA003,1,0, Maracanã,H
1889,2006,Brasileirão Série A,33,2006-11-05,BRA018,BRA044,2,1, Mineirão,H
1890,2006,Brasileirão Série A,33,2006-11-05,BRA040,BRA042,0,1, Vila Belmiro,A
1891,2006,Brasileirão Série A,33,2006-11-05,BRA036,BRA041,1,2, Moisés Lucarelli,A
1892,2006,Brasileirão Série A,33,2006-11-05,BRA025,BRA028,0,1, Olímpico,A
1893,2006,Brasileirão Série A,33,2006-11-05,BRA023,BRA024,0,3, Castelão,A
1894,2006,Brasileirão Série A,33,2006-11-05,BRA015,BRA038,1,0, Pacaembu,H
1895,2006,Brasileirão Série A,33,2006-11-05,BRA009,BRA022,2,1, Maracanã,H
1896,2006,Brasileirão Série A,33,2006-11-05,BRA034,BRA033,4,2,  Durival de Brito,H
1897,2006,Brasileirão Série A,34,2006-11-08,BRA044,BRA034,3,1, São Januário,H
1898,2006,Brasileirão Série A,34,2006-11-08,BRA041,BRA020,3,1, Anacleto Campanella,H
1899,2006,Brasileirão Série A,34,2006-11-08,BRA031,BRA025,1,2, Alfredo Jaconi,A
1900,2006,Brasileirão Série A,34,2006-11-08,BRA033,BRA023,3,0,  Parque Antártica,H
1901,2006,Brasileirão Série A,34,2006-11-08,BRA028,BRA040,0,0, Beira Rio,D
1902,2006,Brasileirão Série A,34,2006-11-08,BRA003,BRA015,1,2,  Kyocera Arena,A
1903,2006,Brasileirão Série A,34,2006-11-08,BRA024,BRA021,0,1, Serra Dourada,A
1904,2006,Brasileirão Série A,34,2006-11-09,BRA022,BRA036,0,0, Maracanã,D
1905,2006,Brasileirão Série A,34,2006-11-09,BRA042,BRA009,3,0, Morumbi,H
1906,2006,Brasileirão Série A,34,2006-11-09,BRA038,BRA018,4,1,  Arruda,H
1907,2006,Brasileirão Série A,35,2006-11-11,BRA040,BRA034,1,0, Vila Belmiro,H
1908,2006,Brasileirão Série A,35,2006-11-11,BRA028,BRA023,3,0, Beira Rio,H
1909,2006,Brasileirão Série A,35,2006-11-11,BRA044,BRA031,1,1, São Januário,D
1910,2006,Brasileirão Série A,35,2006-11-12,BRA022,BRA018,1,0, Maracanã,H
1911,2006,Brasileirão Série A,35,2006-11-12,BRA020,BRA015,0,0, Orlando Scarpelli,D
1912,2006,Brasileirão Série A,35,2006-11-12,BRA036,BRA021,3,0, Moisés Lucarelli,H
1913,2006,Brasileirão Série A,35,2006-11-12,BRA024,BRA042,0,2, Serra Dourada,A
1914,2006,Brasileirão Série A,35,2006-11-12,BRA003,BRA025,2,3,  Kyocera Arena,A
1915,2006,Brasileirão Série A,35,2006-11-12,BRA033,BRA009,2,1,  Parque Antártica,H
1916,2006,Brasileirão Série A,35,2006-11-12,BRA038,BRA041,0,3,  Arruda,A
1917,2006,Brasileirão Série A,36,2006-11-18,BRA025,BRA038,3,1, Olímpico,H
1918,2006,Brasileirão Série A,36,2006-11-18,BRA021,BRA020,0,2, Maracanã,A
1919,2006,Brasileirão Série A,36,2006-11-18,BRA015,BRA022,1,1, Pacaembu,D
1920,2006,Brasileirão Série A,36,2006-11-19,BRA034,BRA028,1,0,  Durival de Brito,H
1921,2006,Brasileirão Série A,36,2006-11-19,BRA041,BRA044,0,1, Anacleto Campanella,A
1922,2006,Brasileirão Série A,36,2006-11-19,BRA031,BRA033,3,2, Alfredo Jaconi,H
1923,2006,Brasileirão Série A,36,2006-11-19,BRA009,BRA024,2,2, Maracanã,D
1924,2006,Brasileirão Série A,36,2006-11-19,BRA018,BRA040,1,1, Mineirão,D
1925,2006,Brasileirão Série A,36,2006-11-19,BRA023,BRA036,1,0, Presidente Vargas,H
1926,2006,Brasileirão Série A,36,2006-11-19,BRA042,BRA003,1,1, Morumbi,D
1927,2006,Brasileirão Série A,37,2006-11-26,BRA009,BRA015,0,0, Maracanã,D
1928,2006,Brasileirão Série A,37,2006-11-26,BRA031,BRA023,2,2, Alfredo Jaconi,D
1929,2006,Brasileirão Série A,37,2006-11-26,BRA025,BRA021,3,0, Olímpico,H
1930,2006,Brasileirão Série A,37,2006-11-26,BRA003,BRA020,1,4,  Durival de Brito (*PF),A
1931,2006,Brasileirão Série A,37,2006-11-26,BRA041,BRA034,0,2, Anacleto Campanella,A
1932,2006,Brasileirão Série A,37,2006-11-26,BRA044,BRA040,1,1, São Januário,D
1933,2006,Brasileirão Série A,37,2006-11-26,BRA024,BRA036,3,0, Serra Dourada,H
1934,2006,Brasileirão Série A,37,2006-11-26,BRA042,BRA018,2,0, Morumbi,H
1935,2006,Brasileirão Série A,37,2006-11-26,BRA038,BRA022,1,2,  Arruda,A
1936,2006,Brasileirão Série A,37,2006-11-26,BRA033,BRA028,1,4,  Parque Antártica,A
1937,2006,Brasileirão Série A,38,2006-12-02,BRA028,BRA024,1,4, Beira Rio,A
1938,2006,Brasileirão Série A,38,2006-12-02,BRA021,BRA041,4,1,  Raulino de Oliveira,H
1939,2006,Brasileirão Série A,38,2006-12-03,BRA022,BRA033,1,1, Maracanã,D
1940,2006,Brasileirão Série A,38,2006-12-03,BRA034,BRA042,0,0,  Durival de Brito,D
1941,2006,Brasileirão Série A,38,2006-12-03,BRA020,BRA044,0,0, Orlando Scarpelli,D
1942,2006,Brasileirão Série A,38,2006-12-03,BRA018,BRA009,3,1, Mineirão,H
1943,2006,Brasileirão Série A,38,2006-12-03,BRA036,BRA003,1,1, Moisés Lucarelli,D
1944,2006,Brasileirão Série A,38,2006-12-03,BRA015,BRA031,5,3, Pacaembu,H
1945,2006,Brasileirão Série A,38,2006-12-03,BRA023,BRA025,1,0, Presidente Vargas,H
1946,2006,Brasileirão Série A,38,2006-12-03,BRA040,BRA038,3,1, Vila Belmiro,H
1947,2007,Brasileirão Série A,1,2007-05-12,BRA020,BRA003,3,6, Orlando Scarpelli,A
1948,2007,Brasileirão Série A,1,2007-05-12,BRA042,BRA024,2,0, Morumbi,H
1949,2007,Brasileirão Série A,1,2007-05-12,BRA022,BRA018,2,2, Maracanã,D
1950,2007,Brasileirão Série A,1,2007-05-13,BRA021,BRA033,2,4, Maracanã,A
1951,2007,Brasileirão Série A,1,2007-05-13,BRA028,BRA009,2,3, Beira Rio,A
1952,2007,Brasileirão Série A,1,2007-05-13,BRA034,BRA025,3,0,  Durival de Brito,H
1953,2007,Brasileirão Série A,1,2007-05-13,BRA005,BRA032,2,1, Mineirão,H
1954,2007,Brasileirão Série A,1,2007-05-13,BRA015,BRA031,1,0, Morumbi,H
1955,2007,Brasileirão Série A,1,2007-05-13,BRA002,BRA044,0,1,Machadão,A
1956,2007,Brasileirão Série A,1,2007-05-13,BRA043,BRA040,4,1,Ilha do Retiro,H
1957,2007,Brasileirão Série A,2,2007-05-19,BRA031,BRA034,1,2, Alfredo Jaconi,A
1958,2007,Brasileirão Série A,2,2007-05-19,BRA003,BRA028,2,1,  Kyocera Arena,H
1959,2007,Brasileirão Série A,2,2007-05-19,BRA040,BRA002,2,3, Vila Belmiro,A
1960,2007,Brasileirão Série A,2,2007-05-20,BRA018,BRA015,0,3, Mineirão,A
1961,2007,Brasileirão Série A,2,2007-05-20,BRA024,BRA021,1,3, Serra Dourada,A
1962,2007,Brasileirão Série A,2,2007-05-20,BRA033,BRA020,2,1,  Parque Antártica,H
1963,2007,Brasileirão Série A,2,2007-05-20,BRA009,BRA005,2,1, Maracanã,H
1964,2007,Brasileirão Série A,2,2007-05-20,BRA025,BRA022,2,0, Olímpico,H
1965,2007,Brasileirão Série A,2,2007-05-20,BRA032,BRA042,1,0,Aflitos,H
1966,2007,Brasileirão Série A,2,2007-05-20,BRA044,BRA043,3,1, São Januário,H
1967,2007,Brasileirão Série A,3,2007-05-26,BRA002,BRA020,0,1,Machadão,A
1968,2007,Brasileirão Série A,3,2007-05-26,BRA015,BRA005,0,0, Morumbi,D
1969,2007,Brasileirão Série A,3,2007-05-26,BRA022,BRA028,3,0, Maracanã,H
1970,2007,Brasileirão Série A,3,2007-05-27,BRA042,BRA033,0,0, Morumbi,D
1971,2007,Brasileirão Série A,3,2007-05-27,BRA003,BRA040,0,1,  Kyocera Arena,A
1972,2007,Brasileirão Série A,3,2007-05-27,BRA025,BRA043,1,0, Olímpico,H
1973,2007,Brasileirão Série A,3,2007-05-27,BRA032,BRA044,2,2,Aflitos,D
1974,2007,Brasileirão Série A,3,2007-05-27,BRA018,BRA034,3,4, Mineirão,A
1975,2007,Brasileirão Série A,3,2007-05-27,BRA024,BRA031,3,1, Serra Dourada,H
1976,2007,Brasileirão Série A,3,2007-05-27,BRA021,BRA009,2,2, Maracanã,D
1977,2007,Brasileirão Série A,4,2007-06-02,BRA005,BRA003,1,1, Mineirão,D
1978,2007,Brasileirão Série A,4,2007-06-02,BRA009,BRA025,3,0, Maracanã,H
1979,2007,Brasileirão Série A,4,2007-06-02,BRA020,BRA024,2,1, Orlando Scarpelli,H
1980,2007,Brasileirão Série A,4,2007-06-03,BRA040,BRA015,1,1, Vila Belmiro,D
1981,2007,Brasileirão Série A,4,2007-06-03,BRA033,BRA018,1,3,  Parque Antártica,A
1982,2007,Brasileirão Série A,4,2007-06-03,BRA031,BRA002,3,0, Alfredo Jaconi,H
1983,2007,Brasileirão Série A,4,2007-06-03,BRA043,BRA021,2,2,Ilha do Retiro,D
1984,2007,Brasileirão Série A,4,2007-06-03,BRA034,BRA042,0,1,  Durival de Brito,A
1985,2007,Brasileirão Série A,4,2007-06-03,BRA044,BRA022,1,1, Maracanã,D
1986,2007,Brasileirão Série A,4,2007-06-04,BRA028,BRA032,2,0, Beira Rio,H
1987,2007,Brasileirão Série A,5,2007-06-09,BRA033,BRA009,1,1,  Parque Antártica,D
1988,2007,Brasileirão Série A,5,2007-06-09,BRA032,BRA034,4,4,Aflitos,D
1989,2007,Brasileirão Série A,5,2007-06-09,BRA044,BRA025,4,0, São Januário,H
1990,2007,Brasileirão Série A,5,2007-06-10,BRA020,BRA021,4,0, Orlando Scarpelli,H
1991,2007,Brasileirão Série A,5,2007-06-10,BRA022,BRA043,3,0, Maracanã,H
1992,2007,Brasileirão Série A,5,2007-06-10,BRA002,BRA015,1,2,Machadão,A
1993,2007,Brasileirão Série A,5,2007-06-10,BRA003,BRA024,0,3,  Kyocera Arena,A
1994,2007,Brasileirão Série A,5,2007-06-10,BRA042,BRA005,0,1, Morumbi,A
1995,2007,Brasileirão Série A,5,2007-06-10,BRA028,BRA040,1,0, Beira Rio,H
1996,2007,Brasileirão Série A,5,2007-06-10,BRA018,BRA031,2,3, Mineirão,A
1997,2007,Brasileirão Série A,12,2007-06-14,BRA009,BRA044,4,0, Maracanã,H
2007,2007,Brasileirão Série A,6,2007-06-16,BRA025,BRA018,0,2, Olímpico,A
2008,2007,Brasileirão Série A,6,2007-06-16,BRA021,BRA028,2,2, Maracanã,D
2009,2007,Brasileirão Série A,6,2007-06-16,BRA015,BRA034,0,0, Morumbi,D
2010,2007,Brasileirão Série A,6,2007-06-17,BRA005,BRA020,4,1, Mineirão,H
2011,2007,Brasileirão Série A,6,2007-06-17,BRA003,BRA022,1,1,  Kyocera Arena,D
2012,2007,Brasileirão Série A,6,2007-06-17,BRA042,BRA044,2,0, Morumbi,H
2013,2007,Brasileirão Série A,6,2007-06-17,BRA024,BRA033,3,1, Serra Dourada,H
2014,2007,Brasileirão Série A,6,2007-06-17,BRA009,BRA032,3,1, Maracanã,H
2015,2007,Brasileirão Série A,6,2007-06-17,BRA043,BRA002,2,2,Ilha do Retiro,D
2016,2007,Brasileirão Série A,6,2007-06-17,BRA031,BRA040,0,2, Alfredo Jaconi,A
2017,2007,Brasileirão Série A,7,2007-06-23,BRA034,BRA043,1,0,  Durival de Brito,H
2018,2007,Brasileirão Série A,7,2007-06-23,BRA031,BRA020,1,1, Alfredo Jaconi,D
2019,2007,Brasileirão Série A,7,2007-06-24,BRA040,BRA042,0,2, Vila Belmiro,A
2020,2007,Brasileirão Série A,7,2007-06-24,BRA018,BRA005,4,2, Mineirão,H
2021,2007,Brasileirão Série A,7,2007-06-24,BRA033,BRA003,0,2,  Parque Antártica,A
2022,2007,Brasileirão Série A,7,2007-06-24,BRA002,BRA022,0,1,Machadão,A
2023,2007,Brasileirão Série A,7,2007-06-24,BRA028,BRA025,0,2, Beira Rio,A
2024,2007,Brasileirão Série A,7,2007-06-24,BRA032,BRA024,0,2,Aflitos,A
2027,2007,Brasileirão Série A,8,2007-06-28,BRA020,BRA042,0,0, Orlando Scarpelli,D
2028,2007,Brasileirão Série A,8,2007-06-28,BRA043,BRA032,4,1,Ilha do Retiro,H
2029,2007,Brasileirão Série A,8,2007-06-30,BRA040,BRA025,0,0, Vila Belmiro,D
2030,2007,Brasileirão Série A,8,2007-06-30,BRA018,BRA044,3,1, Mineirão,H
2031,2007,Brasileirão Série A,8,2007-06-30,BRA002,BRA024,0,3,Machadão,A
2032,2007,Brasileirão Série A,8,2007-06-30,BRA028,BRA005,1,1, Beira Rio,D
2033,2007,Brasileirão Série A,8,2007-06-30,BRA034,BRA003,2,2,  Durival de Brito,D
2034,2007,Brasileirão Série A,8,2007-06-30,BRA022,BRA009,1,2,Olímpico Engenhão,A
2035,2007,Brasileirão Série A,8,2007-06-30,BRA015,BRA033,0,1, Morumbi,A
2037,2007,Brasileirão Série A,9,2007-07-03,BRA033,BRA002,2,0,  Parque Antártica,H
2038,2007,Brasileirão Série A,9,2007-07-03,BRA042,BRA028,1,0, Morumbi,H
2039,2007,Brasileirão Série A,9,2007-07-03,BRA020,BRA018,2,1, Orlando Scarpelli,H
2040,2007,Brasileirão Série A,9,2007-07-03,BRA025,BRA031,3,1, Olímpico,H
2041,2007,Brasileirão Série A,9,2007-07-03,BRA003,BRA032,1,1,  Kyocera Arena,D
2042,2007,Brasileirão Série A,9,2007-07-03,BRA022,BRA034,0,0,  Raulino de Oliveira,D
2043,2007,Brasileirão Série A,9,2007-07-03,BRA024,BRA009,1,1, Serra Dourada,D
2044,2007,Brasileirão Série A,9,2007-07-04,BRA043,BRA015,2,1,Ilha do Retiro,H
2045,2007,Brasileirão Série A,9,2007-07-04,BRA005,BRA021,1,1, Mineirão,D
2046,2007,Brasileirão Série A,9,2007-07-04,BRA044,BRA040,4,0, São Januário,H
2047,2007,Brasileirão Série A,10,2007-07-06,BRA034,BRA002,0,1,  Durival de Brito,A
2048,2007,Brasileirão Série A,10,2007-07-07,BRA040,BRA018,4,1, Vila Belmiro,H
2049,2007,Brasileirão Série A,10,2007-07-07,BRA015,BRA022,1,1, Pacaembu,D
2050,2007,Brasileirão Série A,10,2007-07-07,BRA005,BRA025,0,1, Mineirão,A
2051,2007,Brasileirão Série A,10,2007-07-07,BRA009,BRA003,2,0,  Mané Garrincha,H
2052,2007,Brasileirão Série A,10,2007-07-07,BRA024,BRA043,3,2, Serra Dourada,H
2053,2007,Brasileirão Série A,10,2007-07-07,BRA028,BRA020,2,1, Beira Rio,H
2054,2007,Brasileirão Série A,10,2007-07-07,BRA032,BRA033,0,1,Aflitos,A
2055,2007,Brasileirão Série A,10,2007-07-07,BRA031,BRA044,2,0, Alfredo Jaconi,H
2057,2007,Brasileirão Série A,29,2007-07-07,BRA042,BRA021,0,0, Morumbi,D
2067,2007,Brasileirão Série A,11,2007-07-12,BRA034,BRA020,1,2,  Durival de Brito,A
2068,2007,Brasileirão Série A,11,2007-07-12,BRA031,BRA032,1,1, Alfredo Jaconi,D
2069,2007,Brasileirão Série A,11,2007-07-12,BRA044,BRA003,1,0, São Januário,H
2070,2007,Brasileirão Série A,11,2007-07-14,BRA040,BRA009,3,0, Vila Belmiro,H
2071,2007,Brasileirão Série A,11,2007-07-14,BRA043,BRA005,2,0,Ilha do Retiro,H
2072,2007,Brasileirão Série A,11,2007-07-14,BRA025,BRA033,1,1, Olímpico,D
2073,2007,Brasileirão Série A,11,2007-07-14,BRA018,BRA024,2,1, Mineirão,H
2074,2007,Brasileirão Série A,11,2007-07-14,BRA002,BRA028,1,2,Machadão,A
2075,2007,Brasileirão Série A,11,2007-07-14,BRA015,BRA042,1,1, Morumbi,D
1998,2007,Brasileirão Série A,12,2007-07-18,BRA020,BRA043,0,1, Orlando Scarpelli,A
1999,2007,Brasileirão Série A,12,2007-07-18,BRA005,BRA002,4,1, Mineirão,H
2000,2007,Brasileirão Série A,12,2007-07-18,BRA003,BRA031,4,0,  Kyocera Arena,H
2001,2007,Brasileirão Série A,12,2007-07-18,BRA028,BRA015,3,0, Beira Rio,H
2002,2007,Brasileirão Série A,12,2007-07-18,BRA032,BRA018,1,4,Aflitos,A
2003,2007,Brasileirão Série A,12,2007-07-18,BRA042,BRA022,0,1, Morumbi,A
2004,2007,Brasileirão Série A,12,2007-07-19,BRA021,BRA034,1,2,Parque do Sabiá,A
2005,2007,Brasileirão Série A,12,2007-07-19,BRA024,BRA025,0,0, Serra Dourada,D
2006,2007,Brasileirão Série A,12,2007-07-19,BRA033,BRA040,2,2,  Parque Antártica,D
2094,2007,Brasileirão Série A,14,2007-07-19,BRA009,BRA031,3,1,  Giulite Coutinho,H
2095,2007,Brasileirão Série A,14,2007-07-19,BRA005,BRA022,3,0, Mineirão,H
2096,2007,Brasileirão Série A,14,2007-07-19,BRA042,BRA043,3,1, Morumbi,H
2077,2007,Brasileirão Série A,13,2007-07-21,BRA031,BRA028,2,0, Alfredo Jaconi,H
2078,2007,Brasileirão Série A,13,2007-07-21,BRA002,BRA003,2,1,Machadão,H
2079,2007,Brasileirão Série A,13,2007-07-21,BRA044,BRA005,4,0, São Januário,H
2080,2007,Brasileirão Série A,13,2007-07-22,BRA015,BRA032,0,3, Morumbi,A
2081,2007,Brasileirão Série A,13,2007-07-22,BRA022,BRA024,3,0,Engenheiro Araripe,H
2082,2007,Brasileirão Série A,13,2007-07-22,BRA025,BRA021,1,0, Olímpico,H
2083,2007,Brasileirão Série A,13,2007-07-22,BRA018,BRA042,1,2, Mineirão,A
2084,2007,Brasileirão Série A,13,2007-07-22,BRA034,BRA033,1,0,  Durival de Brito,H
2085,2007,Brasileirão Série A,13,2007-07-22,BRA043,BRA009,3,3,Ilha do Retiro,D
2086,2007,Brasileirão Série A,13,2007-07-22,BRA040,BRA020,3,1, Vila Belmiro,H
2087,2007,Brasileirão Série A,14,2007-07-25,BRA003,BRA018,2,2,  Kyocera Arena,D
2088,2007,Brasileirão Série A,14,2007-07-25,BRA024,BRA040,1,0, Serra Dourada,H
2089,2007,Brasileirão Série A,14,2007-07-25,BRA032,BRA025,0,2,Aflitos,A
2090,2007,Brasileirão Série A,14,2007-07-25,BRA021,BRA002,3,1,  Mário Helênio,H
2091,2007,Brasileirão Série A,14,2007-07-25,BRA033,BRA044,3,2,  Parque Antártica,H
2092,2007,Brasileirão Série A,14,2007-07-25,BRA020,BRA015,2,2, Orlando Scarpelli,D
2093,2007,Brasileirão Série A,14,2007-07-25,BRA028,BRA034,1,0, Beira Rio,H
2097,2007,Brasileirão Série A,15,2007-07-28,BRA040,BRA032,1,2, Vila Belmiro,A
2098,2007,Brasileirão Série A,15,2007-07-28,BRA044,BRA024,4,1, São Januário,H
2099,2007,Brasileirão Série A,15,2007-07-28,BRA025,BRA003,1,1, Olímpico,D
2100,2007,Brasileirão Série A,15,2007-07-29,BRA015,BRA021,2,2, Morumbi,D
2101,2007,Brasileirão Série A,15,2007-07-29,BRA034,BRA005,1,3,  Durival de Brito,A
2102,2007,Brasileirão Série A,15,2007-07-29,BRA031,BRA033,1,1, Alfredo Jaconi,D
2103,2007,Brasileirão Série A,15,2007-07-29,BRA043,BRA028,1,5,Ilha do Retiro,A
2104,2007,Brasileirão Série A,15,2007-07-29,BRA018,BRA009,3,2, Mineirão,H
2105,2007,Brasileirão Série A,15,2007-07-29,BRA002,BRA042,0,1,Machadão,A
2106,2007,Brasileirão Série A,15,2007-07-29,BRA022,BRA020,1,1,  Mané Garrincha,D
2107,2007,Brasileirão Série A,16,2007-08-01,BRA032,BRA022,0,0,Aflitos,D
2108,2007,Brasileirão Série A,16,2007-08-01,BRA024,BRA034,2,0, Serra Dourada,H
2109,2007,Brasileirão Série A,16,2007-08-01,BRA033,BRA043,1,2,  Parque Antártica,A
2110,2007,Brasileirão Série A,16,2007-08-01,BRA009,BRA002,4,2,Engenheiro Araripe,H
2111,2007,Brasileirão Série A,16,2007-08-01,BRA005,BRA040,1,2, Mineirão,A
2112,2007,Brasileirão Série A,16,2007-08-01,BRA003,BRA015,2,2,  Kyocera Arena,D
2113,2007,Brasileirão Série A,16,2007-08-01,BRA028,BRA044,0,2, Beira Rio,A
2114,2007,Brasileirão Série A,16,2007-08-02,BRA042,BRA031,3,1, Morumbi,H
2115,2007,Brasileirão Série A,16,2007-08-02,BRA020,BRA025,1,0, Orlando Scarpelli,H
2117,2007,Brasileirão Série A,17,2007-08-04,BRA043,BRA003,3,2,Ilha do Retiro,H
2118,2007,Brasileirão Série A,17,2007-08-04,BRA002,BRA032,1,5,Machadão,A
2119,2007,Brasileirão Série A,17,2007-08-04,BRA015,BRA024,1,0, Morumbi,H
2120,2007,Brasileirão Série A,17,2007-08-05,BRA040,BRA021,3,0, Vila Belmiro,H
2121,2007,Brasileirão Série A,17,2007-08-05,BRA018,BRA028,3,2, Mineirão,H
2122,2007,Brasileirão Série A,17,2007-08-05,BRA022,BRA033,0,1, Maracanã,A
2123,2007,Brasileirão Série A,17,2007-08-05,BRA031,BRA005,1,2, Alfredo Jaconi,A
2124,2007,Brasileirão Série A,17,2007-08-05,BRA025,BRA042,0,2, Olímpico,A
2125,2007,Brasileirão Série A,17,2007-08-05,BRA044,BRA020,2,2, São Januário,D
2126,2007,Brasileirão Série A,17,2007-08-05,BRA034,BRA009,0,0,  Durival de Brito,D
2127,2007,Brasileirão Série A,18,2007-08-08,BRA018,BRA043,2,0, Mineirão,H
2128,2007,Brasileirão Série A,18,2007-08-08,BRA031,BRA022,0,0, Alfredo Jaconi,D
2129,2007,Brasileirão Série A,18,2007-08-08,BRA032,BRA020,4,2,Aflitos,H
2130,2007,Brasileirão Série A,18,2007-08-08,BRA024,BRA005,3,2, Serra Dourada,H
2131,2007,Brasileirão Série A,18,2007-08-08,BRA003,BRA021,2,0,  Kyocera Arena,H
2132,2007,Brasileirão Série A,18,2007-08-08,BRA009,BRA042,0,2, Maracanã,A
2133,2007,Brasileirão Série A,18,2007-08-09,BRA044,BRA015,2,0, São Januário,H
2134,2007,Brasileirão Série A,18,2007-08-09,BRA025,BRA002,3,0, Olímpico,H
2135,2007,Brasileirão Série A,18,2007-08-09,BRA033,BRA028,1,1,  Parque Antártica,D
2136,2007,Brasileirão Série A,18,2007-08-09,BRA040,BRA034,2,0, Vila Belmiro,H
2137,2007,Brasileirão Série A,19,2007-08-11,BRA043,BRA031,3,0,Ilha do Retiro,H
2138,2007,Brasileirão Série A,19,2007-08-11,BRA042,BRA003,2,0, Morumbi,H
2139,2007,Brasileirão Série A,19,2007-08-11,BRA021,BRA032,2,1, Maracanã,H
2140,2007,Brasileirão Série A,19,2007-08-12,BRA015,BRA025,2,1, Pacaembu,H
2141,2007,Brasileirão Série A,19,2007-08-12,BRA005,BRA033,1,2, Mineirão,A
2142,2007,Brasileirão Série A,19,2007-08-12,BRA020,BRA009,1,1, Orlando Scarpelli,D
2143,2007,Brasileirão Série A,19,2007-08-12,BRA028,BRA024,1,0, Beira Rio,H
2144,2007,Brasileirão Série A,19,2007-08-12,BRA002,BRA018,1,2,Machadão,A
2145,2007,Brasileirão Série A,19,2007-08-12,BRA022,BRA040,3,0, Maracanã,H
2146,2007,Brasileirão Série A,19,2007-08-12,BRA034,BRA044,0,0,  Durival de Brito,D
2025,2007,Brasileirão Série A,7,2007-08-15,BRA009,BRA015,2,3, Maracanã,A
2076,2007,Brasileirão Série A,11,2007-08-16,BRA022,BRA021,0,1, Maracanã,A
2147,2007,Brasileirão Série A,20,2007-08-18,BRA040,BRA043,2,0, Vila Belmiro,H
2148,2007,Brasileirão Série A,20,2007-08-18,BRA003,BRA020,1,1,  Kyocera Arena,D
2149,2007,Brasileirão Série A,20,2007-08-18,BRA025,BRA034,2,0, Olímpico,H
2150,2007,Brasileirão Série A,20,2007-08-19,BRA033,BRA021,2,1,  Parque Antártica,H
2151,2007,Brasileirão Série A,20,2007-08-19,BRA032,BRA005,0,1,Aflitos,A
2152,2007,Brasileirão Série A,20,2007-08-19,BRA031,BRA015,2,2, Alfredo Jaconi,D
2153,2007,Brasileirão Série A,20,2007-08-19,BRA044,BRA002,2,0, São Januário,H
2154,2007,Brasileirão Série A,20,2007-08-19,BRA009,BRA028,1,1, Maracanã,D
2155,2007,Brasileirão Série A,20,2007-08-19,BRA018,BRA022,4,2, Mineirão,H
2156,2007,Brasileirão Série A,20,2007-08-19,BRA024,BRA042,0,0, Serra Dourada,D
2036,2007,Brasileirão Série A,8,2007-08-23,BRA021,BRA031,4,0, Maracanã,H
2157,2007,Brasileirão Série A,21,2007-08-25,BRA015,BRA018,0,3, Pacaembu,A
2158,2007,Brasileirão Série A,21,2007-08-25,BRA022,BRA025,1,1, Maracanã,D
2159,2007,Brasileirão Série A,21,2007-08-25,BRA028,BRA003,1,0, Beira Rio,H
2160,2007,Brasileirão Série A,21,2007-08-26,BRA005,BRA009,1,2, Mineirão,A
2161,2007,Brasileirão Série A,21,2007-08-26,BRA042,BRA032,5,0, Morumbi,H
2162,2007,Brasileirão Série A,21,2007-08-26,BRA034,BRA031,3,1,  Durival de Brito,H
2163,2007,Brasileirão Série A,21,2007-08-26,BRA020,BRA033,1,2, Orlando Scarpelli,A
2164,2007,Brasileirão Série A,21,2007-08-26,BRA002,BRA040,1,4,Machadão,A
2165,2007,Brasileirão Série A,21,2007-08-26,BRA043,BRA044,0,0,Ilha do Retiro,D
2166,2007,Brasileirão Série A,21,2007-08-26,BRA021,BRA024,3,1, Maracanã,H
2167,2007,Brasileirão Série A,22,2007-08-29,BRA034,BRA018,2,2,  Durival de Brito,D
2168,2007,Brasileirão Série A,22,2007-08-29,BRA031,BRA024,2,0, Alfredo Jaconi,H
2169,2007,Brasileirão Série A,22,2007-08-29,BRA009,BRA021,1,1, Maracanã,D
2170,2007,Brasileirão Série A,22,2007-08-29,BRA020,BRA002,3,1, Orlando Scarpelli,H
2171,2007,Brasileirão Série A,22,2007-08-29,BRA033,BRA042,0,1,  Parque Antártica,A
2172,2007,Brasileirão Série A,22,2007-08-29,BRA005,BRA015,5,2, Mineirão,H
2173,2007,Brasileirão Série A,22,2007-08-29,BRA043,BRA025,2,0,Ilha do Retiro,H
2174,2007,Brasileirão Série A,22,2007-08-29,BRA028,BRA022,1,4, Beira Rio,A
2175,2007,Brasileirão Série A,22,2007-08-30,BRA040,BRA003,3,1, Vila Belmiro,H
2176,2007,Brasileirão Série A,22,2007-08-30,BRA044,BRA032,4,1, São Januário,H
2177,2007,Brasileirão Série A,23,2007-09-01,BRA042,BRA034,6,0, Morumbi,H
2178,2007,Brasileirão Série A,23,2007-09-01,BRA021,BRA043,1,1, Maracanã,D
2179,2007,Brasileirão Série A,23,2007-09-01,BRA002,BRA031,0,3,Machadão,A
2180,2007,Brasileirão Série A,23,2007-09-02,BRA015,BRA040,2,0, Pacaembu,H
2181,2007,Brasileirão Série A,23,2007-09-02,BRA018,BRA033,5,0, Mineirão,H
2182,2007,Brasileirão Série A,23,2007-09-02,BRA003,BRA005,1,0,  Kyocera Arena,H
2183,2007,Brasileirão Série A,23,2007-09-02,BRA025,BRA009,3,0, Olímpico,H
2184,2007,Brasileirão Série A,23,2007-09-02,BRA024,BRA020,2,1, Serra Dourada,H
2185,2007,Brasileirão Série A,23,2007-09-02,BRA022,BRA044,1,1, Maracanã,D
2186,2007,Brasileirão Série A,23,2007-09-02,BRA032,BRA028,1,1,Aflitos,D
2187,2007,Brasileirão Série A,24,2007-09-05,BRA015,BRA002,1,0, Pacaembu,H
2188,2007,Brasileirão Série A,24,2007-09-05,BRA024,BRA003,2,3, Serra Dourada,A
2189,2007,Brasileirão Série A,24,2007-09-05,BRA021,BRA020,4,1, Maracanã,H
2190,2007,Brasileirão Série A,24,2007-09-05,BRA031,BRA018,1,0, Alfredo Jaconi,H
2191,2007,Brasileirão Série A,24,2007-09-05,BRA040,BRA028,2,1, Vila Belmiro,H
2192,2007,Brasileirão Série A,24,2007-09-05,BRA005,BRA042,0,0, Mineirão,D
2193,2007,Brasileirão Série A,24,2007-09-05,BRA025,BRA044,3,1, Olímpico,H
2194,2007,Brasileirão Série A,24,2007-09-06,BRA034,BRA032,2,4,  Durival de Brito,A
2195,2007,Brasileirão Série A,24,2007-09-06,BRA009,BRA033,1,1, Maracanã,D
2196,2007,Brasileirão Série A,24,2007-09-06,BRA043,BRA022,0,2,Ilha do Retiro,A
2197,2007,Brasileirão Série A,25,2007-09-08,BRA020,BRA005,2,1, Orlando Scarpelli,H
2198,2007,Brasileirão Série A,25,2007-09-08,BRA028,BRA021,3,0, Beira Rio,H
2199,2007,Brasileirão Série A,25,2007-09-08,BRA044,BRA042,0,2, São Januário,A
2200,2007,Brasileirão Série A,25,2007-09-08,BRA018,BRA025,2,0, Mineirão,H
2201,2007,Brasileirão Série A,25,2007-09-08,BRA040,BRA031,1,0, Vila Belmiro,H
2202,2007,Brasileirão Série A,25,2007-09-09,BRA034,BRA015,1,0,  Durival de Brito,H
2203,2007,Brasileirão Série A,25,2007-09-09,BRA022,BRA003,2,0, Maracanã,H
2204,2007,Brasileirão Série A,25,2007-09-09,BRA002,BRA043,1,1,Machadão,D
2205,2007,Brasileirão Série A,25,2007-09-09,BRA033,BRA024,2,0,  Parque Antártica,H
2206,2007,Brasileirão Série A,25,2007-09-09,BRA032,BRA009,4,1,Aflitos,H
2116,2007,Brasileirão Série A,16,2007-09-12,BRA021,BRA018,3,1, Maracanã,H
2207,2007,Brasileirão Série A,26,2007-09-15,BRA024,BRA032,0,3, Serra Dourada,A
2208,2007,Brasileirão Série A,26,2007-09-15,BRA022,BRA002,2,0, Maracanã,H
2209,2007,Brasileirão Série A,26,2007-09-15,BRA042,BRA040,2,1, Morumbi,H
2210,2007,Brasileirão Série A,26,2007-09-16,BRA015,BRA009,0,1, Pacaembu,A
2211,2007,Brasileirão Série A,26,2007-09-16,BRA003,BRA033,2,1,  Kyocera Arena,H
2212,2007,Brasileirão Série A,26,2007-09-16,BRA043,BRA034,3,1,Ilha do Retiro,H
2213,2007,Brasileirão Série A,26,2007-09-16,BRA005,BRA018,3,4, Mineirão,A
2214,2007,Brasileirão Série A,26,2007-09-16,BRA020,BRA031,4,1, Orlando Scarpelli,H
2215,2007,Brasileirão Série A,26,2007-09-16,BRA021,BRA044,1,1, Maracanã,D
2216,2007,Brasileirão Série A,26,2007-09-16,BRA025,BRA028,1,0, Olímpico,H
2217,2007,Brasileirão Série A,27,2007-09-22,BRA042,BRA020,2,0, Morumbi,H
2218,2007,Brasileirão Série A,27,2007-09-22,BRA025,BRA040,1,0, Olímpico,H
2219,2007,Brasileirão Série A,27,2007-09-22,BRA024,BRA002,1,1, Serra Dourada,D
2220,2007,Brasileirão Série A,27,2007-09-23,BRA031,BRA021,2,2, Alfredo Jaconi,D
2221,2007,Brasileirão Série A,27,2007-09-23,BRA032,BRA043,2,0,Aflitos,H
2222,2007,Brasileirão Série A,27,2007-09-23,BRA033,BRA015,1,0, Morumbi,H
2223,2007,Brasileirão Série A,27,2007-09-23,BRA005,BRA028,2,2, Mineirão,D
2224,2007,Brasileirão Série A,27,2007-09-23,BRA003,BRA034,2,1,  Kyocera Arena,H
2225,2007,Brasileirão Série A,27,2007-09-23,BRA009,BRA022,0,2, Maracanã,A
2226,2007,Brasileirão Série A,27,2007-09-23,BRA044,BRA018,0,2, São Januário,A
2227,2007,Brasileirão Série A,28,2007-09-29,BRA032,BRA003,5,0,Aflitos,H
2228,2007,Brasileirão Série A,28,2007-09-29,BRA015,BRA043,1,2, Pacaembu,A
2229,2007,Brasileirão Série A,28,2007-09-29,BRA021,BRA005,1,0, Maracanã,H
2230,2007,Brasileirão Série A,28,2007-09-30,BRA040,BRA044,1,0, Vila Belmiro,H
2231,2007,Brasileirão Série A,28,2007-09-30,BRA009,BRA024,0,3, Maracanã,A
2232,2007,Brasileirão Série A,28,2007-09-30,BRA028,BRA042,1,2, Beira Rio,A
2233,2007,Brasileirão Série A,28,2007-09-30,BRA031,BRA025,1,2, Alfredo Jaconi,A
2234,2007,Brasileirão Série A,28,2007-09-30,BRA018,BRA020,1,2, Mineirão,A
2235,2007,Brasileirão Série A,28,2007-09-30,BRA002,BRA033,0,0,Machadão,D
2236,2007,Brasileirão Série A,28,2007-09-30,BRA034,BRA022,3,1,  Durival de Brito,H
2058,2007,Brasileirão Série A,29,2007-10-03,BRA033,BRA032,2,1,  Parque Antártica,H
2059,2007,Brasileirão Série A,29,2007-10-03,BRA043,BRA024,4,0,Ilha do Retiro,H
2060,2007,Brasileirão Série A,29,2007-10-03,BRA025,BRA005,2,2, Olímpico,D
2061,2007,Brasileirão Série A,29,2007-10-03,BRA044,BRA031,0,1, São Januário,A
2062,2007,Brasileirão Série A,29,2007-10-03,BRA003,BRA009,2,0,  Kyocera Arena,H
2063,2007,Brasileirão Série A,29,2007-10-03,BRA022,BRA015,1,1, Maracanã,D
2064,2007,Brasileirão Série A,29,2007-10-03,BRA018,BRA040,0,1, Mineirão,A
2056,2007,Brasileirão Série A,10,2007-10-04,BRA021,BRA042,1,0, Maracanã,H
2065,2007,Brasileirão Série A,29,2007-10-04,BRA002,BRA034,3,2,Machadão,H
2066,2007,Brasileirão Série A,29,2007-10-04,BRA020,BRA028,0,0, Orlando Scarpelli,D
2237,2007,Brasileirão Série A,30,2007-10-06,BRA033,BRA025,2,0,  Parque Antártica,H
2238,2007,Brasileirão Série A,30,2007-10-06,BRA009,BRA040,1,2,Engenhão,A
2239,2007,Brasileirão Série A,30,2007-10-06,BRA032,BRA031,4,1,Aflitos,H
2240,2007,Brasileirão Série A,30,2007-10-07,BRA042,BRA015,0,1, Morumbi,A
2241,2007,Brasileirão Série A,30,2007-10-07,BRA003,BRA044,1,0,  Kyocera Arena,H
2242,2007,Brasileirão Série A,30,2007-10-07,BRA005,BRA043,3,1, Mineirão,H
2243,2007,Brasileirão Série A,30,2007-10-07,BRA028,BRA002,2,0, Beira Rio,H
2244,2007,Brasileirão Série A,30,2007-10-07,BRA024,BRA018,0,0, Serra Dourada,D
2245,2007,Brasileirão Série A,30,2007-10-07,BRA020,BRA034,4,0, Orlando Scarpelli,H
2246,2007,Brasileirão Série A,30,2007-10-07,BRA021,BRA022,0,2, Maracanã,A
2247,2007,Brasileirão Série A,31,2007-10-12,BRA043,BRA020,0,0,Ilha do Retiro,D
2248,2007,Brasileirão Série A,31,2007-10-12,BRA018,BRA032,2,2, Mineirão,D
2249,2007,Brasileirão Série A,31,2007-10-12,BRA031,BRA003,0,0, Alfredo Jaconi,D
2250,2007,Brasileirão Série A,31,2007-10-13,BRA015,BRA028,1,1, Pacaembu,D
2251,2007,Brasileirão Série A,31,2007-10-13,BRA034,BRA021,0,1,  Durival de Brito,A
2252,2007,Brasileirão Série A,31,2007-10-13,BRA022,BRA042,1,1, Maracanã,D
2253,2007,Brasileirão Série A,31,2007-10-13,BRA002,BRA005,0,1,Machadão,A
2254,2007,Brasileirão Série A,31,2007-10-13,BRA040,BRA033,1,1, Vila Belmiro,D
2255,2007,Brasileirão Série A,31,2007-10-13,BRA025,BRA024,2,1, Olímpico,H
2256,2007,Brasileirão Série A,31,2007-10-14,BRA044,BRA009,2,1, Maracanã,H
2026,2007,Brasileirão Série A,7,2007-10-18,BRA044,BRA021,1,2, Maracanã,A
2257,2007,Brasileirão Série A,32,2007-10-20,BRA033,BRA034,3,0,  Parque Antártica,H
2258,2007,Brasileirão Série A,32,2007-10-20,BRA024,BRA022,5,3, Serra Dourada,H
2259,2007,Brasileirão Série A,32,2007-10-20,BRA009,BRA043,3,1,Engenhão,H
2260,2007,Brasileirão Série A,32,2007-10-21,BRA032,BRA015,1,0,Aflitos,H
2261,2007,Brasileirão Série A,32,2007-10-21,BRA005,BRA044,1,0, Mineirão,H
2262,2007,Brasileirão Série A,32,2007-10-21,BRA042,BRA018,1,0, Morumbi,H
2263,2007,Brasileirão Série A,32,2007-10-21,BRA003,BRA002,2,0,  Kyocera Arena,H
2264,2007,Brasileirão Série A,32,2007-10-21,BRA020,BRA040,1,0, Orlando Scarpelli,H
2265,2007,Brasileirão Série A,32,2007-10-21,BRA028,BRA031,3,0, Beira Rio,H
2266,2007,Brasileirão Série A,32,2007-10-21,BRA021,BRA025,2,0, Maracanã,H
2267,2007,Brasileirão Série A,33,2007-10-27,BRA022,BRA005,1,1, Maracanã,D
2268,2007,Brasileirão Série A,33,2007-10-27,BRA018,BRA003,1,1, Mineirão,D
2269,2007,Brasileirão Série A,33,2007-10-27,BRA040,BRA024,3,0, Vila Belmiro,H
2270,2007,Brasileirão Série A,33,2007-10-28,BRA043,BRA042,1,2,Ilha do Retiro,A
2271,2007,Brasileirão Série A,33,2007-10-28,BRA002,BRA021,0,1,Machadão,A
2272,2007,Brasileirão Série A,33,2007-10-28,BRA025,BRA032,4,3, Olímpico,H
2273,2007,Brasileirão Série A,33,2007-10-28,BRA015,BRA020,2,1, Pacaembu,H
2274,2007,Brasileirão Série A,33,2007-10-28,BRA034,BRA028,1,0,  Durival de Brito,H
2275,2007,Brasileirão Série A,33,2007-10-28,BRA031,BRA009,1,1, Alfredo Jaconi,D
2276,2007,Brasileirão Série A,33,2007-10-28,BRA044,BRA033,2,2, São Januário,D
2277,2007,Brasileirão Série A,34,2007-10-31,BRA003,BRA025,2,0,  Kyocera Arena,H
2278,2007,Brasileirão Série A,34,2007-10-31,BRA020,BRA022,0,2, Orlando Scarpelli,A
2279,2007,Brasileirão Série A,34,2007-10-31,BRA005,BRA034,0,0, Mineirão,D
2280,2007,Brasileirão Série A,34,2007-10-31,BRA024,BRA044,2,3, Serra Dourada,A
2281,2007,Brasileirão Série A,34,2007-10-31,BRA032,BRA040,1,2,Aflitos,A
2282,2007,Brasileirão Série A,34,2007-10-31,BRA021,BRA015,2,1, Maracanã,H
2283,2007,Brasileirão Série A,34,2007-10-31,BRA042,BRA002,3,0, Morumbi,H
2284,2007,Brasileirão Série A,34,2007-11-01,BRA009,BRA018,4,1,Engenhão,H
2285,2007,Brasileirão Série A,34,2007-11-01,BRA033,BRA031,0,1,  Parque Antártica,A
2286,2007,Brasileirão Série A,34,2007-11-01,BRA028,BRA043,0,0, Beira Rio,D
2287,2007,Brasileirão Série A,35,2007-11-03,BRA034,BRA024,1,0,  Durival de Brito,H
2288,2007,Brasileirão Série A,35,2007-11-03,BRA022,BRA032,2,1, Maracanã,H
2289,2007,Brasileirão Série A,35,2007-11-03,BRA025,BRA020,1,2, Olímpico,A
2290,2007,Brasileirão Série A,35,2007-11-04,BRA040,BRA005,2,2, Vila Belmiro,D
2291,2007,Brasileirão Série A,35,2007-11-04,BRA018,BRA021,3,1, Mineirão,H
2292,2007,Brasileirão Série A,35,2007-11-04,BRA015,BRA003,2,2, Pacaembu,D
2293,2007,Brasileirão Série A,35,2007-11-04,BRA002,BRA009,1,1,Machadão,D
2294,2007,Brasileirão Série A,35,2007-11-04,BRA043,BRA033,3,1,Ilha do Retiro,H
2295,2007,Brasileirão Série A,35,2007-11-04,BRA044,BRA028,1,2, São Januário,A
2296,2007,Brasileirão Série A,35,2007-11-07,BRA031,BRA042,2,0, Alfredo Jaconi,H
2297,2007,Brasileirão Série A,36,2007-11-10,BRA009,BRA034,3,2, Maracanã,H
2298,2007,Brasileirão Série A,36,2007-11-10,BRA032,BRA002,4,0,Aflitos,H
2299,2007,Brasileirão Série A,36,2007-11-10,BRA028,BRA018,1,0, Beira Rio,H
2300,2007,Brasileirão Série A,36,2007-11-11,BRA024,BRA015,1,1, Serra Dourada,D
2301,2007,Brasileirão Série A,36,2007-11-11,BRA020,BRA044,3,3, Orlando Scarpelli,D
2302,2007,Brasileirão Série A,36,2007-11-11,BRA003,BRA043,0,0,  Kyocera Arena,D
2303,2007,Brasileirão Série A,36,2007-11-11,BRA005,BRA031,4,1, Mineirão,H
2304,2007,Brasileirão Série A,36,2007-11-11,BRA042,BRA025,1,0, Morumbi,H
2305,2007,Brasileirão Série A,36,2007-11-11,BRA021,BRA040,1,0, Maracanã,H
2306,2007,Brasileirão Série A,36,2007-11-14,BRA033,BRA022,1,0,  Parque Antártica,H
2307,2007,Brasileirão Série A,37,2007-11-24,BRA002,BRA025,0,3,Machadão,A
2308,2007,Brasileirão Série A,37,2007-11-24,BRA022,BRA031,3,2, Maracanã,H
2309,2007,Brasileirão Série A,37,2007-11-25,BRA042,BRA009,2,2, Morumbi,D
2310,2007,Brasileirão Série A,37,2007-11-25,BRA028,BRA033,2,1, Beira Rio,H
2311,2007,Brasileirão Série A,37,2007-11-25,BRA034,BRA040,2,3,  Durival de Brito,A
2312,2007,Brasileirão Série A,37,2007-11-25,BRA043,BRA018,1,0,Ilha do Retiro,H
2313,2007,Brasileirão Série A,37,2007-11-25,BRA021,BRA003,2,0, Maracanã,H
2314,2007,Brasileirão Série A,37,2007-11-28,BRA005,BRA024,4,1, Mineirão,H
2315,2007,Brasileirão Série A,37,2007-11-28,BRA020,BRA032,2,0, Orlando Scarpelli,H
2316,2007,Brasileirão Série A,37,2007-11-28,BRA015,BRA044,0,1, Pacaembu,A
2317,2007,Brasileirão Série A,38,2007-12-02,BRA003,BRA042,2,1,  Kyocera Arena,H
2318,2007,Brasileirão Série A,38,2007-12-02,BRA040,BRA022,2,4, Vila Belmiro,A
2319,2007,Brasileirão Série A,38,2007-12-02,BRA032,BRA021,1,0,Aflitos,H
2320,2007,Brasileirão Série A,38,2007-12-02,BRA033,BRA005,1,3,  Parque Antártica,A
2321,2007,Brasileirão Série A,38,2007-12-02,BRA018,BRA002,2,0, Mineirão,H
2322,2007,Brasileirão Série A,38,2007-12-02,BRA025,BRA015,1,1, Olímpico,D
2323,2007,Brasileirão Série A,38,2007-12-02,BRA024,BRA028,2,1, Serra Dourada,H
2324,2007,Brasileirão Série A,38,2007-12-02,BRA044,BRA034,3,0, São Januário,H
2325,2007,Brasileirão Série A,38,2007-12-02,BRA009,BRA020,1,1,Engenhão,D
2326,2007,Brasileirão Série A,38,2007-12-02,BRA031,BRA043,2,1, Alfredo Jaconi,H
2327,2008,Brasileirão Série A,1,2008-05-10,BRA032,BRA024,2,1,Aflitos,H
2328,2008,Brasileirão Série A,1,2008-05-10,BRA042,BRA025,0,1, Morumbi,A
2329,2008,Brasileirão Série A,1,2008-05-10,BRA045,BRA018,0,2, Barradão,A
2330,2008,Brasileirão Série A,1,2008-05-11,BRA016,BRA033,2,0, Couto Pereira,H
2331,2008,Brasileirão Série A,1,2008-05-11,BRA028,BRA044,1,0, Beira Rio,H
2332,2008,Brasileirão Série A,1,2008-05-11,BRA009,BRA043,2,0,Engenhão,H
2333,2008,Brasileirão Série A,1,2008-05-11,BRA029,BRA003,0,1,  Ipatingão,A
2334,2008,Brasileirão Série A,1,2008-05-11,BRA037,BRA020,5,5,Canindé,D
2335,2008,Brasileirão Série A,1,2008-05-11,BRA005,BRA022,0,0, Mineirão,D
2336,2008,Brasileirão Série A,1,2008-05-11,BRA021,BRA040,3,1, Maracanã,H
2337,2008,Brasileirão Série A,2,2008-05-17,BRA018,BRA009,1,0, Mineirão,H
2338,2008,Brasileirão Série A,2,2008-05-17,BRA043,BRA045,0,0,Ilha do Retiro,D
2339,2008,Brasileirão Série A,2,2008-05-17,BRA044,BRA037,3,1, São Januário,H
2340,2008,Brasileirão Série A,2,2008-05-18,BRA025,BRA021,0,0, Olímpico,D
2341,2008,Brasileirão Série A,2,2008-05-18,BRA003,BRA042,1,1,  Kyocera Arena,D
2342,2008,Brasileirão Série A,2,2008-05-18,BRA022,BRA032,0,2, Maracanã,A
2343,2008,Brasileirão Série A,2,2008-05-18,BRA024,BRA005,1,1, Serra Dourada,D
2344,2008,Brasileirão Série A,2,2008-05-18,BRA020,BRA016,2,1, Orlando Scarpelli,H
2345,2008,Brasileirão Série A,2,2008-05-18,BRA033,BRA028,2,1,Palestra Itália,H
2346,2008,Brasileirão Série A,2,2008-05-18,BRA040,BRA029,4,0, Vila Belmiro,H
2347,2008,Brasileirão Série A,3,2008-05-24,BRA025,BRA032,2,0, Olímpico,H
2348,2008,Brasileirão Série A,3,2008-05-24,BRA021,BRA028,2,1, Maracanã,H
2349,2008,Brasileirão Série A,3,2008-05-24,BRA045,BRA020,4,0, Barradão,H
2350,2008,Brasileirão Série A,3,2008-05-25,BRA018,BRA040,4,0, Mineirão,H
2351,2008,Brasileirão Série A,3,2008-05-25,BRA042,BRA016,1,1, Morumbi,D
2352,2008,Brasileirão Série A,3,2008-05-25,BRA043,BRA022,2,1,Ilha do Retiro,H
2353,2008,Brasileirão Série A,3,2008-05-25,BRA024,BRA029,1,1, Serra Dourada,D
2354,2008,Brasileirão Série A,3,2008-05-25,BRA003,BRA005,1,1,  Kyocera Arena,D
2355,2008,Brasileirão Série A,3,2008-05-25,BRA037,BRA033,1,1, Pacaembu,D
2356,2008,Brasileirão Série A,3,2008-05-25,BRA009,BRA044,1,1,Engenhão,D
2357,2008,Brasileirão Série A,4,2008-05-31,BRA044,BRA025,2,1, São Januário,H
2358,2008,Brasileirão Série A,4,2008-05-31,BRA028,BRA043,1,1, Beira Rio,D
2359,2008,Brasileirão Série A,4,2008-05-31,BRA020,BRA024,0,0, Orlando Scarpelli,D
2360,2008,Brasileirão Série A,4,2008-06-01,BRA040,BRA042,0,0, Vila Belmiro,D
2361,2008,Brasileirão Série A,4,2008-06-01,BRA016,BRA018,1,1, Couto Pereira,D
2362,2008,Brasileirão Série A,4,2008-06-01,BRA032,BRA009,3,0,Aflitos,H
2363,2008,Brasileirão Série A,4,2008-06-01,BRA029,BRA045,2,0,  Ipatingão,H
2364,2008,Brasileirão Série A,4,2008-06-01,BRA033,BRA003,1,0,Palestra Itália,H
2365,2008,Brasileirão Série A,4,2008-06-01,BRA005,BRA037,2,0, Mineirão,H
2366,2008,Brasileirão Série A,4,2008-06-01,BRA022,BRA021,0,1, Maracanã,A
2367,2008,Brasileirão Série A,5,2008-06-07,BRA042,BRA005,5,1, Morumbi,H
2368,2008,Brasileirão Série A,5,2008-06-07,BRA021,BRA020,5,0, Maracanã,H
2369,2008,Brasileirão Série A,5,2008-06-07,BRA029,BRA032,0,0,  Ipatingão,D
2370,2008,Brasileirão Série A,5,2008-06-08,BRA037,BRA028,3,1,Canindé,H
2371,2008,Brasileirão Série A,5,2008-06-08,BRA025,BRA022,2,1, Olímpico,H
2372,2008,Brasileirão Série A,5,2008-06-08,BRA043,BRA033,2,0,Ilha do Retiro,H
2373,2008,Brasileirão Série A,5,2008-06-08,BRA003,BRA024,5,0,  Kyocera Arena,H
2374,2008,Brasileirão Série A,5,2008-06-08,BRA009,BRA016,2,1,Engenhão,H
2375,2008,Brasileirão Série A,5,2008-06-08,BRA018,BRA044,1,0, Mineirão,H
2376,2008,Brasileirão Série A,5,2008-06-08,BRA045,BRA040,1,0, Barradão,H
2377,2008,Brasileirão Série A,6,2008-06-12,BRA022,BRA040,1,1, Maracanã,D
2378,2008,Brasileirão Série A,6,2008-06-12,BRA033,BRA018,5,2,Palestra Itália,H
2379,2008,Brasileirão Série A,6,2008-06-12,BRA005,BRA029,4,2, Mineirão,H
2380,2008,Brasileirão Série A,6,2008-06-14,BRA021,BRA042,2,4, Maracanã,A
2381,2008,Brasileirão Série A,6,2008-06-14,BRA028,BRA009,2,1, Beira Rio,H
2382,2008,Brasileirão Série A,6,2008-06-14,BRA020,BRA043,3,1, Orlando Scarpelli,H
2383,2008,Brasileirão Série A,6,2008-06-14,BRA037,BRA003,1,0,Canindé,H
2384,2008,Brasileirão Série A,6,2008-06-14,BRA016,BRA045,0,0, Couto Pereira,D
2385,2008,Brasileirão Série A,6,2008-06-14,BRA032,BRA044,1,1,  Arruda,D
2386,2008,Brasileirão Série A,6,2008-06-14,BRA024,BRA025,0,3, Serra Dourada,A
2387,2008,Brasileirão Série A,7,2008-06-21,BRA009,BRA037,0,1,Engenhão,A
2388,2008,Brasileirão Série A,7,2008-06-21,BRA042,BRA043,1,0, Morumbi,H
2389,2008,Brasileirão Série A,7,2008-06-21,BRA018,BRA020,3,0, Mineirão,H
2390,2008,Brasileirão Série A,7,2008-06-21,BRA016,BRA022,2,1, Couto Pereira,H
2391,2008,Brasileirão Série A,7,2008-06-22,BRA029,BRA021,1,3,  Ipatingão,A
2392,2008,Brasileirão Série A,7,2008-06-22,BRA045,BRA028,2,1, Barradão,H
2393,2008,Brasileirão Série A,7,2008-06-22,BRA044,BRA033,0,2, São Januário,A
2394,2008,Brasileirão Série A,7,2008-06-22,BRA025,BRA003,3,0, Olímpico,H
2395,2008,Brasileirão Série A,7,2008-06-22,BRA040,BRA024,0,4, Vila Belmiro,A
2396,2008,Brasileirão Série A,7,2008-06-22,BRA032,BRA005,2,1,  Arruda,H
2397,2008,Brasileirão Série A,8,2008-06-28,BRA044,BRA029,4,2, São Januário,H
2398,2008,Brasileirão Série A,8,2008-06-28,BRA045,BRA024,3,0, Barradão,H
2399,2008,Brasileirão Série A,8,2008-06-28,BRA037,BRA040,0,0,Canindé,D
2400,2008,Brasileirão Série A,8,2008-06-29,BRA018,BRA042,1,1, Mineirão,D
2401,2008,Brasileirão Série A,8,2008-06-29,BRA020,BRA005,1,1, Orlando Scarpelli,D
2402,2008,Brasileirão Série A,8,2008-06-29,BRA043,BRA021,1,2,Ilha do Retiro,A
2403,2008,Brasileirão Série A,8,2008-06-29,BRA003,BRA016,1,1,  Kyocera Arena,D
2404,2008,Brasileirão Série A,8,2008-06-29,BRA025,BRA028,1,1, Olímpico,D
2405,2008,Brasileirão Série A,8,2008-06-29,BRA022,BRA009,0,0, Maracanã,D
2406,2008,Brasileirão Série A,8,2008-06-29,BRA033,BRA032,2,0,Palestra Itália,H
2407,2008,Brasileirão Série A,9,2008-07-05,BRA043,BRA018,1,0,Ilha do Retiro,H
2408,2008,Brasileirão Série A,9,2008-07-05,BRA003,BRA040,1,0,  Kyocera Arena,H
2409,2008,Brasileirão Série A,9,2008-07-05,BRA021,BRA032,3,0, Maracanã,H
2410,2008,Brasileirão Série A,9,2008-07-06,BRA020,BRA044,2,1, Orlando Scarpelli,H
2411,2008,Brasileirão Série A,9,2008-07-06,BRA037,BRA045,1,2,Canindé,A
2412,2008,Brasileirão Série A,9,2008-07-06,BRA005,BRA033,1,1, Mineirão,D
2413,2008,Brasileirão Série A,9,2008-07-06,BRA028,BRA016,3,0, Beira Rio,H
2414,2008,Brasileirão Série A,9,2008-07-06,BRA009,BRA025,2,0,Engenhão,H
2415,2008,Brasileirão Série A,9,2008-07-06,BRA042,BRA029,1,1, Morumbi,D
2416,2008,Brasileirão Série A,9,2008-07-06,BRA024,BRA022,1,0, Serra Dourada,H
2417,2008,Brasileirão Série A,11,2008-07-06,BRA042,BRA033,2,1, Morumbi,H
2418,2008,Brasileirão Série A,11,2008-07-06,BRA018,BRA005,2,1, Mineirão,H
2419,2008,Brasileirão Série A,11,2008-07-06,BRA003,BRA028,1,1,  Kyocera Arena,D
2420,2008,Brasileirão Série A,11,2008-07-06,BRA040,BRA009,2,2, Vila Belmiro,D
2421,2008,Brasileirão Série A,11,2008-07-06,BRA029,BRA020,0,1,  Ipatingão,A
2422,2008,Brasileirão Série A,11,2008-07-06,BRA025,BRA037,2,1, Olímpico,H
2423,2008,Brasileirão Série A,11,2008-07-06,BRA032,BRA043,0,2,Aflitos,A
2424,2008,Brasileirão Série A,11,2008-07-06,BRA021,BRA044,3,1, Maracanã,H
2427,2008,Brasileirão Série A,10,2008-07-09,BRA028,BRA024,1,0, Beira Rio,H
2428,2008,Brasileirão Série A,10,2008-07-09,BRA016,BRA037,4,0, Couto Pereira,H
2429,2008,Brasileirão Série A,10,2008-07-09,BRA022,BRA003,3,0, Maracanã,H
2430,2008,Brasileirão Série A,10,2008-07-09,BRA045,BRA009,5,2, Barradão,H
2431,2008,Brasileirão Série A,10,2008-07-09,BRA005,BRA021,1,1, Mineirão,D
2432,2008,Brasileirão Série A,10,2008-07-09,BRA040,BRA025,1,1, Vila Belmiro,D
2433,2008,Brasileirão Série A,10,2008-07-09,BRA032,BRA042,2,1,Aflitos,H
2434,2008,Brasileirão Série A,10,2008-07-10,BRA033,BRA020,1,1,Palestra Itália,D
2435,2008,Brasileirão Série A,10,2008-07-10,BRA029,BRA018,2,2,  Ipatingão,D
2436,2008,Brasileirão Série A,10,2008-07-10,BRA044,BRA043,4,0, São Januário,H
2425,2008,Brasileirão Série A,11,2008-07-12,BRA022,BRA045,2,1, Maracanã,H
2426,2008,Brasileirão Série A,11,2008-07-12,BRA024,BRA016,2,2, Serra Dourada,D
2437,2008,Brasileirão Série A,12,2008-07-16,BRA043,BRA025,2,2,Ilha do Retiro,D
2438,2008,Brasileirão Série A,12,2008-07-16,BRA009,BRA029,4,0,Engenhão,H
2439,2008,Brasileirão Série A,12,2008-07-16,BRA020,BRA040,3,0, Orlando Scarpelli,H
2440,2008,Brasileirão Série A,12,2008-07-16,BRA037,BRA032,3,2,Canindé,H
2441,2008,Brasileirão Série A,12,2008-07-16,BRA018,BRA003,1,0, Mineirão,H
2442,2008,Brasileirão Série A,12,2008-07-16,BRA033,BRA022,3,1,Palestra Itália,H
2443,2008,Brasileirão Série A,12,2008-07-16,BRA045,BRA042,1,3, Barradão,A
2444,2008,Brasileirão Série A,12,2008-07-17,BRA044,BRA024,1,1, São Januário,D
2445,2008,Brasileirão Série A,12,2008-07-17,BRA028,BRA005,1,0, Beira Rio,H
2446,2008,Brasileirão Série A,12,2008-07-17,BRA016,BRA021,1,0, Couto Pereira,H
2447,2008,Brasileirão Série A,14,2008-07-17,BRA033,BRA040,4,2,Palestra Itália,H
2448,2008,Brasileirão Série A,14,2008-07-17,BRA020,BRA025,1,7, Orlando Scarpelli,A
2449,2008,Brasileirão Série A,14,2008-07-17,BRA043,BRA003,1,0,Ilha do Retiro,H
2457,2008,Brasileirão Série A,13,2008-07-19,BRA029,BRA037,4,1,  Ipatingão,H
2458,2008,Brasileirão Série A,13,2008-07-19,BRA022,BRA020,1,0, Maracanã,H
2459,2008,Brasileirão Série A,13,2008-07-19,BRA025,BRA018,1,0, Olímpico,H
2460,2008,Brasileirão Série A,13,2008-07-20,BRA003,BRA044,3,1,  Kyocera Arena,H
2461,2008,Brasileirão Série A,13,2008-07-20,BRA024,BRA033,3,2, Serra Dourada,H
2462,2008,Brasileirão Série A,13,2008-07-20,BRA040,BRA043,1,0, Vila Belmiro,H
2463,2008,Brasileirão Série A,13,2008-07-20,BRA032,BRA028,1,1,Aflitos,D
2464,2008,Brasileirão Série A,13,2008-07-20,BRA021,BRA045,0,1, Maracanã,A
2465,2008,Brasileirão Série A,13,2008-07-20,BRA042,BRA009,2,1, Morumbi,H
2466,2008,Brasileirão Série A,13,2008-07-20,BRA005,BRA016,3,2, Mineirão,H
2450,2008,Brasileirão Série A,14,2008-07-23,BRA016,BRA029,1,0, Couto Pereira,H
2451,2008,Brasileirão Série A,14,2008-07-23,BRA018,BRA024,0,1, Mineirão,A
2452,2008,Brasileirão Série A,14,2008-07-23,BRA045,BRA032,2,0, Barradão,H
2453,2008,Brasileirão Série A,14,2008-07-23,BRA044,BRA022,3,3, São Januário,D
2454,2008,Brasileirão Série A,14,2008-07-23,BRA028,BRA042,2,0, Beira Rio,H
2455,2008,Brasileirão Série A,14,2008-07-23,BRA037,BRA021,2,2,Canindé,D
2456,2008,Brasileirão Série A,14,2008-07-23,BRA009,BRA005,4,0,Engenhão,H
2467,2008,Brasileirão Série A,15,2008-07-26,BRA032,BRA016,1,2,Aflitos,A
2468,2008,Brasileirão Série A,15,2008-07-26,BRA029,BRA028,1,0,  Ipatingão,H
2469,2008,Brasileirão Série A,15,2008-07-26,BRA022,BRA018,1,3, Maracanã,A
2470,2008,Brasileirão Série A,15,2008-07-27,BRA040,BRA044,5,2, Vila Belmiro,H
2471,2008,Brasileirão Série A,15,2008-07-27,BRA025,BRA033,1,1, Olímpico,D
2472,2008,Brasileirão Série A,15,2008-07-27,BRA003,BRA020,0,0,  Kyocera Arena,D
2473,2008,Brasileirão Série A,15,2008-07-27,BRA024,BRA043,1,2, Serra Dourada,A
2474,2008,Brasileirão Série A,15,2008-07-27,BRA005,BRA045,2,1, Mineirão,H
2475,2008,Brasileirão Série A,15,2008-07-27,BRA021,BRA009,0,0, Maracanã,D
2476,2008,Brasileirão Série A,15,2008-07-27,BRA042,BRA037,3,1, Morumbi,H
2477,2008,Brasileirão Série A,16,2008-07-30,BRA018,BRA032,4,2, Mineirão,H
2478,2008,Brasileirão Série A,16,2008-07-30,BRA045,BRA003,2,1, Barradão,H
2479,2008,Brasileirão Série A,16,2008-07-30,BRA037,BRA022,3,1,Canindé,H
2480,2008,Brasileirão Série A,16,2008-07-30,BRA009,BRA024,2,0,Engenhão,H
2481,2008,Brasileirão Série A,16,2008-07-30,BRA033,BRA021,1,0,Palestra Itália,H
2482,2008,Brasileirão Série A,16,2008-07-30,BRA020,BRA042,1,1, Orlando Scarpelli,D
2483,2008,Brasileirão Série A,16,2008-07-30,BRA028,BRA040,0,1, Beira Rio,A
2484,2008,Brasileirão Série A,16,2008-07-31,BRA043,BRA029,3,1,Ilha do Retiro,H
2485,2008,Brasileirão Série A,16,2008-07-31,BRA044,BRA005,6,1, São Januário,H
2486,2008,Brasileirão Série A,16,2008-07-31,BRA016,BRA025,0,1, Couto Pereira,A
2487,2008,Brasileirão Série A,17,2008-08-02,BRA024,BRA037,4,0, Serra Dourada,H
2488,2008,Brasileirão Série A,17,2008-08-02,BRA032,BRA020,1,2,Aflitos,A
2489,2008,Brasileirão Série A,17,2008-08-02,BRA022,BRA028,1,2, Maracanã,A
2490,2008,Brasileirão Série A,17,2008-08-03,BRA025,BRA045,2,0, Olímpico,H
2491,2008,Brasileirão Série A,17,2008-08-03,BRA029,BRA033,1,2,  Ipatingão,A
2492,2008,Brasileirão Série A,17,2008-08-03,BRA021,BRA018,1,2, Maracanã,A
2493,2008,Brasileirão Série A,17,2008-08-03,BRA042,BRA044,4,0, Morumbi,H
2494,2008,Brasileirão Série A,17,2008-08-03,BRA040,BRA016,1,3, Vila Belmiro,A
2495,2008,Brasileirão Série A,17,2008-08-03,BRA005,BRA043,2,1, Mineirão,H
2496,2008,Brasileirão Série A,17,2008-08-03,BRA003,BRA009,0,3,  Kyocera Arena,A
2497,2008,Brasileirão Série A,18,2008-08-06,BRA025,BRA029,1,0, Olímpico,H
2498,2008,Brasileirão Série A,18,2008-08-06,BRA044,BRA016,0,2, São Januário,A
2499,2008,Brasileirão Série A,18,2008-08-06,BRA003,BRA032,2,0,  Kyocera Arena,H
2500,2008,Brasileirão Série A,18,2008-08-06,BRA043,BRA037,2,0,Ilha do Retiro,H
2501,2008,Brasileirão Série A,18,2008-08-06,BRA040,BRA005,2,3, Vila Belmiro,A
2502,2008,Brasileirão Série A,18,2008-08-06,BRA024,BRA021,2,1, Serra Dourada,H
2503,2008,Brasileirão Série A,18,2008-08-06,BRA022,BRA042,3,1, Maracanã,H
2504,2008,Brasileirão Série A,18,2008-08-07,BRA033,BRA045,3,0,Palestra Itália,H
2505,2008,Brasileirão Série A,18,2008-08-07,BRA020,BRA009,1,2, Orlando Scarpelli,A
2506,2008,Brasileirão Série A,18,2008-08-07,BRA018,BRA028,2,0, Mineirão,H
2507,2008,Brasileirão Série A,19,2008-08-09,BRA021,BRA003,1,0, Maracanã,H
2508,2008,Brasileirão Série A,19,2008-08-09,BRA042,BRA024,2,1, Morumbi,H
2509,2008,Brasileirão Série A,19,2008-08-09,BRA005,BRA025,0,4, Mineirão,A
2510,2008,Brasileirão Série A,19,2008-08-10,BRA016,BRA043,3,0, Couto Pereira,H
2511,2008,Brasileirão Série A,19,2008-08-10,BRA045,BRA044,5,0, Barradão,H
2512,2008,Brasileirão Série A,19,2008-08-10,BRA037,BRA018,2,1,Canindé,H
2513,2008,Brasileirão Série A,19,2008-08-10,BRA009,BRA033,1,0,Engenhão,H
2514,2008,Brasileirão Série A,19,2008-08-10,BRA029,BRA022,2,1,  Ipatingão,H
2515,2008,Brasileirão Série A,19,2008-08-10,BRA032,BRA040,1,0,Aflitos,H
2516,2008,Brasileirão Série A,19,2008-08-10,BRA028,BRA020,1,1, Beira Rio,D
2517,2008,Brasileirão Série A,20,2008-08-16,BRA003,BRA029,5,0,  Kyocera Arena,H
2518,2008,Brasileirão Série A,20,2008-08-16,BRA020,BRA037,2,1, Orlando Scarpelli,H
2519,2008,Brasileirão Série A,20,2008-08-16,BRA018,BRA045,2,1, Mineirão,H
2520,2008,Brasileirão Série A,20,2008-08-17,BRA025,BRA042,1,0, Olímpico,H
2521,2008,Brasileirão Série A,20,2008-08-17,BRA040,BRA021,2,2, Vila Belmiro,D
2522,2008,Brasileirão Série A,20,2008-08-17,BRA044,BRA028,4,0, São Januário,H
2523,2008,Brasileirão Série A,20,2008-08-17,BRA024,BRA032,3,0, Serra Dourada,H
2524,2008,Brasileirão Série A,20,2008-08-17,BRA022,BRA005,1,0, Maracanã,H
2525,2008,Brasileirão Série A,20,2008-08-17,BRA043,BRA009,0,1,Ilha do Retiro,A
2526,2008,Brasileirão Série A,20,2008-08-17,BRA033,BRA016,1,0,Palestra Itália,H
2527,2008,Brasileirão Série A,21,2008-08-20,BRA045,BRA043,0,0, Barradão,D
2528,2008,Brasileirão Série A,21,2008-08-20,BRA016,BRA020,3,0, Couto Pereira,H
2529,2008,Brasileirão Série A,21,2008-08-20,BRA009,BRA018,1,0,Engenhão,H
2530,2008,Brasileirão Série A,21,2008-08-20,BRA042,BRA003,3,1, Morumbi,H
2531,2008,Brasileirão Série A,21,2008-08-20,BRA028,BRA033,4,1, Beira Rio,H
2532,2008,Brasileirão Série A,21,2008-08-20,BRA032,BRA022,1,3,Aflitos,A
2533,2008,Brasileirão Série A,21,2008-08-20,BRA029,BRA040,1,1,  Ipatingão,D
2534,2008,Brasileirão Série A,21,2008-08-21,BRA037,BRA044,0,1,Antônio Guimarães,A
2535,2008,Brasileirão Série A,21,2008-08-21,BRA005,BRA024,1,1, Mineirão,D
2536,2008,Brasileirão Série A,21,2008-08-21,BRA021,BRA025,2,1, Maracanã,H
2537,2008,Brasileirão Série A,22,2008-08-23,BRA022,BRA043,1,1, Maracanã,D
2538,2008,Brasileirão Série A,22,2008-08-23,BRA020,BRA045,1,2, Orlando Scarpelli,A
2539,2008,Brasileirão Série A,22,2008-08-24,BRA016,BRA042,2,2, Couto Pereira,D
2540,2008,Brasileirão Série A,22,2008-08-24,BRA033,BRA037,4,2, Pacaembu,H
2541,2008,Brasileirão Série A,22,2008-08-24,BRA028,BRA021,1,1, Beira Rio,D
2542,2008,Brasileirão Série A,22,2008-08-24,BRA040,BRA018,2,0, Vila Belmiro,H
2543,2008,Brasileirão Série A,22,2008-08-24,BRA029,BRA024,1,0,  Ipatingão,H
2544,2008,Brasileirão Série A,22,2008-08-24,BRA044,BRA009,1,1, São Januário,D
2545,2008,Brasileirão Série A,22,2008-08-24,BRA005,BRA003,4,0, Mineirão,H
2546,2008,Brasileirão Série A,22,2008-08-24,BRA032,BRA025,1,1,Aflitos,D
2547,2008,Brasileirão Série A,23,2008-08-30,BRA024,BRA020,2,0, Serra Dourada,H
2548,2008,Brasileirão Série A,23,2008-08-30,BRA045,BRA029,0,0, Barradão,D
2549,2008,Brasileirão Série A,23,2008-08-30,BRA009,BRA032,1,1,Engenhão,D
2550,2008,Brasileirão Série A,23,2008-08-31,BRA025,BRA044,2,1, Olímpico,H
2551,2008,Brasileirão Série A,23,2008-08-31,BRA043,BRA028,1,0,Ilha do Retiro,H
2552,2008,Brasileirão Série A,23,2008-08-31,BRA003,BRA033,1,2,  Kyocera Arena,A
2553,2008,Brasileirão Série A,23,2008-08-31,BRA042,BRA040,0,0, Morumbi,D
2554,2008,Brasileirão Série A,23,2008-08-31,BRA037,BRA005,1,1,Canindé,D
2555,2008,Brasileirão Série A,23,2008-08-31,BRA018,BRA016,1,1, Mineirão,D
2556,2008,Brasileirão Série A,23,2008-08-31,BRA021,BRA022,2,2, Maracanã,D
2557,2008,Brasileirão Série A,24,2008-09-03,BRA024,BRA003,4,0, Serra Dourada,H
2558,2008,Brasileirão Série A,24,2008-09-03,BRA040,BRA045,2,0, Vila Belmiro,H
2559,2008,Brasileirão Série A,24,2008-09-03,BRA020,BRA021,2,3, Orlando Scarpelli,A
2560,2008,Brasileirão Série A,24,2008-09-03,BRA005,BRA042,1,1, Mineirão,D
2561,2008,Brasileirão Série A,24,2008-09-04,BRA033,BRA043,0,3,Palestra Itália,A
2562,2008,Brasileirão Série A,24,2008-09-04,BRA044,BRA018,1,3, São Januário,A
2563,2008,Brasileirão Série A,24,2008-09-06,BRA028,BRA037,1,0, Beira Rio,H
2564,2008,Brasileirão Série A,24,2008-09-06,BRA022,BRA025,0,0, Maracanã,D
2565,2008,Brasileirão Série A,24,2008-09-06,BRA032,BRA029,2,0,Aflitos,H
2566,2008,Brasileirão Série A,24,2008-09-06,BRA016,BRA009,0,1, Couto Pereira,A
2567,2008,Brasileirão Série A,25,2008-09-13,BRA025,BRA024,1,2, Olímpico,A
2568,2008,Brasileirão Série A,25,2008-09-13,BRA003,BRA037,2,0,  Kyocera Arena,H
2569,2008,Brasileirão Série A,25,2008-09-13,BRA029,BRA005,3,2,  Ipatingão,H
2570,2008,Brasileirão Série A,25,2008-09-14,BRA018,BRA033,0,1, Mineirão,A
2571,2008,Brasileirão Série A,25,2008-09-14,BRA042,BRA021,2,0, Morumbi,H
2572,2008,Brasileirão Série A,25,2008-09-14,BRA043,BRA020,5,0,Ilha do Retiro,H
2573,2008,Brasileirão Série A,25,2008-09-14,BRA044,BRA032,1,3, São Januário,A
2574,2008,Brasileirão Série A,25,2008-09-14,BRA040,BRA022,2,1, Vila Belmiro,H
2575,2008,Brasileirão Série A,25,2008-09-14,BRA045,BRA016,1,0, Barradão,H
2576,2008,Brasileirão Série A,25,2008-09-14,BRA009,BRA028,1,2,Engenhão,A
2577,2008,Brasileirão Série A,26,2008-09-20,BRA024,BRA040,4,1, Serra Dourada,H
2578,2008,Brasileirão Série A,26,2008-09-20,BRA022,BRA016,2,3, Maracanã,A
2579,2008,Brasileirão Série A,26,2008-09-20,BRA005,BRA032,2,1, Mineirão,H
2580,2008,Brasileirão Série A,26,2008-09-21,BRA043,BRA042,0,0,Ilha do Retiro,D
2581,2008,Brasileirão Série A,26,2008-09-21,BRA003,BRA025,0,0,  Kyocera Arena,D
2582,2008,Brasileirão Série A,26,2008-09-21,BRA037,BRA009,3,1,Canindé,H
2583,2008,Brasileirão Série A,26,2008-09-21,BRA020,BRA018,3,4, Orlando Scarpelli,A
2584,2008,Brasileirão Série A,26,2008-09-21,BRA033,BRA044,2,0,Palestra Itália,H
2585,2008,Brasileirão Série A,26,2008-09-21,BRA028,BRA045,1,0, Beira Rio,H
2586,2008,Brasileirão Série A,26,2008-09-21,BRA021,BRA029,1,0, Maracanã,H
2587,2008,Brasileirão Série A,27,2008-09-27,BRA024,BRA045,3,0, Serra Dourada,H
2588,2008,Brasileirão Série A,27,2008-09-27,BRA021,BRA043,2,1, Maracanã,H
2589,2008,Brasileirão Série A,27,2008-09-27,BRA005,BRA020,0,0, Mineirão,D
2590,2008,Brasileirão Série A,27,2008-09-28,BRA016,BRA003,1,1, Couto Pereira,D
2591,2008,Brasileirão Série A,27,2008-09-28,BRA032,BRA033,0,0,Aflitos,D
2592,2008,Brasileirão Série A,27,2008-09-28,BRA042,BRA018,2,0, Morumbi,H
2593,2008,Brasileirão Série A,27,2008-09-28,BRA029,BRA044,3,1,  Ipatingão,H
2594,2008,Brasileirão Série A,27,2008-09-28,BRA028,BRA025,4,1, Beira Rio,H
2595,2008,Brasileirão Série A,27,2008-09-28,BRA040,BRA037,1,1, Vila Belmiro,D
2596,2008,Brasileirão Série A,27,2008-09-28,BRA009,BRA022,1,1,Engenhão,D
2597,2008,Brasileirão Série A,28,2008-10-01,BRA022,BRA024,1,1, Maracanã,D
2598,2008,Brasileirão Série A,28,2008-10-02,BRA045,BRA037,3,1, Barradão,H
2599,2008,Brasileirão Série A,28,2008-10-02,BRA018,BRA043,1,0, Mineirão,H
2600,2008,Brasileirão Série A,28,2008-10-04,BRA025,BRA009,2,1, Olímpico,H
2601,2008,Brasileirão Série A,28,2008-10-04,BRA029,BRA042,1,3,  Ipatingão,A
2602,2008,Brasileirão Série A,28,2008-10-04,BRA033,BRA005,3,1,Palestra Itália,H
2603,2008,Brasileirão Série A,28,2008-10-04,BRA032,BRA021,0,2,Aflitos,A
2604,2008,Brasileirão Série A,28,2008-10-04,BRA040,BRA003,4,0, Vila Belmiro,H
2605,2008,Brasileirão Série A,28,2008-10-04,BRA016,BRA028,4,2, Couto Pereira,H
2606,2008,Brasileirão Série A,28,2008-10-04,BRA044,BRA020,2,4, São Januário,A
2607,2008,Brasileirão Série A,29,2008-10-08,BRA025,BRA040,2,0, Olímpico,H
2608,2008,Brasileirão Série A,29,2008-10-08,BRA043,BRA044,2,2,Ilha do Retiro,D
2609,2008,Brasileirão Série A,29,2008-10-08,BRA020,BRA033,0,0, Orlando Scarpelli,D
2610,2008,Brasileirão Série A,29,2008-10-09,BRA009,BRA045,3,1,Engenhão,H
2611,2008,Brasileirão Série A,29,2008-10-09,BRA042,BRA032,1,0, Morumbi,H
2612,2008,Brasileirão Série A,29,2008-10-09,BRA018,BRA029,1,0, Mineirão,H
2613,2008,Brasileirão Série A,29,2008-10-11,BRA024,BRA028,1,1, Serra Dourada,D
2614,2008,Brasileirão Série A,29,2008-10-11,BRA037,BRA016,0,0,Canindé,D
2615,2008,Brasileirão Série A,29,2008-10-11,BRA003,BRA022,1,3,  Kyocera Arena,A
2616,2008,Brasileirão Série A,29,2008-10-11,BRA021,BRA005,0,3, Maracanã,A
2617,2008,Brasileirão Série A,30,2008-10-18,BRA009,BRA040,0,1,Engenhão,A
2618,2008,Brasileirão Série A,30,2008-10-18,BRA028,BRA003,2,1, Beira Rio,H
2619,2008,Brasileirão Série A,30,2008-10-18,BRA020,BRA029,1,1, Orlando Scarpelli,D
2620,2008,Brasileirão Série A,30,2008-10-19,BRA033,BRA042,2,2,Palestra Itália,D
2621,2008,Brasileirão Série A,30,2008-10-19,BRA045,BRA022,2,2, Barradão,D
2622,2008,Brasileirão Série A,30,2008-10-19,BRA016,BRA024,1,1, Couto Pereira,D
2623,2008,Brasileirão Série A,30,2008-10-19,BRA005,BRA018,0,2, Mineirão,A
2624,2008,Brasileirão Série A,30,2008-10-19,BRA037,BRA025,2,0,Canindé,H
2625,2008,Brasileirão Série A,30,2008-10-19,BRA043,BRA032,2,2,Ilha do Retiro,D
2626,2008,Brasileirão Série A,30,2008-10-19,BRA044,BRA021,0,1, São Januário,A
2627,2008,Brasileirão Série A,31,2008-10-22,BRA024,BRA044,2,4, Serra Dourada,A
2628,2008,Brasileirão Série A,31,2008-10-23,BRA025,BRA043,1,0, Olímpico,H
2629,2008,Brasileirão Série A,31,2008-10-23,BRA021,BRA016,5,0, Maracanã,H
2630,2008,Brasileirão Série A,31,2008-10-23,BRA042,BRA045,2,1, Morumbi,H
2631,2008,Brasileirão Série A,31,2008-10-25,BRA022,BRA033,3,0, Maracanã,H
2632,2008,Brasileirão Série A,31,2008-10-25,BRA029,BRA009,0,3,  Ipatingão,A
2633,2008,Brasileirão Série A,31,2008-10-25,BRA040,BRA020,3,0, Vila Belmiro,H
2634,2008,Brasileirão Série A,31,2008-10-25,BRA003,BRA018,1,0,  Kyocera Arena,H
2635,2008,Brasileirão Série A,31,2008-10-25,BRA032,BRA037,1,1,Aflitos,D
2636,2008,Brasileirão Série A,31,2008-10-25,BRA005,BRA028,2,2, Mineirão,D
2637,2008,Brasileirão Série A,32,2008-10-29,BRA037,BRA029,2,0,Canindé,H
2638,2008,Brasileirão Série A,32,2008-10-29,BRA016,BRA005,2,1, Couto Pereira,H
2639,2008,Brasileirão Série A,32,2008-10-29,BRA028,BRA032,1,1, Beira Rio,D
2640,2008,Brasileirão Série A,32,2008-10-29,BRA033,BRA024,1,0,Palestra Itália,H
2641,2008,Brasileirão Série A,32,2008-10-29,BRA009,BRA042,1,2,Engenhão,A
2642,2008,Brasileirão Série A,32,2008-10-29,BRA018,BRA025,3,0, Mineirão,H
2643,2008,Brasileirão Série A,32,2008-10-29,BRA045,BRA021,0,0, Barradão,D
2644,2008,Brasileirão Série A,32,2008-10-30,BRA043,BRA040,1,1,Ilha do Retiro,D
2645,2008,Brasileirão Série A,32,2008-10-30,BRA044,BRA003,2,2, São Januário,D
2647,2008,Brasileirão Série A,33,2008-11-01,BRA021,BRA037,2,2, Maracanã,D
2648,2008,Brasileirão Série A,33,2008-11-01,BRA032,BRA045,1,0,Aflitos,H
2649,2008,Brasileirão Série A,33,2008-11-01,BRA029,BRA016,2,0,  Ipatingão,H
2650,2008,Brasileirão Série A,33,2008-11-02,BRA040,BRA033,1,2, Vila Belmiro,A
2651,2008,Brasileirão Série A,33,2008-11-02,BRA024,BRA018,3,0, Serra Dourada,H
2652,2008,Brasileirão Série A,33,2008-11-02,BRA003,BRA043,1,0,  Kyocera Arena,H
2653,2008,Brasileirão Série A,33,2008-11-02,BRA005,BRA009,2,1, Mineirão,H
2654,2008,Brasileirão Série A,33,2008-11-02,BRA022,BRA044,0,1, Maracanã,A
2655,2008,Brasileirão Série A,33,2008-11-02,BRA025,BRA020,1,1, Olímpico,D
2656,2008,Brasileirão Série A,33,2008-11-02,BRA042,BRA028,3,0, Morumbi,H
2646,2008,Brasileirão Série A,32,2008-11-05,BRA020,BRA022,0,1, Orlando Scarpelli,A
2657,2008,Brasileirão Série A,34,2008-11-08,BRA037,BRA042,2,3,Canindé,A
2658,2008,Brasileirão Série A,34,2008-11-08,BRA044,BRA040,1,0, São Januário,H
2659,2008,Brasileirão Série A,34,2008-11-08,BRA020,BRA003,0,2, Orlando Scarpelli,A
2660,2008,Brasileirão Série A,34,2008-11-09,BRA033,BRA025,0,1,Palestra Itália,A
2661,2008,Brasileirão Série A,34,2008-11-09,BRA018,BRA022,1,0, Mineirão,H
2662,2008,Brasileirão Série A,34,2008-11-09,BRA016,BRA032,0,0, Couto Pereira,D
2663,2008,Brasileirão Série A,34,2008-11-09,BRA043,BRA024,2,1,Ilha do Retiro,H
2664,2008,Brasileirão Série A,34,2008-11-09,BRA009,BRA021,0,1, Maracanã,A
2665,2008,Brasileirão Série A,34,2008-11-09,BRA028,BRA029,4,0, Beira Rio,H
2666,2008,Brasileirão Série A,34,2008-11-09,BRA045,BRA005,0,1, Barradão,A
2667,2008,Brasileirão Série A,35,2008-11-12,BRA005,BRA044,4,1, Mineirão,H
2668,2008,Brasileirão Série A,35,2008-11-15,BRA022,BRA037,3,1, Maracanã,H
2669,2008,Brasileirão Série A,35,2008-11-15,BRA029,BRA043,3,0,  Ipatingão,H
2670,2008,Brasileirão Série A,35,2008-11-15,BRA032,BRA018,5,2,Aflitos,H
2671,2008,Brasileirão Série A,35,2008-11-16,BRA021,BRA033,5,2, Maracanã,H
2672,2008,Brasileirão Série A,35,2008-11-16,BRA042,BRA020,3,1, Morumbi,H
2673,2008,Brasileirão Série A,35,2008-11-16,BRA024,BRA009,3,1,Juscelino Kubitscheck,H
2674,2008,Brasileirão Série A,35,2008-11-16,BRA025,BRA016,2,1, Olímpico,H
2675,2008,Brasileirão Série A,35,2008-11-16,BRA003,BRA045,2,1,  Kyocera Arena,H
2676,2008,Brasileirão Série A,35,2008-11-16,BRA040,BRA028,1,0, Vila Belmiro,H
2677,2008,Brasileirão Série A,36,2008-11-20,BRA020,BRA032,4,3, Orlando Scarpelli,H
2678,2008,Brasileirão Série A,36,2008-11-22,BRA009,BRA003,2,2,Engenhão,D
2679,2008,Brasileirão Série A,36,2008-11-22,BRA037,BRA024,0,0,Canindé,D
2680,2008,Brasileirão Série A,36,2008-11-22,BRA016,BRA040,5,1, Couto Pereira,H
2681,2008,Brasileirão Série A,36,2008-11-23,BRA045,BRA025,4,2, Barradão,H
2682,2008,Brasileirão Série A,36,2008-11-23,BRA018,BRA021,3,2, Mineirão,H
2683,2008,Brasileirão Série A,36,2008-11-23,BRA044,BRA042,1,2, São Januário,A
2684,2008,Brasileirão Série A,36,2008-11-23,BRA028,BRA022,0,2, Beira Rio,A
2685,2008,Brasileirão Série A,36,2008-11-23,BRA043,BRA005,3,0,Ilha do Retiro,H
2686,2008,Brasileirão Série A,36,2008-11-23,BRA033,BRA029,2,0,Palestra Itália,H
2687,2008,Brasileirão Série A,37,2008-11-30,BRA016,BRA044,0,2, Couto Pereira,A
2688,2008,Brasileirão Série A,37,2008-11-30,BRA009,BRA020,1,3,Engenhão,A
2689,2008,Brasileirão Série A,37,2008-11-30,BRA037,BRA043,2,2,Canindé,D
2690,2008,Brasileirão Série A,37,2008-11-30,BRA032,BRA003,2,1,Aflitos,H
2691,2008,Brasileirão Série A,37,2008-11-30,BRA005,BRA040,0,0, Mineirão,D
2692,2008,Brasileirão Série A,37,2008-11-30,BRA028,BRA018,1,0, Beira Rio,H
2693,2008,Brasileirão Série A,37,2008-11-30,BRA045,BRA033,0,0, Barradão,D
2694,2008,Brasileirão Série A,37,2008-11-30,BRA021,BRA024,3,3, Maracanã,D
2695,2008,Brasileirão Série A,37,2008-11-30,BRA029,BRA025,1,4,  Ipatingão,A
2696,2008,Brasileirão Série A,37,2008-11-30,BRA042,BRA022,1,1, Morumbi,D
2697,2008,Brasileirão Série A,38,2008-12-07,BRA040,BRA032,0,0, Vila Belmiro,D
2698,2008,Brasileirão Série A,38,2008-12-07,BRA044,BRA045,0,2, São Januário,A
2699,2008,Brasileirão Série A,38,2008-12-07,BRA020,BRA028,3,1, Orlando Scarpelli,H
2700,2008,Brasileirão Série A,38,2008-12-07,BRA003,BRA021,5,3,  Kyocera Arena,H
2701,2008,Brasileirão Série A,38,2008-12-07,BRA043,BRA016,4,3,Ilha do Retiro,H
2702,2008,Brasileirão Série A,38,2008-12-07,BRA018,BRA037,4,1, Mineirão,H
2703,2008,Brasileirão Série A,38,2008-12-07,BRA022,BRA029,1,1, Maracanã,D
2704,2008,Brasileirão Série A,38,2008-12-07,BRA033,BRA009,0,1,Palestra Itália,A
2705,2008,Brasileirão Série A,38,2008-12-07,BRA025,BRA005,2,0, Olímpico,H
2706,2008,Brasileirão Série A,38,2008-12-07,BRA024,BRA042,0,1,Bezerrão,A
2707,2009,Brasileirão Série A,1,2009-05-09,BRA043,BRA008,1,1,Ilha do Retiro,D
2708,2009,Brasileirão Série A,1,2009-05-09,BRA033,BRA016,2,1,Palestra Itália,H
2709,2009,Brasileirão Série A,1,2009-05-09,BRA006,BRA005,2,2,  Ressacada,D
2710,2009,Brasileirão Série A,1,2009-05-10,BRA015,BRA028,0,1, Pacaembu,A
2711,2009,Brasileirão Série A,1,2009-05-10,BRA022,BRA042,1,0, Maracanã,H
2712,2009,Brasileirão Série A,1,2009-05-10,BRA003,BRA045,0,2, Arena da Baixada,A
2713,2009,Brasileirão Série A,1,2009-05-10,BRA018,BRA021,2,0, Mineirão,H
2714,2009,Brasileirão Série A,1,2009-05-10,BRA025,BRA040,1,1, Olímpico,D
2715,2009,Brasileirão Série A,1,2009-05-10,BRA039,BRA009,1,1,Bruno José Daniel,D
2716,2009,Brasileirão Série A,1,2009-05-10,BRA024,BRA032,3,3, Serra Dourada,D
2717,2009,Brasileirão Série A,2,2009-05-16,BRA016,BRA039,2,4, Couto Pereira,A
2718,2009,Brasileirão Série A,2,2009-05-16,BRA005,BRA025,2,1, Mineirão,H
2719,2009,Brasileirão Série A,2,2009-05-16,BRA021,BRA006,0,0, Maracanã,D
2720,2009,Brasileirão Série A,2,2009-05-17,BRA040,BRA024,3,3, Vila Belmiro,D
2721,2009,Brasileirão Série A,2,2009-05-17,BRA042,BRA003,2,2, Morumbi,D
2722,2009,Brasileirão Série A,2,2009-05-17,BRA008,BRA022,0,0,Arena Barueri,D
2723,2009,Brasileirão Série A,2,2009-05-17,BRA028,BRA033,2,0, Beira Rio,H
2724,2009,Brasileirão Série A,2,2009-05-17,BRA009,BRA015,0,0,Engenhão,D
2725,2009,Brasileirão Série A,2,2009-05-17,BRA045,BRA043,1,0, Barradão,H
2726,2009,Brasileirão Série A,2,2009-05-17,BRA032,BRA018,2,0,Aflitos,H
2727,2009,Brasileirão Série A,3,2009-05-23,BRA015,BRA008,2,1, Pacaembu,H
2728,2009,Brasileirão Série A,3,2009-05-23,BRA018,BRA045,2,0, Mineirão,H
2729,2009,Brasileirão Série A,3,2009-05-23,BRA024,BRA028,0,1, Serra Dourada,A
2730,2009,Brasileirão Série A,3,2009-05-24,BRA033,BRA042,0,0,Palestra Itália,D
2731,2009,Brasileirão Série A,3,2009-05-24,BRA022,BRA040,1,4, Maracanã,A
2732,2009,Brasileirão Série A,3,2009-05-24,BRA003,BRA032,2,3, Arena da Baixada,A
2733,2009,Brasileirão Série A,3,2009-05-24,BRA025,BRA009,2,0, Olímpico,H
2734,2009,Brasileirão Série A,3,2009-05-24,BRA043,BRA005,2,3,Ilha do Retiro,A
2735,2009,Brasileirão Série A,3,2009-05-24,BRA006,BRA016,2,2,  Ressacada,D
2736,2009,Brasileirão Série A,3,2009-05-24,BRA039,BRA021,1,2,Bruno José Daniel,A
2737,2009,Brasileirão Série A,4,2009-05-30,BRA009,BRA043,2,2,Engenhão,D
2738,2009,Brasileirão Série A,4,2009-05-30,BRA016,BRA024,1,3, Couto Pereira,A
2739,2009,Brasileirão Série A,4,2009-05-30,BRA005,BRA039,0,0, Mineirão,D
2740,2009,Brasileirão Série A,4,2009-05-31,BRA042,BRA018,3,0, Morumbi,H
2741,2009,Brasileirão Série A,4,2009-05-31,BRA040,BRA015,3,1, Vila Belmiro,H
2742,2009,Brasileirão Série A,4,2009-05-31,BRA021,BRA003,2,1, Maracanã,H
2743,2009,Brasileirão Série A,4,2009-05-31,BRA032,BRA022,1,1,Aflitos,D
2744,2009,Brasileirão Série A,4,2009-05-31,BRA045,BRA025,1,0, Barradão,H
2745,2009,Brasileirão Série A,4,2009-05-31,BRA008,BRA033,2,2,Arena Barueri,D
2746,2009,Brasileirão Série A,4,2009-05-31,BRA028,BRA006,2,1, Beira Rio,H
2760,2009,Brasileirão Série A,6,2009-05-31,BRA024,BRA015,0,0, Serra Dourada,D
2761,2009,Brasileirão Série A,6,2009-05-31,BRA022,BRA025,0,0, Maracanã,D
2762,2009,Brasileirão Série A,6,2009-05-31,BRA016,BRA021,5,0, Couto Pereira,H
2763,2009,Brasileirão Série A,6,2009-05-31,BRA005,BRA032,3,0, Mineirão,H
2764,2009,Brasileirão Série A,6,2009-05-31,BRA008,BRA006,3,1,Arena Barueri,H
2765,2009,Brasileirão Série A,6,2009-05-31,BRA033,BRA018,3,1,Palestra Itália,H
2766,2009,Brasileirão Série A,6,2009-05-31,BRA028,BRA045,0,0, Beira Rio,D
2747,2009,Brasileirão Série A,5,2009-06-04,BRA025,BRA032,3,0, Olímpico,H
2748,2009,Brasileirão Série A,5,2009-06-04,BRA039,BRA040,3,3,Bruno José Daniel,D
2749,2009,Brasileirão Série A,5,2009-06-06,BRA015,BRA016,2,0, Pacaembu,H
2750,2009,Brasileirão Série A,5,2009-06-07,BRA033,BRA045,2,1,Palestra Itália,H
2751,2009,Brasileirão Série A,5,2009-06-07,BRA003,BRA005,0,4, Arena da Baixada,A
2752,2009,Brasileirão Série A,5,2009-06-07,BRA043,BRA021,4,2,Ilha do Retiro,H
2753,2009,Brasileirão Série A,5,2009-06-07,BRA006,BRA042,0,0,  Ressacada,D
2754,2009,Brasileirão Série A,5,2009-06-07,BRA018,BRA028,1,1, Mineirão,D
2755,2009,Brasileirão Série A,5,2009-06-07,BRA024,BRA008,2,2, Serra Dourada,D
2756,2009,Brasileirão Série A,5,2009-06-07,BRA022,BRA009,1,0, Maracanã,H
2757,2009,Brasileirão Série A,6,2009-06-13,BRA042,BRA039,1,1, Morumbi,D
2758,2009,Brasileirão Série A,6,2009-06-13,BRA043,BRA003,0,1,Ilha do Retiro,A
2759,2009,Brasileirão Série A,6,2009-06-13,BRA009,BRA040,2,0,Engenhão,H
2767,2009,Brasileirão Série A,7,2009-06-20,BRA003,BRA033,2,2, Arena da Baixada,D
2768,2009,Brasileirão Série A,7,2009-06-20,BRA045,BRA009,4,3, Barradão,H
2769,2009,Brasileirão Série A,7,2009-06-20,BRA039,BRA043,2,1,Bruno José Daniel,H
2770,2009,Brasileirão Série A,7,2009-06-20,BRA025,BRA024,2,2, Olímpico,D
2771,2009,Brasileirão Série A,7,2009-06-20,BRA006,BRA022,3,2,  Ressacada,H
2772,2009,Brasileirão Série A,7,2009-06-20,BRA032,BRA016,0,1,Aflitos,A
2773,2009,Brasileirão Série A,7,2009-06-21,BRA015,BRA042,3,1, Pacaembu,H
2774,2009,Brasileirão Série A,7,2009-06-21,BRA040,BRA005,2,3, Vila Belmiro,A
2775,2009,Brasileirão Série A,7,2009-06-21,BRA018,BRA008,2,4, Mineirão,A
2776,2009,Brasileirão Série A,7,2009-06-21,BRA021,BRA028,4,0, Maracanã,H
2777,2009,Brasileirão Série A,8,2009-06-27,BRA003,BRA015,1,0, Arena da Baixada,H
2778,2009,Brasileirão Série A,8,2009-06-27,BRA008,BRA005,4,2,Arena Barueri,H
2779,2009,Brasileirão Série A,8,2009-06-27,BRA042,BRA032,2,0, Morumbi,H
2780,2009,Brasileirão Série A,8,2009-06-27,BRA018,BRA006,1,0, Mineirão,H
2781,2009,Brasileirão Série A,8,2009-06-27,BRA009,BRA024,1,4,Engenhão,A
2782,2009,Brasileirão Série A,8,2009-06-28,BRA033,BRA040,1,1,Palestra Itália,D
2783,2009,Brasileirão Série A,8,2009-06-28,BRA028,BRA016,3,0, Beira Rio,H
2784,2009,Brasileirão Série A,8,2009-06-28,BRA045,BRA039,4,1, Barradão,H
2785,2009,Brasileirão Série A,8,2009-06-28,BRA043,BRA025,3,1,Ilha do Retiro,H
2786,2009,Brasileirão Série A,8,2009-06-28,BRA022,BRA021,0,0, Maracanã,D
2787,2009,Brasileirão Série A,9,2009-07-04,BRA040,BRA043,1,0, Vila Belmiro,H
2788,2009,Brasileirão Série A,9,2009-07-04,BRA039,BRA008,1,1,Bruno José Daniel,D
2789,2009,Brasileirão Série A,9,2009-07-04,BRA021,BRA045,2,1,Engenhão,H
2790,2009,Brasileirão Série A,9,2009-07-05,BRA016,BRA042,2,0, Couto Pereira,H
2791,2009,Brasileirão Série A,9,2009-07-05,BRA024,BRA018,1,0, Serra Dourada,H
2792,2009,Brasileirão Série A,9,2009-07-05,BRA005,BRA009,1,1, Mineirão,D
2793,2009,Brasileirão Série A,9,2009-07-05,BRA025,BRA003,4,1, Olímpico,H
2794,2009,Brasileirão Série A,9,2009-07-05,BRA006,BRA033,0,3,  Ressacada,A
2795,2009,Brasileirão Série A,9,2009-07-05,BRA032,BRA028,0,2,Aflitos,A
2796,2009,Brasileirão Série A,9,2009-07-08,BRA015,BRA022,4,2, Pacaembu,H
2797,2009,Brasileirão Série A,10,2009-07-11,BRA006,BRA009,1,2,  Ressacada,A
2798,2009,Brasileirão Série A,10,2009-07-11,BRA008,BRA016,3,1,Arena Barueri,H
2799,2009,Brasileirão Série A,10,2009-07-11,BRA033,BRA032,4,1,Palestra Itália,H
2800,2009,Brasileirão Série A,10,2009-07-12,BRA018,BRA005,0,3, Mineirão,A
2801,2009,Brasileirão Série A,10,2009-07-12,BRA003,BRA028,3,2, Arena da Baixada,H
2802,2009,Brasileirão Série A,10,2009-07-12,BRA025,BRA015,3,0, Olímpico,H
2803,2009,Brasileirão Série A,10,2009-07-12,BRA042,BRA021,2,2, Morumbi,D
2804,2009,Brasileirão Série A,10,2009-07-12,BRA045,BRA040,6,2, Barradão,H
2805,2009,Brasileirão Série A,10,2009-07-12,BRA043,BRA024,1,0,Ilha do Retiro,H
2806,2009,Brasileirão Série A,10,2009-07-12,BRA022,BRA039,0,1, Maracanã,A
2807,2009,Brasileirão Série A,11,2009-07-15,BRA024,BRA006,0,2, Serra Dourada,A
2808,2009,Brasileirão Série A,11,2009-07-15,BRA016,BRA025,2,1, Couto Pereira,H
2809,2009,Brasileirão Série A,11,2009-07-15,BRA040,BRA008,3,3, Vila Belmiro,D
2810,2009,Brasileirão Série A,11,2009-07-15,BRA039,BRA003,1,0,Bruno José Daniel,H
2811,2009,Brasileirão Série A,11,2009-07-15,BRA021,BRA033,1,2, Maracanã,A
2812,2009,Brasileirão Série A,11,2009-07-15,BRA028,BRA022,4,2, Beira Rio,H
2813,2009,Brasileirão Série A,11,2009-07-16,BRA005,BRA042,2,0, Mineirão,H
2814,2009,Brasileirão Série A,11,2009-07-16,BRA015,BRA043,4,3, Pacaembu,H
2815,2009,Brasileirão Série A,11,2009-07-16,BRA032,BRA045,1,1,Aflitos,D
2817,2009,Brasileirão Série A,12,2009-07-18,BRA022,BRA024,1,4, Maracanã,A
2818,2009,Brasileirão Série A,12,2009-07-18,BRA033,BRA039,1,0,Palestra Itália,H
2819,2009,Brasileirão Série A,12,2009-07-19,BRA025,BRA028,2,1, Olímpico,H
2820,2009,Brasileirão Série A,12,2009-07-19,BRA042,BRA040,2,1, Morumbi,H
2821,2009,Brasileirão Série A,12,2009-07-19,BRA003,BRA016,0,0, Arena da Baixada,D
2822,2009,Brasileirão Série A,12,2009-07-19,BRA045,BRA005,0,0, Barradão,D
2823,2009,Brasileirão Série A,12,2009-07-19,BRA018,BRA015,1,2, Mineirão,A
2824,2009,Brasileirão Série A,12,2009-07-19,BRA008,BRA032,4,0,Arena Barueri,H
2825,2009,Brasileirão Série A,12,2009-07-19,BRA043,BRA006,1,3,Ilha do Retiro,A
2826,2009,Brasileirão Série A,12,2009-07-19,BRA021,BRA009,2,2, Maracanã,D
2827,2009,Brasileirão Série A,13,2009-07-22,BRA021,BRA008,1,1, Maracanã,D
2828,2009,Brasileirão Série A,13,2009-07-22,BRA039,BRA018,0,2,Bruno José Daniel,A
2829,2009,Brasileirão Série A,13,2009-07-22,BRA006,BRA025,1,0,  Ressacada,H
2830,2009,Brasileirão Série A,13,2009-07-22,BRA040,BRA003,1,0, Vila Belmiro,H
2831,2009,Brasileirão Série A,13,2009-07-22,BRA024,BRA033,2,1, Serra Dourada,H
2832,2009,Brasileirão Série A,13,2009-07-22,BRA028,BRA042,2,2, Beira Rio,D
2833,2009,Brasileirão Série A,13,2009-07-22,BRA032,BRA009,2,2,Aflitos,D
2834,2009,Brasileirão Série A,13,2009-07-23,BRA005,BRA022,2,1, Mineirão,H
2835,2009,Brasileirão Série A,13,2009-07-23,BRA016,BRA043,1,1, Couto Pereira,D
2836,2009,Brasileirão Série A,13,2009-07-23,BRA015,BRA045,2,1, Pacaembu,H
2837,2009,Brasileirão Série A,14,2009-07-25,BRA025,BRA039,3,2, Olímpico,H
2838,2009,Brasileirão Série A,14,2009-07-25,BRA003,BRA006,1,3, Arena da Baixada,A
2839,2009,Brasileirão Série A,14,2009-07-25,BRA009,BRA028,3,2,Engenhão,H
2840,2009,Brasileirão Série A,14,2009-07-26,BRA040,BRA021,1,2, Vila Belmiro,A
2841,2009,Brasileirão Série A,14,2009-07-26,BRA015,BRA033,0,3,Eduardo José Farah,A
2842,2009,Brasileirão Série A,14,2009-07-26,BRA005,BRA024,0,1, Mineirão,A
2843,2009,Brasileirão Série A,14,2009-07-26,BRA043,BRA032,3,3,Ilha do Retiro,D
2844,2009,Brasileirão Série A,14,2009-07-26,BRA022,BRA018,1,1, Maracanã,D
2845,2009,Brasileirão Série A,14,2009-07-26,BRA045,BRA016,1,0, Barradão,H
2846,2009,Brasileirão Série A,14,2009-07-26,BRA008,BRA042,1,2,Arena Barueri,A
2847,2009,Brasileirão Série A,15,2009-07-29,BRA032,BRA040,1,2,Aflitos,A
2848,2009,Brasileirão Série A,15,2009-07-29,BRA016,BRA009,2,2, Couto Pereira,D
2849,2009,Brasileirão Série A,15,2009-07-29,BRA024,BRA003,3,0, Serra Dourada,H
2850,2009,Brasileirão Série A,15,2009-07-29,BRA028,BRA008,3,2, Beira Rio,H
2851,2009,Brasileirão Série A,15,2009-07-29,BRA018,BRA043,1,0, Mineirão,H
2852,2009,Brasileirão Série A,15,2009-07-29,BRA039,BRA015,1,1,Teixeirão,D
2853,2009,Brasileirão Série A,15,2009-07-29,BRA033,BRA022,1,0,Palestra Itália,H
2854,2009,Brasileirão Série A,15,2009-07-30,BRA006,BRA045,4,0,  Ressacada,H
2855,2009,Brasileirão Série A,15,2009-07-30,BRA021,BRA005,3,1, Maracanã,H
2856,2009,Brasileirão Série A,15,2009-07-30,BRA042,BRA025,2,1, Morumbi,H
2857,2009,Brasileirão Série A,16,2009-08-01,BRA043,BRA033,0,1,Ilha do Retiro,A
2858,2009,Brasileirão Série A,16,2009-08-01,BRA009,BRA008,2,1,Engenhão,H
2859,2009,Brasileirão Série A,16,2009-08-02,BRA021,BRA032,1,1, Maracanã,D
2860,2009,Brasileirão Série A,16,2009-08-02,BRA015,BRA006,0,0, Pacaembu,D
2861,2009,Brasileirão Série A,16,2009-08-02,BRA045,BRA042,0,1, Barradão,A
2862,2009,Brasileirão Série A,16,2009-08-02,BRA003,BRA022,1,0,  Estádio do Café,H
2863,2009,Brasileirão Série A,16,2009-08-02,BRA039,BRA024,1,2, Anacleto Campanella,A
2864,2009,Brasileirão Série A,16,2009-08-02,BRA025,BRA018,4,1, Olímpico,H
2865,2009,Brasileirão Série A,16,2009-08-02,BRA005,BRA016,3,2, Mineirão,H
2867,2009,Brasileirão Série A,17,2009-08-05,BRA018,BRA003,0,2, Mineirão,A
2868,2009,Brasileirão Série A,17,2009-08-05,BRA006,BRA039,1,0,  Ressacada,H
2869,2009,Brasileirão Série A,17,2009-08-05,BRA042,BRA009,3,1, Morumbi,H
2870,2009,Brasileirão Série A,17,2009-08-05,BRA032,BRA015,1,0,Aflitos,H
2871,2009,Brasileirão Série A,17,2009-08-05,BRA016,BRA040,0,1,  Olímpico Regional,A
2872,2009,Brasileirão Série A,17,2009-08-05,BRA024,BRA021,3,2, Serra Dourada,H
2873,2009,Brasileirão Série A,17,2009-08-06,BRA033,BRA025,1,1,Palestra Itália,D
2874,2009,Brasileirão Série A,17,2009-08-06,BRA022,BRA043,5,1, Maracanã,H
2875,2009,Brasileirão Série A,17,2009-08-06,BRA008,BRA045,4,0,Arena Barueri,H
2877,2009,Brasileirão Série A,18,2009-08-08,BRA040,BRA006,2,2, Vila Belmiro,D
2878,2009,Brasileirão Série A,18,2009-08-08,BRA032,BRA039,2,1,Luiz Lacerda,H
2879,2009,Brasileirão Série A,18,2009-08-08,BRA009,BRA003,0,1,Engenhão,A
2880,2009,Brasileirão Série A,18,2009-08-09,BRA021,BRA015,1,0, Maracanã,H
2881,2009,Brasileirão Série A,18,2009-08-09,BRA045,BRA022,2,2, Barradão,D
2882,2009,Brasileirão Série A,18,2009-08-09,BRA016,BRA018,1,3, Couto Pereira,A
2883,2009,Brasileirão Série A,18,2009-08-09,BRA042,BRA024,3,1, Morumbi,H
2884,2009,Brasileirão Série A,18,2009-08-09,BRA008,BRA025,1,0,Arena Barueri,H
2885,2009,Brasileirão Série A,18,2009-08-10,BRA028,BRA043,3,0, Beira Rio,H
2886,2009,Brasileirão Série A,18,2009-08-12,BRA005,BRA033,1,1, Mineirão,D
2887,2009,Brasileirão Série A,19,2009-08-15,BRA006,BRA032,2,1,  Ressacada,H
2888,2009,Brasileirão Série A,19,2009-08-15,BRA039,BRA028,0,2,Bruno José Daniel,A
2889,2009,Brasileirão Série A,19,2009-08-15,BRA033,BRA009,1,1,Palestra Itália,D
2890,2009,Brasileirão Série A,19,2009-08-16,BRA022,BRA016,1,3, Maracanã,A
2891,2009,Brasileirão Série A,19,2009-08-16,BRA025,BRA021,4,1, Olímpico,H
2892,2009,Brasileirão Série A,19,2009-08-16,BRA015,BRA005,2,0, Pacaembu,H
2893,2009,Brasileirão Série A,19,2009-08-16,BRA043,BRA042,1,2,Ilha do Retiro,A
2894,2009,Brasileirão Série A,19,2009-08-16,BRA024,BRA045,3,2, Serra Dourada,H
2895,2009,Brasileirão Série A,19,2009-08-16,BRA003,BRA008,3,0, Arena da Baixada,H
2896,2009,Brasileirão Série A,19,2009-08-16,BRA018,BRA040,0,0, Mineirão,D
2897,2009,Brasileirão Série A,20,2009-08-19,BRA040,BRA025,1,0, Vila Belmiro,H
2898,2009,Brasileirão Série A,20,2009-08-19,BRA045,BRA003,2,1, Barradão,H
2899,2009,Brasileirão Série A,20,2009-08-19,BRA009,BRA039,1,2,Engenhão,A
2900,2009,Brasileirão Série A,20,2009-08-19,BRA008,BRA043,2,1,Arena Barueri,H
2901,2009,Brasileirão Série A,20,2009-08-19,BRA042,BRA022,1,0, Morumbi,H
2902,2009,Brasileirão Série A,20,2009-08-19,BRA016,BRA033,1,0, Couto Pereira,H
2903,2009,Brasileirão Série A,20,2009-08-19,BRA028,BRA015,1,2, Beira Rio,A
2904,2009,Brasileirão Série A,20,2009-08-20,BRA021,BRA018,1,2, Maracanã,A
2905,2009,Brasileirão Série A,20,2009-08-20,BRA032,BRA024,2,0,Aflitos,H
2906,2009,Brasileirão Série A,20,2009-08-20,BRA005,BRA006,2,2, Mineirão,D
2907,2009,Brasileirão Série A,21,2009-08-22,BRA033,BRA028,2,1,Palestra Itália,H
2908,2009,Brasileirão Série A,21,2009-08-22,BRA039,BRA016,1,0,Bruno José Daniel,H
2909,2009,Brasileirão Série A,21,2009-08-22,BRA043,BRA045,2,0,Ilha do Retiro,H
2910,2009,Brasileirão Série A,21,2009-08-23,BRA015,BRA009,3,3, Pacaembu,D
2911,2009,Brasileirão Série A,21,2009-08-23,BRA003,BRA042,1,0, Arena da Baixada,H
2912,2009,Brasileirão Série A,21,2009-08-23,BRA025,BRA005,4,1, Olímpico,H
2913,2009,Brasileirão Série A,21,2009-08-23,BRA022,BRA008,0,0, Maracanã,D
2914,2009,Brasileirão Série A,21,2009-08-23,BRA024,BRA040,2,1, Serra Dourada,H
2915,2009,Brasileirão Série A,21,2009-08-23,BRA018,BRA032,4,2, Mineirão,H
2916,2009,Brasileirão Série A,21,2009-08-23,BRA006,BRA021,3,0,  Ressacada,H
2866,2009,Brasileirão Série A,16,2009-08-26,BRA040,BRA028,3,3, Vila Belmiro,D
2917,2009,Brasileirão Série A,22,2009-08-26,BRA008,BRA015,2,2,Arena Barueri,D
2816,2009,Brasileirão Série A,11,2009-08-27,BRA009,BRA018,1,1,Engenhão,D
2918,2009,Brasileirão Série A,22,2009-08-29,BRA016,BRA006,2,0, Couto Pereira,H
2919,2009,Brasileirão Série A,22,2009-08-29,BRA021,BRA039,3,0, Maracanã,H
2920,2009,Brasileirão Série A,22,2009-08-29,BRA032,BRA003,3,0,Aflitos,H
2921,2009,Brasileirão Série A,22,2009-08-30,BRA042,BRA033,0,0, Morumbi,D
2922,2009,Brasileirão Série A,22,2009-08-30,BRA040,BRA022,2,0, Vila Belmiro,H
2923,2009,Brasileirão Série A,22,2009-08-30,BRA005,BRA043,1,1, Mineirão,D
2924,2009,Brasileirão Série A,22,2009-08-30,BRA045,BRA018,3,3, Barradão,D
2925,2009,Brasileirão Série A,22,2009-08-30,BRA028,BRA024,4,0, Beira Rio,H
2926,2009,Brasileirão Série A,22,2009-08-30,BRA009,BRA025,3,3,Engenhão,D
2876,2009,Brasileirão Série A,17,2009-09-02,BRA028,BRA005,3,0, Beira Rio,H
2927,2009,Brasileirão Série A,23,2009-09-02,BRA015,BRA040,2,1, Pacaembu,H
2928,2009,Brasileirão Série A,23,2009-09-05,BRA033,BRA008,2,1,Palestra Itália,H
2929,2009,Brasileirão Série A,23,2009-09-05,BRA025,BRA045,1,1, Olímpico,D
2930,2009,Brasileirão Série A,23,2009-09-05,BRA043,BRA009,2,1,Ilha do Retiro,H
2931,2009,Brasileirão Série A,23,2009-09-06,BRA003,BRA021,0,0, Arena da Baixada,D
2932,2009,Brasileirão Série A,23,2009-09-06,BRA018,BRA042,1,2, Mineirão,A
2933,2009,Brasileirão Série A,23,2009-09-06,BRA024,BRA016,2,2, Serra Dourada,D
2934,2009,Brasileirão Série A,23,2009-09-06,BRA006,BRA028,0,2,  Ressacada,A
2935,2009,Brasileirão Série A,23,2009-09-06,BRA022,BRA032,1,1, Maracanã,D
2936,2009,Brasileirão Série A,23,2009-09-06,BRA039,BRA005,1,2,Bruno José Daniel,A
2937,2009,Brasileirão Série A,24,2009-09-12,BRA042,BRA006,2,0, Morumbi,H
2938,2009,Brasileirão Série A,24,2009-09-12,BRA021,BRA043,3,0, Maracanã,H
2939,2009,Brasileirão Série A,24,2009-09-13,BRA040,BRA039,1,0, Vila Belmiro,H
2940,2009,Brasileirão Série A,24,2009-09-13,BRA005,BRA003,2,1, Mineirão,H
2941,2009,Brasileirão Série A,24,2009-09-13,BRA045,BRA033,3,2, Barradão,H
2942,2009,Brasileirão Série A,24,2009-09-13,BRA028,BRA018,2,3, Beira Rio,A
2943,2009,Brasileirão Série A,24,2009-09-13,BRA009,BRA022,0,0,Engenhão,D
2944,2009,Brasileirão Série A,24,2009-09-13,BRA032,BRA025,0,2,Aflitos,A
2945,2009,Brasileirão Série A,24,2009-09-13,BRA008,BRA024,3,1,Arena Barueri,H
2946,2009,Brasileirão Série A,24,2009-09-16,BRA016,BRA015,1,1, Couto Pereira,D
2947,2009,Brasileirão Série A,25,2009-09-19,BRA003,BRA043,1,0, Arena da Baixada,H
2948,2009,Brasileirão Série A,25,2009-09-19,BRA045,BRA028,2,0, Barradão,H
2949,2009,Brasileirão Série A,25,2009-09-19,BRA032,BRA005,0,0,Aflitos,D
2950,2009,Brasileirão Série A,25,2009-09-20,BRA025,BRA022,5,1, Olímpico,H
2951,2009,Brasileirão Série A,25,2009-09-20,BRA039,BRA042,1,1,  Santa Cruz,D
2952,2009,Brasileirão Série A,25,2009-09-20,BRA006,BRA008,4,0,  Ressacada,H
2953,2009,Brasileirão Série A,25,2009-09-20,BRA021,BRA016,3,0, Maracanã,H
2954,2009,Brasileirão Série A,25,2009-09-20,BRA040,BRA009,0,0, Vila Belmiro,D
2955,2009,Brasileirão Série A,25,2009-09-20,BRA015,BRA024,1,4, Pacaembu,A
2956,2009,Brasileirão Série A,25,2009-09-23,BRA018,BRA033,1,2, Mineirão,A
2957,2009,Brasileirão Série A,26,2009-09-26,BRA033,BRA003,2,1,Palestra Itália,H
2958,2009,Brasileirão Série A,26,2009-09-26,BRA008,BRA018,0,1,Arena Barueri,A
2959,2009,Brasileirão Série A,26,2009-09-27,BRA028,BRA021,0,0, Beira Rio,D
2960,2009,Brasileirão Série A,26,2009-09-27,BRA042,BRA015,1,1, Morumbi,D
2961,2009,Brasileirão Série A,26,2009-09-27,BRA016,BRA032,2,0, Couto Pereira,H
2962,2009,Brasileirão Série A,26,2009-09-27,BRA024,BRA025,2,1, Serra Dourada,H
2963,2009,Brasileirão Série A,26,2009-09-27,BRA022,BRA006,3,2, Maracanã,H
2964,2009,Brasileirão Série A,26,2009-09-27,BRA005,BRA040,3,1, Mineirão,H
2965,2009,Brasileirão Série A,26,2009-09-27,BRA009,BRA045,1,3,Engenhão,A
2966,2009,Brasileirão Série A,26,2009-09-27,BRA043,BRA039,2,1,Ilha do Retiro,H
2967,2009,Brasileirão Série A,27,2009-09-30,BRA032,BRA042,1,2,Aflitos,A
2968,2009,Brasileirão Série A,27,2009-10-03,BRA039,BRA045,1,0,Bruno José Daniel,H
2969,2009,Brasileirão Série A,27,2009-10-03,BRA015,BRA003,1,3, Pacaembu,A
2970,2009,Brasileirão Série A,27,2009-10-03,BRA005,BRA008,2,1, Mineirão,H
2971,2009,Brasileirão Série A,27,2009-10-04,BRA040,BRA033,1,3, Vila Belmiro,A
2972,2009,Brasileirão Série A,27,2009-10-04,BRA025,BRA043,3,3, Olímpico,D
2973,2009,Brasileirão Série A,27,2009-10-04,BRA024,BRA009,1,3, Serra Dourada,A
2974,2009,Brasileirão Série A,27,2009-10-04,BRA021,BRA022,2,0, Maracanã,H
2975,2009,Brasileirão Série A,27,2009-10-04,BRA006,BRA018,2,2,  Ressacada,D
2976,2009,Brasileirão Série A,27,2009-10-04,BRA016,BRA028,2,0, Couto Pereira,H
2977,2009,Brasileirão Série A,28,2009-10-07,BRA043,BRA040,0,1,Ilha do Retiro,A
2978,2009,Brasileirão Série A,28,2009-10-07,BRA008,BRA039,0,0,Arena Barueri,D
2979,2009,Brasileirão Série A,28,2009-10-07,BRA003,BRA025,0,0, Arena da Baixada,D
2980,2009,Brasileirão Série A,28,2009-10-07,BRA042,BRA016,2,2, Morumbi,D
2981,2009,Brasileirão Série A,28,2009-10-07,BRA045,BRA021,3,3, Barradão,D
2982,2009,Brasileirão Série A,28,2009-10-07,BRA022,BRA015,1,1, Maracanã,D
2983,2009,Brasileirão Série A,28,2009-10-07,BRA028,BRA032,3,1, Beira Rio,H
2984,2009,Brasileirão Série A,28,2009-10-08,BRA018,BRA024,3,0, Mineirão,H
2985,2009,Brasileirão Série A,28,2009-10-08,BRA033,BRA006,2,2,Palestra Itália,D
2986,2009,Brasileirão Série A,28,2009-10-08,BRA009,BRA005,3,1,Engenhão,H
2987,2009,Brasileirão Série A,29,2009-10-10,BRA015,BRA025,2,1, Pacaembu,H
2988,2009,Brasileirão Série A,29,2009-10-10,BRA021,BRA042,2,1, Maracanã,H
2989,2009,Brasileirão Série A,29,2009-10-10,BRA039,BRA022,1,2,Bruno José Daniel,A
2990,2009,Brasileirão Série A,29,2009-10-10,BRA028,BRA003,1,1, Beira Rio,D
2991,2009,Brasileirão Série A,29,2009-10-10,BRA016,BRA008,1,2, Couto Pereira,A
2992,2009,Brasileirão Série A,29,2009-10-12,BRA040,BRA045,0,0, Pacaembu,D
2993,2009,Brasileirão Série A,29,2009-10-12,BRA005,BRA018,0,1, Mineirão,A
2994,2009,Brasileirão Série A,29,2009-10-12,BRA024,BRA043,1,1, Serra Dourada,D
2995,2009,Brasileirão Série A,29,2009-10-12,BRA032,BRA033,3,0,Aflitos,H
2996,2009,Brasileirão Série A,29,2009-10-12,BRA009,BRA006,2,2,Engenhão,D
2997,2009,Brasileirão Série A,30,2009-10-17,BRA008,BRA040,0,0,Arena Barueri,D
2998,2009,Brasileirão Série A,30,2009-10-17,BRA042,BRA005,0,1, Morumbi,A
2999,2009,Brasileirão Série A,30,2009-10-17,BRA006,BRA024,2,1,  Ressacada,H
3000,2009,Brasileirão Série A,30,2009-10-18,BRA043,BRA015,2,0,Ilha do Retiro,H
3001,2009,Brasileirão Série A,30,2009-10-18,BRA025,BRA016,2,0, Olímpico,H
3002,2009,Brasileirão Série A,30,2009-10-18,BRA022,BRA028,2,2, Maracanã,D
3003,2009,Brasileirão Série A,30,2009-10-18,BRA033,BRA021,0,2,Palestra Itália,A
3004,2009,Brasileirão Série A,30,2009-10-18,BRA003,BRA039,3,0, Arena da Baixada,H
3005,2009,Brasileirão Série A,30,2009-10-18,BRA018,BRA009,1,0, Mineirão,H
3006,2009,Brasileirão Série A,30,2009-10-18,BRA045,BRA032,3,1, Barradão,H
3007,2009,Brasileirão Série A,31,2009-10-21,BRA039,BRA033,2,0,Bruno José Daniel,H
3008,2009,Brasileirão Série A,31,2009-10-24,BRA005,BRA045,1,0, Mineirão,H
3009,2009,Brasileirão Série A,31,2009-10-24,BRA032,BRA008,2,1,Aflitos,H
3010,2009,Brasileirão Série A,31,2009-10-25,BRA040,BRA042,3,4, Vila Belmiro,A
3011,2009,Brasileirão Série A,31,2009-10-25,BRA028,BRA025,1,0, Beira Rio,H
3012,2009,Brasileirão Série A,31,2009-10-25,BRA016,BRA003,3,2, Couto Pereira,H
3013,2009,Brasileirão Série A,31,2009-10-25,BRA024,BRA022,2,2, Serra Dourada,D
3014,2009,Brasileirão Série A,31,2009-10-25,BRA015,BRA018,0,1, Pacaembu,A
3015,2009,Brasileirão Série A,31,2009-10-25,BRA006,BRA043,2,2,  Ressacada,D
3016,2009,Brasileirão Série A,31,2009-10-25,BRA009,BRA021,0,1,Engenhão,A
3017,2009,Brasileirão Série A,32,2009-10-28,BRA003,BRA040,1,1, Arena da Baixada,D
3018,2009,Brasileirão Série A,32,2009-10-28,BRA009,BRA032,1,0,Engenhão,H
3019,2009,Brasileirão Série A,32,2009-10-28,BRA018,BRA039,3,2, Mineirão,H
3020,2009,Brasileirão Série A,32,2009-10-28,BRA025,BRA006,3,1, Olímpico,H
3021,2009,Brasileirão Série A,32,2009-10-28,BRA045,BRA015,0,1, Barradão,A
3022,2009,Brasileirão Série A,32,2009-10-28,BRA008,BRA021,2,0,Arena Barueri,H
3023,2009,Brasileirão Série A,32,2009-10-28,BRA042,BRA028,1,0, Morumbi,H
3024,2009,Brasileirão Série A,32,2009-10-29,BRA043,BRA016,1,1,Ilha do Retiro,D
3025,2009,Brasileirão Série A,32,2009-10-29,BRA022,BRA005,2,1, Maracanã,H
3026,2009,Brasileirão Série A,32,2009-10-29,BRA033,BRA024,4,0,Palestra Itália,H
3027,2009,Brasileirão Série A,33,2009-10-31,BRA021,BRA040,1,0, Maracanã,H
3028,2009,Brasileirão Série A,33,2009-10-31,BRA006,BRA003,2,0,  Ressacada,H
3029,2009,Brasileirão Série A,33,2009-10-31,BRA042,BRA008,1,0, Morumbi,H
3030,2009,Brasileirão Série A,33,2009-11-01,BRA033,BRA015,2,2,Eduardo José Farah,D
3031,2009,Brasileirão Série A,33,2009-11-01,BRA028,BRA009,0,1, Beira Rio,A
3032,2009,Brasileirão Série A,33,2009-11-01,BRA016,BRA045,1,0, Couto Pereira,H
3033,2009,Brasileirão Série A,33,2009-11-01,BRA024,BRA005,2,3, Serra Dourada,A
3034,2009,Brasileirão Série A,33,2009-11-01,BRA018,BRA022,2,3, Mineirão,A
3035,2009,Brasileirão Série A,33,2009-11-01,BRA039,BRA025,2,0,Bruno José Daniel,H
3036,2009,Brasileirão Série A,33,2009-11-01,BRA032,BRA043,3,2,Aflitos,H
3037,2009,Brasileirão Série A,34,2009-11-04,BRA025,BRA042,1,1, Olímpico,D
3038,2009,Brasileirão Série A,34,2009-11-07,BRA045,BRA006,0,1, Barradão,A
3039,2009,Brasileirão Série A,34,2009-11-07,BRA043,BRA018,2,3,Ilha do Retiro,A
3040,2009,Brasileirão Série A,34,2009-11-07,BRA040,BRA032,3,1, Pacaembu,H
3041,2009,Brasileirão Série A,34,2009-11-08,BRA022,BRA033,1,0, Maracanã,H
3042,2009,Brasileirão Série A,34,2009-11-08,BRA005,BRA021,1,3, Mineirão,A
3043,2009,Brasileirão Série A,34,2009-11-08,BRA015,BRA039,2,0, Pacaembu,H
3044,2009,Brasileirão Série A,34,2009-11-08,BRA008,BRA028,1,1,Arena Barueri,D
3045,2009,Brasileirão Série A,34,2009-11-08,BRA009,BRA016,2,0,Engenhão,H
3046,2009,Brasileirão Série A,34,2009-11-08,BRA003,BRA024,2,0, Arena da Baixada,H
3047,2009,Brasileirão Série A,35,2009-11-11,BRA033,BRA043,2,2,Palestra Itália,D
3048,2009,Brasileirão Série A,35,2009-11-14,BRA018,BRA025,1,1, Mineirão,D
3049,2009,Brasileirão Série A,35,2009-11-14,BRA042,BRA045,2,0, Morumbi,H
3050,2009,Brasileirão Série A,35,2009-11-14,BRA016,BRA005,2,1, Couto Pereira,H
3051,2009,Brasileirão Série A,35,2009-11-15,BRA032,BRA021,0,2,Aflitos,A
3052,2009,Brasileirão Série A,35,2009-11-15,BRA006,BRA015,3,1,  Ressacada,H
3053,2009,Brasileirão Série A,35,2009-11-15,BRA008,BRA009,3,0,Arena Barueri,H
3054,2009,Brasileirão Série A,35,2009-11-15,BRA022,BRA003,2,1, Maracanã,H
3055,2009,Brasileirão Série A,35,2009-11-15,BRA024,BRA039,3,1, Serra Dourada,H
3056,2009,Brasileirão Série A,35,2009-11-15,BRA028,BRA040,3,1, Beira Rio,H
3057,2009,Brasileirão Série A,36,2009-11-18,BRA025,BRA033,2,0, Olímpico,H
3058,2009,Brasileirão Série A,36,2009-11-21,BRA015,BRA032,2,3, Pacaembu,A
3059,2009,Brasileirão Série A,36,2009-11-21,BRA003,BRA018,1,1, Arena da Baixada,D
3060,2009,Brasileirão Série A,36,2009-11-22,BRA009,BRA042,3,2,Engenhão,H
3061,2009,Brasileirão Série A,36,2009-11-22,BRA043,BRA022,0,3,Ilha do Retiro,A
3062,2009,Brasileirão Série A,36,2009-11-22,BRA039,BRA006,4,2,Bruno José Daniel,H
3063,2009,Brasileirão Série A,36,2009-11-22,BRA040,BRA016,4,0, Vila Belmiro,H
3064,2009,Brasileirão Série A,36,2009-11-22,BRA045,BRA008,2,1, Barradão,H
3065,2009,Brasileirão Série A,36,2009-11-22,BRA005,BRA028,0,1, Mineirão,A
3066,2009,Brasileirão Série A,36,2009-11-22,BRA021,BRA024,0,0, Maracanã,D
3067,2009,Brasileirão Série A,37,2009-11-29,BRA024,BRA042,4,2, Serra Dourada,H
3068,2009,Brasileirão Série A,37,2009-11-29,BRA015,BRA021,0,2, Brinco de Ouro,A
3069,2009,Brasileirão Série A,37,2009-11-29,BRA033,BRA005,3,1,Palestra Itália,H
3070,2009,Brasileirão Série A,37,2009-11-29,BRA043,BRA028,1,2,Ilha do Retiro,A
3071,2009,Brasileirão Série A,37,2009-11-29,BRA025,BRA008,4,2, Olímpico,H
3072,2009,Brasileirão Série A,37,2009-11-29,BRA006,BRA040,2,2,  Ressacada,D
3073,2009,Brasileirão Série A,37,2009-11-29,BRA018,BRA016,4,1, Mineirão,H
3074,2009,Brasileirão Série A,37,2009-11-29,BRA039,BRA032,5,3,Bruno José Daniel,H
3075,2009,Brasileirão Série A,37,2009-11-29,BRA003,BRA009,2,0, Arena da Baixada,H
3076,2009,Brasileirão Série A,37,2009-11-29,BRA022,BRA045,4,0, Maracanã,H
3077,2009,Brasileirão Série A,38,2009-12-05,BRA005,BRA015,0,3, Mineirão,A
3078,2009,Brasileirão Série A,38,2009-12-05,BRA032,BRA006,0,1,Aflitos,A
3079,2009,Brasileirão Série A,38,2009-12-06,BRA021,BRA025,2,1, Maracanã,H
3080,2009,Brasileirão Série A,38,2009-12-06,BRA009,BRA033,2,1,Engenhão,H
3081,2009,Brasileirão Série A,38,2009-12-06,BRA042,BRA043,4,0, Morumbi,H
3082,2009,Brasileirão Série A,38,2009-12-06,BRA028,BRA039,4,1, Beira Rio,H
3083,2009,Brasileirão Série A,38,2009-12-06,BRA040,BRA018,1,2, Vila Belmiro,A
3084,2009,Brasileirão Série A,38,2009-12-06,BRA008,BRA003,0,0,  Prudentão,D
3085,2009,Brasileirão Série A,38,2009-12-06,BRA045,BRA024,2,2, Barradão,D
3086,2009,Brasileirão Série A,38,2009-12-06,BRA016,BRA022,1,1, Couto Pereira,D
3087,2010,Brasileirão Série A,1,2010-05-08,BRA009,BRA040,3,3,Engenhão,D
3088,2010,Brasileirão Série A,1,2010-05-08,BRA004,BRA025,0,0, Serra Dourada,D
3089,2010,Brasileirão Série A,1,2010-05-08,BRA033,BRA045,1,0,  Parque Antártica,H
3090,2010,Brasileirão Série A,1,2010-05-09,BRA021,BRA042,1,1, Maracanã,D
3091,2010,Brasileirão Série A,1,2010-05-09,BRA005,BRA044,2,1, Mineirão,H
3092,2010,Brasileirão Série A,1,2010-05-09,BRA028,BRA018,1,2, Beira Rio,A
3093,2010,Brasileirão Série A,1,2010-05-09,BRA015,BRA003,2,1, Pacaembu,H
3094,2010,Brasileirão Série A,1,2010-05-09,BRA013,BRA022,1,0, Castelão,H
3095,2010,Brasileirão Série A,1,2010-05-09,BRA027,BRA024,1,0, Brinco de Ouro,H
3096,2010,Brasileirão Série A,1,2010-05-09,BRA006,BRA026,6,1,  Ressacada,H
3097,2010,Brasileirão Série A,2,2010-05-15,BRA022,BRA004,1,0, Maracanã,H
3098,2010,Brasileirão Série A,2,2010-05-15,BRA026,BRA005,4,0,  Prudentão,H
3099,2010,Brasileirão Série A,2,2010-05-15,BRA045,BRA021,1,1, Barradão,D
3100,2010,Brasileirão Série A,2,2010-05-16,BRA040,BRA013,1,1, Vila Belmiro,D
3101,2010,Brasileirão Série A,2,2010-05-16,BRA042,BRA009,1,2, Morumbi,A
3102,2010,Brasileirão Série A,2,2010-05-16,BRA025,BRA015,1,2, Olímpico,A
3103,2010,Brasileirão Série A,2,2010-05-16,BRA024,BRA028,2,3, Serra Dourada,A
3104,2010,Brasileirão Série A,2,2010-05-16,BRA044,BRA033,0,0, São Januário,D
3105,2010,Brasileirão Série A,2,2010-05-16,BRA018,BRA006,2,2, Mineirão,D
3106,2010,Brasileirão Série A,2,2010-05-16,BRA003,BRA027,2,2, Arena da Baixada,D
3107,2010,Brasileirão Série A,3,2010-05-22,BRA009,BRA024,3,0,Engenhão,H
3108,2010,Brasileirão Série A,3,2010-05-22,BRA004,BRA040,1,2, Serra Dourada,A
3109,2010,Brasileirão Série A,3,2010-05-22,BRA033,BRA025,4,2,  Parque Antártica,H
3110,2010,Brasileirão Série A,3,2010-05-23,BRA005,BRA003,3,1, Mineirão,H
3111,2010,Brasileirão Série A,3,2010-05-23,BRA028,BRA042,0,2, Beira Rio,A
3112,2010,Brasileirão Série A,3,2010-05-23,BRA015,BRA022,1,0, Pacaembu,H
3113,2010,Brasileirão Série A,3,2010-05-23,BRA013,BRA045,1,0, Castelão,H
3114,2010,Brasileirão Série A,3,2010-05-23,BRA027,BRA018,2,2, Brinco de Ouro,D
3115,2010,Brasileirão Série A,3,2010-05-23,BRA006,BRA044,2,0,  Ressacada,H
3116,2010,Brasileirão Série A,3,2010-05-23,BRA021,BRA026,3,1, Maracanã,H
3130,2010,Brasileirão Série A,5,2010-05-23,BRA027,BRA042,0,0, Brinco de Ouro,D
3131,2010,Brasileirão Série A,5,2010-05-23,BRA005,BRA022,1,3, Mineirão,A
3132,2010,Brasileirão Série A,5,2010-05-23,BRA028,BRA003,4,1, Beira Rio,H
3133,2010,Brasileirão Série A,5,2010-05-23,BRA015,BRA040,4,2, Pacaembu,H
3134,2010,Brasileirão Série A,5,2010-05-23,BRA013,BRA018,1,0, Castelão,H
3135,2010,Brasileirão Série A,5,2010-05-23,BRA009,BRA044,1,1,Engenhão,D
3136,2010,Brasileirão Série A,5,2010-05-23,BRA004,BRA024,1,3, Serra Dourada,A
3117,2010,Brasileirão Série A,4,2010-05-26,BRA045,BRA005,4,3, Barradão,H
3118,2010,Brasileirão Série A,4,2010-05-26,BRA022,BRA021,2,1, Maracanã,H
3119,2010,Brasileirão Série A,4,2010-05-26,BRA025,BRA006,3,0, Olímpico,H
3120,2010,Brasileirão Série A,4,2010-05-26,BRA042,BRA033,1,0, Morumbi,H
3121,2010,Brasileirão Série A,4,2010-05-26,BRA026,BRA015,2,2,  Prudentão,D
3122,2010,Brasileirão Série A,4,2010-05-26,BRA040,BRA027,3,1, Vila Belmiro,H
3123,2010,Brasileirão Série A,4,2010-05-26,BRA018,BRA009,1,0, Mineirão,H
3124,2010,Brasileirão Série A,4,2010-05-27,BRA024,BRA013,0,0, Serra Dourada,D
3125,2010,Brasileirão Série A,4,2010-05-27,BRA044,BRA028,3,2, São Januário,H
3126,2010,Brasileirão Série A,4,2010-05-27,BRA003,BRA004,2,1, Arena da Baixada,H
3127,2010,Brasileirão Série A,5,2010-05-29,BRA006,BRA045,0,0,  Ressacada,D
3128,2010,Brasileirão Série A,5,2010-05-29,BRA021,BRA025,1,1, Maracanã,D
3129,2010,Brasileirão Série A,5,2010-05-29,BRA033,BRA026,0,0,Arena Barueri,D
3137,2010,Brasileirão Série A,6,2010-06-02,BRA003,BRA009,3,2, Arena da Baixada,H
3138,2010,Brasileirão Série A,6,2010-06-02,BRA022,BRA045,2,1, Maracanã,H
3139,2010,Brasileirão Série A,6,2010-06-02,BRA026,BRA004,1,0,  Prudentão,H
3140,2010,Brasileirão Série A,6,2010-06-02,BRA013,BRA006,2,0, Castelão,H
3141,2010,Brasileirão Série A,6,2010-06-02,BRA018,BRA040,0,0, Mineirão,D
3142,2010,Brasileirão Série A,6,2010-06-02,BRA033,BRA021,0,1, Pacaembu,A
3143,2010,Brasileirão Série A,6,2010-06-02,BRA024,BRA042,2,1, Serra Dourada,H
3144,2010,Brasileirão Série A,6,2010-06-03,BRA025,BRA005,2,1, Olímpico,H
3145,2010,Brasileirão Série A,6,2010-06-03,BRA044,BRA027,0,1, São Januário,A
3146,2010,Brasileirão Série A,6,2010-06-03,BRA015,BRA028,2,0, Pacaembu,H
3147,2010,Brasileirão Série A,7,2010-06-05,BRA006,BRA022,0,3,  Ressacada,A
3148,2010,Brasileirão Série A,7,2010-06-05,BRA021,BRA024,1,2, Maracanã,A
3149,2010,Brasileirão Série A,7,2010-06-05,BRA045,BRA003,1,0, Barradão,H
3150,2010,Brasileirão Série A,7,2010-06-06,BRA042,BRA025,3,1, Morumbi,H
3151,2010,Brasileirão Série A,7,2010-06-06,BRA040,BRA044,4,0, Vila Belmiro,H
3152,2010,Brasileirão Série A,7,2010-06-06,BRA005,BRA013,0,1, Mineirão,A
3153,2010,Brasileirão Série A,7,2010-06-06,BRA009,BRA015,2,2,Engenhão,D
3154,2010,Brasileirão Série A,7,2010-06-06,BRA027,BRA026,1,0, Brinco de Ouro,H
3155,2010,Brasileirão Série A,7,2010-06-06,BRA028,BRA033,1,1, Beira Rio,D
3156,2010,Brasileirão Série A,7,2010-06-06,BRA004,BRA018,2,1, Serra Dourada,H
3157,2010,Brasileirão Série A,8,2010-07-14,BRA025,BRA045,1,1, Olímpico,D
3158,2010,Brasileirão Série A,8,2010-07-14,BRA003,BRA018,0,2, Arena da Baixada,A
3159,2010,Brasileirão Série A,8,2010-07-14,BRA042,BRA006,1,2, Morumbi,A
3160,2010,Brasileirão Série A,8,2010-07-14,BRA021,BRA009,1,0, Maracanã,H
3161,2010,Brasileirão Série A,8,2010-07-14,BRA013,BRA015,0,0, Castelão,D
3162,2010,Brasileirão Série A,8,2010-07-14,BRA024,BRA044,0,0, Serra Dourada,D
3163,2010,Brasileirão Série A,8,2010-07-14,BRA027,BRA028,0,3, Brinco de Ouro,A
3164,2010,Brasileirão Série A,8,2010-07-15,BRA033,BRA040,2,1, Pacaembu,H
3165,2010,Brasileirão Série A,8,2010-07-15,BRA005,BRA004,3,2,Arena do Jacaré,H
3166,2010,Brasileirão Série A,8,2010-07-15,BRA022,BRA026,1,1, Maracanã,D
3167,2010,Brasileirão Série A,9,2010-07-17,BRA044,BRA003,3,1, São Januário,H
3168,2010,Brasileirão Série A,9,2010-07-17,BRA045,BRA042,3,2, Barradão,H
3169,2010,Brasileirão Série A,9,2010-07-18,BRA028,BRA013,2,1, Beira Rio,H
3170,2010,Brasileirão Série A,9,2010-07-18,BRA004,BRA021,0,1, Serra Dourada,A
3171,2010,Brasileirão Série A,9,2010-07-18,BRA015,BRA005,1,0, Pacaembu,H
3172,2010,Brasileirão Série A,9,2010-07-18,BRA006,BRA033,4,2,  Ressacada,H
3173,2010,Brasileirão Série A,9,2010-07-18,BRA040,BRA022,0,1, Vila Belmiro,A
3174,2010,Brasileirão Série A,9,2010-07-18,BRA018,BRA024,1,0,Arena do Jacaré,H
3175,2010,Brasileirão Série A,9,2010-07-18,BRA009,BRA027,1,1,Engenhão,D
3176,2010,Brasileirão Série A,9,2010-07-18,BRA026,BRA025,2,0,  Prudentão,H
3177,2010,Brasileirão Série A,10,2010-07-21,BRA042,BRA026,1,1, Morumbi,D
3178,2010,Brasileirão Série A,10,2010-07-21,BRA005,BRA028,1,2,Arena do Jacaré,A
3179,2010,Brasileirão Série A,10,2010-07-21,BRA045,BRA024,2,2, Barradão,D
3180,2010,Brasileirão Série A,10,2010-07-21,BRA021,BRA006,1,1, Maracanã,D
3181,2010,Brasileirão Série A,10,2010-07-21,BRA004,BRA015,3,1, Serra Dourada,H
3182,2010,Brasileirão Série A,10,2010-07-21,BRA025,BRA044,1,1, Olímpico,D
3183,2010,Brasileirão Série A,10,2010-07-21,BRA003,BRA040,2,0, Arena da Baixada,H
3184,2010,Brasileirão Série A,10,2010-07-22,BRA027,BRA013,1,1, Brinco de Ouro,D
3185,2010,Brasileirão Série A,10,2010-07-22,BRA033,BRA009,2,2, Pacaembu,D
3186,2010,Brasileirão Série A,10,2010-07-22,BRA022,BRA018,1,0, Maracanã,H
3187,2010,Brasileirão Série A,11,2010-07-24,BRA044,BRA004,2,0, São Januário,H
3188,2010,Brasileirão Série A,11,2010-07-24,BRA006,BRA005,0,0,  Ressacada,D
3189,2010,Brasileirão Série A,11,2010-07-24,BRA026,BRA045,0,0,  Prudentão,D
3190,2010,Brasileirão Série A,11,2010-07-25,BRA040,BRA042,1,0, Vila Belmiro,H
3191,2010,Brasileirão Série A,11,2010-07-25,BRA018,BRA025,2,2,Arena do Jacaré,D
3192,2010,Brasileirão Série A,11,2010-07-25,BRA028,BRA021,1,0, Beira Rio,H
3193,2010,Brasileirão Série A,11,2010-07-25,BRA024,BRA003,0,2, Serra Dourada,A
3194,2010,Brasileirão Série A,11,2010-07-25,BRA013,BRA033,0,0, Castelão,D
3195,2010,Brasileirão Série A,11,2010-07-25,BRA015,BRA027,3,1, Pacaembu,H
3196,2010,Brasileirão Série A,11,2010-07-25,BRA009,BRA022,1,1,Engenhão,D
3197,2010,Brasileirão Série A,12,2010-07-31,BRA042,BRA013,2,1, Morumbi,H
3198,2010,Brasileirão Série A,12,2010-07-31,BRA022,BRA003,3,1, Maracanã,H
3199,2010,Brasileirão Série A,12,2010-07-31,BRA004,BRA027,1,1, Serra Dourada,D
3200,2010,Brasileirão Série A,12,2010-08-01,BRA033,BRA015,1,1, Pacaembu,D
3201,2010,Brasileirão Série A,12,2010-08-01,BRA045,BRA009,1,3, Barradão,A
3202,2010,Brasileirão Série A,12,2010-08-01,BRA028,BRA025,0,0, Beira Rio,D
3203,2010,Brasileirão Série A,12,2010-08-01,BRA006,BRA024,4,1,  Ressacada,H
3204,2010,Brasileirão Série A,12,2010-08-01,BRA005,BRA018,0,1,Arena do Jacaré,A
3205,2010,Brasileirão Série A,12,2010-08-01,BRA021,BRA044,0,0, Maracanã,D
3206,2010,Brasileirão Série A,12,2010-08-01,BRA026,BRA040,1,2,  Prudentão,A
3207,2010,Brasileirão Série A,13,2010-08-07,BRA009,BRA005,3,0,Engenhão,H
3208,2010,Brasileirão Série A,13,2010-08-07,BRA027,BRA006,4,1, Brinco de Ouro,H
3209,2010,Brasileirão Série A,13,2010-08-08,BRA015,BRA021,1,0, Pacaembu,H
3210,2010,Brasileirão Série A,13,2010-08-08,BRA024,BRA033,1,1, Serra Dourada,D
3211,2010,Brasileirão Série A,13,2010-08-08,BRA013,BRA004,0,0, Castelão,D
3212,2010,Brasileirão Série A,13,2010-08-08,BRA044,BRA045,1,0, São Januário,H
3213,2010,Brasileirão Série A,13,2010-08-08,BRA018,BRA026,0,0,Arena do Jacaré,D
3214,2010,Brasileirão Série A,13,2010-08-08,BRA025,BRA022,1,2, Olímpico,A
3215,2010,Brasileirão Série A,13,2010-08-08,BRA003,BRA042,1,1, Arena da Baixada,D
3217,2010,Brasileirão Série A,14,2010-08-14,BRA021,BRA013,1,0, Maracanã,H
3218,2010,Brasileirão Série A,14,2010-08-14,BRA033,BRA003,2,0, Pacaembu,H
3219,2010,Brasileirão Série A,14,2010-08-14,BRA004,BRA009,0,2, Serra Dourada,A
3220,2010,Brasileirão Série A,14,2010-08-14,BRA005,BRA027,3,1,  Ipatingão,H
3221,2010,Brasileirão Série A,14,2010-08-15,BRA042,BRA018,2,2, Morumbi,D
3222,2010,Brasileirão Série A,14,2010-08-15,BRA022,BRA028,3,0, Maracanã,H
3223,2010,Brasileirão Série A,14,2010-08-15,BRA026,BRA044,1,2,  Prudentão,A
3224,2010,Brasileirão Série A,14,2010-08-15,BRA006,BRA015,3,2,  Ressacada,H
3225,2010,Brasileirão Série A,14,2010-08-15,BRA045,BRA040,4,2, Barradão,H
3226,2010,Brasileirão Série A,14,2010-08-15,BRA025,BRA024,2,0, Olímpico,H
3227,2010,Brasileirão Série A,15,2010-08-21,BRA024,BRA026,1,2, Serra Dourada,A
3228,2010,Brasileirão Série A,15,2010-08-21,BRA013,BRA025,2,1, Castelão,H
3229,2010,Brasileirão Série A,15,2010-08-21,BRA009,BRA006,1,0,Engenhão,H
3230,2010,Brasileirão Série A,15,2010-08-22,BRA040,BRA005,2,0, Vila Belmiro,H
3231,2010,Brasileirão Série A,15,2010-08-22,BRA028,BRA004,1,1, Beira Rio,D
3232,2010,Brasileirão Série A,15,2010-08-22,BRA003,BRA021,1,0, Arena da Baixada,H
3233,2010,Brasileirão Série A,15,2010-08-22,BRA027,BRA033,0,0, Brinco de Ouro,D
3234,2010,Brasileirão Série A,15,2010-08-22,BRA018,BRA045,0,1,  Ipatingão,A
3235,2010,Brasileirão Série A,15,2010-08-22,BRA044,BRA022,2,2, Maracanã,D
3236,2010,Brasileirão Série A,15,2010-08-22,BRA015,BRA042,3,0, Pacaembu,H
3237,2010,Brasileirão Série A,16,2010-08-25,BRA024,BRA022,0,3, Serra Dourada,A
3238,2010,Brasileirão Série A,16,2010-08-25,BRA009,BRA013,1,0,Engenhão,H
3239,2010,Brasileirão Série A,16,2010-08-25,BRA006,BRA028,0,1,  Ressacada,A
3240,2010,Brasileirão Série A,16,2010-08-25,BRA026,BRA003,0,1,  Prudentão,A
3241,2010,Brasileirão Série A,16,2010-08-25,BRA042,BRA044,0,0, Morumbi,D
3242,2010,Brasileirão Série A,16,2010-08-25,BRA018,BRA015,1,0,Parque do Sabiá,H
3243,2010,Brasileirão Série A,16,2010-08-25,BRA025,BRA040,1,2, Olímpico,A
3244,2010,Brasileirão Série A,16,2010-08-26,BRA045,BRA027,1,1, Barradão,D
3245,2010,Brasileirão Série A,16,2010-08-26,BRA021,BRA005,0,0, Maracanã,D
3246,2010,Brasileirão Série A,16,2010-08-26,BRA033,BRA004,0,3, Pacaembu,A
3247,2010,Brasileirão Série A,17,2010-08-28,BRA040,BRA024,2,0, Pacaembu,H
3248,2010,Brasileirão Série A,17,2010-08-28,BRA028,BRA009,1,0, Beira Rio,H
3249,2010,Brasileirão Série A,17,2010-08-28,BRA044,BRA018,1,1, Maracanã,D
3250,2010,Brasileirão Série A,17,2010-08-28,BRA013,BRA026,2,2, Castelão,D
3251,2010,Brasileirão Série A,17,2010-08-29,BRA015,BRA045,2,1, Pacaembu,H
3252,2010,Brasileirão Série A,17,2010-08-29,BRA027,BRA021,2,1, Brinco de Ouro,H
3253,2010,Brasileirão Série A,17,2010-08-29,BRA005,BRA033,1,2,  Ipatingão,A
3254,2010,Brasileirão Série A,17,2010-08-29,BRA022,BRA042,2,2, Maracanã,D
3255,2010,Brasileirão Série A,17,2010-08-29,BRA004,BRA006,2,2, Serra Dourada,D
3256,2010,Brasileirão Série A,17,2010-08-29,BRA003,BRA025,1,1, Arena da Baixada,D
3257,2010,Brasileirão Série A,18,2010-09-01,BRA025,BRA027,1,0, Olímpico,H
3258,2010,Brasileirão Série A,18,2010-09-01,BRA045,BRA028,0,0, Barradão,D
3259,2010,Brasileirão Série A,18,2010-09-01,BRA026,BRA009,0,1,  Prudentão,A
3260,2010,Brasileirão Série A,18,2010-09-01,BRA024,BRA005,1,3, Serra Dourada,A
3261,2010,Brasileirão Série A,18,2010-09-01,BRA018,BRA021,1,0,Parque do Sabiá,H
3262,2010,Brasileirão Série A,18,2010-09-01,BRA003,BRA013,2,1, Arena da Baixada,H
3263,2010,Brasileirão Série A,18,2010-09-01,BRA022,BRA033,1,1, Maracanã,D
3264,2010,Brasileirão Série A,18,2010-09-02,BRA040,BRA006,2,1, Vila Belmiro,H
3265,2010,Brasileirão Série A,18,2010-09-02,BRA042,BRA004,2,1, Morumbi,H
3267,2010,Brasileirão Série A,19,2010-09-04,BRA013,BRA044,0,2, Castelão,A
3268,2010,Brasileirão Série A,19,2010-09-04,BRA015,BRA024,5,1, Pacaembu,H
3269,2010,Brasileirão Série A,19,2010-09-04,BRA009,BRA025,2,2,Engenhão,D
3270,2010,Brasileirão Série A,19,2010-09-05,BRA021,BRA040,0,0, Maracanã,D
3271,2010,Brasileirão Série A,19,2010-09-05,BRA027,BRA022,2,1, Brinco de Ouro,H
3272,2010,Brasileirão Série A,19,2010-09-05,BRA033,BRA018,2,3, Pacaembu,A
3273,2010,Brasileirão Série A,19,2010-09-05,BRA006,BRA003,0,1,  Ressacada,A
3274,2010,Brasileirão Série A,19,2010-09-05,BRA005,BRA042,2,3,  Ipatingão,A
3275,2010,Brasileirão Série A,19,2010-09-05,BRA004,BRA045,4,1, Serra Dourada,H
3276,2010,Brasileirão Série A,19,2010-09-05,BRA028,BRA026,2,0, Beira Rio,H
3277,2010,Brasileirão Série A,20,2010-09-08,BRA022,BRA013,3,1,Engenhão,H
3278,2010,Brasileirão Série A,20,2010-09-08,BRA018,BRA028,1,0,Parque do Sabiá,H
3279,2010,Brasileirão Série A,20,2010-09-08,BRA025,BRA004,2,0, Olímpico,H
3280,2010,Brasileirão Série A,20,2010-09-08,BRA024,BRA027,3,1, Serra Dourada,H
3281,2010,Brasileirão Série A,20,2010-09-08,BRA042,BRA021,2,0, Morumbi,H
3282,2010,Brasileirão Série A,20,2010-09-08,BRA045,BRA033,1,1, Barradão,D
3283,2010,Brasileirão Série A,20,2010-09-08,BRA003,BRA015,1,1, Arena da Baixada,D
3284,2010,Brasileirão Série A,20,2010-09-09,BRA040,BRA009,0,1, Pacaembu,A
3285,2010,Brasileirão Série A,20,2010-09-09,BRA044,BRA005,1,1, São Januário,D
3286,2010,Brasileirão Série A,20,2010-09-09,BRA026,BRA006,1,1,  Prudentão,D
3287,2010,Brasileirão Série A,21,2010-09-11,BRA021,BRA045,2,2,  Raulino de Oliveira,D
3288,2010,Brasileirão Série A,21,2010-09-11,BRA015,BRA025,0,1, Pacaembu,A
3289,2010,Brasileirão Série A,21,2010-09-11,BRA004,BRA022,2,1, Serra Dourada,H
3290,2010,Brasileirão Série A,21,2010-09-12,BRA033,BRA044,0,0, Pacaembu,D
3291,2010,Brasileirão Série A,21,2010-09-12,BRA009,BRA042,2,0,Engenhão,H
3292,2010,Brasileirão Série A,21,2010-09-12,BRA005,BRA026,1,0,Arena do Jacaré,H
3293,2010,Brasileirão Série A,21,2010-09-12,BRA006,BRA018,1,2,  Ressacada,A
3294,2010,Brasileirão Série A,21,2010-09-12,BRA027,BRA003,1,0, Brinco de Ouro,H
3295,2010,Brasileirão Série A,21,2010-09-12,BRA028,BRA024,0,0, Beira Rio,D
3296,2010,Brasileirão Série A,21,2010-09-12,BRA013,BRA040,2,1, Castelão,H
3297,2010,Brasileirão Série A,22,2010-09-15,BRA040,BRA004,4,2, Vila Belmiro,H
3298,2010,Brasileirão Série A,22,2010-09-15,BRA018,BRA027,4,2,Arena do Jacaré,H
3299,2010,Brasileirão Série A,22,2010-09-15,BRA024,BRA009,4,1, Serra Dourada,H
3300,2010,Brasileirão Série A,22,2010-09-15,BRA003,BRA005,2,1, Arena da Baixada,H
3301,2010,Brasileirão Série A,22,2010-09-15,BRA022,BRA015,1,2,Engenhão,A
3302,2010,Brasileirão Série A,22,2010-09-15,BRA026,BRA021,1,2,  Prudentão,A
3303,2010,Brasileirão Série A,22,2010-09-15,BRA025,BRA033,1,2, Olímpico,A
3304,2010,Brasileirão Série A,22,2010-09-15,BRA045,BRA013,0,0, Barradão,D
3305,2010,Brasileirão Série A,22,2010-09-16,BRA042,BRA028,1,3, Morumbi,A
3306,2010,Brasileirão Série A,22,2010-09-16,BRA044,BRA006,1,1, São Januário,D
3307,2010,Brasileirão Série A,23,2010-09-18,BRA015,BRA026,3,0, Pacaembu,H
3308,2010,Brasileirão Série A,23,2010-09-18,BRA009,BRA018,2,2,Engenhão,D
3309,2010,Brasileirão Série A,23,2010-09-18,BRA004,BRA003,1,2, Serra Dourada,A
3310,2010,Brasileirão Série A,23,2010-09-19,BRA033,BRA042,0,2, Pacaembu,A
3311,2010,Brasileirão Série A,23,2010-09-19,BRA027,BRA040,0,0, Brinco de Ouro,D
3312,2010,Brasileirão Série A,23,2010-09-19,BRA005,BRA045,2,3,Arena do Jacaré,A
3313,2010,Brasileirão Série A,23,2010-09-19,BRA028,BRA044,1,0, Beira Rio,H
3314,2010,Brasileirão Série A,23,2010-09-19,BRA021,BRA022,3,3,Engenhão,D
3315,2010,Brasileirão Série A,23,2010-09-19,BRA006,BRA025,0,3,  Ressacada,A
3316,2010,Brasileirão Série A,23,2010-09-19,BRA013,BRA024,1,1, Castelão,D
3317,2010,Brasileirão Série A,24,2010-09-22,BRA042,BRA027,2,1, Morumbi,H
3318,2010,Brasileirão Série A,24,2010-09-22,BRA026,BRA033,0,1,  Prudentão,A
3319,2010,Brasileirão Série A,24,2010-09-22,BRA018,BRA013,2,0,Arena do Jacaré,H
3320,2010,Brasileirão Série A,24,2010-09-22,BRA024,BRA004,1,3, Serra Dourada,A
3321,2010,Brasileirão Série A,24,2010-09-22,BRA044,BRA009,2,2,Engenhão,D
3322,2010,Brasileirão Série A,24,2010-09-22,BRA003,BRA028,1,0, Arena da Baixada,H
3323,2010,Brasileirão Série A,24,2010-09-22,BRA025,BRA021,2,2, Olímpico,D
3324,2010,Brasileirão Série A,24,2010-09-22,BRA040,BRA015,2,3, Vila Belmiro,A
3325,2010,Brasileirão Série A,24,2010-09-23,BRA022,BRA005,5,1,Engenhão,H
3326,2010,Brasileirão Série A,24,2010-09-23,BRA045,BRA006,3,0, Barradão,H
3327,2010,Brasileirão Série A,25,2010-09-25,BRA040,BRA018,4,1,Arena Barueri,H
3328,2010,Brasileirão Série A,25,2010-09-25,BRA042,BRA024,0,3, Morumbi,A
3329,2010,Brasileirão Série A,25,2010-09-25,BRA027,BRA044,1,0, Brinco de Ouro,H
3330,2010,Brasileirão Série A,25,2010-09-25,BRA004,BRA026,3,0, Serra Dourada,H
3331,2010,Brasileirão Série A,25,2010-09-25,BRA021,BRA033,1,3,Engenhão,A
3332,2010,Brasileirão Série A,25,2010-09-26,BRA028,BRA015,3,2, Beira Rio,H
3333,2010,Brasileirão Série A,25,2010-09-26,BRA045,BRA022,1,2, Barradão,A
3334,2010,Brasileirão Série A,25,2010-09-26,BRA009,BRA003,1,1,Engenhão,D
3335,2010,Brasileirão Série A,25,2010-09-26,BRA006,BRA013,5,0,  Ressacada,H
3336,2010,Brasileirão Série A,25,2010-09-26,BRA005,BRA025,1,2,Arena do Jacaré,A
3337,2010,Brasileirão Série A,26,2010-09-28,BRA044,BRA040,3,1, São Januário,H
3338,2010,Brasileirão Série A,26,2010-09-28,BRA024,BRA021,1,1, Serra Dourada,D
3339,2010,Brasileirão Série A,26,2010-09-29,BRA033,BRA028,2,0,Arena Barueri,H
3340,2010,Brasileirão Série A,26,2010-09-29,BRA026,BRA027,4,2,  Prudentão,H
3341,2010,Brasileirão Série A,26,2010-09-29,BRA018,BRA004,3,0,Arena do Jacaré,H
3342,2010,Brasileirão Série A,26,2010-09-29,BRA003,BRA045,1,0, Arena da Baixada,H
3343,2010,Brasileirão Série A,26,2010-09-29,BRA022,BRA006,1,0,  Raulino de Oliveira,H
3344,2010,Brasileirão Série A,26,2010-09-29,BRA025,BRA042,4,2, Olímpico,H
3345,2010,Brasileirão Série A,26,2010-09-29,BRA015,BRA009,1,1, Pacaembu,D
3346,2010,Brasileirão Série A,26,2010-09-29,BRA013,BRA005,0,0, Castelão,D
3347,2010,Brasileirão Série A,27,2010-10-01,BRA044,BRA024,3,2, São Januário,H
3348,2010,Brasileirão Série A,27,2010-10-02,BRA040,BRA033,1,1, Vila Belmiro,D
3349,2010,Brasileirão Série A,27,2010-10-02,BRA015,BRA013,2,2, Pacaembu,D
3350,2010,Brasileirão Série A,27,2010-10-02,BRA026,BRA022,1,1,  Prudentão,D
3351,2010,Brasileirão Série A,27,2010-10-02,BRA045,BRA025,0,3, Barradão,A
3352,2010,Brasileirão Série A,27,2010-10-02,BRA018,BRA003,0,0,Arena do Jacaré,D
3353,2010,Brasileirão Série A,27,2010-10-02,BRA009,BRA021,1,1,Engenhão,D
3354,2010,Brasileirão Série A,27,2010-10-02,BRA028,BRA027,3,0, Beira Rio,H
3355,2010,Brasileirão Série A,27,2010-10-02,BRA006,BRA042,0,0,  Ressacada,D
3356,2010,Brasileirão Série A,27,2010-10-02,BRA004,BRA005,2,3, Serra Dourada,A
3357,2010,Brasileirão Série A,28,2010-10-06,BRA022,BRA040,0,3,Engenhão,A
3358,2010,Brasileirão Série A,28,2010-10-06,BRA025,BRA026,4,0, Olímpico,H
3359,2010,Brasileirão Série A,28,2010-10-06,BRA027,BRA009,1,1, Brinco de Ouro,D
3360,2010,Brasileirão Série A,28,2010-10-06,BRA013,BRA028,1,0, Castelão,H
3361,2010,Brasileirão Série A,28,2010-10-06,BRA003,BRA044,0,0, Arena da Baixada,D
3362,2010,Brasileirão Série A,28,2010-10-06,BRA042,BRA045,2,0,Arena Barueri,H
3363,2010,Brasileirão Série A,28,2010-10-06,BRA005,BRA015,2,1,Arena do Jacaré,H
3364,2010,Brasileirão Série A,28,2010-10-07,BRA033,BRA006,4,1, Pacaembu,H
3365,2010,Brasileirão Série A,28,2010-10-07,BRA024,BRA018,0,1, Serra Dourada,A
3366,2010,Brasileirão Série A,28,2010-10-07,BRA021,BRA004,2,0,  Raulino de Oliveira,H
3367,2010,Brasileirão Série A,29,2010-10-09,BRA040,BRA003,2,0, Vila Belmiro,H
3368,2010,Brasileirão Série A,29,2010-10-09,BRA026,BRA042,2,3,  Prudentão,A
3369,2010,Brasileirão Série A,29,2010-10-09,BRA044,BRA025,3,3, São Januário,D
3370,2010,Brasileirão Série A,29,2010-10-10,BRA018,BRA022,1,0,Arena do Jacaré,H
3371,2010,Brasileirão Série A,29,2010-10-10,BRA015,BRA004,3,4, Pacaembu,A
3372,2010,Brasileirão Série A,29,2010-10-10,BRA009,BRA033,0,0,Engenhão,D
3373,2010,Brasileirão Série A,29,2010-10-10,BRA024,BRA045,1,0, Serra Dourada,H
3374,2010,Brasileirão Série A,29,2010-10-10,BRA006,BRA021,2,2,  Ressacada,D
3375,2010,Brasileirão Série A,29,2010-10-10,BRA013,BRA027,2,0, Castelão,H
3376,2010,Brasileirão Série A,29,2010-10-10,BRA028,BRA005,1,0, Beira Rio,H
3216,2010,Brasileirão Série A,13,2010-10-13,BRA040,BRA028,1,0, Vila Belmiro,H
3266,2010,Brasileirão Série A,18,2010-10-13,BRA044,BRA015,2,0, São Januário,H
3377,2010,Brasileirão Série A,30,2010-10-16,BRA021,BRA028,3,0,Engenhão,H
3378,2010,Brasileirão Série A,30,2010-10-16,BRA003,BRA024,2,1, Arena da Baixada,H
3379,2010,Brasileirão Série A,30,2010-10-17,BRA005,BRA006,2,0,Arena do Jacaré,H
3380,2010,Brasileirão Série A,30,2010-10-17,BRA027,BRA015,0,0, Brinco de Ouro,D
3381,2010,Brasileirão Série A,30,2010-10-17,BRA025,BRA018,2,1, Olímpico,H
3382,2010,Brasileirão Série A,30,2010-10-17,BRA004,BRA044,2,0, Serra Dourada,H
3383,2010,Brasileirão Série A,30,2010-10-17,BRA045,BRA026,2,0, Barradão,H
3384,2010,Brasileirão Série A,30,2010-10-17,BRA022,BRA009,0,0,Engenhão,D
3385,2010,Brasileirão Série A,30,2010-10-17,BRA042,BRA040,4,3, Morumbi,H
3386,2010,Brasileirão Série A,30,2010-10-17,BRA033,BRA013,1,1,Arena Barueri,D
3387,2010,Brasileirão Série A,31,2010-10-23,BRA009,BRA045,1,0,Engenhão,H
3388,2010,Brasileirão Série A,31,2010-10-23,BRA027,BRA004,0,1, Brinco de Ouro,A
3389,2010,Brasileirão Série A,31,2010-10-24,BRA015,BRA033,1,0, Pacaembu,H
3390,2010,Brasileirão Série A,31,2010-10-24,BRA013,BRA042,2,0, Castelão,H
3391,2010,Brasileirão Série A,31,2010-10-24,BRA024,BRA006,1,0, Serra Dourada,H
3392,2010,Brasileirão Série A,31,2010-10-24,BRA003,BRA022,2,2, Arena da Baixada,D
3393,2010,Brasileirão Série A,31,2010-10-24,BRA044,BRA021,1,1,Engenhão,D
3394,2010,Brasileirão Série A,31,2010-10-24,BRA040,BRA026,2,3, Vila Belmiro,A
3395,2010,Brasileirão Série A,31,2010-10-24,BRA018,BRA005,3,4,Parque do Sabiá,A
3396,2010,Brasileirão Série A,31,2010-10-24,BRA025,BRA028,2,2, Olímpico,D
3397,2010,Brasileirão Série A,32,2010-10-27,BRA021,BRA015,1,1,Engenhão,D
3398,2010,Brasileirão Série A,32,2010-10-28,BRA022,BRA025,2,0,Engenhão,H
3399,2010,Brasileirão Série A,32,2010-10-28,BRA042,BRA003,2,1,Arena Barueri,H
3400,2010,Brasileirão Série A,32,2010-10-28,BRA004,BRA013,1,1, Serra Dourada,D
3401,2010,Brasileirão Série A,32,2010-10-30,BRA028,BRA040,1,1, Beira Rio,D
3402,2010,Brasileirão Série A,32,2010-10-30,BRA045,BRA044,4,2, Barradão,H
3403,2010,Brasileirão Série A,32,2010-10-30,BRA033,BRA024,3,2,Arena Barueri,H
3404,2010,Brasileirão Série A,32,2010-10-30,BRA026,BRA018,0,2,  Prudentão,A
3405,2010,Brasileirão Série A,32,2010-10-30,BRA005,BRA009,0,2,Arena do Jacaré,A
3406,2010,Brasileirão Série A,32,2010-10-30,BRA006,BRA027,1,0,  Ressacada,H
3407,2010,Brasileirão Série A,33,2010-11-03,BRA040,BRA045,1,1, Vila Belmiro,D
3408,2010,Brasileirão Série A,33,2010-11-03,BRA028,BRA022,0,0, Beira Rio,D
3409,2010,Brasileirão Série A,33,2010-11-03,BRA009,BRA004,3,2,Engenhão,H
3410,2010,Brasileirão Série A,33,2010-11-03,BRA027,BRA005,0,0, Brinco de Ouro,D
3411,2010,Brasileirão Série A,33,2010-11-03,BRA024,BRA025,0,2, Serra Dourada,A
3412,2010,Brasileirão Série A,33,2010-11-03,BRA018,BRA042,0,2,Parque do Sabiá,A
3413,2010,Brasileirão Série A,33,2010-11-03,BRA015,BRA006,4,0, Pacaembu,H
3414,2010,Brasileirão Série A,33,2010-11-03,BRA013,BRA021,2,2, Castelão,D
3415,2010,Brasileirão Série A,33,2010-11-04,BRA044,BRA026,2,1, São Januário,H
3416,2010,Brasileirão Série A,33,2010-11-04,BRA003,BRA033,1,0, Arena da Baixada,H
3417,2010,Brasileirão Série A,34,2010-11-06,BRA005,BRA040,2,2,Arena do Jacaré,D
3418,2010,Brasileirão Série A,34,2010-11-06,BRA025,BRA013,5,1, Olímpico,H
3419,2010,Brasileirão Série A,34,2010-11-06,BRA004,BRA028,2,2, Serra Dourada,D
3420,2010,Brasileirão Série A,34,2010-11-07,BRA042,BRA015,0,2, Morumbi,A
3421,2010,Brasileirão Série A,34,2010-11-07,BRA026,BRA024,4,1,  Prudentão,H
3422,2010,Brasileirão Série A,34,2010-11-07,BRA045,BRA018,0,1, Barradão,A
3423,2010,Brasileirão Série A,34,2010-11-07,BRA006,BRA009,0,0,  Ressacada,D
3424,2010,Brasileirão Série A,34,2010-11-07,BRA022,BRA044,1,0,Engenhão,H
3425,2010,Brasileirão Série A,34,2010-11-07,BRA033,BRA027,1,0,Arena Barueri,H
3426,2010,Brasileirão Série A,34,2010-11-07,BRA021,BRA003,0,1,  Raulino de Oliveira,A
3427,2010,Brasileirão Série A,35,2010-11-10,BRA013,BRA009,2,2, Castelão,D
3428,2010,Brasileirão Série A,35,2010-11-13,BRA015,BRA018,1,0, Pacaembu,H
3429,2010,Brasileirão Série A,35,2010-11-13,BRA040,BRA025,0,0, Vila Belmiro,D
3430,2010,Brasileirão Série A,35,2010-11-13,BRA005,BRA021,4,1,Arena do Jacaré,H
3431,2010,Brasileirão Série A,35,2010-11-14,BRA022,BRA024,1,1,Engenhão,D
3432,2010,Brasileirão Série A,35,2010-11-14,BRA028,BRA006,2,3, Beira Rio,A
3433,2010,Brasileirão Série A,35,2010-11-14,BRA004,BRA033,3,0, Serra Dourada,H
3434,2010,Brasileirão Série A,35,2010-11-14,BRA027,BRA045,1,1, Brinco de Ouro,D
3435,2010,Brasileirão Série A,35,2010-11-14,BRA044,BRA042,1,1, São Januário,D
3436,2010,Brasileirão Série A,35,2010-11-14,BRA003,BRA026,2,1, Arena da Baixada,H
3437,2010,Brasileirão Série A,36,2010-11-20,BRA025,BRA003,3,1, Olímpico,H
3438,2010,Brasileirão Série A,36,2010-11-20,BRA021,BRA027,2,1,Engenhão,H
3439,2010,Brasileirão Série A,36,2010-11-20,BRA026,BRA013,1,1,  Prudentão,D
3440,2010,Brasileirão Série A,36,2010-11-21,BRA042,BRA022,1,4,Arena Barueri,A
3441,2010,Brasileirão Série A,36,2010-11-21,BRA009,BRA028,1,2,Engenhão,A
3442,2010,Brasileirão Série A,36,2010-11-21,BRA033,BRA005,0,2,Fonte Luminosa,A
3443,2010,Brasileirão Série A,36,2010-11-21,BRA045,BRA015,1,1, Barradão,D
3444,2010,Brasileirão Série A,36,2010-11-21,BRA018,BRA044,3,1,Arena do Jacaré,H
3445,2010,Brasileirão Série A,36,2010-11-21,BRA006,BRA004,3,0,  Ressacada,H
3446,2010,Brasileirão Série A,36,2010-11-21,BRA024,BRA040,1,4, Serra Dourada,A
3447,2010,Brasileirão Série A,37,2010-11-28,BRA033,BRA022,1,2,Arena Barueri,A
3448,2010,Brasileirão Série A,37,2010-11-28,BRA015,BRA044,2,0, Pacaembu,H
3449,2010,Brasileirão Série A,37,2010-11-28,BRA021,BRA018,1,2,  Raulino de Oliveira,A
3450,2010,Brasileirão Série A,37,2010-11-28,BRA009,BRA026,3,1,Engenhão,H
3451,2010,Brasileirão Série A,37,2010-11-28,BRA013,BRA003,1,1, Castelão,D
3452,2010,Brasileirão Série A,37,2010-11-28,BRA027,BRA025,0,3, Brinco de Ouro,A
3453,2010,Brasileirão Série A,37,2010-11-28,BRA005,BRA024,3,1,Arena do Jacaré,H
3454,2010,Brasileirão Série A,37,2010-11-28,BRA028,BRA045,1,1, Beira Rio,D
3455,2010,Brasileirão Série A,37,2010-11-28,BRA004,BRA042,1,1, Serra Dourada,D
3456,2010,Brasileirão Série A,37,2010-11-28,BRA006,BRA040,3,2,  Ressacada,H
3457,2010,Brasileirão Série A,38,2010-12-02,BRA026,BRA028,0,3,  Prudentão,A
3458,2010,Brasileirão Série A,38,2010-12-05,BRA022,BRA027,1,0,Engenhão,H
3459,2010,Brasileirão Série A,38,2010-12-05,BRA018,BRA033,2,1,Arena do Jacaré,H
3460,2010,Brasileirão Série A,38,2010-12-05,BRA024,BRA015,1,1, Serra Dourada,D
3461,2010,Brasileirão Série A,38,2010-12-05,BRA025,BRA009,3,0, Olímpico,H
3462,2010,Brasileirão Série A,38,2010-12-05,BRA044,BRA013,2,0, São Januário,H
3463,2010,Brasileirão Série A,38,2010-12-05,BRA040,BRA021,0,0, Vila Belmiro,D
3464,2010,Brasileirão Série A,38,2010-12-05,BRA042,BRA005,4,0, Morumbi,H
3465,2010,Brasileirão Série A,38,2010-12-05,BRA003,BRA006,1,0, Arena da Baixada,H
3466,2010,Brasileirão Série A,38,2010-12-05,BRA045,BRA004,0,0, Barradão,D
3467,2011,Brasileirão Série A,1,2011-05-21,BRA005,BRA003,3,0,Arena do Jacaré,H
3468,2011,Brasileirão Série A,1,2011-05-21,BRA021,BRA006,4,0,Cláudio Moacyr,H
3469,2011,Brasileirão Série A,1,2011-05-21,BRA013,BRA044,1,3, Presidente Vargas,A
3470,2011,Brasileirão Série A,1,2011-05-21,BRA040,BRA028,1,1, Vila Belmiro,D
3471,2011,Brasileirão Série A,1,2011-05-22,BRA033,BRA009,1,0,Teixeirão,H
3472,2011,Brasileirão Série A,1,2011-05-22,BRA025,BRA015,1,2, Olímpico,A
3473,2011,Brasileirão Série A,1,2011-05-22,BRA016,BRA004,0,1, Couto Pereira,A
3474,2011,Brasileirão Série A,1,2011-05-22,BRA020,BRA018,1,0, Orlando Scarpelli,H
3475,2011,Brasileirão Série A,1,2011-05-22,BRA022,BRA042,0,2, São Januário,A
3476,2011,Brasileirão Série A,1,2011-05-22,BRA001,BRA007,2,1,Arena do Jacaré,H
3477,2011,Brasileirão Série A,2,2011-05-28,BRA028,BRA013,0,1, Beira Rio,A
3478,2011,Brasileirão Série A,2,2011-05-28,BRA009,BRA040,1,0,Engenhão,H
3479,2011,Brasileirão Série A,2,2011-05-28,BRA006,BRA005,1,3,  Ressacada,A
3480,2011,Brasileirão Série A,2,2011-05-28,BRA042,BRA020,1,0, Morumbi,H
3481,2011,Brasileirão Série A,2,2011-05-29,BRA015,BRA016,2,1,Fonte Luminosa,H
3482,2011,Brasileirão Série A,2,2011-05-29,BRA007,BRA021,3,3,Pituaçu,D
3483,2011,Brasileirão Série A,2,2011-05-29,BRA003,BRA025,0,1, Arena da Baixada,A
3484,2011,Brasileirão Série A,2,2011-05-29,BRA018,BRA033,1,1,Arena do Jacaré,D
3485,2011,Brasileirão Série A,2,2011-05-29,BRA044,BRA001,3,0, São Januário,H
3486,2011,Brasileirão Série A,2,2011-05-29,BRA004,BRA022,0,1, Serra Dourada,A
3487,2011,Brasileirão Série A,3,2011-06-04,BRA033,BRA003,1,0,Canindé,H
3488,2011,Brasileirão Série A,3,2011-06-04,BRA013,BRA009,2,2, Presidente Vargas,D
3489,2011,Brasileirão Série A,3,2011-06-04,BRA022,BRA018,2,1,Engenhão,H
3490,2011,Brasileirão Série A,3,2011-06-04,BRA020,BRA004,2,0, Orlando Scarpelli,H
3491,2011,Brasileirão Série A,3,2011-06-05,BRA021,BRA015,1,1,Engenhão,D
3492,2011,Brasileirão Série A,3,2011-06-05,BRA025,BRA007,2,0, Olímpico,H
3493,2011,Brasileirão Série A,3,2011-06-05,BRA016,BRA044,5,1, Couto Pereira,H
3494,2011,Brasileirão Série A,3,2011-06-05,BRA001,BRA028,2,4,Morenão,A
3495,2011,Brasileirão Série A,3,2011-06-05,BRA040,BRA006,3,1, Vila Belmiro,H
3496,2011,Brasileirão Série A,3,2011-06-08,BRA005,BRA042,0,1,Arena do Jacaré,A
3497,2011,Brasileirão Série A,4,2011-06-11,BRA018,BRA040,1,1,Arena do Jacaré,D
3498,2011,Brasileirão Série A,4,2011-06-11,BRA006,BRA001,2,2,  Ressacada,D
3499,2011,Brasileirão Série A,4,2011-06-11,BRA042,BRA025,3,1, Morumbi,H
3500,2011,Brasileirão Série A,4,2011-06-11,BRA044,BRA020,1,1, São Januário,D
3501,2011,Brasileirão Série A,4,2011-06-12,BRA028,BRA033,2,2, Beira Rio,D
3502,2011,Brasileirão Série A,4,2011-06-12,BRA015,BRA022,2,0, Pacaembu,H
3503,2011,Brasileirão Série A,4,2011-06-12,BRA007,BRA005,1,1,Pituaçu,D
3504,2011,Brasileirão Série A,4,2011-06-12,BRA004,BRA013,4,1, Serra Dourada,H
3505,2011,Brasileirão Série A,4,2011-06-12,BRA009,BRA016,3,1,Engenhão,H
3506,2011,Brasileirão Série A,4,2011-06-12,BRA003,BRA021,1,1, Arena da Baixada,D
3507,2011,Brasileirão Série A,5,2011-06-18,BRA022,BRA007,0,1,Engenhão,A
3508,2011,Brasileirão Série A,5,2011-06-18,BRA001,BRA018,1,1,Arena do Jacaré,D
3509,2011,Brasileirão Série A,5,2011-06-19,BRA033,BRA006,5,0,Canindé,H
3510,2011,Brasileirão Série A,5,2011-06-19,BRA025,BRA044,1,1, Olímpico,D
3511,2011,Brasileirão Série A,5,2011-06-19,BRA020,BRA003,2,0, Orlando Scarpelli,H
3512,2011,Brasileirão Série A,5,2011-06-19,BRA013,BRA042,0,2, Presidente Vargas,A
3513,2011,Brasileirão Série A,5,2011-06-19,BRA021,BRA009,0,0,Engenhão,D
3514,2011,Brasileirão Série A,5,2011-06-19,BRA005,BRA004,2,2,Arena do Jacaré,D
3515,2011,Brasileirão Série A,5,2011-06-19,BRA016,BRA028,1,1, Couto Pereira,D
3517,2011,Brasileirão Série A,6,2011-06-25,BRA021,BRA005,4,1,Engenhão,H
3518,2011,Brasileirão Série A,6,2011-06-25,BRA003,BRA007,0,2, Arena da Baixada,A
3519,2011,Brasileirão Série A,6,2011-06-25,BRA018,BRA016,2,1,Arena do Jacaré,H
3520,2011,Brasileirão Série A,6,2011-06-26,BRA006,BRA022,0,1,  Ressacada,A
3521,2011,Brasileirão Série A,6,2011-06-26,BRA015,BRA042,5,0, Pacaembu,H
3522,2011,Brasileirão Série A,6,2011-06-26,BRA009,BRA025,2,1,Engenhão,H
3523,2011,Brasileirão Série A,6,2011-06-26,BRA013,BRA033,2,0, Presidente Vargas,H
3524,2011,Brasileirão Série A,6,2011-06-26,BRA028,BRA020,4,1, Beira Rio,H
3525,2011,Brasileirão Série A,6,2011-06-26,BRA004,BRA044,0,1, Serra Dourada,A
3527,2011,Brasileirão Série A,7,2011-06-29,BRA044,BRA018,0,3, São Januário,A
3528,2011,Brasileirão Série A,7,2011-06-29,BRA025,BRA006,2,2, Olímpico,D
3529,2011,Brasileirão Série A,7,2011-06-29,BRA001,BRA021,2,3,Arena do Jacaré,A
3530,2011,Brasileirão Série A,7,2011-06-29,BRA020,BRA040,2,1, Orlando Scarpelli,H
3531,2011,Brasileirão Série A,7,2011-06-29,BRA007,BRA015,0,1,Pituaçu,A
3532,2011,Brasileirão Série A,7,2011-06-29,BRA042,BRA009,0,2, Morumbi,A
3533,2011,Brasileirão Série A,7,2011-06-30,BRA033,BRA004,2,0,Canindé,H
3534,2011,Brasileirão Série A,7,2011-06-30,BRA016,BRA013,3,1, Couto Pereira,H
3535,2011,Brasileirão Série A,7,2011-06-30,BRA022,BRA003,3,1,Engenhão,H
3536,2011,Brasileirão Série A,7,2011-06-30,BRA005,BRA028,0,4,Arena do Jacaré,A
3526,2011,Brasileirão Série A,6,2011-07-02,BRA040,BRA001,1,0, Pacaembu,H
3537,2011,Brasileirão Série A,8,2011-07-06,BRA028,BRA003,1,0, Beira Rio,H
3538,2011,Brasileirão Série A,8,2011-07-06,BRA018,BRA025,2,0,Arena do Jacaré,H
3539,2011,Brasileirão Série A,8,2011-07-06,BRA006,BRA007,2,2,  Ressacada,D
3540,2011,Brasileirão Série A,8,2011-07-06,BRA015,BRA044,2,1, Pacaembu,H
3541,2011,Brasileirão Série A,8,2011-07-06,BRA013,BRA005,3,0, Presidente Vargas,H
3542,2011,Brasileirão Série A,8,2011-07-06,BRA021,BRA042,1,0,Engenhão,H
3543,2011,Brasileirão Série A,8,2011-07-07,BRA009,BRA004,1,1,Engenhão,D
3544,2011,Brasileirão Série A,8,2011-07-07,BRA016,BRA020,3,0, Couto Pereira,H
3545,2011,Brasileirão Série A,8,2011-07-07,BRA001,BRA033,1,1,Arena do Jacaré,D
3547,2011,Brasileirão Série A,9,2011-07-09,BRA044,BRA028,2,0, São Januário,H
3548,2011,Brasileirão Série A,9,2011-07-09,BRA042,BRA018,2,1, Morumbi,H
3549,2011,Brasileirão Série A,9,2011-07-09,BRA003,BRA006,0,0, Arena da Baixada,D
3550,2011,Brasileirão Série A,9,2011-07-10,BRA022,BRA021,0,1,Engenhão,A
3551,2011,Brasileirão Série A,9,2011-07-10,BRA025,BRA016,2,0, Olímpico,H
3552,2011,Brasileirão Série A,9,2011-07-10,BRA007,BRA009,1,1,Pituaçu,D
3553,2011,Brasileirão Série A,9,2011-07-10,BRA004,BRA015,0,1, Serra Dourada,A
3554,2011,Brasileirão Série A,9,2011-07-10,BRA020,BRA013,1,1, Orlando Scarpelli,D
3555,2011,Brasileirão Série A,9,2011-07-10,BRA033,BRA040,3,0, Pacaembu,H
3556,2011,Brasileirão Série A,9,2011-07-10,BRA005,BRA001,2,0,Arena do Jacaré,H
3557,2011,Brasileirão Série A,12,2011-07-14,BRA015,BRA028,1,0, Pacaembu,H
3567,2011,Brasileirão Série A,10,2011-07-16,BRA044,BRA003,2,1, São Januário,H
3568,2011,Brasileirão Série A,10,2011-07-16,BRA016,BRA022,3,1, Couto Pereira,H
3569,2011,Brasileirão Série A,10,2011-07-16,BRA004,BRA006,0,1, Serra Dourada,A
3570,2011,Brasileirão Série A,10,2011-07-16,BRA040,BRA005,2,1, Vila Belmiro,H
3571,2011,Brasileirão Série A,10,2011-07-17,BRA013,BRA001,4,0, Presidente Vargas,H
3572,2011,Brasileirão Série A,10,2011-07-17,BRA028,BRA042,0,3, Beira Rio,A
3573,2011,Brasileirão Série A,10,2011-07-17,BRA018,BRA007,2,1,Arena do Jacaré,H
3574,2011,Brasileirão Série A,10,2011-07-20,BRA033,BRA021,0,0, Pacaembu,D
3575,2011,Brasileirão Série A,10,2011-07-20,BRA020,BRA025,0,0, Orlando Scarpelli,D
3576,2011,Brasileirão Série A,10,2011-07-20,BRA009,BRA015,0,2, São Januário,A
3577,2011,Brasileirão Série A,11,2011-07-21,BRA006,BRA028,1,3,  Ressacada,A
3578,2011,Brasileirão Série A,11,2011-07-23,BRA042,BRA004,2,2, Morumbi,D
3579,2011,Brasileirão Série A,11,2011-07-23,BRA003,BRA009,2,1, Arena da Baixada,H
3580,2011,Brasileirão Série A,11,2011-07-23,BRA001,BRA020,0,0,Arena do Jacaré,D
3581,2011,Brasileirão Série A,11,2011-07-23,BRA021,BRA013,1,1,Cláudio Moacyr,D
3582,2011,Brasileirão Série A,11,2011-07-24,BRA015,BRA018,0,1, Pacaembu,A
3583,2011,Brasileirão Série A,11,2011-07-24,BRA007,BRA016,0,0,Pituaçu,D
3584,2011,Brasileirão Série A,11,2011-07-24,BRA022,BRA033,1,0,  Raulino de Oliveira,H
3585,2011,Brasileirão Série A,11,2011-07-24,BRA005,BRA044,1,2,  Ipatingão,A
3558,2011,Brasileirão Série A,12,2011-07-27,BRA004,BRA018,2,0, Serra Dourada,H
3559,2011,Brasileirão Série A,12,2011-07-27,BRA009,BRA006,2,1,Engenhão,H
3560,2011,Brasileirão Série A,12,2011-07-27,BRA005,BRA022,1,0,Arena do Jacaré,H
3561,2011,Brasileirão Série A,12,2011-07-27,BRA025,BRA001,1,1, Olímpico,D
3562,2011,Brasileirão Série A,12,2011-07-27,BRA040,BRA021,4,5, Vila Belmiro,A
3563,2011,Brasileirão Série A,12,2011-07-27,BRA020,BRA033,0,1, Orlando Scarpelli,A
3564,2011,Brasileirão Série A,12,2011-07-27,BRA016,BRA042,3,4, Couto Pereira,A
3565,2011,Brasileirão Série A,12,2011-07-28,BRA044,BRA007,1,1, São Januário,D
3566,2011,Brasileirão Série A,12,2011-07-28,BRA013,BRA003,2,1, Presidente Vargas,H
3587,2011,Brasileirão Série A,13,2011-07-30,BRA021,BRA025,2,0,Engenhão,H
3588,2011,Brasileirão Série A,13,2011-07-30,BRA018,BRA009,0,1,Arena do Jacaré,A
3589,2011,Brasileirão Série A,13,2011-07-30,BRA033,BRA005,3,2,Canindé,H
3590,2011,Brasileirão Série A,13,2011-07-31,BRA042,BRA044,0,2, Morumbi,A
3591,2011,Brasileirão Série A,13,2011-07-31,BRA022,BRA013,4,0,Engenhão,H
3592,2011,Brasileirão Série A,13,2011-07-31,BRA028,BRA004,0,0, Beira Rio,D
3593,2011,Brasileirão Série A,13,2011-07-31,BRA006,BRA015,3,2,  Ressacada,H
3594,2011,Brasileirão Série A,13,2011-07-31,BRA003,BRA040,3,2, Arena da Baixada,H
3595,2011,Brasileirão Série A,13,2011-07-31,BRA001,BRA016,1,3,Arena do Jacaré,A
3596,2011,Brasileirão Série A,13,2011-07-31,BRA007,BRA020,3,1,Pituaçu,H
3597,2011,Brasileirão Série A,14,2011-08-03,BRA015,BRA001,2,1, Pacaembu,H
3598,2011,Brasileirão Série A,14,2011-08-03,BRA025,BRA005,2,2, Olímpico,D
3599,2011,Brasileirão Série A,14,2011-08-03,BRA020,BRA009,2,0, Orlando Scarpelli,H
3600,2011,Brasileirão Série A,14,2011-08-03,BRA013,BRA006,0,3, Presidente Vargas,A
3601,2011,Brasileirão Série A,14,2011-08-03,BRA018,BRA021,0,1,Arena do Jacaré,A
3602,2011,Brasileirão Série A,14,2011-08-03,BRA016,BRA033,1,1, Couto Pereira,D
3603,2011,Brasileirão Série A,14,2011-08-03,BRA044,BRA040,2,0, São Januário,H
3604,2011,Brasileirão Série A,14,2011-08-04,BRA042,BRA007,3,0, Morumbi,H
3605,2011,Brasileirão Série A,14,2011-08-04,BRA022,BRA028,2,0,Engenhão,H
3606,2011,Brasileirão Série A,14,2011-08-04,BRA004,BRA003,0,3, Serra Dourada,A
3607,2011,Brasileirão Série A,15,2011-08-06,BRA021,BRA016,1,0,Engenhão,H
3608,2011,Brasileirão Série A,15,2011-08-06,BRA033,BRA025,0,0,Canindé,D
3609,2011,Brasileirão Série A,15,2011-08-06,BRA005,BRA020,1,2,  Ipatingão,A
3610,2011,Brasileirão Série A,15,2011-08-07,BRA028,BRA018,3,2, Beira Rio,H
3611,2011,Brasileirão Série A,15,2011-08-07,BRA040,BRA013,1,0, Pacaembu,H
3612,2011,Brasileirão Série A,15,2011-08-07,BRA003,BRA015,1,1, Arena da Baixada,D
3613,2011,Brasileirão Série A,15,2011-08-07,BRA001,BRA022,3,0,Arena do Jacaré,H
3614,2011,Brasileirão Série A,15,2011-08-07,BRA007,BRA004,2,1,Pituaçu,H
3615,2011,Brasileirão Série A,15,2011-08-07,BRA006,BRA042,1,2,  Ressacada,A
3616,2011,Brasileirão Série A,15,2011-08-07,BRA009,BRA044,4,0,Engenhão,H
3516,2011,Brasileirão Série A,5,2011-08-10,BRA040,BRA015,0,0, Vila Belmiro,D
3617,2011,Brasileirão Série A,16,2011-08-13,BRA042,BRA003,2,2, Morumbi,D
3618,2011,Brasileirão Série A,16,2011-08-13,BRA004,BRA040,2,0, Serra Dourada,H
3619,2011,Brasileirão Série A,16,2011-08-13,BRA018,BRA006,5,0,Parque do Sabiá,H
3620,2011,Brasileirão Série A,16,2011-08-13,BRA009,BRA001,4,2,Engenhão,H
3621,2011,Brasileirão Série A,16,2011-08-14,BRA015,BRA013,2,2, Pacaembu,D
3622,2011,Brasileirão Série A,16,2011-08-14,BRA044,BRA033,1,0, São Januário,H
3623,2011,Brasileirão Série A,16,2011-08-14,BRA016,BRA005,3,0, Couto Pereira,H
3624,2011,Brasileirão Série A,16,2011-08-14,BRA020,BRA021,2,2, Orlando Scarpelli,D
3625,2011,Brasileirão Série A,16,2011-08-14,BRA025,BRA022,2,1, Olímpico,H
3626,2011,Brasileirão Série A,16,2011-08-14,BRA007,BRA028,1,1,Pituaçu,D
3627,2011,Brasileirão Série A,17,2011-08-17,BRA003,BRA018,2,1, Arena da Baixada,H
3628,2011,Brasileirão Série A,17,2011-08-17,BRA006,BRA044,0,2,  Ressacada,A
3629,2011,Brasileirão Série A,17,2011-08-17,BRA022,BRA020,3,0,Engenhão,H
3630,2011,Brasileirão Série A,17,2011-08-17,BRA013,BRA025,3,0, Presidente Vargas,H
3631,2011,Brasileirão Série A,17,2011-08-17,BRA028,BRA009,1,0, Beira Rio,H
3632,2011,Brasileirão Série A,17,2011-08-17,BRA040,BRA016,2,3, Vila Belmiro,A
3633,2011,Brasileirão Série A,17,2011-08-17,BRA005,BRA015,2,3,  Ipatingão,A
3634,2011,Brasileirão Série A,17,2011-08-18,BRA021,BRA004,1,4,Engenhão,A
3635,2011,Brasileirão Série A,17,2011-08-18,BRA033,BRA007,1,1,Canindé,D
3636,2011,Brasileirão Série A,17,2011-08-18,BRA001,BRA042,1,1,Arena do Jacaré,D
3637,2011,Brasileirão Série A,18,2011-08-20,BRA018,BRA013,1,0,Parque do Sabiá,H
3638,2011,Brasileirão Série A,18,2011-08-20,BRA009,BRA005,3,1,Engenhão,H
3639,2011,Brasileirão Série A,18,2011-08-20,BRA015,BRA020,0,2, Pacaembu,A
3640,2011,Brasileirão Série A,18,2011-08-21,BRA042,BRA033,1,1, Morumbi,D
3641,2011,Brasileirão Série A,18,2011-08-21,BRA028,BRA021,2,2, Beira Rio,D
3642,2011,Brasileirão Série A,18,2011-08-21,BRA006,BRA016,0,0,  Ressacada,D
3643,2011,Brasileirão Série A,18,2011-08-21,BRA004,BRA025,1,0, Serra Dourada,H
3644,2011,Brasileirão Série A,18,2011-08-21,BRA003,BRA001,2,2, Arena da Baixada,D
3645,2011,Brasileirão Série A,18,2011-08-21,BRA007,BRA040,1,2,Pituaçu,A
3646,2011,Brasileirão Série A,18,2011-08-21,BRA044,BRA022,1,1,Engenhão,D
3546,2011,Brasileirão Série A,8,2011-08-24,BRA040,BRA022,2,1, Vila Belmiro,H
3647,2011,Brasileirão Série A,19,2011-08-27,BRA016,BRA003,1,1, Couto Pereira,D
3648,2011,Brasileirão Série A,19,2011-08-27,BRA001,BRA004,1,2,Arena do Jacaré,A
3649,2011,Brasileirão Série A,19,2011-08-27,BRA022,BRA009,1,2,Engenhão,A
3650,2011,Brasileirão Série A,19,2011-08-28,BRA021,BRA044,0,0,Engenhão,D
3651,2011,Brasileirão Série A,19,2011-08-28,BRA033,BRA015,2,1,  Prudentão,H
3652,2011,Brasileirão Série A,19,2011-08-28,BRA040,BRA042,1,1, Vila Belmiro,D
3653,2011,Brasileirão Série A,19,2011-08-28,BRA025,BRA028,2,1, Olímpico,H
3654,2011,Brasileirão Série A,19,2011-08-28,BRA013,BRA007,3,0, Presidente Vargas,H
3655,2011,Brasileirão Série A,19,2011-08-28,BRA020,BRA006,2,3, Orlando Scarpelli,A
3656,2011,Brasileirão Série A,19,2011-08-28,BRA005,BRA018,1,2,Arena do Jacaré,A
3657,2011,Brasileirão Série A,20,2011-08-31,BRA015,BRA025,3,2, Pacaembu,H
3658,2011,Brasileirão Série A,20,2011-08-31,BRA044,BRA013,3,1, São Januário,H
3659,2011,Brasileirão Série A,20,2011-08-31,BRA004,BRA016,3,1, Serra Dourada,H
3660,2011,Brasileirão Série A,20,2011-08-31,BRA003,BRA005,0,1, Arena da Baixada,A
3661,2011,Brasileirão Série A,20,2011-08-31,BRA018,BRA020,2,4,  Ipatingão,A
3662,2011,Brasileirão Série A,20,2011-08-31,BRA042,BRA022,1,2, Morumbi,A
3663,2011,Brasileirão Série A,20,2011-08-31,BRA009,BRA033,3,1,Engenhão,H
3664,2011,Brasileirão Série A,20,2011-08-31,BRA028,BRA040,3,3, Beira Rio,D
3665,2011,Brasileirão Série A,20,2011-08-31,BRA006,BRA021,3,2,  Ressacada,H
3666,2011,Brasileirão Série A,20,2011-09-01,BRA007,BRA001,0,0,Pituaçu,D
3667,2011,Brasileirão Série A,21,2011-09-03,BRA020,BRA042,1,2, Orlando Scarpelli,A
3668,2011,Brasileirão Série A,21,2011-09-03,BRA005,BRA006,2,0,Arena do Jacaré,H
3669,2011,Brasileirão Série A,21,2011-09-03,BRA022,BRA004,3,2,Engenhão,H
3670,2011,Brasileirão Série A,21,2011-09-04,BRA021,BRA007,1,3,Engenhão,A
3671,2011,Brasileirão Série A,21,2011-09-04,BRA033,BRA018,1,1, Pacaembu,D
3672,2011,Brasileirão Série A,21,2011-09-04,BRA016,BRA015,1,0, Couto Pereira,H
3673,2011,Brasileirão Série A,21,2011-09-04,BRA025,BRA003,4,0, Olímpico,H
3674,2011,Brasileirão Série A,21,2011-09-04,BRA001,BRA044,4,1,Arena do Jacaré,H
3675,2011,Brasileirão Série A,21,2011-09-04,BRA013,BRA028,1,1, Presidente Vargas,D
3677,2011,Brasileirão Série A,22,2011-09-07,BRA009,BRA013,4,0,Engenhão,H
3678,2011,Brasileirão Série A,22,2011-09-07,BRA028,BRA001,4,2, Beira Rio,H
3679,2011,Brasileirão Série A,22,2011-09-07,BRA006,BRA040,1,2,  Ressacada,A
3680,2011,Brasileirão Série A,22,2011-09-07,BRA042,BRA005,2,1, Morumbi,H
3681,2011,Brasileirão Série A,22,2011-09-07,BRA004,BRA020,1,1, Serra Dourada,D
3682,2011,Brasileirão Série A,22,2011-09-07,BRA003,BRA033,2,2, Arena da Baixada,D
3683,2011,Brasileirão Série A,22,2011-09-07,BRA018,BRA022,1,2,Parque do Sabiá,A
3684,2011,Brasileirão Série A,22,2011-09-08,BRA007,BRA025,1,2,Pituaçu,A
3685,2011,Brasileirão Série A,22,2011-09-08,BRA044,BRA016,2,0, São Januário,H
3686,2011,Brasileirão Série A,22,2011-09-08,BRA015,BRA021,2,1, Pacaembu,H
3687,2011,Brasileirão Série A,23,2011-09-10,BRA040,BRA018,1,0, Vila Belmiro,H
3688,2011,Brasileirão Série A,23,2011-09-10,BRA001,BRA006,2,2,Arena do Jacaré,D
3689,2011,Brasileirão Série A,23,2011-09-11,BRA033,BRA028,0,3, Pacaembu,A
3690,2011,Brasileirão Série A,23,2011-09-11,BRA020,BRA044,1,1, Orlando Scarpelli,D
3691,2011,Brasileirão Série A,23,2011-09-11,BRA022,BRA015,1,0,Engenhão,H
3692,2011,Brasileirão Série A,23,2011-09-11,BRA013,BRA004,1,1, Presidente Vargas,D
3693,2011,Brasileirão Série A,23,2011-09-11,BRA016,BRA009,5,0, Couto Pereira,H
3694,2011,Brasileirão Série A,23,2011-09-11,BRA021,BRA003,1,2,Cláudio Moacyr,A
3695,2011,Brasileirão Série A,23,2011-09-11,BRA025,BRA042,1,0, Olímpico,H
3696,2011,Brasileirão Série A,23,2011-09-11,BRA005,BRA007,2,0,Arena do Jacaré,H
3697,2011,Brasileirão Série A,24,2011-09-17,BRA004,BRA005,1,0, Serra Dourada,H
3698,2011,Brasileirão Série A,24,2011-09-17,BRA044,BRA025,4,0, São Januário,H
3699,2011,Brasileirão Série A,24,2011-09-17,BRA042,BRA013,4,0, Morumbi,H
3700,2011,Brasileirão Série A,24,2011-09-18,BRA009,BRA021,1,1,Engenhão,D
3701,2011,Brasileirão Série A,24,2011-09-18,BRA015,BRA040,1,3, Pacaembu,A
3702,2011,Brasileirão Série A,24,2011-09-18,BRA006,BRA033,1,1,  Ressacada,D
3703,2011,Brasileirão Série A,24,2011-09-18,BRA007,BRA022,3,0,Pituaçu,H
3704,2011,Brasileirão Série A,24,2011-09-18,BRA003,BRA020,0,0, Arena da Baixada,D
3705,2011,Brasileirão Série A,24,2011-09-18,BRA028,BRA016,1,1, Beira Rio,D
3706,2011,Brasileirão Série A,24,2011-09-18,BRA018,BRA001,0,0,Arena do Jacaré,D
3707,2011,Brasileirão Série A,25,2011-09-21,BRA001,BRA040,1,2,Parque do Sabiá,A
3708,2011,Brasileirão Série A,25,2011-09-21,BRA016,BRA018,2,1, Couto Pereira,H
3709,2011,Brasileirão Série A,25,2011-09-21,BRA007,BRA003,1,0,Pituaçu,H
3710,2011,Brasileirão Série A,25,2011-09-21,BRA022,BRA006,3,1,Engenhão,H
3711,2011,Brasileirão Série A,25,2011-09-21,BRA042,BRA015,0,0, Morumbi,D
3712,2011,Brasileirão Série A,25,2011-09-21,BRA005,BRA021,1,1,Arena do Jacaré,D
3713,2011,Brasileirão Série A,25,2011-09-21,BRA020,BRA028,1,1, Orlando Scarpelli,D
3714,2011,Brasileirão Série A,25,2011-09-22,BRA033,BRA013,1,0,Canindé,H
3715,2011,Brasileirão Série A,25,2011-09-22,BRA025,BRA009,0,1, Olímpico,A
3716,2011,Brasileirão Série A,25,2011-09-22,BRA044,BRA004,1,1, São Januário,D
3717,2011,Brasileirão Série A,26,2011-09-24,BRA003,BRA022,1,1, Arena da Baixada,D
3718,2011,Brasileirão Série A,26,2011-09-24,BRA040,BRA020,2,3, Vila Belmiro,A
3719,2011,Brasileirão Série A,26,2011-09-24,BRA021,BRA001,2,1,Engenhão,H
3720,2011,Brasileirão Série A,26,2011-09-25,BRA009,BRA042,2,2,Engenhão,D
3721,2011,Brasileirão Série A,26,2011-09-25,BRA028,BRA005,2,1, Beira Rio,H
3722,2011,Brasileirão Série A,26,2011-09-25,BRA015,BRA007,1,0, Pacaembu,H
3723,2011,Brasileirão Série A,26,2011-09-25,BRA006,BRA025,1,2,  Ressacada,A
3724,2011,Brasileirão Série A,26,2011-09-25,BRA018,BRA044,0,3,Arena do Jacaré,A
3725,2011,Brasileirão Série A,26,2011-09-25,BRA013,BRA016,3,2, Presidente Vargas,H
3726,2011,Brasileirão Série A,26,2011-09-25,BRA004,BRA033,1,1, Serra Dourada,D
3727,2011,Brasileirão Série A,27,2011-10-01,BRA033,BRA001,1,1,Canindé,D
3728,2011,Brasileirão Série A,27,2011-10-01,BRA007,BRA006,3,2,Pituaçu,H
3729,2011,Brasileirão Série A,27,2011-10-01,BRA022,BRA040,3,2,Engenhão,H
3730,2011,Brasileirão Série A,27,2011-10-02,BRA042,BRA021,1,2, Morumbi,A
3731,2011,Brasileirão Série A,27,2011-10-02,BRA044,BRA015,2,2, São Januário,D
3732,2011,Brasileirão Série A,27,2011-10-02,BRA005,BRA013,1,1,Arena do Jacaré,D
3733,2011,Brasileirão Série A,27,2011-10-02,BRA020,BRA016,0,0, Orlando Scarpelli,D
3734,2011,Brasileirão Série A,27,2011-10-02,BRA003,BRA028,2,0, Arena da Baixada,H
3735,2011,Brasileirão Série A,27,2011-10-02,BRA025,BRA018,2,0, Olímpico,H
3736,2011,Brasileirão Série A,27,2011-10-02,BRA004,BRA009,2,0, Serra Dourada,H
3586,2011,Brasileirão Série A,11,2011-10-05,BRA025,BRA040,1,0, Olímpico,H
3737,2011,Brasileirão Série A,28,2011-10-05,BRA018,BRA042,3,3,Arena do Jacaré,D
3738,2011,Brasileirão Série A,28,2011-10-08,BRA016,BRA025,2,0, Couto Pereira,H
3739,2011,Brasileirão Série A,28,2011-10-08,BRA009,BRA007,2,2, São Januário,D
3740,2011,Brasileirão Série A,28,2011-10-08,BRA001,BRA005,0,0,Arena do Jacaré,D
3741,2011,Brasileirão Série A,28,2011-10-09,BRA040,BRA033,1,0, Vila Belmiro,H
3742,2011,Brasileirão Série A,28,2011-10-09,BRA028,BRA044,3,0, Beira Rio,H
3743,2011,Brasileirão Série A,28,2011-10-09,BRA021,BRA022,3,2,Engenhão,H
3744,2011,Brasileirão Série A,28,2011-10-09,BRA015,BRA004,3,0, Pacaembu,H
3745,2011,Brasileirão Série A,28,2011-10-09,BRA013,BRA020,1,1, Presidente Vargas,D
3746,2011,Brasileirão Série A,28,2011-10-09,BRA006,BRA003,3,0,  Ressacada,H
3747,2011,Brasileirão Série A,29,2011-10-12,BRA001,BRA013,4,1,Arena do Jacaré,H
3748,2011,Brasileirão Série A,29,2011-10-12,BRA006,BRA004,2,2,  Ressacada,D
3749,2011,Brasileirão Série A,29,2011-10-12,BRA025,BRA020,1,3, Olímpico,A
3750,2011,Brasileirão Série A,29,2011-10-12,BRA042,BRA028,0,0,Arena Barueri,D
3751,2011,Brasileirão Série A,29,2011-10-12,BRA007,BRA018,0,0,Pituaçu,D
3752,2011,Brasileirão Série A,29,2011-10-12,BRA015,BRA009,0,2, Pacaembu,A
3753,2011,Brasileirão Série A,29,2011-10-12,BRA021,BRA033,1,1,Engenhão,D
3754,2011,Brasileirão Série A,29,2011-10-13,BRA005,BRA040,2,1,Arena do Jacaré,H
3755,2011,Brasileirão Série A,29,2011-10-13,BRA022,BRA016,3,1,Engenhão,H
3756,2011,Brasileirão Série A,29,2011-10-13,BRA003,BRA044,2,2, Arena da Baixada,D
3757,2011,Brasileirão Série A,30,2011-10-15,BRA013,BRA021,0,1, Presidente Vargas,A
3758,2011,Brasileirão Série A,30,2011-10-15,BRA020,BRA001,2,1, Orlando Scarpelli,H
3759,2011,Brasileirão Série A,30,2011-10-16,BRA009,BRA003,2,0,Engenhão,H
3760,2011,Brasileirão Série A,30,2011-10-16,BRA040,BRA025,0,1, Vila Belmiro,A
3761,2011,Brasileirão Série A,30,2011-10-16,BRA018,BRA015,0,1,Arena do Jacaré,A
3762,2011,Brasileirão Série A,30,2011-10-16,BRA028,BRA006,4,2, Beira Rio,H
3763,2011,Brasileirão Série A,30,2011-10-16,BRA033,BRA022,1,2,Canindé,A
3764,2011,Brasileirão Série A,30,2011-10-16,BRA004,BRA042,3,0, Serra Dourada,H
3765,2011,Brasileirão Série A,30,2011-10-16,BRA016,BRA007,0,0, Couto Pereira,D
3766,2011,Brasileirão Série A,30,2011-10-16,BRA044,BRA005,2,0, São Januário,H
3676,2011,Brasileirão Série A,21,2011-10-19,BRA040,BRA009,2,0, Vila Belmiro,H
3767,2011,Brasileirão Série A,31,2011-10-22,BRA033,BRA020,1,2,Canindé,A
3768,2011,Brasileirão Série A,31,2011-10-22,BRA022,BRA005,0,2,Engenhão,A
3769,2011,Brasileirão Série A,31,2011-10-22,BRA001,BRA025,2,2,Arena do Jacaré,D
3770,2011,Brasileirão Série A,31,2011-10-22,BRA006,BRA009,3,2,  Ressacada,H
3771,2011,Brasileirão Série A,31,2011-10-23,BRA028,BRA015,1,1, Beira Rio,D
3772,2011,Brasileirão Série A,31,2011-10-23,BRA042,BRA016,0,0, Morumbi,D
3773,2011,Brasileirão Série A,31,2011-10-23,BRA007,BRA044,0,2,Pituaçu,A
3774,2011,Brasileirão Série A,31,2011-10-23,BRA003,BRA013,1,0, Arena da Baixada,H
3775,2011,Brasileirão Série A,31,2011-10-23,BRA018,BRA004,3,2,Arena do Jacaré,H
3776,2011,Brasileirão Série A,31,2011-10-23,BRA021,BRA040,1,1,Engenhão,D
3777,2011,Brasileirão Série A,32,2011-10-29,BRA040,BRA003,4,1, Pacaembu,H
3778,2011,Brasileirão Série A,32,2011-10-29,BRA013,BRA022,1,2, Presidente Vargas,A
3779,2011,Brasileirão Série A,32,2011-10-29,BRA009,BRA018,1,0,Engenhão,H
3780,2011,Brasileirão Série A,32,2011-10-30,BRA044,BRA042,0,0, São Januário,D
3781,2011,Brasileirão Série A,32,2011-10-30,BRA025,BRA021,4,2, Olímpico,H
3782,2011,Brasileirão Série A,32,2011-10-30,BRA015,BRA006,2,1, Pacaembu,H
3783,2011,Brasileirão Série A,32,2011-10-30,BRA020,BRA007,2,1, Orlando Scarpelli,H
3784,2011,Brasileirão Série A,32,2011-10-30,BRA004,BRA028,0,1, Serra Dourada,A
3785,2011,Brasileirão Série A,32,2011-10-30,BRA016,BRA001,3,1, Couto Pereira,H
3786,2011,Brasileirão Série A,32,2011-10-30,BRA005,BRA033,2,1,Arena do Jacaré,H
3787,2011,Brasileirão Série A,33,2011-11-05,BRA007,BRA042,4,3,Pituaçu,H
3788,2011,Brasileirão Série A,33,2011-11-05,BRA009,BRA020,0,1,Engenhão,A
3789,2011,Brasileirão Série A,33,2011-11-05,BRA005,BRA025,2,0,Arena do Jacaré,H
3790,2011,Brasileirão Série A,33,2011-11-06,BRA040,BRA044,2,0, Vila Belmiro,H
3791,2011,Brasileirão Série A,33,2011-11-06,BRA001,BRA015,2,1,Parque do Sabiá,H
3792,2011,Brasileirão Série A,33,2011-11-06,BRA021,BRA018,5,1,Engenhão,H
3793,2011,Brasileirão Série A,33,2011-11-06,BRA006,BRA013,1,2,  Ressacada,A
3794,2011,Brasileirão Série A,33,2011-11-06,BRA003,BRA004,2,1, Arena da Baixada,H
3795,2011,Brasileirão Série A,33,2011-11-06,BRA028,BRA022,1,2, Beira Rio,A
3796,2011,Brasileirão Série A,33,2011-11-06,BRA033,BRA016,0,2,Arena Barueri,A
3797,2011,Brasileirão Série A,34,2011-11-12,BRA022,BRA001,1,2,Engenhão,A
3798,2011,Brasileirão Série A,34,2011-11-12,BRA020,BRA005,2,1, Orlando Scarpelli,H
3799,2011,Brasileirão Série A,34,2011-11-12,BRA042,BRA006,2,0, Morumbi,H
3800,2011,Brasileirão Série A,34,2011-11-13,BRA016,BRA021,2,0, Couto Pereira,H
3801,2011,Brasileirão Série A,34,2011-11-13,BRA013,BRA040,2,3, Presidente Vargas,A
3802,2011,Brasileirão Série A,34,2011-11-13,BRA025,BRA033,2,2, Olímpico,D
3803,2011,Brasileirão Série A,34,2011-11-13,BRA015,BRA003,2,1, Pacaembu,H
3804,2011,Brasileirão Série A,34,2011-11-13,BRA044,BRA009,2,0,Engenhão,H
3805,2011,Brasileirão Série A,34,2011-11-13,BRA004,BRA007,0,1, Serra Dourada,A
3806,2011,Brasileirão Série A,34,2011-11-13,BRA018,BRA028,1,0,Arena do Jacaré,H
3807,2011,Brasileirão Série A,35,2011-11-16,BRA001,BRA009,2,1,Arena do Jacaré,H
3808,2011,Brasileirão Série A,35,2011-11-16,BRA028,BRA007,1,0, Beira Rio,H
3809,2011,Brasileirão Série A,35,2011-11-16,BRA022,BRA025,5,4,Engenhão,H
3810,2011,Brasileirão Série A,35,2011-11-16,BRA003,BRA042,1,0, Arena da Baixada,H
3811,2011,Brasileirão Série A,35,2011-11-16,BRA033,BRA044,1,1, Pacaembu,D
3812,2011,Brasileirão Série A,35,2011-11-16,BRA006,BRA018,0,0,  Ressacada,D
3813,2011,Brasileirão Série A,35,2011-11-16,BRA013,BRA015,0,1, Presidente Vargas,A
3814,2011,Brasileirão Série A,35,2011-11-17,BRA005,BRA016,2,1,Arena do Jacaré,H
3815,2011,Brasileirão Série A,35,2011-11-17,BRA021,BRA020,0,0,Engenhão,D
3816,2011,Brasileirão Série A,35,2011-11-17,BRA040,BRA004,1,1, Pacaembu,D
3817,2011,Brasileirão Série A,36,2011-11-19,BRA042,BRA001,3,1, Morumbi,H
3818,2011,Brasileirão Série A,36,2011-11-19,BRA044,BRA006,2,0, São Januário,H
3819,2011,Brasileirão Série A,36,2011-11-19,BRA025,BRA013,1,3, Olímpico,A
3820,2011,Brasileirão Série A,36,2011-11-20,BRA004,BRA021,0,0, Serra Dourada,D
3821,2011,Brasileirão Série A,36,2011-11-20,BRA015,BRA005,2,1, Pacaembu,H
3822,2011,Brasileirão Série A,36,2011-11-20,BRA009,BRA028,1,2,Engenhão,A
3823,2011,Brasileirão Série A,36,2011-11-20,BRA018,BRA003,1,1,Arena do Jacaré,D
3824,2011,Brasileirão Série A,36,2011-11-20,BRA020,BRA022,0,4, Orlando Scarpelli,A
3825,2011,Brasileirão Série A,36,2011-11-20,BRA016,BRA040,1,0, Couto Pereira,H
3826,2011,Brasileirão Série A,36,2011-11-20,BRA007,BRA033,0,2,Pituaçu,A
3827,2011,Brasileirão Série A,37,2011-11-27,BRA022,BRA044,1,2,Engenhão,A
3828,2011,Brasileirão Série A,37,2011-11-27,BRA020,BRA015,0,1, Orlando Scarpelli,A
3829,2011,Brasileirão Série A,37,2011-11-27,BRA033,BRA042,1,0, Pacaembu,H
3830,2011,Brasileirão Série A,37,2011-11-27,BRA021,BRA028,1,0,Cláudio Moacyr,H
3831,2011,Brasileirão Série A,37,2011-11-27,BRA005,BRA009,4,0,Arena do Jacaré,H
3832,2011,Brasileirão Série A,37,2011-11-27,BRA016,BRA006,1,0, Couto Pereira,H
3833,2011,Brasileirão Série A,37,2011-11-27,BRA013,BRA018,2,2, Presidente Vargas,D
3834,2011,Brasileirão Série A,37,2011-11-27,BRA001,BRA003,2,1,Parque do Sabiá,H
3835,2011,Brasileirão Série A,37,2011-11-27,BRA025,BRA004,2,2, Olímpico,D
3836,2011,Brasileirão Série A,37,2011-11-27,BRA040,BRA007,1,1, Vila Belmiro,D
3837,2011,Brasileirão Série A,38,2011-12-04,BRA015,BRA033,0,0, Pacaembu,D
3838,2011,Brasileirão Série A,38,2011-12-04,BRA044,BRA021,1,1,Engenhão,D
3839,2011,Brasileirão Série A,38,2011-12-04,BRA042,BRA040,4,1,Romildo Ferreira,H
3840,2011,Brasileirão Série A,38,2011-12-04,BRA009,BRA022,1,1,  Raulino de Oliveira,D
3841,2011,Brasileirão Série A,38,2011-12-04,BRA028,BRA025,1,0, Beira Rio,H
3842,2011,Brasileirão Série A,38,2011-12-04,BRA018,BRA005,6,1,Arena do Jacaré,H
3843,2011,Brasileirão Série A,38,2011-12-04,BRA006,BRA020,1,1,  Ressacada,D
3844,2011,Brasileirão Série A,38,2011-12-04,BRA004,BRA001,5,1, Serra Dourada,H
3845,2011,Brasileirão Série A,38,2011-12-04,BRA007,BRA013,2,1,Pituaçu,H
3846,2011,Brasileirão Série A,38,2011-12-04,BRA003,BRA016,1,0, Arena da Baixada,H
3847,2012,Brasileirão Série A,1,2012-05-19,BRA033,BRA037,1,1, Pacaembu,D
3848,2012,Brasileirão Série A,1,2012-05-19,BRA043,BRA021,1,1,Ilha do Retiro,D
3849,2012,Brasileirão Série A,1,2012-05-19,BRA020,BRA032,2,1, Orlando Scarpelli,H
3850,2012,Brasileirão Série A,1,2012-05-20,BRA015,BRA022,0,1, Pacaembu,A
3851,2012,Brasileirão Série A,1,2012-05-20,BRA028,BRA016,2,0, Beira Rio,H
3852,2012,Brasileirão Série A,1,2012-05-20,BRA009,BRA042,4,2,Engenhão,H
3853,2012,Brasileirão Série A,1,2012-05-20,BRA036,BRA005,0,1, Moisés Lucarelli,A
3854,2012,Brasileirão Série A,1,2012-05-20,BRA018,BRA004,0,0,Parque do Sabiá,D
3855,2012,Brasileirão Série A,1,2012-05-20,BRA007,BRA040,0,0,Pituaçu,D
3856,2012,Brasileirão Série A,1,2012-05-20,BRA044,BRA025,2,1, São Januário,H
3857,2012,Brasileirão Série A,2,2012-05-26,BRA004,BRA036,1,1, Serra Dourada,D
3858,2012,Brasileirão Série A,2,2012-05-26,BRA021,BRA028,3,3,Engenhão,D
3859,2012,Brasileirão Série A,2,2012-05-26,BRA037,BRA044,0,1,Canindé,A
3860,2012,Brasileirão Série A,2,2012-05-26,BRA032,BRA018,0,0,Aflitos,D
3861,2012,Brasileirão Série A,2,2012-05-27,BRA042,BRA007,1,0, Morumbi,H
3862,2012,Brasileirão Série A,2,2012-05-27,BRA005,BRA015,1,0,  Independência,H
3863,2012,Brasileirão Série A,2,2012-05-27,BRA016,BRA009,2,3, Couto Pereira,A
3864,2012,Brasileirão Série A,2,2012-05-27,BRA040,BRA043,0,0, Vila Belmiro,D
3865,2012,Brasileirão Série A,2,2012-05-27,BRA025,BRA033,1,0, Olímpico,H
3866,2012,Brasileirão Série A,2,2012-05-27,BRA022,BRA020,2,2,Engenhão,D
3867,2012,Brasileirão Série A,3,2012-06-06,BRA004,BRA025,0,1, Serra Dourada,A
3868,2012,Brasileirão Série A,3,2012-06-06,BRA043,BRA033,2,1,Ilha do Retiro,H
3869,2012,Brasileirão Série A,3,2012-06-06,BRA044,BRA032,4,2, São Januário,H
3870,2012,Brasileirão Série A,3,2012-06-06,BRA005,BRA007,1,1,  Independência,D
3871,2012,Brasileirão Série A,3,2012-06-06,BRA016,BRA037,2,0, Couto Pereira,H
3872,2012,Brasileirão Série A,3,2012-06-06,BRA028,BRA042,1,0, Beira Rio,H
3873,2012,Brasileirão Série A,3,2012-06-06,BRA036,BRA021,2,2, Moisés Lucarelli,D
3874,2012,Brasileirão Série A,3,2012-06-06,BRA040,BRA022,1,1, Vila Belmiro,D
3875,2012,Brasileirão Série A,3,2012-06-07,BRA015,BRA020,1,1, Pacaembu,D
3876,2012,Brasileirão Série A,3,2012-06-07,BRA009,BRA018,2,3,Engenhão,A
3877,2012,Brasileirão Série A,4,2012-06-09,BRA021,BRA016,3,1,Engenhão,H
3878,2012,Brasileirão Série A,4,2012-06-09,BRA033,BRA005,0,1, Pacaembu,A
3879,2012,Brasileirão Série A,4,2012-06-10,BRA037,BRA004,2,0,Canindé,H
3880,2012,Brasileirão Série A,4,2012-06-10,BRA025,BRA015,2,0, Olímpico,H
3881,2012,Brasileirão Série A,4,2012-06-10,BRA022,BRA028,0,0,Engenhão,D
3882,2012,Brasileirão Série A,4,2012-06-10,BRA007,BRA044,1,2,Pituaçu,A
3883,2012,Brasileirão Série A,4,2012-06-10,BRA042,BRA040,1,0, Morumbi,H
3884,2012,Brasileirão Série A,4,2012-06-10,BRA032,BRA009,3,2,Aflitos,H
3885,2012,Brasileirão Série A,4,2012-06-10,BRA018,BRA043,1,0,Melão,H
3886,2012,Brasileirão Série A,4,2012-06-10,BRA020,BRA036,0,0, Orlando Scarpelli,D
3887,2012,Brasileirão Série A,5,2012-06-16,BRA028,BRA009,1,2, Beira Rio,A
3888,2012,Brasileirão Série A,5,2012-06-16,BRA018,BRA020,1,0,  Independência,H
3889,2012,Brasileirão Série A,5,2012-06-16,BRA022,BRA037,4,1,Engenhão,H
3890,2012,Brasileirão Série A,5,2012-06-17,BRA042,BRA005,1,0, Morumbi,H
3891,2012,Brasileirão Série A,5,2012-06-17,BRA007,BRA043,2,1,Pituaçu,H
3892,2012,Brasileirão Série A,5,2012-06-17,BRA021,BRA040,1,0,Engenhão,H
3893,2012,Brasileirão Série A,5,2012-06-17,BRA033,BRA044,1,1,Arena Barueri,D
3894,2012,Brasileirão Série A,5,2012-06-17,BRA032,BRA025,1,0,Aflitos,H
3895,2012,Brasileirão Série A,5,2012-06-17,BRA016,BRA004,3,0, Couto Pereira,H
3896,2012,Brasileirão Série A,5,2012-06-17,BRA036,BRA015,1,0, Moisés Lucarelli,H
3897,2012,Brasileirão Série A,6,2012-06-23,BRA037,BRA042,1,0,Canindé,H
3898,2012,Brasileirão Série A,6,2012-06-23,BRA044,BRA018,1,3, São Januário,A
3899,2012,Brasileirão Série A,6,2012-06-23,BRA005,BRA032,5,1,  Independência,H
3900,2012,Brasileirão Série A,6,2012-06-24,BRA015,BRA033,2,1, Pacaembu,H
3901,2012,Brasileirão Série A,6,2012-06-24,BRA025,BRA021,2,0, Olímpico,H
3902,2012,Brasileirão Série A,6,2012-06-24,BRA020,BRA007,1,1, Orlando Scarpelli,D
3903,2012,Brasileirão Série A,6,2012-06-24,BRA009,BRA036,1,2,Engenhão,A
3904,2012,Brasileirão Série A,6,2012-06-24,BRA040,BRA016,2,2, Vila Belmiro,D
3905,2012,Brasileirão Série A,6,2012-06-24,BRA004,BRA022,1,4, Serra Dourada,A
3906,2012,Brasileirão Série A,6,2012-06-24,BRA043,BRA028,0,2,Ilha do Retiro,A
3907,2012,Brasileirão Série A,7,2012-06-30,BRA032,BRA022,0,2,Aflitos,A
3908,2012,Brasileirão Série A,7,2012-06-30,BRA018,BRA042,2,3,  Independência,A
3909,2012,Brasileirão Série A,7,2012-06-30,BRA044,BRA036,3,2, São Januário,H
3910,2012,Brasileirão Série A,7,2012-07-01,BRA016,BRA043,2,3, Couto Pereira,A
3911,2012,Brasileirão Série A,7,2012-07-01,BRA007,BRA028,1,1,Pituaçu,D
3912,2012,Brasileirão Série A,7,2012-07-01,BRA037,BRA040,0,0,Canindé,D
3913,2012,Brasileirão Série A,7,2012-07-01,BRA025,BRA005,0,1, Olímpico,A
3914,2012,Brasileirão Série A,7,2012-07-01,BRA021,BRA004,3,2,Engenhão,H
3915,2012,Brasileirão Série A,7,2012-07-01,BRA033,BRA020,3,1,Arena Barueri,H
3917,2012,Brasileirão Série A,8,2012-07-07,BRA009,BRA007,3,0,Engenhão,H
3918,2012,Brasileirão Série A,8,2012-07-07,BRA028,BRA018,2,1, Beira Rio,H
3919,2012,Brasileirão Série A,8,2012-07-07,BRA004,BRA032,0,1, Serra Dourada,A
3920,2012,Brasileirão Série A,8,2012-07-08,BRA042,BRA016,3,1, Morumbi,H
3921,2012,Brasileirão Série A,8,2012-07-08,BRA020,BRA044,1,1, Orlando Scarpelli,D
3922,2012,Brasileirão Série A,8,2012-07-08,BRA022,BRA021,1,0,Engenhão,H
3923,2012,Brasileirão Série A,8,2012-07-08,BRA040,BRA025,4,2, Vila Belmiro,H
3924,2012,Brasileirão Série A,8,2012-07-08,BRA036,BRA033,1,0, Moisés Lucarelli,H
3925,2012,Brasileirão Série A,8,2012-07-08,BRA005,BRA037,2,0,  Independência,H
3926,2012,Brasileirão Série A,8,2012-07-08,BRA043,BRA015,1,1,Ilha do Retiro,D
3916,2012,Brasileirão Série A,7,2012-07-11,BRA015,BRA009,1,3, Pacaembu,A
3927,2012,Brasileirão Série A,9,2012-07-14,BRA015,BRA032,2,1, Pacaembu,H
3928,2012,Brasileirão Série A,9,2012-07-14,BRA020,BRA005,3,4, Orlando Scarpelli,A
3929,2012,Brasileirão Série A,9,2012-07-14,BRA036,BRA016,4,1, Moisés Lucarelli,H
3930,2012,Brasileirão Série A,9,2012-07-15,BRA009,BRA022,1,1,Engenhão,D
3931,2012,Brasileirão Série A,9,2012-07-15,BRA028,BRA040,0,0, Beira Rio,D
3932,2012,Brasileirão Série A,9,2012-07-15,BRA007,BRA021,1,2,Pituaçu,A
3933,2012,Brasileirão Série A,9,2012-07-15,BRA018,BRA025,1,3,  Independência,A
3934,2012,Brasileirão Série A,9,2012-07-15,BRA043,BRA037,2,1,Ilha do Retiro,H
3935,2012,Brasileirão Série A,9,2012-07-15,BRA044,BRA004,1,0, São Januário,H
3936,2012,Brasileirão Série A,9,2012-07-15,BRA033,BRA042,1,1,Arena Barueri,D
3937,2012,Brasileirão Série A,10,2012-07-18,BRA040,BRA009,0,0, Vila Belmiro,D
3938,2012,Brasileirão Série A,10,2012-07-18,BRA025,BRA043,3,1, Olímpico,H
3939,2012,Brasileirão Série A,10,2012-07-18,BRA032,BRA036,3,0,Aflitos,H
3940,2012,Brasileirão Série A,10,2012-07-18,BRA037,BRA018,0,2,Canindé,A
3941,2012,Brasileirão Série A,10,2012-07-18,BRA005,BRA028,3,1,  Independência,H
3942,2012,Brasileirão Série A,10,2012-07-18,BRA042,BRA044,0,1, Morumbi,A
3943,2012,Brasileirão Série A,10,2012-07-18,BRA021,BRA015,0,3,Engenhão,A
3944,2012,Brasileirão Série A,10,2012-07-19,BRA004,BRA020,3,2, Serra Dourada,H
3945,2012,Brasileirão Série A,10,2012-07-19,BRA022,BRA007,4,0,Engenhão,H
3946,2012,Brasileirão Série A,10,2012-07-19,BRA016,BRA033,1,1, Couto Pereira,D
3947,2012,Brasileirão Série A,11,2012-07-21,BRA043,BRA005,1,4,Ilha do Retiro,A
3948,2012,Brasileirão Série A,11,2012-07-21,BRA044,BRA040,2,0, São Januário,H
3949,2012,Brasileirão Série A,11,2012-07-21,BRA015,BRA037,1,1, Pacaembu,D
3950,2012,Brasileirão Série A,11,2012-07-22,BRA033,BRA032,3,0,Arena Barueri,H
3951,2012,Brasileirão Série A,11,2012-07-22,BRA028,BRA004,4,1, Beira Rio,H
3952,2012,Brasileirão Série A,11,2012-07-22,BRA018,BRA021,1,0,  Independência,H
3953,2012,Brasileirão Série A,11,2012-07-22,BRA020,BRA042,0,2, Orlando Scarpelli,A
3954,2012,Brasileirão Série A,11,2012-07-22,BRA036,BRA022,1,2, Moisés Lucarelli,A
3955,2012,Brasileirão Série A,11,2012-07-22,BRA009,BRA025,0,1,Engenhão,A
3956,2012,Brasileirão Série A,11,2012-07-22,BRA007,BRA016,2,2,Pituaçu,D
3957,2012,Brasileirão Série A,12,2012-07-25,BRA020,BRA028,0,1, Orlando Scarpelli,A
3958,2012,Brasileirão Série A,12,2012-07-25,BRA036,BRA043,1,1, Moisés Lucarelli,D
3959,2012,Brasileirão Série A,12,2012-07-25,BRA044,BRA009,1,0,Engenhão,H
3960,2012,Brasileirão Série A,12,2012-07-25,BRA032,BRA016,3,4,Aflitos,A
3961,2012,Brasileirão Série A,12,2012-07-25,BRA015,BRA018,2,0, Pacaembu,H
3962,2012,Brasileirão Série A,12,2012-07-25,BRA004,BRA042,4,3, Serra Dourada,H
3963,2012,Brasileirão Série A,12,2012-07-25,BRA025,BRA022,1,0, Olímpico,H
3964,2012,Brasileirão Série A,12,2012-07-26,BRA005,BRA040,2,0,  Independência,H
3965,2012,Brasileirão Série A,12,2012-07-26,BRA021,BRA037,0,0,Engenhão,D
3966,2012,Brasileirão Série A,12,2012-07-26,BRA033,BRA007,0,2,Arena Barueri,A
3967,2012,Brasileirão Série A,13,2012-07-28,BRA028,BRA044,0,0, Beira Rio,D
3968,2012,Brasileirão Série A,13,2012-07-28,BRA016,BRA025,2,1, Couto Pereira,H
3969,2012,Brasileirão Série A,13,2012-07-28,BRA009,BRA020,1,0,Engenhão,H
3970,2012,Brasileirão Série A,13,2012-07-29,BRA042,BRA021,4,1, Morumbi,H
3971,2012,Brasileirão Série A,13,2012-07-29,BRA022,BRA005,0,0,Engenhão,D
3972,2012,Brasileirão Série A,13,2012-07-29,BRA043,BRA004,0,0,Ilha do Retiro,D
3973,2012,Brasileirão Série A,13,2012-07-29,BRA007,BRA015,0,0,Pituaçu,D
3974,2012,Brasileirão Série A,13,2012-07-29,BRA018,BRA033,2,1,  Independência,H
3975,2012,Brasileirão Série A,13,2012-07-29,BRA040,BRA036,2,1, Vila Belmiro,H
3976,2012,Brasileirão Série A,13,2012-07-29,BRA037,BRA032,3,1,Canindé,H
3977,2012,Brasileirão Série A,14,2012-08-04,BRA033,BRA028,0,1,Arena Barueri,A
3978,2012,Brasileirão Série A,14,2012-08-04,BRA004,BRA009,1,2, Serra Dourada,A
3979,2012,Brasileirão Série A,14,2012-08-04,BRA037,BRA020,2,0,Canindé,H
3980,2012,Brasileirão Série A,14,2012-08-05,BRA044,BRA015,0,0, São Januário,D
3981,2012,Brasileirão Série A,14,2012-08-05,BRA025,BRA007,3,1, Olímpico,H
3982,2012,Brasileirão Série A,14,2012-08-05,BRA016,BRA022,0,2, Couto Pereira,A
3983,2012,Brasileirão Série A,14,2012-08-05,BRA042,BRA043,1,0, Morumbi,H
3984,2012,Brasileirão Série A,14,2012-08-05,BRA018,BRA036,1,2,  Independência,A
3985,2012,Brasileirão Série A,14,2012-08-05,BRA032,BRA040,3,0,Aflitos,H
3987,2012,Brasileirão Série A,15,2012-08-08,BRA043,BRA044,0,2,Ilha do Retiro,A
3988,2012,Brasileirão Série A,15,2012-08-08,BRA028,BRA032,0,0, Beira Rio,D
3989,2012,Brasileirão Série A,15,2012-08-08,BRA007,BRA037,0,0,Pituaçu,D
3990,2012,Brasileirão Série A,15,2012-08-08,BRA015,BRA004,1,1, Pacaembu,D
3991,2012,Brasileirão Série A,15,2012-08-08,BRA020,BRA021,0,2, Orlando Scarpelli,A
3992,2012,Brasileirão Série A,15,2012-08-08,BRA009,BRA033,1,2,Engenhão,A
3993,2012,Brasileirão Série A,15,2012-08-08,BRA040,BRA018,4,2, Vila Belmiro,H
3994,2012,Brasileirão Série A,15,2012-08-09,BRA036,BRA025,0,0, Moisés Lucarelli,D
3995,2012,Brasileirão Série A,15,2012-08-09,BRA005,BRA016,1,0,  Independência,H
3996,2012,Brasileirão Série A,15,2012-08-09,BRA022,BRA042,2,1, São Januário,H
3997,2012,Brasileirão Série A,16,2012-08-11,BRA007,BRA018,0,1,Pituaçu,A
3998,2012,Brasileirão Série A,16,2012-08-11,BRA043,BRA020,0,1,Ilha do Retiro,A
3999,2012,Brasileirão Série A,16,2012-08-11,BRA040,BRA004,2,2, Pacaembu,D
4000,2012,Brasileirão Série A,16,2012-08-11,BRA021,BRA032,2,0,  Raulino de Oliveira,H
4001,2012,Brasileirão Série A,16,2012-08-12,BRA005,BRA044,1,0,  Independência,H
4002,2012,Brasileirão Série A,16,2012-08-12,BRA028,BRA036,2,1, Beira Rio,H
4003,2012,Brasileirão Série A,16,2012-08-12,BRA016,BRA015,1,2, Couto Pereira,A
4004,2012,Brasileirão Série A,16,2012-08-12,BRA042,BRA025,1,2, Morumbi,A
4005,2012,Brasileirão Série A,16,2012-08-12,BRA022,BRA033,1,0,Engenhão,H
4006,2012,Brasileirão Série A,16,2012-08-12,BRA037,BRA009,1,1,Canindé,D
4007,2012,Brasileirão Série A,17,2012-08-15,BRA025,BRA037,1,2, Olímpico,A
4008,2012,Brasileirão Série A,17,2012-08-15,BRA018,BRA022,1,1,  Independência,D
4009,2012,Brasileirão Série A,17,2012-08-15,BRA004,BRA005,1,1, Serra Dourada,D
4010,2012,Brasileirão Série A,17,2012-08-15,BRA036,BRA007,0,2, Moisés Lucarelli,A
4011,2012,Brasileirão Série A,17,2012-08-15,BRA033,BRA021,1,0,Arena Barueri,H
4012,2012,Brasileirão Série A,17,2012-08-15,BRA032,BRA042,3,0,Aflitos,H
4013,2012,Brasileirão Série A,17,2012-08-15,BRA009,BRA043,2,0,Engenhão,H
4014,2012,Brasileirão Série A,17,2012-08-16,BRA044,BRA016,2,2, São Januário,D
4015,2012,Brasileirão Série A,17,2012-08-16,BRA015,BRA028,1,0, Pacaembu,H
4016,2012,Brasileirão Série A,17,2012-08-16,BRA020,BRA040,1,3, Orlando Scarpelli,A
4017,2012,Brasileirão Série A,18,2012-08-18,BRA032,BRA007,1,0,Aflitos,H
4018,2012,Brasileirão Série A,18,2012-08-18,BRA022,BRA043,1,0,  Raulino de Oliveira,H
4019,2012,Brasileirão Série A,18,2012-08-18,BRA042,BRA036,3,0, Morumbi,H
4020,2012,Brasileirão Série A,18,2012-08-19,BRA040,BRA015,3,2, Vila Belmiro,H
4021,2012,Brasileirão Série A,18,2012-08-19,BRA016,BRA018,4,0, Couto Pereira,H
4022,2012,Brasileirão Série A,18,2012-08-19,BRA005,BRA009,3,2,  Independência,H
4023,2012,Brasileirão Série A,18,2012-08-19,BRA025,BRA020,4,0, Olímpico,H
4024,2012,Brasileirão Série A,18,2012-08-19,BRA037,BRA028,1,1,Canindé,D
4025,2012,Brasileirão Série A,18,2012-08-19,BRA004,BRA033,2,1, Serra Dourada,H
4026,2012,Brasileirão Série A,18,2012-08-19,BRA021,BRA044,1,0,Engenhão,H
4027,2012,Brasileirão Série A,19,2012-08-25,BRA033,BRA040,1,2, Pacaembu,A
4028,2012,Brasileirão Série A,19,2012-08-25,BRA044,BRA022,1,2, São Januário,A
4029,2012,Brasileirão Série A,19,2012-08-25,BRA036,BRA037,2,1, Moisés Lucarelli,H
4030,2012,Brasileirão Série A,19,2012-08-26,BRA028,BRA025,0,1, Beira Rio,A
4031,2012,Brasileirão Série A,19,2012-08-26,BRA009,BRA021,0,0,Engenhão,D
4032,2012,Brasileirão Série A,19,2012-08-26,BRA015,BRA042,1,2, Pacaembu,A
4033,2012,Brasileirão Série A,19,2012-08-26,BRA020,BRA016,3,1, Orlando Scarpelli,H
4034,2012,Brasileirão Série A,19,2012-08-26,BRA018,BRA005,2,2,  Independência,D
4035,2012,Brasileirão Série A,19,2012-08-26,BRA007,BRA004,1,1,Pituaçu,D
4036,2012,Brasileirão Série A,19,2012-08-26,BRA043,BRA032,0,0,Ilha do Retiro,D
4037,2012,Brasileirão Série A,20,2012-08-29,BRA016,BRA028,1,0, Couto Pereira,H
4038,2012,Brasileirão Série A,20,2012-08-29,BRA040,BRA007,1,3, Vila Belmiro,A
4039,2012,Brasileirão Série A,20,2012-08-29,BRA037,BRA033,3,0,Canindé,H
4040,2012,Brasileirão Série A,20,2012-08-29,BRA032,BRA020,3,2,Aflitos,H
4041,2012,Brasileirão Série A,20,2012-08-29,BRA005,BRA036,2,2,  Independência,D
4042,2012,Brasileirão Série A,20,2012-08-29,BRA022,BRA015,1,1,Engenhão,D
4043,2012,Brasileirão Série A,20,2012-08-29,BRA025,BRA044,2,0, Olímpico,H
4044,2012,Brasileirão Série A,20,2012-08-29,BRA004,BRA018,0,2, Serra Dourada,A
4045,2012,Brasileirão Série A,20,2012-08-30,BRA021,BRA043,1,1,  Raulino de Oliveira,D
4046,2012,Brasileirão Série A,20,2012-08-30,BRA042,BRA009,4,0, Morumbi,H
4047,2012,Brasileirão Série A,21,2012-09-01,BRA033,BRA025,0,0, Pacaembu,D
4048,2012,Brasileirão Série A,21,2012-09-01,BRA020,BRA022,2,2, Orlando Scarpelli,D
4049,2012,Brasileirão Série A,21,2012-09-01,BRA044,BRA037,2,0, São Januário,H
4050,2012,Brasileirão Série A,21,2012-09-02,BRA028,BRA021,4,1, Beira Rio,H
4051,2012,Brasileirão Série A,21,2012-09-02,BRA015,BRA005,1,0, Pacaembu,H
4052,2012,Brasileirão Série A,21,2012-09-02,BRA007,BRA042,1,0,Pituaçu,H
4053,2012,Brasileirão Série A,21,2012-09-02,BRA043,BRA040,2,1,Ilha do Retiro,H
4054,2012,Brasileirão Série A,21,2012-09-02,BRA036,BRA004,3,1, Moisés Lucarelli,H
4055,2012,Brasileirão Série A,21,2012-09-02,BRA018,BRA032,3,0,  Independência,H
4056,2012,Brasileirão Série A,21,2012-09-02,BRA009,BRA016,2,0,Engenhão,H
4057,2012,Brasileirão Série A,22,2012-09-05,BRA021,BRA036,0,1,  Raulino de Oliveira,A
4058,2012,Brasileirão Série A,22,2012-09-05,BRA037,BRA016,3,0,Canindé,H
4059,2012,Brasileirão Série A,22,2012-09-05,BRA032,BRA044,1,1,Aflitos,D
4060,2012,Brasileirão Série A,22,2012-09-05,BRA007,BRA005,0,0,Pituaçu,D
4061,2012,Brasileirão Série A,22,2012-09-05,BRA025,BRA004,2,1, Olímpico,H
4062,2012,Brasileirão Série A,22,2012-09-05,BRA020,BRA015,1,0, Orlando Scarpelli,H
4063,2012,Brasileirão Série A,22,2012-09-05,BRA042,BRA028,1,1, Morumbi,D
4064,2012,Brasileirão Série A,22,2012-09-05,BRA018,BRA009,1,3,  Independência,A
4065,2012,Brasileirão Série A,22,2012-09-06,BRA022,BRA040,3,1,Engenhão,H
4066,2012,Brasileirão Série A,22,2012-09-06,BRA033,BRA043,3,1, Pacaembu,H
4067,2012,Brasileirão Série A,23,2012-09-08,BRA016,BRA021,3,0, Couto Pereira,H
4068,2012,Brasileirão Série A,23,2012-09-08,BRA036,BRA020,2,2, Moisés Lucarelli,D
4069,2012,Brasileirão Série A,23,2012-09-08,BRA015,BRA025,3,1, Pacaembu,H
4070,2012,Brasileirão Série A,23,2012-09-09,BRA040,BRA042,0,0, Vila Belmiro,D
4071,2012,Brasileirão Série A,23,2012-09-09,BRA028,BRA022,0,1, Beira Rio,A
4072,2012,Brasileirão Série A,23,2012-09-09,BRA009,BRA032,3,1,Engenhão,H
4073,2012,Brasileirão Série A,23,2012-09-09,BRA044,BRA007,0,4, São Januário,A
4074,2012,Brasileirão Série A,23,2012-09-09,BRA004,BRA037,1,1, Serra Dourada,D
4075,2012,Brasileirão Série A,23,2012-09-09,BRA043,BRA018,2,1,Ilha do Retiro,H
4076,2012,Brasileirão Série A,23,2012-09-09,BRA005,BRA033,3,0,  Independência,H
4077,2012,Brasileirão Série A,24,2012-09-12,BRA037,BRA022,0,2,Canindé,A
4078,2012,Brasileirão Série A,24,2012-09-12,BRA020,BRA018,2,0, Orlando Scarpelli,H
4079,2012,Brasileirão Série A,24,2012-09-12,BRA015,BRA036,1,1, Pacaembu,D
4080,2012,Brasileirão Série A,24,2012-09-12,BRA004,BRA016,1,2, Serra Dourada,A
4081,2012,Brasileirão Série A,24,2012-09-12,BRA043,BRA007,1,1,Ilha do Retiro,D
4082,2012,Brasileirão Série A,24,2012-09-12,BRA005,BRA042,1,0,  Independência,H
4083,2012,Brasileirão Série A,24,2012-09-12,BRA044,BRA033,3,1, São Januário,H
4084,2012,Brasileirão Série A,24,2012-09-12,BRA040,BRA021,2,0, Vila Belmiro,H
4085,2012,Brasileirão Série A,24,2012-09-13,BRA025,BRA032,2,0, Olímpico,H
4086,2012,Brasileirão Série A,24,2012-09-13,BRA009,BRA028,1,1,Engenhão,D
4087,2012,Brasileirão Série A,25,2012-09-15,BRA022,BRA004,1,2,  Raulino de Oliveira,A
4088,2012,Brasileirão Série A,25,2012-09-15,BRA042,BRA037,3,1, Morumbi,H
4089,2012,Brasileirão Série A,25,2012-09-16,BRA016,BRA040,1,2, Couto Pereira,A
4090,2012,Brasileirão Série A,25,2012-09-16,BRA033,BRA015,0,2, Pacaembu,A
4091,2012,Brasileirão Série A,25,2012-09-16,BRA018,BRA044,1,1,Melão,D
4092,2012,Brasileirão Série A,25,2012-09-16,BRA032,BRA005,1,0,Aflitos,H
4093,2012,Brasileirão Série A,25,2012-09-16,BRA007,BRA020,2,1,Pituaçu,H
4094,2012,Brasileirão Série A,25,2012-09-16,BRA021,BRA025,1,1,Engenhão,D
4095,2012,Brasileirão Série A,25,2012-09-16,BRA028,BRA043,2,2, Beira Rio,D
4096,2012,Brasileirão Série A,25,2012-09-16,BRA036,BRA009,0,0, Moisés Lucarelli,D
4097,2012,Brasileirão Série A,26,2012-09-22,BRA020,BRA033,1,3, Orlando Scarpelli,A
4098,2012,Brasileirão Série A,26,2012-09-22,BRA022,BRA032,2,1,  Raulino de Oliveira,H
4099,2012,Brasileirão Série A,26,2012-09-22,BRA040,BRA037,1,3, Pacaembu,A
4100,2012,Brasileirão Série A,26,2012-09-23,BRA009,BRA015,2,2,Engenhão,D
4101,2012,Brasileirão Série A,26,2012-09-23,BRA042,BRA018,1,0, Morumbi,H
4102,2012,Brasileirão Série A,26,2012-09-23,BRA036,BRA044,0,0, Moisés Lucarelli,D
4103,2012,Brasileirão Série A,26,2012-09-23,BRA004,BRA021,1,2, Serra Dourada,A
4104,2012,Brasileirão Série A,26,2012-09-23,BRA028,BRA007,3,1, Beira Rio,H
4105,2012,Brasileirão Série A,26,2012-09-23,BRA005,BRA025,0,0,  Independência,D
4106,2012,Brasileirão Série A,26,2012-09-23,BRA043,BRA016,1,0,Ilha do Retiro,H
3986,2012,Brasileirão Série A,14,2012-09-26,BRA021,BRA005,2,1,Engenhão,H
4107,2012,Brasileirão Série A,27,2012-09-29,BRA037,BRA005,1,1,Canindé,D
4108,2012,Brasileirão Série A,27,2012-09-29,BRA044,BRA020,3,1, São Januário,H
4109,2012,Brasileirão Série A,27,2012-09-29,BRA018,BRA028,0,0,  Independência,D
4110,2012,Brasileirão Série A,27,2012-09-29,BRA032,BRA004,2,0,Aflitos,H
4111,2012,Brasileirão Série A,27,2012-09-29,BRA033,BRA036,3,0, Pacaembu,H
4112,2012,Brasileirão Série A,27,2012-09-30,BRA021,BRA022,0,1,Engenhão,A
4113,2012,Brasileirão Série A,27,2012-09-30,BRA015,BRA043,3,0, Pacaembu,H
4114,2012,Brasileirão Série A,27,2012-09-30,BRA007,BRA009,2,0,Pituaçu,H
4115,2012,Brasileirão Série A,27,2012-09-30,BRA016,BRA042,1,1, Couto Pereira,D
4116,2012,Brasileirão Série A,27,2012-09-30,BRA025,BRA040,1,1, Olímpico,D
4117,2012,Brasileirão Série A,28,2012-10-04,BRA021,BRA007,0,0,Engenhão,D
4118,2012,Brasileirão Série A,28,2012-10-04,BRA037,BRA043,5,1,Canindé,H
4119,2012,Brasileirão Série A,28,2012-10-04,BRA016,BRA036,1,0, Couto Pereira,H
4120,2012,Brasileirão Série A,28,2012-10-06,BRA042,BRA033,3,0, Morumbi,H
4121,2012,Brasileirão Série A,28,2012-10-06,BRA040,BRA028,1,1, Vila Belmiro,D
4122,2012,Brasileirão Série A,28,2012-10-06,BRA004,BRA044,0,1, Serra Dourada,A
4123,2012,Brasileirão Série A,28,2012-10-06,BRA032,BRA015,2,1,Aflitos,H
4124,2012,Brasileirão Série A,28,2012-10-06,BRA022,BRA009,1,0,Engenhão,H
4125,2012,Brasileirão Série A,28,2012-10-06,BRA025,BRA018,2,1, Olímpico,H
4126,2012,Brasileirão Série A,28,2012-10-06,BRA005,BRA020,6,0,  Independência,H
4127,2012,Brasileirão Série A,29,2012-10-10,BRA018,BRA037,2,0,Melão,H
4128,2012,Brasileirão Série A,29,2012-10-10,BRA009,BRA040,0,2,Engenhão,A
4129,2012,Brasileirão Série A,29,2012-10-10,BRA020,BRA004,3,1, Orlando Scarpelli,H
4130,2012,Brasileirão Série A,29,2012-10-10,BRA036,BRA032,2,1, Moisés Lucarelli,H
4131,2012,Brasileirão Série A,29,2012-10-10,BRA007,BRA022,0,2,Pituaçu,A
4132,2012,Brasileirão Série A,29,2012-10-10,BRA044,BRA042,0,2, São Januário,A
4133,2012,Brasileirão Série A,29,2012-10-10,BRA015,BRA021,3,2, Pacaembu,H
4134,2012,Brasileirão Série A,29,2012-10-10,BRA028,BRA005,3,0, Beira Rio,H
4135,2012,Brasileirão Série A,29,2012-10-11,BRA033,BRA016,0,1,Fonte Luminosa,A
4136,2012,Brasileirão Série A,29,2012-10-11,BRA043,BRA025,1,3,Ilha do Retiro,A
4137,2012,Brasileirão Série A,30,2012-10-13,BRA021,BRA018,1,1,Engenhão,D
4138,2012,Brasileirão Série A,30,2012-10-13,BRA004,BRA028,3,1, Serra Dourada,H
4139,2012,Brasileirão Série A,30,2012-10-13,BRA037,BRA015,1,1,Canindé,D
4140,2012,Brasileirão Série A,30,2012-10-14,BRA005,BRA043,2,1,  Independência,H
4141,2012,Brasileirão Série A,30,2012-10-14,BRA040,BRA044,2,0, Vila Belmiro,H
4142,2012,Brasileirão Série A,30,2012-10-14,BRA042,BRA020,2,0, Morumbi,H
4143,2012,Brasileirão Série A,30,2012-10-14,BRA016,BRA007,2,1, Couto Pereira,H
4144,2012,Brasileirão Série A,30,2012-10-14,BRA032,BRA033,1,0,Aflitos,H
4145,2012,Brasileirão Série A,30,2012-10-14,BRA022,BRA036,2,1, São Januário,H
4146,2012,Brasileirão Série A,30,2012-10-14,BRA025,BRA009,1,1, Olímpico,D
4147,2012,Brasileirão Série A,31,2012-10-17,BRA022,BRA025,2,2,Engenhão,D
4148,2012,Brasileirão Série A,31,2012-10-17,BRA028,BRA020,2,3, Beira Rio,A
4149,2012,Brasileirão Série A,31,2012-10-17,BRA016,BRA032,2,1, Couto Pereira,H
4150,2012,Brasileirão Série A,31,2012-10-17,BRA007,BRA033,0,1,Pituaçu,A
4151,2012,Brasileirão Série A,31,2012-10-17,BRA018,BRA015,2,0,  Independência,H
4152,2012,Brasileirão Série A,31,2012-10-17,BRA037,BRA021,0,0,Canindé,D
4153,2012,Brasileirão Série A,31,2012-10-17,BRA040,BRA005,2,2, Vila Belmiro,D
4154,2012,Brasileirão Série A,31,2012-10-18,BRA009,BRA044,3,2,Engenhão,H
4155,2012,Brasileirão Série A,31,2012-10-18,BRA042,BRA004,2,0, Morumbi,H
4156,2012,Brasileirão Série A,31,2012-10-18,BRA043,BRA036,3,1,Ilha do Retiro,H
4157,2012,Brasileirão Série A,32,2012-10-20,BRA033,BRA018,2,0,Fonte Luminosa,H
4158,2012,Brasileirão Série A,32,2012-10-20,BRA025,BRA016,0,0, Olímpico,D
4159,2012,Brasileirão Série A,32,2012-10-20,BRA015,BRA007,1,1, Pacaembu,D
4160,2012,Brasileirão Série A,32,2012-10-21,BRA005,BRA022,3,2,  Independência,H
4161,2012,Brasileirão Série A,32,2012-10-21,BRA021,BRA042,1,0,Engenhão,H
4162,2012,Brasileirão Série A,32,2012-10-21,BRA032,BRA037,0,0,Aflitos,D
4163,2012,Brasileirão Série A,32,2012-10-21,BRA036,BRA040,1,0, Moisés Lucarelli,H
4164,2012,Brasileirão Série A,32,2012-10-21,BRA004,BRA043,0,1, Serra Dourada,A
4165,2012,Brasileirão Série A,32,2012-10-24,BRA044,BRA028,1,2, São Januário,A
4166,2012,Brasileirão Série A,32,2012-10-24,BRA020,BRA009,0,2, Orlando Scarpelli,A
4167,2012,Brasileirão Série A,33,2012-10-25,BRA022,BRA016,2,1,Engenhão,H
4168,2012,Brasileirão Série A,33,2012-10-25,BRA040,BRA032,0,0, Vila Belmiro,D
4169,2012,Brasileirão Série A,33,2012-10-25,BRA036,BRA018,1,0, Moisés Lucarelli,H
4170,2012,Brasileirão Série A,33,2012-10-27,BRA028,BRA033,2,1, Beira Rio,H
4171,2012,Brasileirão Série A,33,2012-10-27,BRA015,BRA044,1,0, Pacaembu,H
4172,2012,Brasileirão Série A,33,2012-10-27,BRA009,BRA004,4,0,Engenhão,H
4173,2012,Brasileirão Série A,33,2012-10-27,BRA020,BRA037,0,0, Orlando Scarpelli,D
4174,2012,Brasileirão Série A,33,2012-10-27,BRA043,BRA042,2,4,Ilha do Retiro,A
4175,2012,Brasileirão Série A,33,2012-10-27,BRA007,BRA025,1,1,Pituaçu,D
4176,2012,Brasileirão Série A,33,2012-10-31,BRA005,BRA021,1,1,  Independência,D
4177,2012,Brasileirão Série A,34,2012-11-03,BRA018,BRA040,0,4,  Independência,A
4178,2012,Brasileirão Série A,34,2012-11-03,BRA025,BRA036,1,0, Olímpico,H
4179,2012,Brasileirão Série A,34,2012-11-03,BRA021,BRA020,1,0,  Raulino de Oliveira,H
4180,2012,Brasileirão Série A,34,2012-11-04,BRA033,BRA009,2,2,Fonte Luminosa,D
4181,2012,Brasileirão Série A,34,2012-11-04,BRA044,BRA043,0,3, São Januário,A
4182,2012,Brasileirão Série A,34,2012-11-04,BRA042,BRA022,1,1, Morumbi,D
4183,2012,Brasileirão Série A,34,2012-11-04,BRA004,BRA015,0,2,  Boca do Jacaré,A
4184,2012,Brasileirão Série A,34,2012-11-04,BRA037,BRA007,0,1,Canindé,A
4185,2012,Brasileirão Série A,34,2012-11-04,BRA016,BRA005,1,0, Couto Pereira,H
4186,2012,Brasileirão Série A,34,2012-11-04,BRA032,BRA028,3,0,Aflitos,H
4187,2012,Brasileirão Série A,35,2012-11-10,BRA009,BRA037,3,0,Engenhão,H
4188,2012,Brasileirão Série A,35,2012-11-10,BRA004,BRA040,2,1,Bezerrão,H
4189,2012,Brasileirão Série A,35,2012-11-10,BRA015,BRA016,5,1, Pacaembu,H
4190,2012,Brasileirão Série A,35,2012-11-11,BRA033,BRA022,2,3,  Prudentão,A
4191,2012,Brasileirão Série A,35,2012-11-11,BRA025,BRA042,2,1, Olímpico,H
4192,2012,Brasileirão Série A,35,2012-11-11,BRA044,BRA005,1,1, São Januário,D
4193,2012,Brasileirão Série A,35,2012-11-11,BRA018,BRA007,3,1,  Independência,H
4194,2012,Brasileirão Série A,35,2012-11-11,BRA032,BRA021,0,1,Aflitos,A
4195,2012,Brasileirão Série A,35,2012-11-11,BRA020,BRA043,1,1, Orlando Scarpelli,D
4196,2012,Brasileirão Série A,35,2012-11-11,BRA036,BRA028,1,0, Moisés Lucarelli,H
4197,2012,Brasileirão Série A,36,2012-11-17,BRA040,BRA020,2,0, Vila Belmiro,H
4198,2012,Brasileirão Série A,36,2012-11-17,BRA016,BRA044,1,2, Couto Pereira,A
4199,2012,Brasileirão Série A,36,2012-11-18,BRA021,BRA033,1,1,  Raulino de Oliveira,D
4200,2012,Brasileirão Série A,36,2012-11-18,BRA022,BRA018,0,2,Engenhão,A
4201,2012,Brasileirão Série A,36,2012-11-18,BRA042,BRA032,2,1, Morumbi,H
4202,2012,Brasileirão Série A,36,2012-11-18,BRA005,BRA004,2,2,  Independência,D
4203,2012,Brasileirão Série A,36,2012-11-18,BRA007,BRA036,1,0,Pituaçu,H
4204,2012,Brasileirão Série A,36,2012-11-18,BRA028,BRA015,0,2, Beira Rio,A
4205,2012,Brasileirão Série A,36,2012-11-18,BRA037,BRA025,2,2,Canindé,D
4206,2012,Brasileirão Série A,36,2012-11-18,BRA043,BRA009,2,0,Ilha do Retiro,H
4207,2012,Brasileirão Série A,37,2012-11-24,BRA044,BRA021,1,1,Engenhão,D
4208,2012,Brasileirão Série A,37,2012-11-24,BRA015,BRA040,1,1, Pacaembu,D
4209,2012,Brasileirão Série A,37,2012-11-25,BRA009,BRA005,2,3,Engenhão,A
4210,2012,Brasileirão Série A,37,2012-11-25,BRA020,BRA025,2,4, Orlando Scarpelli,A
4211,2012,Brasileirão Série A,37,2012-11-25,BRA036,BRA042,0,0, Moisés Lucarelli,D
4212,2012,Brasileirão Série A,37,2012-11-25,BRA018,BRA016,2,1,  Independência,H
4213,2012,Brasileirão Série A,37,2012-11-25,BRA033,BRA004,1,2, Pacaembu,A
4214,2012,Brasileirão Série A,37,2012-11-25,BRA007,BRA032,1,1,Pituaçu,D
4215,2012,Brasileirão Série A,37,2012-11-25,BRA028,BRA037,0,2, Beira Rio,A
4216,2012,Brasileirão Série A,37,2012-11-25,BRA043,BRA022,1,1,Ilha do Retiro,D
4217,2012,Brasileirão Série A,38,2012-12-01,BRA040,BRA033,3,1, Vila Belmiro,H
4218,2012,Brasileirão Série A,38,2012-12-01,BRA021,BRA009,2,2,Engenhão,D
4219,2012,Brasileirão Série A,38,2012-12-02,BRA022,BRA044,1,2,Engenhão,A
4220,2012,Brasileirão Série A,38,2012-12-02,BRA025,BRA028,0,0, Olímpico,D
4221,2012,Brasileirão Série A,38,2012-12-02,BRA005,BRA018,3,2,  Independência,H
4222,2012,Brasileirão Série A,38,2012-12-02,BRA042,BRA015,3,1, Pacaembu,H
4223,2012,Brasileirão Série A,38,2012-12-02,BRA016,BRA020,3,0, Couto Pereira,H
4224,2012,Brasileirão Série A,38,2012-12-02,BRA004,BRA007,0,1, Serra Dourada,A
4225,2012,Brasileirão Série A,38,2012-12-02,BRA037,BRA036,0,0,Canindé,D
4226,2012,Brasileirão Série A,38,2012-12-02,BRA032,BRA043,1,0,Aflitos,H
4227,2013,Brasileirão Série A,1,2013-05-25,BRA045,BRA028,2,2, Fonte Nova,D
4228,2013,Brasileirão Série A,1,2013-05-25,BRA044,BRA037,1,0, São Januário,H
4229,2013,Brasileirão Série A,1,2013-05-25,BRA015,BRA009,1,1, Pacaembu,D
4230,2013,Brasileirão Série A,1,2013-05-26,BRA025,BRA032,2,0, Alfredo Jaconi,H
4231,2013,Brasileirão Série A,1,2013-05-26,BRA017,BRA007,3,1, Heriberto Hulse,H
4232,2013,Brasileirão Série A,1,2013-05-26,BRA036,BRA042,0,2, Moisés Lucarelli,A
4233,2013,Brasileirão Série A,1,2013-05-26,BRA040,BRA021,0,0,  Mané Garrincha,D
4234,2013,Brasileirão Série A,1,2013-05-26,BRA016,BRA005,2,1, Couto Pereira,H
4235,2013,Brasileirão Série A,1,2013-05-26,BRA018,BRA024,5,0,  Independência,H
4236,2013,Brasileirão Série A,1,2013-05-26,BRA022,BRA003,2,1,Moacyrzão,H
4237,2013,Brasileirão Série A,2,2013-05-29,BRA003,BRA018,2,2,Vila Olímpica,D
4238,2013,Brasileirão Série A,2,2013-05-29,BRA009,BRA040,2,1,  Raulino de Oliveira,H
4239,2013,Brasileirão Série A,2,2013-05-29,BRA042,BRA044,5,1, Morumbi,H
4240,2013,Brasileirão Série A,2,2013-05-29,BRA021,BRA036,0,2,Juiz de Fora,A
4241,2013,Brasileirão Série A,2,2013-05-29,BRA007,BRA016,0,0,Pituaçu,D
4242,2013,Brasileirão Série A,2,2013-05-29,BRA032,BRA045,0,3,Aflitos,A
4243,2013,Brasileirão Série A,2,2013-05-29,BRA024,BRA015,1,1, Serra Dourada,D
4244,2013,Brasileirão Série A,2,2013-05-30,BRA028,BRA017,2,0,Centenário (RS),H
4247,2013,Brasileirão Série A,3,2013-06-01,BRA003,BRA021,2,2,Arena Joinville,D
4248,2013,Brasileirão Série A,3,2013-06-01,BRA040,BRA025,1,1, Vila Belmiro,D
4249,2013,Brasileirão Série A,3,2013-06-01,BRA009,BRA018,2,1,  Raulino de Oliveira,H
4250,2013,Brasileirão Série A,3,2013-06-01,BRA045,BRA044,2,0, Barradão,H
4251,2013,Brasileirão Série A,3,2013-06-01,BRA024,BRA016,1,1, Serra Dourada,D
4252,2013,Brasileirão Série A,3,2013-06-01,BRA015,BRA036,1,0, Pacaembu,H
4253,2013,Brasileirão Série A,3,2013-06-02,BRA005,BRA042,0,0,  Independência,D
4254,2013,Brasileirão Série A,3,2013-06-02,BRA022,BRA017,3,0,Moacyrzão,H
4255,2013,Brasileirão Série A,3,2013-06-02,BRA028,BRA007,1,2,Centenário (RS),A
4256,2013,Brasileirão Série A,3,2013-06-02,BRA032,BRA037,2,2,Aflitos,D
4257,2013,Brasileirão Série A,4,2013-06-05,BRA042,BRA024,0,1, Morumbi,A
4258,2013,Brasileirão Série A,4,2013-06-05,BRA037,BRA028,1,1,Canindé,D
4259,2013,Brasileirão Série A,4,2013-06-05,BRA017,BRA040,3,1, Heriberto Hulse,H
4260,2013,Brasileirão Série A,4,2013-06-05,BRA044,BRA005,2,0,  Raulino de Oliveira,H
4261,2013,Brasileirão Série A,4,2013-06-05,BRA025,BRA045,1,0,Arena do Grêmio,H
4262,2013,Brasileirão Série A,4,2013-06-05,BRA036,BRA003,3,4, Moisés Lucarelli,A
4263,2013,Brasileirão Série A,4,2013-06-05,BRA021,BRA032,0,1, Orlando Scarpelli,A
4264,2013,Brasileirão Série A,4,2013-06-05,BRA007,BRA009,2,1,  Batistão,H
4265,2013,Brasileirão Série A,4,2013-06-05,BRA018,BRA015,1,0,Arena do Jacaré,H
4266,2013,Brasileirão Série A,4,2013-06-06,BRA016,BRA022,2,1, Couto Pereira,H
4267,2013,Brasileirão Série A,5,2013-06-08,BRA018,BRA028,2,2,Arena do Jacaré,D
4268,2013,Brasileirão Série A,5,2013-06-08,BRA017,BRA021,0,3, Heriberto Hulse,A
4269,2013,Brasileirão Série A,5,2013-06-08,BRA015,BRA037,0,0, Pacaembu,D
4270,2013,Brasileirão Série A,5,2013-06-08,BRA044,BRA007,1,1,  Raulino de Oliveira,D
4271,2013,Brasileirão Série A,5,2013-06-08,BRA036,BRA009,0,2, Moisés Lucarelli,A
4245,2013,Brasileirão Série A,2,2013-06-09,BRA005,BRA025,2,0,Arena do Jacaré,H
4272,2013,Brasileirão Série A,5,2013-06-09,BRA045,BRA003,3,2,Jóia da Princesa,H
4273,2013,Brasileirão Série A,5,2013-06-09,BRA016,BRA032,1,0, Couto Pereira,H
4274,2013,Brasileirão Série A,5,2013-06-09,BRA022,BRA024,2,1,Moacyrzão,H
4246,2013,Brasileirão Série A,2,2013-06-12,BRA037,BRA022,2,1,Canindé,H
4275,2013,Brasileirão Série A,5,2013-06-12,BRA040,BRA005,1,0, Vila Belmiro,H
4276,2013,Brasileirão Série A,5,2013-06-12,BRA025,BRA042,1,1,Arena do Grêmio,D
4277,2013,Brasileirão Série A,6,2013-07-06,BRA003,BRA025,1,1,Vila Capanema,D
4278,2013,Brasileirão Série A,6,2013-07-06,BRA021,BRA016,2,2,  Mané Garrincha,D
4279,2013,Brasileirão Série A,6,2013-07-06,BRA032,BRA036,1,3,Arena Pernambuco,A
4280,2013,Brasileirão Série A,6,2013-07-06,BRA037,BRA018,1,1,Canindé,D
4281,2013,Brasileirão Série A,6,2013-07-07,BRA007,BRA015,0,2, Fonte Nova,A
4282,2013,Brasileirão Série A,6,2013-07-07,BRA024,BRA045,1,0, Serra Dourada,H
4283,2013,Brasileirão Série A,6,2013-07-07,BRA028,BRA044,5,3,Centenário (RS),H
4284,2013,Brasileirão Série A,6,2013-07-07,BRA042,BRA040,0,2, Morumbi,A
4285,2013,Brasileirão Série A,6,2013-07-07,BRA005,BRA017,3,2,  Independência,H
4286,2013,Brasileirão Série A,6,2013-07-07,BRA009,BRA022,1,0,Arena Pernambuco,H
4327,2013,Brasileirão Série A,11,2013-07-10,BRA042,BRA007,1,2, Morumbi,A
4287,2013,Brasileirão Série A,7,2013-07-13,BRA040,BRA037,4,1, Vila Belmiro,H
4288,2013,Brasileirão Série A,7,2013-07-13,BRA022,BRA028,2,3,Moacyrzão,A
4289,2013,Brasileirão Série A,7,2013-07-13,BRA036,BRA007,0,0, Moisés Lucarelli,D
4290,2013,Brasileirão Série A,7,2013-07-14,BRA025,BRA009,2,1,Arena do Grêmio,H
4291,2013,Brasileirão Série A,7,2013-07-14,BRA015,BRA005,0,1, Pacaembu,A
4292,2013,Brasileirão Série A,7,2013-07-14,BRA016,BRA003,1,0, Couto Pereira,H
4293,2013,Brasileirão Série A,7,2013-07-14,BRA045,BRA042,3,2, Barradão,H
4294,2013,Brasileirão Série A,7,2013-07-14,BRA018,BRA032,3,0, Mineirão,H
4295,2013,Brasileirão Série A,7,2013-07-14,BRA017,BRA024,0,0, Heriberto Hulse,D
4296,2013,Brasileirão Série A,7,2013-07-14,BRA044,BRA021,0,1,  Mané Garrincha,A
4297,2013,Brasileirão Série A,8,2013-07-20,BRA009,BRA032,2,0, São Januário,H
4298,2013,Brasileirão Série A,8,2013-07-20,BRA017,BRA025,2,1, Heriberto Hulse,H
4299,2013,Brasileirão Série A,8,2013-07-20,BRA042,BRA018,0,3, Morumbi,A
4300,2013,Brasileirão Série A,8,2013-07-21,BRA040,BRA016,2,2, Vila Belmiro,D
4301,2013,Brasileirão Série A,8,2013-07-21,BRA003,BRA015,1,1,Vila Capanema,D
4302,2013,Brasileirão Série A,8,2013-07-21,BRA028,BRA021,1,0,Centenário (RS),H
4303,2013,Brasileirão Série A,8,2013-07-21,BRA045,BRA007,0,0, Fonte Nova,D
4304,2013,Brasileirão Série A,8,2013-07-21,BRA024,BRA037,2,1, Serra Dourada,H
4305,2013,Brasileirão Série A,8,2013-07-21,BRA022,BRA044,1,3, Maracanã,A
4337,2013,Brasileirão Série A,12,2013-07-24,BRA042,BRA028,0,1, Morumbi,A
4307,2013,Brasileirão Série A,9,2013-07-27,BRA044,BRA017,3,2, São Januário,H
4308,2013,Brasileirão Série A,9,2013-07-27,BRA037,BRA003,2,3,Canindé,A
4309,2013,Brasileirão Série A,9,2013-07-27,BRA036,BRA040,1,0, Moisés Lucarelli,H
4310,2013,Brasileirão Série A,9,2013-07-28,BRA025,BRA022,2,0,Arena do Grêmio,H
4311,2013,Brasileirão Série A,9,2013-07-28,BRA015,BRA042,0,0, Pacaembu,D
4312,2013,Brasileirão Série A,9,2013-07-28,BRA018,BRA005,4,1, Mineirão,H
4313,2013,Brasileirão Série A,9,2013-07-28,BRA032,BRA028,3,0,Arena Pernambuco,H
4314,2013,Brasileirão Série A,9,2013-07-28,BRA016,BRA045,1,1, Couto Pereira,D
4315,2013,Brasileirão Série A,9,2013-07-28,BRA007,BRA024,2,1, Fonte Nova,H
4316,2013,Brasileirão Série A,9,2013-07-28,BRA021,BRA009,1,1, Maracanã,D
4317,2013,Brasileirão Série A,10,2013-07-31,BRA022,BRA018,1,0, Maracanã,H
4318,2013,Brasileirão Série A,10,2013-07-31,BRA005,BRA003,1,2,  Independência,A
4319,2013,Brasileirão Série A,10,2013-07-31,BRA037,BRA017,1,1,Canindé,D
4320,2013,Brasileirão Série A,10,2013-07-31,BRA016,BRA036,5,3, Couto Pereira,H
4321,2013,Brasileirão Série A,10,2013-07-31,BRA007,BRA021,3,0, Fonte Nova,H
4322,2013,Brasileirão Série A,10,2013-07-31,BRA015,BRA025,2,0, Pacaembu,H
4323,2013,Brasileirão Série A,10,2013-08-01,BRA009,BRA045,2,0, Maracanã,H
4324,2013,Brasileirão Série A,10,2013-08-01,BRA024,BRA044,1,1, Serra Dourada,D
4328,2013,Brasileirão Série A,11,2013-08-03,BRA018,BRA016,1,0, Mineirão,H
4329,2013,Brasileirão Série A,11,2013-08-04,BRA021,BRA005,3,0,  Mané Garrincha,H
4330,2013,Brasileirão Série A,11,2013-08-04,BRA025,BRA028,1,1,Arena do Grêmio,D
4331,2013,Brasileirão Série A,11,2013-08-04,BRA036,BRA022,1,1, Moisés Lucarelli,D
4332,2013,Brasileirão Série A,11,2013-08-04,BRA003,BRA024,2,0,Vila Capanema,H
4333,2013,Brasileirão Série A,11,2013-08-04,BRA017,BRA015,0,2, Heriberto Hulse,A
4334,2013,Brasileirão Série A,11,2013-08-04,BRA044,BRA009,2,3, Maracanã,A
4335,2013,Brasileirão Série A,11,2013-08-04,BRA045,BRA037,2,1, Barradão,H
4338,2013,Brasileirão Série A,12,2013-08-07,BRA045,BRA022,1,1, Barradão,D
4339,2013,Brasileirão Série A,12,2013-08-07,BRA017,BRA018,1,2, Heriberto Hulse,A
4340,2013,Brasileirão Série A,12,2013-08-07,BRA003,BRA007,1,0,Vila Capanema,H
4341,2013,Brasileirão Série A,12,2013-08-07,BRA021,BRA037,1,1,  Mané Garrincha,D
4342,2013,Brasileirão Série A,12,2013-08-07,BRA005,BRA009,2,2,  Independência,D
4343,2013,Brasileirão Série A,12,2013-08-07,BRA024,BRA032,2,1, Serra Dourada,H
4344,2013,Brasileirão Série A,12,2013-08-07,BRA040,BRA015,1,1, Vila Belmiro,D
4345,2013,Brasileirão Série A,12,2013-08-08,BRA044,BRA036,1,1, São Januário,D
4346,2013,Brasileirão Série A,12,2013-08-08,BRA025,BRA016,0,1,Arena do Grêmio,A
4347,2013,Brasileirão Série A,13,2013-08-10,BRA032,BRA005,0,0,Arena Pernambuco,D
4348,2013,Brasileirão Série A,13,2013-08-10,BRA009,BRA024,1,1,  Mané Garrincha,D
4349,2013,Brasileirão Série A,13,2013-08-11,BRA022,BRA021,2,3, Maracanã,A
4350,2013,Brasileirão Série A,13,2013-08-11,BRA015,BRA045,2,0, Pacaembu,H
4351,2013,Brasileirão Série A,13,2013-08-11,BRA016,BRA044,0,1, Couto Pereira,A
4352,2013,Brasileirão Série A,13,2013-08-11,BRA018,BRA040,0,0, Mineirão,D
4353,2013,Brasileirão Série A,13,2013-08-11,BRA028,BRA003,2,2,Estádio do Vale,D
4354,2013,Brasileirão Série A,13,2013-08-11,BRA036,BRA017,3,1, Moisés Lucarelli,H
4355,2013,Brasileirão Série A,13,2013-08-11,BRA037,BRA042,2,1,Canindé,H
4356,2013,Brasileirão Série A,13,2013-08-11,BRA007,BRA025,0,3, Fonte Nova,A
4357,2013,Brasileirão Série A,14,2013-08-14,BRA005,BRA007,2,0,  Independência,H
4358,2013,Brasileirão Série A,14,2013-08-14,BRA017,BRA032,3,0, Heriberto Hulse,H
4359,2013,Brasileirão Série A,14,2013-08-14,BRA040,BRA044,1,1, Vila Belmiro,D
4360,2013,Brasileirão Série A,14,2013-08-14,BRA045,BRA036,3,1, Barradão,H
4361,2013,Brasileirão Série A,14,2013-08-14,BRA016,BRA037,1,1, Couto Pereira,D
4362,2013,Brasileirão Série A,14,2013-08-14,BRA025,BRA018,3,1,Arena do Grêmio,H
4363,2013,Brasileirão Série A,14,2013-08-14,BRA024,BRA021,1,1, Serra Dourada,D
4364,2013,Brasileirão Série A,14,2013-08-14,BRA022,BRA015,0,0, Maracanã,D
4365,2013,Brasileirão Série A,14,2013-08-15,BRA042,BRA003,1,1, Morumbi,D
4366,2013,Brasileirão Série A,14,2013-08-15,BRA009,BRA028,3,3, Maracanã,D
4367,2013,Brasileirão Série A,15,2013-08-17,BRA032,BRA022,0,1,Arena Pernambuco,A
4368,2013,Brasileirão Série A,15,2013-08-17,BRA018,BRA045,5,1, Mineirão,H
4369,2013,Brasileirão Série A,15,2013-08-17,BRA044,BRA025,2,3, São Januário,A
4370,2013,Brasileirão Série A,15,2013-08-18,BRA037,BRA009,1,3,Canindé,A
4371,2013,Brasileirão Série A,15,2013-08-18,BRA036,BRA024,0,1, Moisés Lucarelli,A
4372,2013,Brasileirão Série A,15,2013-08-18,BRA021,BRA042,0,0,  Mané Garrincha,D
4373,2013,Brasileirão Série A,15,2013-08-18,BRA015,BRA016,1,0, Pacaembu,H
4374,2013,Brasileirão Série A,15,2013-08-18,BRA003,BRA017,2,1,Vila Capanema,H
4375,2013,Brasileirão Série A,15,2013-08-18,BRA007,BRA040,0,0, Fonte Nova,D
4376,2013,Brasileirão Série A,15,2013-08-18,BRA028,BRA005,0,0,Estádio do Vale,D
4377,2013,Brasileirão Série A,16,2013-08-24,BRA040,BRA045,2,0, Vila Belmiro,H
4378,2013,Brasileirão Série A,16,2013-08-24,BRA021,BRA025,0,1,  Mané Garrincha,A
4379,2013,Brasileirão Série A,16,2013-08-24,BRA036,BRA018,0,2, Moisés Lucarelli,A
4380,2013,Brasileirão Série A,16,2013-08-24,BRA017,BRA016,2,1, Heriberto Hulse,H
4381,2013,Brasileirão Série A,16,2013-08-25,BRA044,BRA015,1,1,  Mané Garrincha,D
4382,2013,Brasileirão Série A,16,2013-08-25,BRA005,BRA037,2,1,  Independência,H
4383,2013,Brasileirão Série A,16,2013-08-25,BRA007,BRA032,2,0, Fonte Nova,H
4384,2013,Brasileirão Série A,16,2013-08-25,BRA042,BRA022,2,1, Morumbi,H
4385,2013,Brasileirão Série A,16,2013-08-25,BRA028,BRA024,3,3,Estádio do Vale,D
4386,2013,Brasileirão Série A,16,2013-08-25,BRA003,BRA009,2,0,Vila Capanema,H
4387,2013,Brasileirão Série A,17,2013-08-31,BRA032,BRA003,1,4,Arena Pernambuco,A
4388,2013,Brasileirão Série A,17,2013-08-31,BRA037,BRA007,4,2,Canindé,H
4389,2013,Brasileirão Série A,17,2013-08-31,BRA024,BRA005,0,0, Serra Dourada,D
4390,2013,Brasileirão Série A,17,2013-08-31,BRA025,BRA036,1,0,Arena do Grêmio,H
4391,2013,Brasileirão Série A,17,2013-08-31,BRA022,BRA040,0,2, Maracanã,A
4392,2013,Brasileirão Série A,17,2013-09-01,BRA045,BRA017,0,1, Barradão,A
4393,2013,Brasileirão Série A,17,2013-09-01,BRA009,BRA042,0,0, Maracanã,D
4394,2013,Brasileirão Série A,17,2013-09-01,BRA015,BRA021,4,0, Pacaembu,H
4395,2013,Brasileirão Série A,17,2013-09-01,BRA016,BRA028,0,0, Couto Pereira,D
4396,2013,Brasileirão Série A,17,2013-09-01,BRA018,BRA044,5,3, Mineirão,H
4325,2013,Brasileirão Série A,10,2013-09-03,BRA032,BRA042,0,1,Arena Pernambuco,A
4397,2013,Brasileirão Série A,18,2013-09-03,BRA024,BRA025,2,0, Serra Dourada,H
4398,2013,Brasileirão Série A,18,2013-09-04,BRA021,BRA045,2,1, Maracanã,H
4399,2013,Brasileirão Série A,18,2013-09-04,BRA003,BRA040,2,1,Vila Capanema,H
4400,2013,Brasileirão Série A,18,2013-09-04,BRA037,BRA036,2,1,Canindé,H
4401,2013,Brasileirão Série A,18,2013-09-04,BRA028,BRA015,1,0,Estádio do Vale,H
4402,2013,Brasileirão Série A,18,2013-09-04,BRA005,BRA022,2,2,  Independência,D
4403,2013,Brasileirão Série A,18,2013-09-04,BRA007,BRA018,1,3, Fonte Nova,A
4404,2013,Brasileirão Série A,18,2013-09-05,BRA009,BRA016,3,1, Maracanã,H
4405,2013,Brasileirão Série A,18,2013-09-05,BRA032,BRA044,0,3,Arena Pernambuco,A
4406,2013,Brasileirão Série A,18,2013-09-05,BRA042,BRA017,1,2, Morumbi,A
4407,2013,Brasileirão Série A,19,2013-09-07,BRA045,BRA005,1,1, Barradão,D
4408,2013,Brasileirão Série A,19,2013-09-07,BRA036,BRA028,1,3, Moisés Lucarelli,A
4409,2013,Brasileirão Série A,19,2013-09-07,BRA040,BRA024,1,0, Vila Belmiro,H
4410,2013,Brasileirão Série A,19,2013-09-07,BRA022,BRA007,1,0, Maracanã,H
4411,2013,Brasileirão Série A,19,2013-09-07,BRA025,BRA037,3,2,Arena do Grêmio,H
4412,2013,Brasileirão Série A,19,2013-09-08,BRA018,BRA021,1,0, Mineirão,H
4413,2013,Brasileirão Série A,19,2013-09-08,BRA015,BRA032,0,0, Pacaembu,D
4414,2013,Brasileirão Série A,19,2013-09-08,BRA016,BRA042,2,0, Couto Pereira,H
4415,2013,Brasileirão Série A,19,2013-09-08,BRA017,BRA009,1,2, Heriberto Hulse,A
4416,2013,Brasileirão Série A,19,2013-09-08,BRA044,BRA003,0,0, São Januário,D
4326,2013,Brasileirão Série A,10,2013-09-10,BRA028,BRA040,1,2,Estádio do Vale,A
4417,2013,Brasileirão Série A,20,2013-09-11,BRA003,BRA022,1,1,Vila Capanema,D
4418,2013,Brasileirão Série A,20,2013-09-11,BRA024,BRA018,1,2, Serra Dourada,A
4419,2013,Brasileirão Série A,20,2013-09-11,BRA007,BRA017,2,2, Fonte Nova,D
4420,2013,Brasileirão Série A,20,2013-09-11,BRA032,BRA025,0,2,Arena Pernambuco,A
4421,2013,Brasileirão Série A,20,2013-09-11,BRA009,BRA015,1,0, Maracanã,H
4422,2013,Brasileirão Série A,20,2013-09-11,BRA037,BRA044,2,0,Canindé,H
4423,2013,Brasileirão Série A,20,2013-09-12,BRA028,BRA045,2,2,Estádio do Vale,D
4424,2013,Brasileirão Série A,20,2013-09-12,BRA042,BRA036,1,0, Morumbi,H
4425,2013,Brasileirão Série A,20,2013-09-12,BRA021,BRA040,2,1, Maracanã,H
4426,2013,Brasileirão Série A,20,2013-09-12,BRA005,BRA016,3,0,  Independência,H
4427,2013,Brasileirão Série A,21,2013-09-14,BRA018,BRA003,1,0, Mineirão,H
4428,2013,Brasileirão Série A,21,2013-09-14,BRA022,BRA037,2,1, Maracanã,H
4429,2013,Brasileirão Série A,21,2013-09-15,BRA017,BRA028,0,1, Heriberto Hulse,A
4430,2013,Brasileirão Série A,21,2013-09-15,BRA036,BRA021,1,1, Moisés Lucarelli,D
4431,2013,Brasileirão Série A,21,2013-09-15,BRA044,BRA042,0,2, São Januário,A
4432,2013,Brasileirão Série A,21,2013-09-15,BRA015,BRA024,1,2, Pacaembu,A
4433,2013,Brasileirão Série A,21,2013-09-15,BRA016,BRA007,2,2, Couto Pereira,D
4434,2013,Brasileirão Série A,21,2013-09-15,BRA045,BRA032,2,1, Barradão,H
4435,2013,Brasileirão Série A,21,2013-09-15,BRA040,BRA009,1,2, Vila Belmiro,A
4436,2013,Brasileirão Série A,21,2013-09-15,BRA025,BRA005,0,1,Arena do Grêmio,A
4437,2013,Brasileirão Série A,22,2013-09-18,BRA044,BRA045,1,2, São Januário,A
4438,2013,Brasileirão Série A,22,2013-09-18,BRA025,BRA040,1,1,Arena do Grêmio,D
4439,2013,Brasileirão Série A,22,2013-09-18,BRA016,BRA024,2,2, Couto Pereira,D
4440,2013,Brasileirão Série A,22,2013-09-18,BRA017,BRA022,1,2, Heriberto Hulse,A
4441,2013,Brasileirão Série A,22,2013-09-18,BRA042,BRA005,1,0, Morumbi,H
4442,2013,Brasileirão Série A,22,2013-09-18,BRA036,BRA015,2,0, Moisés Lucarelli,H
4443,2013,Brasileirão Série A,22,2013-09-18,BRA018,BRA009,3,0, Mineirão,H
4444,2013,Brasileirão Série A,22,2013-09-19,BRA021,BRA003,2,4, Maracanã,A
4445,2013,Brasileirão Série A,22,2013-09-19,BRA007,BRA028,2,0, Fonte Nova,H
4446,2013,Brasileirão Série A,22,2013-09-19,BRA037,BRA032,3,0,Canindé,H
4447,2013,Brasileirão Série A,23,2013-09-21,BRA022,BRA016,1,1, Maracanã,D
4448,2013,Brasileirão Série A,23,2013-09-21,BRA045,BRA025,0,0, Barradão,D
4449,2013,Brasileirão Série A,23,2013-09-22,BRA024,BRA042,1,0, Serra Dourada,H
4450,2013,Brasileirão Série A,23,2013-09-22,BRA028,BRA037,0,1,Estádio do Vale,A
4451,2013,Brasileirão Série A,23,2013-09-22,BRA032,BRA021,0,0,Arena Pernambuco,D
4452,2013,Brasileirão Série A,23,2013-09-22,BRA009,BRA007,1,2, Maracanã,A
4453,2013,Brasileirão Série A,23,2013-09-22,BRA015,BRA018,0,0, Pacaembu,D
4454,2013,Brasileirão Série A,23,2013-09-22,BRA040,BRA017,2,1, Vila Belmiro,H
4455,2013,Brasileirão Série A,23,2013-09-22,BRA003,BRA036,1,0,Vila Capanema,H
4456,2013,Brasileirão Série A,23,2013-09-22,BRA005,BRA044,2,1,  Independência,H
4336,2013,Brasileirão Série A,11,2013-09-25,BRA040,BRA032,1,1, Vila Belmiro,D
4467,2013,Brasileirão Série A,25,2013-09-25,BRA017,BRA005,1,1, Heriberto Hulse,D
4457,2013,Brasileirão Série A,24,2013-09-28,BRA024,BRA022,1,2, Serra Dourada,A
4458,2013,Brasileirão Série A,24,2013-09-28,BRA032,BRA016,3,0,Arena Pernambuco,H
4459,2013,Brasileirão Série A,24,2013-09-28,BRA009,BRA036,0,1, Maracanã,A
4460,2013,Brasileirão Série A,24,2013-09-29,BRA007,BRA044,0,0, Fonte Nova,D
4461,2013,Brasileirão Série A,24,2013-09-29,BRA021,BRA017,4,1, Maracanã,H
4462,2013,Brasileirão Série A,24,2013-09-29,BRA037,BRA015,4,0,Morenão,H
4463,2013,Brasileirão Série A,24,2013-09-29,BRA042,BRA025,0,1, Morumbi,A
4464,2013,Brasileirão Série A,24,2013-09-29,BRA005,BRA040,3,1,  Independência,H
4465,2013,Brasileirão Série A,24,2013-09-29,BRA003,BRA045,3,5,Vila Capanema,A
4466,2013,Brasileirão Série A,24,2013-09-29,BRA028,BRA018,1,2,Estádio do Vale,A
4468,2013,Brasileirão Série A,25,2013-10-01,BRA036,BRA032,1,2, Moisés Lucarelli,A
4469,2013,Brasileirão Série A,25,2013-10-02,BRA025,BRA003,1,0,Arena do Grêmio,H
4470,2013,Brasileirão Série A,25,2013-10-02,BRA018,BRA037,4,0, Mineirão,H
4471,2013,Brasileirão Série A,25,2013-10-02,BRA022,BRA009,1,1, Maracanã,D
4472,2013,Brasileirão Série A,25,2013-10-02,BRA045,BRA024,2,1, Fonte Nova,H
4473,2013,Brasileirão Série A,25,2013-10-02,BRA016,BRA021,0,2, Couto Pereira,A
4474,2013,Brasileirão Série A,25,2013-10-02,BRA015,BRA007,2,0,Romildão,H
4475,2013,Brasileirão Série A,25,2013-10-02,BRA040,BRA042,3,0, Vila Belmiro,H
4306,2013,Brasileirão Série A,8,2013-10-03,BRA005,BRA036,4,0,  Independência,H
4476,2013,Brasileirão Série A,25,2013-10-03,BRA044,BRA028,3,1,Moacyrzão,H
4477,2013,Brasileirão Série A,26,2013-10-05,BRA009,BRA025,0,1, Maracanã,A
4478,2013,Brasileirão Série A,26,2013-10-05,BRA042,BRA045,3,2, Morumbi,H
4479,2013,Brasileirão Série A,26,2013-10-06,BRA005,BRA015,0,0,  Independência,D
4480,2013,Brasileirão Série A,26,2013-10-06,BRA003,BRA016,2,1,Vila Capanema,H
4481,2013,Brasileirão Série A,26,2013-10-06,BRA021,BRA044,1,1,  Mané Garrincha,D
4482,2013,Brasileirão Série A,26,2013-10-06,BRA028,BRA022,1,0,Centenário (RS),H
4483,2013,Brasileirão Série A,26,2013-10-06,BRA032,BRA018,1,4,Arena Pernambuco,A
4484,2013,Brasileirão Série A,26,2013-10-06,BRA007,BRA036,1,1, Fonte Nova,D
4485,2013,Brasileirão Série A,26,2013-10-06,BRA024,BRA017,1,1, Serra Dourada,D
4486,2013,Brasileirão Série A,26,2013-10-06,BRA037,BRA040,3,0,Canindé,H
4487,2013,Brasileirão Série A,27,2013-10-09,BRA016,BRA040,1,0, Couto Pereira,H
4488,2013,Brasileirão Série A,27,2013-10-09,BRA025,BRA017,1,2,Arena do Grêmio,A
4489,2013,Brasileirão Série A,27,2013-10-09,BRA036,BRA005,2,0, Moisés Lucarelli,H
4490,2013,Brasileirão Série A,27,2013-10-09,BRA007,BRA045,2,0, Fonte Nova,H
4491,2013,Brasileirão Série A,27,2013-10-09,BRA015,BRA003,0,0,Romildão,D
4492,2013,Brasileirão Série A,27,2013-10-09,BRA018,BRA042,0,2, Mineirão,A
4493,2013,Brasileirão Série A,27,2013-10-09,BRA032,BRA009,1,3,Arena Pernambuco,A
4494,2013,Brasileirão Série A,27,2013-10-09,BRA044,BRA022,1,0,  Ressacada,H
4495,2013,Brasileirão Série A,27,2013-10-10,BRA037,BRA024,1,2,Canindé,A
4496,2013,Brasileirão Série A,27,2013-10-10,BRA021,BRA028,2,1, Maracanã,H
4497,2013,Brasileirão Série A,28,2013-10-12,BRA022,BRA025,1,1, Maracanã,D
4498,2013,Brasileirão Série A,28,2013-10-12,BRA045,BRA016,2,1, Barradão,H
4499,2013,Brasileirão Série A,28,2013-10-12,BRA040,BRA036,2,1, Pacaembu,H
4500,2013,Brasileirão Série A,28,2013-10-13,BRA005,BRA018,1,0,  Independência,H
4501,2013,Brasileirão Série A,28,2013-10-13,BRA017,BRA044,3,2, Heriberto Hulse,H
4502,2013,Brasileirão Série A,28,2013-10-13,BRA028,BRA032,4,1,Centenário (RS),H
4503,2013,Brasileirão Série A,28,2013-10-13,BRA042,BRA015,0,0, Morumbi,D
4504,2013,Brasileirão Série A,28,2013-10-13,BRA003,BRA037,1,0,Vila Capanema,H
4505,2013,Brasileirão Série A,28,2013-10-13,BRA009,BRA021,2,1, Maracanã,H
4506,2013,Brasileirão Série A,28,2013-10-13,BRA024,BRA007,3,1, Serra Dourada,H
4507,2013,Brasileirão Série A,29,2013-10-16,BRA018,BRA022,1,0, Mineirão,H
4508,2013,Brasileirão Série A,29,2013-10-16,BRA040,BRA028,0,0, Vila Belmiro,D
4509,2013,Brasileirão Série A,29,2013-10-16,BRA017,BRA037,1,3, Heriberto Hulse,A
4510,2013,Brasileirão Série A,29,2013-10-16,BRA036,BRA016,1,0, Moisés Lucarelli,H
4511,2013,Brasileirão Série A,29,2013-10-16,BRA042,BRA032,3,0, Morumbi,H
4512,2013,Brasileirão Série A,29,2013-10-16,BRA021,BRA007,2,1, Maracanã,H
4513,2013,Brasileirão Série A,29,2013-10-16,BRA003,BRA005,1,0,Vila Capanema,H
4514,2013,Brasileirão Série A,29,2013-10-16,BRA025,BRA015,1,0,Arena do Grêmio,H
4515,2013,Brasileirão Série A,29,2013-10-17,BRA044,BRA024,0,2,Moacyrzão,A
4516,2013,Brasileirão Série A,29,2013-10-17,BRA045,BRA009,1,0, Barradão,H
4517,2013,Brasileirão Série A,30,2013-10-19,BRA022,BRA036,1,1, Maracanã,D
4518,2013,Brasileirão Série A,30,2013-10-19,BRA032,BRA040,1,5,Arena Pernambuco,A
4519,2013,Brasileirão Série A,30,2013-10-19,BRA015,BRA017,1,0,Novelli Júnior,H
4520,2013,Brasileirão Série A,30,2013-10-20,BRA005,BRA021,1,0,  Independência,H
4521,2013,Brasileirão Série A,30,2013-10-20,BRA007,BRA042,0,1, Fonte Nova,A
4522,2013,Brasileirão Série A,30,2013-10-20,BRA024,BRA003,3,0, Serra Dourada,H
4523,2013,Brasileirão Série A,30,2013-10-20,BRA028,BRA025,2,2,Centenário (RS),D
4524,2013,Brasileirão Série A,30,2013-10-20,BRA009,BRA044,2,2, Maracanã,D
4525,2013,Brasileirão Série A,30,2013-10-20,BRA016,BRA018,2,1, Couto Pereira,H
4526,2013,Brasileirão Série A,30,2013-10-20,BRA037,BRA045,1,1,Canindé,D
4527,2013,Brasileirão Série A,31,2013-10-26,BRA009,BRA005,1,0, Maracanã,H
4528,2013,Brasileirão Série A,31,2013-10-26,BRA018,BRA017,5,3, Mineirão,H
4529,2013,Brasileirão Série A,31,2013-10-27,BRA007,BRA003,1,1, Fonte Nova,D
4530,2013,Brasileirão Série A,31,2013-10-27,BRA015,BRA040,1,1,Fonte Luminosa,D
4531,2013,Brasileirão Série A,31,2013-10-27,BRA028,BRA042,2,3,Centenário (RS),A
4532,2013,Brasileirão Série A,31,2013-10-27,BRA036,BRA044,2,1, Moisés Lucarelli,H
4533,2013,Brasileirão Série A,31,2013-10-27,BRA037,BRA021,0,0,Castelão (CE),D
4534,2013,Brasileirão Série A,31,2013-10-27,BRA016,BRA025,4,0, Couto Pereira,H
4535,2013,Brasileirão Série A,31,2013-10-27,BRA022,BRA045,2,3, Maracanã,A
4536,2013,Brasileirão Série A,31,2013-10-27,BRA032,BRA024,0,2,Arena Pernambuco,A
4537,2013,Brasileirão Série A,32,2013-11-02,BRA042,BRA037,2,1, Morumbi,H
4538,2013,Brasileirão Série A,32,2013-11-02,BRA044,BRA016,2,1,Moacyrzão,H
4539,2013,Brasileirão Série A,32,2013-11-02,BRA005,BRA032,5,0,  Independência,H
4540,2013,Brasileirão Série A,32,2013-11-03,BRA024,BRA009,1,0, Serra Dourada,H
4541,2013,Brasileirão Série A,32,2013-11-03,BRA025,BRA007,0,0,Arena do Grêmio,D
4542,2013,Brasileirão Série A,32,2013-11-03,BRA040,BRA018,0,1, Vila Belmiro,A
4543,2013,Brasileirão Série A,32,2013-11-03,BRA045,BRA015,1,1, Barradão,D
4544,2013,Brasileirão Série A,32,2013-11-03,BRA003,BRA028,1,0,Vila Capanema,H
4545,2013,Brasileirão Série A,32,2013-11-03,BRA017,BRA036,1,1, Heriberto Hulse,D
4546,2013,Brasileirão Série A,32,2013-11-03,BRA021,BRA022,1,0, Maracanã,H
4547,2013,Brasileirão Série A,33,2013-11-09,BRA007,BRA005,0,0, Fonte Nova,D
4548,2013,Brasileirão Série A,33,2013-11-09,BRA037,BRA016,0,0,Canindé,D
4549,2013,Brasileirão Série A,33,2013-11-09,BRA021,BRA024,1,1, Maracanã,D
4550,2013,Brasileirão Série A,33,2013-11-10,BRA003,BRA042,3,0,Vila Capanema,H
4551,2013,Brasileirão Série A,33,2013-11-10,BRA018,BRA025,3,0, Mineirão,H
4552,2013,Brasileirão Série A,33,2013-11-10,BRA028,BRA009,2,1,Centenário (RS),H
4553,2013,Brasileirão Série A,33,2013-11-10,BRA036,BRA045,0,3, Moisés Lucarelli,A
4554,2013,Brasileirão Série A,33,2013-11-10,BRA015,BRA022,1,0,Fonte Luminosa,H
4555,2013,Brasileirão Série A,33,2013-11-10,BRA032,BRA017,0,1,Arena Pernambuco,A
4556,2013,Brasileirão Série A,33,2013-11-10,BRA044,BRA040,2,2, Maracanã,D
4557,2013,Brasileirão Série A,34,2013-11-13,BRA024,BRA036,2,0, Serra Dourada,H
4558,2013,Brasileirão Série A,34,2013-11-13,BRA025,BRA044,1,0,Arena do Grêmio,H
4559,2013,Brasileirão Série A,34,2013-11-13,BRA009,BRA037,0,0, Maracanã,D
4560,2013,Brasileirão Série A,34,2013-11-13,BRA017,BRA003,2,1, Heriberto Hulse,H
4561,2013,Brasileirão Série A,34,2013-11-13,BRA016,BRA015,0,1, Couto Pereira,A
4562,2013,Brasileirão Série A,34,2013-11-13,BRA042,BRA021,2,0,Novelli Júnior,H
4563,2013,Brasileirão Série A,34,2013-11-13,BRA045,BRA018,1,3, Barradão,A
4564,2013,Brasileirão Série A,34,2013-11-14,BRA040,BRA007,3,0, Pacaembu,H
4565,2013,Brasileirão Série A,34,2013-11-14,BRA005,BRA028,2,1,  Independência,H
4566,2013,Brasileirão Série A,34,2013-11-14,BRA022,BRA032,2,0, Maracanã,H
4567,2013,Brasileirão Série A,35,2013-11-16,BRA009,BRA003,4,0, Maracanã,H
4568,2013,Brasileirão Série A,35,2013-11-16,BRA016,BRA017,1,2, Couto Pereira,A
4569,2013,Brasileirão Série A,35,2013-11-17,BRA015,BRA044,0,0, Pacaembu,D
4570,2013,Brasileirão Série A,35,2013-11-17,BRA018,BRA036,2,2,Parque do Sabiá,D
4571,2013,Brasileirão Série A,35,2013-11-17,BRA022,BRA042,2,1, Maracanã,H
4572,2013,Brasileirão Série A,35,2013-11-17,BRA045,BRA040,2,0, Barradão,H
4573,2013,Brasileirão Série A,35,2013-11-17,BRA024,BRA028,3,1, Serra Dourada,H
4574,2013,Brasileirão Série A,35,2013-11-17,BRA025,BRA021,2,1,Arena do Grêmio,H
4575,2013,Brasileirão Série A,35,2013-11-17,BRA032,BRA007,0,1,Arena Pernambuco,A
4576,2013,Brasileirão Série A,35,2013-11-17,BRA037,BRA005,2,0,Canindé,H
4577,2013,Brasileirão Série A,36,2013-11-23,BRA017,BRA045,1,1, Heriberto Hulse,D
4578,2013,Brasileirão Série A,36,2013-11-23,BRA044,BRA018,2,1, Maracanã,H
4579,2013,Brasileirão Série A,36,2013-11-23,BRA005,BRA024,4,1,  Independência,H
4580,2013,Brasileirão Série A,36,2013-11-24,BRA003,BRA032,6,1,Arena Joinville,H
4581,2013,Brasileirão Série A,36,2013-11-24,BRA021,BRA015,1,0, Maracanã,H
4582,2013,Brasileirão Série A,36,2013-11-24,BRA036,BRA025,1,1, Moisés Lucarelli,D
4583,2013,Brasileirão Série A,36,2013-11-24,BRA040,BRA022,1,0,  Prudentão,H
4584,2013,Brasileirão Série A,36,2013-11-24,BRA007,BRA037,1,0, Fonte Nova,H
4585,2013,Brasileirão Série A,36,2013-11-24,BRA028,BRA016,0,0,Centenário (RS),D
4586,2013,Brasileirão Série A,36,2013-11-24,BRA042,BRA009,1,1, Morumbi,D
4587,2013,Brasileirão Série A,37,2013-11-30,BRA022,BRA005,2,2, Maracanã,D
4588,2013,Brasileirão Série A,37,2013-11-30,BRA015,BRA028,0,0, Pacaembu,D
4589,2013,Brasileirão Série A,37,2013-12-01,BRA016,BRA009,2,1, Couto Pereira,H
4590,2013,Brasileirão Série A,37,2013-12-01,BRA017,BRA042,1,0, Heriberto Hulse,H
4591,2013,Brasileirão Série A,37,2013-12-01,BRA018,BRA007,1,2, Mineirão,A
4592,2013,Brasileirão Série A,37,2013-12-01,BRA036,BRA037,0,2, Moisés Lucarelli,A
4593,2013,Brasileirão Série A,37,2013-12-01,BRA044,BRA032,2,0, Maracanã,H
4594,2013,Brasileirão Série A,37,2013-12-01,BRA045,BRA021,4,2, Barradão,H
4595,2013,Brasileirão Série A,37,2013-12-01,BRA025,BRA024,1,0,Arena do Grêmio,H
4596,2013,Brasileirão Série A,37,2013-12-01,BRA040,BRA003,2,1,Teixeirão,H
4597,2013,Brasileirão Série A,38,2013-12-07,BRA021,BRA018,1,1, Maracanã,D
4598,2013,Brasileirão Série A,38,2013-12-07,BRA032,BRA015,1,0,Arena Pernambuco,H
4599,2013,Brasileirão Série A,38,2013-12-08,BRA005,BRA045,2,2,  Independência,D
4600,2013,Brasileirão Série A,38,2013-12-08,BRA003,BRA044,5,1,Arena Joinville,H
4601,2013,Brasileirão Série A,38,2013-12-08,BRA007,BRA022,1,2, Fonte Nova,A
4602,2013,Brasileirão Série A,38,2013-12-08,BRA009,BRA017,3,0, Maracanã,H
4603,2013,Brasileirão Série A,38,2013-12-08,BRA024,BRA040,0,3, Serra Dourada,A
4604,2013,Brasileirão Série A,38,2013-12-08,BRA028,BRA036,0,0,Centenário (RS),D
4605,2013,Brasileirão Série A,38,2013-12-08,BRA037,BRA025,0,0,Canindé,D
4606,2013,Brasileirão Série A,38,2013-12-08,BRA042,BRA016,0,1,Novelli Júnior,A
4607,2014,Brasileirão Série A,1,2014-04-19,BRA022,BRA020,3,0, Maracanã,H
4608,2014,Brasileirão Série A,1,2014-04-19,BRA028,BRA045,1,0,Estádio José Pinheiro Borda,H
4609,2014,Brasileirão Série A,1,2014-04-19,BRA014,BRA016,0,0,Arena Condá,D
4610,2014,Brasileirão Série A,1,2014-04-20,BRA003,BRA025,1,0, Orlando Scarpelli,H
4611,2014,Brasileirão Série A,1,2014-04-20,BRA042,BRA009,3,0, Morumbi,H
4612,2014,Brasileirão Série A,1,2014-04-20,BRA007,BRA018,1,2,Itaipava Arena Fonte Nova,A
4613,2014,Brasileirão Série A,1,2014-04-20,BRA005,BRA015,0,0,Estádio Municipal Parque do Sabiá,D
4614,2014,Brasileirão Série A,1,2014-04-20,BRA021,BRA024,0,0,Estádio Nacional de Brasília,D
4615,2014,Brasileirão Série A,1,2014-04-20,BRA040,BRA043,1,1,Estádio Urbano Caldeira,D
4616,2014,Brasileirão Série A,1,2014-04-20,BRA017,BRA033,1,2,Estádio Heriberto Hülse,A
4617,2014,Brasileirão Série A,2,2014-04-26,BRA016,BRA040,0,0, Couto Pereira,D
4618,2014,Brasileirão Série A,2,2014-04-26,BRA033,BRA022,0,1,Estádio Municipal Paulo Machado de Carvalho,A
4619,2014,Brasileirão Série A,2,2014-04-27,BRA009,BRA028,2,2, Maracanã,D
4620,2014,Brasileirão Série A,2,2014-04-27,BRA045,BRA003,2,2,Estádio de Pituaçu,D
4621,2014,Brasileirão Série A,2,2014-04-27,BRA015,BRA021,2,0,Estádio Municipal Paulo Machado de Carvalho,H
4622,2014,Brasileirão Série A,2,2014-04-27,BRA018,BRA042,1,1,Estádio Municipal Parque do Sabiá,D
4623,2014,Brasileirão Série A,2,2014-04-27,BRA020,BRA007,0,2,Arena Barueri,A
4624,2014,Brasileirão Série A,2,2014-04-27,BRA025,BRA005,2,1,Arena do Grêmio,H
4625,2014,Brasileirão Série A,2,2014-04-27,BRA024,BRA017,1,0,Estádio Municipal Juscelino Kubitschek,H
4626,2014,Brasileirão Série A,2,2014-04-27,BRA043,BRA014,2,1,Adelmar da Costa Carvalho,H
4627,2014,Brasileirão Série A,3,2014-05-03,BRA040,BRA025,0,0,Estádio Urbano Caldeira,D
4628,2014,Brasileirão Série A,3,2014-05-03,BRA003,BRA018,2,3,Estádio Nacional de Brasília,A
4629,2014,Brasileirão Série A,3,2014-05-03,BRA042,BRA016,2,2,Estádio Municipal Paulo Machado de Carvalho,D
4630,2014,Brasileirão Série A,3,2014-05-03,BRA022,BRA045,1,2, Maracanã,A
4631,2014,Brasileirão Série A,3,2014-05-04,BRA017,BRA020,1,0,Estádio Heriberto Hülse,H
4632,2014,Brasileirão Série A,3,2014-05-04,BRA028,BRA043,2,1,Estádio José Pinheiro Borda,H
4633,2014,Brasileirão Série A,3,2014-05-04,BRA007,BRA009,1,0,Itaipava Arena Fonte Nova,H
4634,2014,Brasileirão Série A,3,2014-05-04,BRA021,BRA033,4,2, Maracanã,H
4635,2014,Brasileirão Série A,3,2014-05-04,BRA014,BRA015,0,1,Arena Condá,A
4636,2014,Brasileirão Série A,3,2014-05-04,BRA005,BRA024,0,1,Estádio Raimundo Sampaio,A
4637,2014,Brasileirão Série A,4,2014-05-10,BRA028,BRA003,2,1,Estádio José Pinheiro Borda,H
4638,2014,Brasileirão Série A,4,2014-05-10,BRA033,BRA024,2,0,Estádio Municipal Paulo Machado de Carvalho,H
4639,2014,Brasileirão Série A,4,2014-05-10,BRA009,BRA017,6,0, Maracanã,H
4640,2014,Brasileirão Série A,4,2014-05-11,BRA014,BRA025,1,2,Arena Condá,A
4641,2014,Brasileirão Série A,4,2014-05-11,BRA022,BRA021,2,0, Maracanã,H
4642,2014,Brasileirão Série A,4,2014-05-11,BRA005,BRA018,2,1,Estádio Raimundo Sampaio,H
4643,2014,Brasileirão Série A,4,2014-05-11,BRA042,BRA015,1,1,Arena Barueri,D
4644,2014,Brasileirão Série A,4,2014-05-11,BRA020,BRA040,0,2,  Estádio do Café,A
4645,2014,Brasileirão Série A,4,2014-05-11,BRA016,BRA043,0,1, Couto Pereira,A
4646,2014,Brasileirão Série A,4,2014-05-11,BRA007,BRA045,1,1,Itaipava Arena Fonte Nova,D
4647,2014,Brasileirão Série A,5,2014-05-14,BRA024,BRA009,2,0,Helenão,H
4648,2014,Brasileirão Série A,5,2014-05-17,BRA018,BRA016,3,2, Mineirão,H
4649,2014,Brasileirão Série A,5,2014-05-18,BRA025,BRA022,1,0,Arena do Grêmio,H
4650,2014,Brasileirão Série A,5,2014-05-18,BRA015,BRA020,0,1,Neo Química Arena,A
4651,2014,Brasileirão Série A,5,2014-05-18,BRA021,BRA042,0,2, Maracanã,A
4652,2014,Brasileirão Série A,5,2014-05-18,BRA003,BRA014,1,1,Estádio Willie Davids,D
4653,2014,Brasileirão Série A,5,2014-05-18,BRA045,BRA033,0,1,Estádio de Pituaçu,A
4654,2014,Brasileirão Série A,5,2014-05-18,BRA017,BRA028,0,0,Estádio Heriberto Hülse,D
4655,2014,Brasileirão Série A,5,2014-05-18,BRA040,BRA005,1,2,Arena Pantanal,A
4657,2014,Brasileirão Série A,6,2014-05-21,BRA016,BRA028,1,1, Couto Pereira,D
4658,2014,Brasileirão Série A,6,2014-05-21,BRA021,BRA007,1,1,Moacyrzão,D
4659,2014,Brasileirão Série A,6,2014-05-21,BRA018,BRA043,2,0, Mineirão,H
4660,2014,Brasileirão Série A,6,2014-05-21,BRA017,BRA014,1,0,Estádio Heriberto Hülse,H
4661,2014,Brasileirão Série A,6,2014-05-21,BRA015,BRA003,1,1,Estádio Dr. Oswaldo Teixeira Duarte,D
4662,2014,Brasileirão Série A,6,2014-05-21,BRA022,BRA042,5,2, Maracanã,H
4663,2014,Brasileirão Série A,6,2014-05-21,BRA025,BRA009,2,1, Alfredo Jaconi,H
4664,2014,Brasileirão Série A,6,2014-05-22,BRA033,BRA020,1,0,Estádio Doutor Adhemar de Barros,H
4665,2014,Brasileirão Série A,6,2014-05-22,BRA024,BRA040,2,2,Estádio do Governo do Estado de Goiás (Serra Dourada),D
4666,2014,Brasileirão Série A,6,2014-05-22,BRA045,BRA005,2,3,Estádio Alberto Oliveira,A
4667,2014,Brasileirão Série A,7,2014-05-24,BRA007,BRA022,0,1,Arena Barueri,A
4668,2014,Brasileirão Série A,7,2014-05-24,BRA042,BRA025,1,0, Morumbi,H
4669,2014,Brasileirão Série A,7,2014-05-25,BRA040,BRA021,0,0, Morumbi,D
4670,2014,Brasileirão Série A,7,2014-05-25,BRA020,BRA024,0,1, Orlando Scarpelli,A
4671,2014,Brasileirão Série A,7,2014-05-25,BRA043,BRA015,1,4,Adelmar da Costa Carvalho,A
4672,2014,Brasileirão Série A,7,2014-05-25,BRA003,BRA016,2,0,Estádio Willie Davids,H
4673,2014,Brasileirão Série A,7,2014-05-25,BRA028,BRA018,1,3,Estádio Francisco Stédile (Centenário),A
4674,2014,Brasileirão Série A,7,2014-05-25,BRA009,BRA045,1,1,Moacyrzão,D
4675,2014,Brasileirão Série A,7,2014-05-25,BRA014,BRA033,2,0,Arena Condá,H
4676,2014,Brasileirão Série A,7,2014-05-25,BRA005,BRA017,0,0,Estádio Ipatingão,D
4677,2014,Brasileirão Série A,8,2014-05-28,BRA017,BRA016,1,0,Estádio Heriberto Hülse,H
4678,2014,Brasileirão Série A,8,2014-05-28,BRA033,BRA009,0,2,Estádio Paulo Constantino,A
4679,2014,Brasileirão Série A,8,2014-05-28,BRA043,BRA025,0,0,Adelmar da Costa Carvalho,D
4680,2014,Brasileirão Série A,8,2014-05-28,BRA028,BRA014,2,0,Estádio Francisco Stédile (Centenário),H
4681,2014,Brasileirão Série A,8,2014-05-28,BRA024,BRA045,0,0,Estádio do Governo do Estado de Goiás (Serra Dourada),D
4682,2014,Brasileirão Série A,8,2014-05-28,BRA015,BRA018,1,0,Estádio Dr. Oswaldo Teixeira Duarte,H
4683,2014,Brasileirão Série A,8,2014-05-28,BRA003,BRA042,2,2,Estádio Municipal Parque do Sabiá,D
4684,2014,Brasileirão Série A,8,2014-05-28,BRA005,BRA022,2,0,Estádio Ipatingão,H
4685,2014,Brasileirão Série A,8,2014-05-29,BRA021,BRA020,1,1, Morumbi,D
4686,2014,Brasileirão Série A,8,2014-05-29,BRA007,BRA040,0,2,Estádio Alberto Oliveira,A
4687,2014,Brasileirão Série A,9,2014-05-31,BRA016,BRA024,3,0,Vila Capanema,H
4688,2014,Brasileirão Série A,9,2014-05-31,BRA042,BRA005,2,1, Morumbi,H
4689,2014,Brasileirão Série A,9,2014-05-31,BRA045,BRA043,0,1,Estádio Alberto Oliveira,A
4690,2014,Brasileirão Série A,9,2014-06-01,BRA025,BRA033,0,0, Alfredo Jaconi,D
4691,2014,Brasileirão Série A,9,2014-06-01,BRA014,BRA007,2,1,Arena Condá,H
4692,2014,Brasileirão Série A,9,2014-06-01,BRA018,BRA021,3,0,Estádio Municipal Parque do Sabiá,H
4693,2014,Brasileirão Série A,9,2014-06-01,BRA022,BRA028,1,1,Moacyrzão,D
4694,2014,Brasileirão Série A,9,2014-06-01,BRA040,BRA017,2,0,Primeiro de Maio São Bernardo do Campo,H
4695,2014,Brasileirão Série A,9,2014-06-01,BRA020,BRA003,1,3, Orlando Scarpelli,A
4697,2014,Brasileirão Série A,28,2014-06-01,BRA015,BRA009,1,1,Neo Química Arena,D
4656,2014,Brasileirão Série A,5,2014-06-04,BRA043,BRA007,1,0,Adelmar da Costa Carvalho,H
4707,2014,Brasileirão Série A,10,2014-07-16,BRA025,BRA024,0,0,Arena do Grêmio,D
4708,2014,Brasileirão Série A,10,2014-07-16,BRA016,BRA020,0,2, Couto Pereira,A
4709,2014,Brasileirão Série A,10,2014-07-16,BRA043,BRA009,1,0,Adelmar da Costa Carvalho,H
4710,2014,Brasileirão Série A,10,2014-07-16,BRA017,BRA022,3,2,Estádio Heriberto Hülse,H
4711,2014,Brasileirão Série A,10,2014-07-16,BRA007,BRA042,0,2,Itaipava Arena Fonte Nova,A
4712,2014,Brasileirão Série A,10,2014-07-16,BRA021,BRA003,1,2,Moacyrzão,A
4713,2014,Brasileirão Série A,10,2014-07-17,BRA015,BRA028,2,1,Neo Química Arena,H
4714,2014,Brasileirão Série A,10,2014-07-17,BRA040,BRA033,2,0,Estádio Urbano Caldeira,H
4715,2014,Brasileirão Série A,10,2014-07-17,BRA018,BRA045,3,1, Mineirão,H
4717,2014,Brasileirão Série A,11,2014-07-19,BRA042,BRA014,0,1, Morumbi,A
4718,2014,Brasileirão Série A,11,2014-07-19,BRA020,BRA025,0,1, Orlando Scarpelli,A
4719,2014,Brasileirão Série A,11,2014-07-19,BRA005,BRA007,1,1,Estádio Raimundo Sampaio,D
4720,2014,Brasileirão Série A,11,2014-07-19,BRA009,BRA016,1,0,Estádio Municipal General Raulino de Oliveira,H
4721,2014,Brasileirão Série A,11,2014-07-20,BRA028,BRA021,4,0,Estádio José Pinheiro Borda,H
4722,2014,Brasileirão Série A,11,2014-07-20,BRA033,BRA018,1,2,Estádio Municipal Paulo Machado de Carvalho,A
4723,2014,Brasileirão Série A,11,2014-07-20,BRA045,BRA015,0,0, Barradão,D
4724,2014,Brasileirão Série A,11,2014-07-20,BRA003,BRA017,2,0,Estádio Joaquim Américo Guimarães,H
4725,2014,Brasileirão Série A,11,2014-07-20,BRA022,BRA040,1,0,Estádio Municipal General Raulino de Oliveira,H
4726,2014,Brasileirão Série A,11,2014-07-20,BRA024,BRA043,0,0,Estádio do Governo do Estado de Goiás (Serra Dourada),D
4727,2014,Brasileirão Série A,12,2014-07-26,BRA040,BRA014,3,0,Estádio Urbano Caldeira,H
4728,2014,Brasileirão Série A,12,2014-07-26,BRA018,BRA020,5,0, Mineirão,H
4729,2014,Brasileirão Série A,12,2014-07-26,BRA017,BRA045,1,3,Estádio Heriberto Hülse,A
4730,2014,Brasileirão Série A,12,2014-07-26,BRA007,BRA028,0,1,Itaipava Arena Fonte Nova,A
4731,2014,Brasileirão Série A,12,2014-07-27,BRA024,BRA042,2,1,Estádio do Governo do Estado de Goiás (Serra Dourada),H
4732,2014,Brasileirão Série A,12,2014-07-27,BRA003,BRA022,0,3,Estádio Joaquim Américo Guimarães,A
4733,2014,Brasileirão Série A,12,2014-07-27,BRA015,BRA033,2,0,Neo Química Arena,H
4734,2014,Brasileirão Série A,12,2014-07-27,BRA043,BRA005,2,1,Adelmar da Costa Carvalho,H
4735,2014,Brasileirão Série A,12,2014-07-27,BRA021,BRA009,1,0, Maracanã,H
4736,2014,Brasileirão Série A,12,2014-07-27,BRA025,BRA016,2,3,Arena do Grêmio,A
4737,2014,Brasileirão Série A,13,2014-08-02,BRA009,BRA018,1,1, Maracanã,D
4738,2014,Brasileirão Série A,13,2014-08-02,BRA042,BRA017,1,1, Morumbi,D
4739,2014,Brasileirão Série A,13,2014-08-02,BRA045,BRA025,2,1, Barradão,H
4740,2014,Brasileirão Série A,13,2014-08-03,BRA033,BRA007,1,1,Estádio Municipal Paulo Machado de Carvalho,D
4741,2014,Brasileirão Série A,13,2014-08-03,BRA014,BRA021,1,0,Arena Condá,H
4742,2014,Brasileirão Série A,13,2014-08-03,BRA016,BRA015,0,0, Couto Pereira,D
4743,2014,Brasileirão Série A,13,2014-08-03,BRA020,BRA043,3,0, Orlando Scarpelli,H
4744,2014,Brasileirão Série A,13,2014-08-03,BRA028,BRA040,1,0,Estádio José Pinheiro Borda,H
4745,2014,Brasileirão Série A,13,2014-08-03,BRA022,BRA024,2,0, Maracanã,H
4746,2014,Brasileirão Série A,13,2014-08-03,BRA005,BRA003,3,1,Estádio Raimundo Sampaio,H
4716,2014,Brasileirão Série A,10,2014-08-06,BRA014,BRA005,1,1,Arena Condá,D
4747,2014,Brasileirão Série A,14,2014-08-09,BRA017,BRA018,0,0,Estádio Heriberto Hülse,D
4748,2014,Brasileirão Série A,14,2014-08-09,BRA007,BRA024,1,0,Itaipava Arena Fonte Nova,H
4749,2014,Brasileirão Série A,14,2014-08-09,BRA022,BRA016,1,1, Maracanã,D
4750,2014,Brasileirão Série A,14,2014-08-10,BRA021,BRA043,1,0, Maracanã,H
4751,2014,Brasileirão Série A,14,2014-08-10,BRA040,BRA015,0,1,Estádio Urbano Caldeira,A
4752,2014,Brasileirão Série A,14,2014-08-10,BRA003,BRA009,2,0,Estádio Joaquim Américo Guimarães,H
4753,2014,Brasileirão Série A,14,2014-08-10,BRA028,BRA025,2,0,Estádio José Pinheiro Borda,H
4754,2014,Brasileirão Série A,14,2014-08-10,BRA005,BRA033,2,1,Estádio Raimundo Sampaio,H
4755,2014,Brasileirão Série A,14,2014-08-10,BRA014,BRA020,0,1,Arena Condá,A
4756,2014,Brasileirão Série A,14,2014-08-10,BRA042,BRA045,3,1, Morumbi,H
4757,2014,Brasileirão Série A,15,2014-08-16,BRA024,BRA028,0,1,Estádio do Governo do Estado de Goiás (Serra Dourada),A
4758,2014,Brasileirão Série A,15,2014-08-16,BRA015,BRA007,1,1,Neo Química Arena,D
4759,2014,Brasileirão Série A,15,2014-08-17,BRA016,BRA021,0,1, Couto Pereira,A
4760,2014,Brasileirão Série A,15,2014-08-17,BRA033,BRA042,1,2,Estádio Municipal Paulo Machado de Carvalho,A
4761,2014,Brasileirão Série A,15,2014-08-17,BRA025,BRA017,2,0,Arena do Grêmio,H
4762,2014,Brasileirão Série A,15,2014-08-17,BRA018,BRA040,3,0, Mineirão,H
4763,2014,Brasileirão Série A,15,2014-08-17,BRA045,BRA014,0,0, Barradão,D
4764,2014,Brasileirão Série A,15,2014-08-17,BRA009,BRA022,2,0,Estádio Nacional de Brasília,H
4765,2014,Brasileirão Série A,15,2014-08-17,BRA043,BRA003,1,1,Adelmar da Costa Carvalho,D
4766,2014,Brasileirão Série A,15,2014-08-17,BRA020,BRA005,2,2, Orlando Scarpelli,D
4767,2014,Brasileirão Série A,16,2014-08-20,BRA043,BRA033,2,1,Arena de Pernambuco,H
4768,2014,Brasileirão Série A,16,2014-08-20,BRA020,BRA009,1,0, Orlando Scarpelli,H
4769,2014,Brasileirão Série A,16,2014-08-20,BRA040,BRA003,2,0,Estádio Urbano Caldeira,H
4770,2014,Brasileirão Série A,16,2014-08-20,BRA016,BRA045,2,0, Couto Pereira,H
4771,2014,Brasileirão Série A,16,2014-08-20,BRA007,BRA017,0,0,Itaipava Arena Fonte Nova,D
4772,2014,Brasileirão Série A,16,2014-08-20,BRA014,BRA022,1,0,Arena Condá,H
4773,2014,Brasileirão Série A,16,2014-08-20,BRA021,BRA005,2,1, Maracanã,H
4774,2014,Brasileirão Série A,16,2014-08-20,BRA028,BRA042,0,1,Estádio José Pinheiro Borda,A
4775,2014,Brasileirão Série A,16,2014-08-21,BRA015,BRA024,5,2,Neo Química Arena,H
4776,2014,Brasileirão Série A,16,2014-08-21,BRA018,BRA025,1,0, Mineirão,H
4777,2014,Brasileirão Série A,17,2014-08-23,BRA005,BRA028,1,0,Estádio Raimundo Sampaio,H
4778,2014,Brasileirão Série A,17,2014-08-23,BRA009,BRA014,1,0, Maracanã,H
4779,2014,Brasileirão Série A,17,2014-08-23,BRA033,BRA016,1,0,Estádio Municipal Paulo Machado de Carvalho,H
4780,2014,Brasileirão Série A,17,2014-08-24,BRA025,BRA015,2,1,Arena do Grêmio,H
4781,2014,Brasileirão Série A,17,2014-08-24,BRA017,BRA021,0,2,Estádio Heriberto Hülse,A
4782,2014,Brasileirão Série A,17,2014-08-24,BRA045,BRA020,0,1, Barradão,A
4783,2014,Brasileirão Série A,17,2014-08-24,BRA042,BRA040,2,1, Morumbi,H
4784,2014,Brasileirão Série A,17,2014-08-24,BRA022,BRA043,4,0, Maracanã,H
4785,2014,Brasileirão Série A,17,2014-08-24,BRA024,BRA018,0,1,Estádio do Governo do Estado de Goiás (Serra Dourada),A
4786,2014,Brasileirão Série A,17,2014-08-24,BRA003,BRA007,0,0,Estádio Joaquim Américo Guimarães,D
4787,2014,Brasileirão Série A,18,2014-08-30,BRA033,BRA028,0,1,Estádio Municipal Paulo Machado de Carvalho,A
4788,2014,Brasileirão Série A,18,2014-08-30,BRA018,BRA014,4,2, Mineirão,H
4789,2014,Brasileirão Série A,18,2014-08-31,BRA015,BRA022,1,1,Neo Química Arena,D
4790,2014,Brasileirão Série A,18,2014-08-31,BRA016,BRA005,0,0, Couto Pereira,D
4791,2014,Brasileirão Série A,18,2014-08-31,BRA043,BRA017,2,0,Adelmar da Costa Carvalho,H
4792,2014,Brasileirão Série A,18,2014-08-31,BRA020,BRA042,1,1, Orlando Scarpelli,D
4793,2014,Brasileirão Série A,18,2014-08-31,BRA009,BRA040,1,0, Maracanã,H
4794,2014,Brasileirão Série A,18,2014-08-31,BRA025,BRA007,1,0,Arena do Grêmio,H
4795,2014,Brasileirão Série A,18,2014-08-31,BRA024,BRA003,3,1,Estádio do Governo do Estado de Goiás (Serra Dourada),H
4796,2014,Brasileirão Série A,18,2014-08-31,BRA045,BRA021,1,2, Barradão,A
4797,2014,Brasileirão Série A,19,2014-09-06,BRA040,BRA045,3,1,Estádio Municipal Paulo Machado de Carvalho,H
4798,2014,Brasileirão Série A,19,2014-09-06,BRA021,BRA025,0,1, Maracanã,A
4799,2014,Brasileirão Série A,19,2014-09-06,BRA014,BRA024,0,0,Arena Condá,D
4800,2014,Brasileirão Série A,19,2014-09-07,BRA042,BRA043,2,0, Morumbi,H
4801,2014,Brasileirão Série A,19,2014-09-07,BRA017,BRA015,0,0,Estádio Heriberto Hülse,D
4802,2014,Brasileirão Série A,19,2014-09-07,BRA005,BRA009,1,0,Estádio Raimundo Sampaio,H
4803,2014,Brasileirão Série A,19,2014-09-07,BRA022,BRA018,3,3, Maracanã,D
4804,2014,Brasileirão Série A,19,2014-09-07,BRA007,BRA016,0,0,Itaipava Arena Fonte Nova,D
4805,2014,Brasileirão Série A,19,2014-09-07,BRA003,BRA033,1,1,Estádio Joaquim Américo Guimarães,D
4806,2014,Brasileirão Série A,19,2014-09-07,BRA028,BRA020,2,3,Estádio José Pinheiro Borda,A
4807,2014,Brasileirão Série A,20,2014-09-10,BRA025,BRA003,1,0,Arena do Grêmio,H
4808,2014,Brasileirão Série A,20,2014-09-10,BRA033,BRA017,1,0,Estádio Municipal Paulo Machado de Carvalho,H
4809,2014,Brasileirão Série A,20,2014-09-10,BRA020,BRA022,1,1, Orlando Scarpelli,D
4810,2014,Brasileirão Série A,20,2014-09-10,BRA043,BRA040,3,1,Arena de Pernambuco,H
4811,2014,Brasileirão Série A,20,2014-09-10,BRA016,BRA014,3,0, Couto Pereira,H
4812,2014,Brasileirão Série A,20,2014-09-10,BRA024,BRA021,1,0,Arena Pantanal,H
4813,2014,Brasileirão Série A,20,2014-09-10,BRA009,BRA042,2,4,Estádio Nacional de Brasília,A
4814,2014,Brasileirão Série A,20,2014-09-10,BRA045,BRA028,2,0, Barradão,H
4815,2014,Brasileirão Série A,20,2014-09-11,BRA015,BRA005,1,0,Neo Química Arena,H
4816,2014,Brasileirão Série A,20,2014-09-11,BRA018,BRA007,2,1, Mineirão,H
4817,2014,Brasileirão Série A,21,2014-09-13,BRA022,BRA033,3,0, Maracanã,H
4818,2014,Brasileirão Série A,21,2014-09-13,BRA014,BRA043,3,1,Arena Condá,H
4819,2014,Brasileirão Série A,21,2014-09-13,BRA040,BRA016,2,1,Estádio Urbano Caldeira,H
4820,2014,Brasileirão Série A,21,2014-09-14,BRA007,BRA020,3,0,Estádio Alberto Oliveira,H
4821,2014,Brasileirão Série A,21,2014-09-14,BRA028,BRA009,2,0,Estádio José Pinheiro Borda,H
4822,2014,Brasileirão Série A,21,2014-09-14,BRA021,BRA015,1,0, Maracanã,H
4823,2014,Brasileirão Série A,21,2014-09-14,BRA042,BRA018,2,0, Morumbi,H
4824,2014,Brasileirão Série A,21,2014-09-14,BRA003,BRA045,2,0,Estádio Joaquim Américo Guimarães,H
4825,2014,Brasileirão Série A,21,2014-09-14,BRA005,BRA025,0,0,Estádio Raimundo Sampaio,D
4826,2014,Brasileirão Série A,21,2014-09-14,BRA017,BRA024,1,0,Estádio Heriberto Hülse,H
4827,2014,Brasileirão Série A,22,2014-09-17,BRA045,BRA022,3,1, Barradão,H
4828,2014,Brasileirão Série A,22,2014-09-17,BRA018,BRA003,2,0, Mineirão,H
4829,2014,Brasileirão Série A,22,2014-09-17,BRA043,BRA028,0,0,Arena de Pernambuco,D
4830,2014,Brasileirão Série A,22,2014-09-17,BRA020,BRA017,1,1, Orlando Scarpelli,D
4831,2014,Brasileirão Série A,22,2014-09-17,BRA009,BRA007,2,3, Maracanã,A
4832,2014,Brasileirão Série A,22,2014-09-17,BRA033,BRA021,2,2,Estádio Municipal Paulo Machado de Carvalho,D
4833,2014,Brasileirão Série A,22,2014-09-17,BRA016,BRA042,3,1, Couto Pereira,H
4834,2014,Brasileirão Série A,22,2014-09-18,BRA015,BRA014,1,1,Neo Química Arena,D
4835,2014,Brasileirão Série A,22,2014-09-18,BRA024,BRA005,2,3,Estádio do Governo do Estado de Goiás (Serra Dourada),A
4836,2014,Brasileirão Série A,22,2014-09-18,BRA025,BRA040,0,0,Arena do Grêmio,D
4837,2014,Brasileirão Série A,23,2014-09-20,BRA003,BRA028,0,1,Estádio Joaquim Américo Guimarães,A
4838,2014,Brasileirão Série A,23,2014-09-20,BRA017,BRA009,1,1,Estádio Heriberto Hülse,D
4839,2014,Brasileirão Série A,23,2014-09-21,BRA018,BRA005,2,3, Mineirão,A
4840,2014,Brasileirão Série A,23,2014-09-21,BRA021,BRA022,1,1, Maracanã,D
4841,2014,Brasileirão Série A,23,2014-09-21,BRA043,BRA016,1,0,Adelmar da Costa Carvalho,H
4842,2014,Brasileirão Série A,23,2014-09-21,BRA015,BRA042,3,2,Neo Química Arena,H
4843,2014,Brasileirão Série A,23,2014-09-21,BRA045,BRA007,2,1,Itaipava Arena Fonte Nova,H
4844,2014,Brasileirão Série A,23,2014-09-21,BRA040,BRA020,3,1,Estádio Urbano Caldeira,H
4845,2014,Brasileirão Série A,23,2014-09-21,BRA024,BRA033,6,0,Estádio do Governo do Estado de Goiás (Serra Dourada),H
4846,2014,Brasileirão Série A,23,2014-09-21,BRA025,BRA014,1,0,Arena do Grêmio,H
4847,2014,Brasileirão Série A,24,2014-09-24,BRA028,BRA017,3,0,Estádio José Pinheiro Borda,H
4848,2014,Brasileirão Série A,24,2014-09-24,BRA016,BRA018,1,2, Couto Pereira,A
4849,2014,Brasileirão Série A,24,2014-09-24,BRA007,BRA043,1,0,Itaipava Arena Fonte Nova,H
4850,2014,Brasileirão Série A,24,2014-09-24,BRA014,BRA003,3,0,Arena Condá,H
4851,2014,Brasileirão Série A,24,2014-09-24,BRA042,BRA021,2,2, Morumbi,D
4852,2014,Brasileirão Série A,24,2014-09-24,BRA020,BRA015,1,0, Orlando Scarpelli,H
4853,2014,Brasileirão Série A,24,2014-09-24,BRA022,BRA025,0,0, Maracanã,D
4854,2014,Brasileirão Série A,24,2014-09-25,BRA033,BRA045,2,0,Estádio Municipal Paulo Machado de Carvalho,H
4855,2014,Brasileirão Série A,24,2014-09-25,BRA009,BRA024,1,0, Maracanã,H
4856,2014,Brasileirão Série A,24,2014-09-25,BRA005,BRA040,3,2,Estádio Raimundo Sampaio,H
4857,2014,Brasileirão Série A,25,2014-09-27,BRA014,BRA017,1,1,Arena Condá,D
4858,2014,Brasileirão Série A,25,2014-09-27,BRA043,BRA018,0,0,Arena de Pernambuco,D
4859,2014,Brasileirão Série A,25,2014-09-27,BRA042,BRA022,1,3, Morumbi,A
4860,2014,Brasileirão Série A,25,2014-09-28,BRA007,BRA021,2,1,Itaipava Arena Fonte Nova,H
4861,2014,Brasileirão Série A,25,2014-09-28,BRA003,BRA015,1,0,Estádio Joaquim Américo Guimarães,H
4862,2014,Brasileirão Série A,25,2014-09-28,BRA009,BRA025,0,2, Maracanã,A
4863,2014,Brasileirão Série A,25,2014-09-28,BRA005,BRA045,2,0,Estádio Raimundo Sampaio,H
4864,2014,Brasileirão Série A,25,2014-09-28,BRA020,BRA033,3,1, Orlando Scarpelli,H
4865,2014,Brasileirão Série A,25,2014-09-28,BRA028,BRA016,4,2,Estádio José Pinheiro Borda,H
4866,2014,Brasileirão Série A,25,2014-09-28,BRA040,BRA024,2,0,Estádio Municipal Paulo Machado de Carvalho,H
4867,2014,Brasileirão Série A,26,2014-10-02,BRA033,BRA014,4,2,Estádio Municipal Paulo Machado de Carvalho,H
4868,2014,Brasileirão Série A,26,2014-10-04,BRA021,BRA040,0,1, Maracanã,A
4869,2014,Brasileirão Série A,26,2014-10-04,BRA022,BRA007,1,1,Estádio Nacional de Brasília,D
4870,2014,Brasileirão Série A,26,2014-10-04,BRA016,BRA003,1,0, Couto Pereira,H
4871,2014,Brasileirão Série A,26,2014-10-04,BRA045,BRA009,2,1, Barradão,H
4872,2014,Brasileirão Série A,26,2014-10-04,BRA025,BRA042,0,1,Arena do Grêmio,A
4873,2014,Brasileirão Série A,26,2014-10-04,BRA015,BRA043,3,0,Neo Química Arena,H
4874,2014,Brasileirão Série A,26,2014-10-04,BRA018,BRA028,2,1, Mineirão,H
4875,2014,Brasileirão Série A,26,2014-10-04,BRA017,BRA005,3,1,Estádio Heriberto Hülse,H
4876,2014,Brasileirão Série A,26,2014-10-04,BRA024,BRA020,1,0,Estádio do Governo do Estado de Goiás (Serra Dourada),H
4877,2014,Brasileirão Série A,27,2014-10-08,BRA009,BRA033,0,1, Maracanã,A
4878,2014,Brasileirão Série A,27,2014-10-08,BRA016,BRA017,1,0, Couto Pereira,H
4879,2014,Brasileirão Série A,27,2014-10-08,BRA042,BRA003,1,0, Morumbi,H
4880,2014,Brasileirão Série A,27,2014-10-08,BRA045,BRA024,2,2, Barradão,D
4881,2014,Brasileirão Série A,27,2014-10-08,BRA018,BRA015,0,1, Mineirão,A
4882,2014,Brasileirão Série A,27,2014-10-08,BRA025,BRA043,2,0,Arena do Grêmio,H
4883,2014,Brasileirão Série A,27,2014-10-08,BRA020,BRA021,1,2, Orlando Scarpelli,A
4884,2014,Brasileirão Série A,27,2014-10-09,BRA040,BRA007,1,0,Estádio Urbano Caldeira,H
4885,2014,Brasileirão Série A,27,2014-10-09,BRA022,BRA005,0,0, Maracanã,D
4886,2014,Brasileirão Série A,27,2014-10-09,BRA014,BRA028,5,0,Arena Condá,H
4696,2014,Brasileirão Série A,9,2014-10-11,BRA009,BRA015,1,0,Arena da Amazônia,H
4698,2014,Brasileirão Série A,28,2014-10-11,BRA024,BRA016,3,0,Estádio do Governo do Estado de Goiás (Serra Dourada),H
4699,2014,Brasileirão Série A,28,2014-10-11,BRA033,BRA025,2,1,Estádio Municipal Paulo Machado de Carvalho,H
4700,2014,Brasileirão Série A,28,2014-10-12,BRA021,BRA018,3,0, Maracanã,H
4701,2014,Brasileirão Série A,28,2014-10-12,BRA007,BRA014,0,1,Itaipava Arena Fonte Nova,A
4702,2014,Brasileirão Série A,28,2014-10-12,BRA028,BRA022,2,1,Estádio José Pinheiro Borda,H
4703,2014,Brasileirão Série A,28,2014-10-12,BRA005,BRA042,1,0,Estádio Raimundo Sampaio,H
4704,2014,Brasileirão Série A,28,2014-10-12,BRA003,BRA020,3,0,Estádio Joaquim Américo Guimarães,H
4705,2014,Brasileirão Série A,28,2014-10-12,BRA043,BRA045,1,2,Adelmar da Costa Carvalho,A
4706,2014,Brasileirão Série A,28,2014-10-12,BRA017,BRA040,3,0,Estádio Heriberto Hülse,H
4887,2014,Brasileirão Série A,29,2014-10-18,BRA024,BRA025,0,0,Estádio do Governo do Estado de Goiás (Serra Dourada),D
4888,2014,Brasileirão Série A,29,2014-10-18,BRA042,BRA007,2,1, Morumbi,H
4889,2014,Brasileirão Série A,29,2014-10-18,BRA022,BRA017,4,2, Maracanã,H
4890,2014,Brasileirão Série A,29,2014-10-18,BRA005,BRA014,1,0,Estádio Raimundo Sampaio,H
4891,2014,Brasileirão Série A,29,2014-10-19,BRA003,BRA021,2,1,Estádio Joaquim Américo Guimarães,H
4892,2014,Brasileirão Série A,29,2014-10-19,BRA020,BRA016,4,0, Orlando Scarpelli,H
4893,2014,Brasileirão Série A,29,2014-10-19,BRA028,BRA015,1,2,Estádio José Pinheiro Borda,A
4894,2014,Brasileirão Série A,29,2014-10-19,BRA033,BRA040,1,3,Estádio Municipal Paulo Machado de Carvalho,A
4895,2014,Brasileirão Série A,29,2014-10-19,BRA045,BRA018,0,1, Barradão,A
4896,2014,Brasileirão Série A,29,2014-10-19,BRA009,BRA043,1,1,Estádio Municipal General Raulino de Oliveira,D
4897,2014,Brasileirão Série A,30,2014-10-21,BRA007,BRA005,1,1,Itaipava Arena Fonte Nova,D
4898,2014,Brasileirão Série A,30,2014-10-22,BRA015,BRA045,2,1,Arena Pantanal,H
4899,2014,Brasileirão Série A,30,2014-10-22,BRA021,BRA028,2,0, Maracanã,H
4900,2014,Brasileirão Série A,30,2014-10-22,BRA017,BRA003,0,1,Estádio Heriberto Hülse,A
4901,2014,Brasileirão Série A,30,2014-10-22,BRA018,BRA033,1,1, Mineirão,D
4902,2014,Brasileirão Série A,30,2014-10-22,BRA025,BRA020,1,0,Arena do Grêmio,H
4903,2014,Brasileirão Série A,30,2014-10-22,BRA016,BRA009,2,0, Couto Pereira,H
4904,2014,Brasileirão Série A,30,2014-10-22,BRA014,BRA042,0,0,Arena Condá,D
4905,2014,Brasileirão Série A,30,2014-10-22,BRA040,BRA022,0,1,Estádio Urbano Caldeira,A
4906,2014,Brasileirão Série A,30,2014-10-22,BRA043,BRA024,0,1,Adelmar da Costa Carvalho,A
4907,2014,Brasileirão Série A,31,2014-10-25,BRA020,BRA018,1,1, Orlando Scarpelli,D
4908,2014,Brasileirão Série A,31,2014-10-25,BRA033,BRA015,1,1,Estádio Municipal Paulo Machado de Carvalho,D
4909,2014,Brasileirão Série A,31,2014-10-25,BRA022,BRA003,2,1, Maracanã,H
4910,2014,Brasileirão Série A,31,2014-10-25,BRA045,BRA017,3,1, Barradão,H
4911,2014,Brasileirão Série A,31,2014-10-25,BRA005,BRA043,3,2,Estádio Raimundo Sampaio,H
4912,2014,Brasileirão Série A,31,2014-10-25,BRA014,BRA040,1,1,Arena Condá,D
4913,2014,Brasileirão Série A,31,2014-10-25,BRA016,BRA025,1,1, Couto Pereira,D
4914,2014,Brasileirão Série A,31,2014-10-25,BRA028,BRA007,2,0,Estádio José Pinheiro Borda,H
4915,2014,Brasileirão Série A,31,2014-10-25,BRA009,BRA021,2,1,Arena da Amazônia,H
4916,2014,Brasileirão Série A,31,2014-10-27,BRA042,BRA024,3,0, Morumbi,H
4917,2014,Brasileirão Série A,32,2014-11-01,BRA024,BRA022,0,2,Estádio do Governo do Estado de Goiás (Serra Dourada),A
4918,2014,Brasileirão Série A,32,2014-11-01,BRA025,BRA045,1,0,Arena do Grêmio,H
4919,2014,Brasileirão Série A,32,2014-11-01,BRA015,BRA016,2,2,Neo Química Arena,D
4920,2014,Brasileirão Série A,32,2014-11-02,BRA040,BRA028,1,2,Estádio Urbano Caldeira,A
4921,2014,Brasileirão Série A,32,2014-11-02,BRA043,BRA020,1,0,Adelmar da Costa Carvalho,H
4922,2014,Brasileirão Série A,32,2014-11-02,BRA018,BRA009,2,1, Mineirão,H
4923,2014,Brasileirão Série A,32,2014-11-02,BRA017,BRA042,1,2,Estádio Heriberto Hülse,A
4924,2014,Brasileirão Série A,32,2014-11-02,BRA003,BRA005,1,0,Estádio Joaquim Américo Guimarães,H
4925,2014,Brasileirão Série A,32,2014-11-02,BRA021,BRA014,3,0, Maracanã,H
4926,2014,Brasileirão Série A,32,2014-11-02,BRA007,BRA033,0,1,Itaipava Arena Fonte Nova,A
4927,2014,Brasileirão Série A,33,2014-11-08,BRA016,BRA022,1,0, Couto Pereira,H
4928,2014,Brasileirão Série A,33,2014-11-08,BRA033,BRA005,0,2,Estádio Municipal Paulo Machado de Carvalho,A
4929,2014,Brasileirão Série A,33,2014-11-08,BRA009,BRA003,0,2,Estádio Municipal General Raulino de Oliveira,A
4930,2014,Brasileirão Série A,33,2014-11-09,BRA045,BRA042,1,2, Barradão,A
4931,2014,Brasileirão Série A,33,2014-11-09,BRA025,BRA028,4,1,Arena do Grêmio,H
4932,2014,Brasileirão Série A,33,2014-11-09,BRA020,BRA014,1,0, Orlando Scarpelli,H
4933,2014,Brasileirão Série A,33,2014-11-09,BRA043,BRA021,2,2,Arena de Pernambuco,D
4934,2014,Brasileirão Série A,33,2014-11-09,BRA015,BRA040,1,0,Neo Química Arena,H
4935,2014,Brasileirão Série A,33,2014-11-09,BRA018,BRA017,3,1, Mineirão,H
4936,2014,Brasileirão Série A,33,2014-11-09,BRA024,BRA007,3,0,Estádio do Governo do Estado de Goiás (Serra Dourada),H
4937,2014,Brasileirão Série A,35,2014-11-12,BRA042,BRA028,1,1, Morumbi,D
4947,2014,Brasileirão Série A,34,2014-11-15,BRA017,BRA025,0,3,Estádio Heriberto Hülse,A
4948,2014,Brasileirão Série A,34,2014-11-15,BRA022,BRA009,1,0, Maracanã,H
4949,2014,Brasileirão Série A,34,2014-11-16,BRA007,BRA015,1,2,Itaipava Arena Fonte Nova,A
4950,2014,Brasileirão Série A,34,2014-11-16,BRA003,BRA043,0,1,Estádio Joaquim Américo Guimarães,A
4951,2014,Brasileirão Série A,34,2014-11-16,BRA021,BRA016,3,2, Maracanã,H
4952,2014,Brasileirão Série A,34,2014-11-16,BRA040,BRA018,0,1,Estádio Urbano Caldeira,A
4953,2014,Brasileirão Série A,34,2014-11-16,BRA028,BRA024,1,0,Estádio José Pinheiro Borda,H
4954,2014,Brasileirão Série A,34,2014-11-16,BRA014,BRA045,0,1,Arena Condá,A
4955,2014,Brasileirão Série A,34,2014-11-16,BRA042,BRA033,2,0, Morumbi,H
4956,2014,Brasileirão Série A,34,2014-11-16,BRA005,BRA020,1,1,Estádio Raimundo Sampaio,D
4938,2014,Brasileirão Série A,35,2014-11-19,BRA009,BRA020,0,1,Estádio Vasco da Gama,A
4939,2014,Brasileirão Série A,35,2014-11-19,BRA003,BRA040,1,1,Estádio Joaquim Américo Guimarães,D
4940,2014,Brasileirão Série A,35,2014-11-19,BRA024,BRA015,0,1, Mangueirão,A
4941,2014,Brasileirão Série A,35,2014-11-19,BRA045,BRA016,1,1, Barradão,D
4942,2014,Brasileirão Série A,35,2014-11-19,BRA017,BRA007,0,1,Estádio Heriberto Hülse,A
4943,2014,Brasileirão Série A,35,2014-11-19,BRA005,BRA021,4,0,Estádio Raimundo Sampaio,H
4944,2014,Brasileirão Série A,35,2014-11-19,BRA033,BRA043,0,2,Allianz Parque,A
4945,2014,Brasileirão Série A,35,2014-11-20,BRA022,BRA014,1,4, Maracanã,A
4946,2014,Brasileirão Série A,35,2014-11-20,BRA025,BRA018,1,2,Arena do Grêmio,A
4957,2014,Brasileirão Série A,36,2014-11-22,BRA028,BRA005,2,1,Estádio José Pinheiro Borda,H
4958,2014,Brasileirão Série A,36,2014-11-22,BRA007,BRA003,1,2,Itaipava Arena Fonte Nova,A
4959,2014,Brasileirão Série A,36,2014-11-23,BRA040,BRA042,0,1,Arena Pantanal,A
4960,2014,Brasileirão Série A,36,2014-11-23,BRA021,BRA017,1,1,Castelão de São Luís,D
4961,2014,Brasileirão Série A,36,2014-11-23,BRA043,BRA022,2,2,Arena de Pernambuco,D
4962,2014,Brasileirão Série A,36,2014-11-23,BRA018,BRA024,2,1, Mineirão,H
4963,2014,Brasileirão Série A,36,2014-11-23,BRA020,BRA045,2,0, Orlando Scarpelli,H
4964,2014,Brasileirão Série A,36,2014-11-23,BRA015,BRA025,1,0,Neo Química Arena,H
4965,2014,Brasileirão Série A,36,2014-11-23,BRA014,BRA009,2,0,Arena Condá,H
4966,2014,Brasileirão Série A,36,2014-11-23,BRA016,BRA033,2,0, Couto Pereira,H
4967,2014,Brasileirão Série A,37,2014-11-29,BRA017,BRA043,2,2,Estádio Heriberto Hülse,D
4968,2014,Brasileirão Série A,37,2014-11-29,BRA028,BRA033,3,1,Estádio José Pinheiro Borda,H
4969,2014,Brasileirão Série A,37,2014-11-29,BRA021,BRA045,4,0,Arena da Amazônia,H
4970,2014,Brasileirão Série A,37,2014-11-30,BRA042,BRA020,1,1, Morumbi,D
4971,2014,Brasileirão Série A,37,2014-11-30,BRA040,BRA009,2,0,Estádio Urbano Caldeira,H
4972,2014,Brasileirão Série A,37,2014-11-30,BRA022,BRA015,5,2, Maracanã,H
4973,2014,Brasileirão Série A,37,2014-11-30,BRA014,BRA018,1,1,Arena Condá,D
4974,2014,Brasileirão Série A,37,2014-11-30,BRA005,BRA016,1,2,Estádio Raimundo Sampaio,A
4975,2014,Brasileirão Série A,37,2014-11-30,BRA003,BRA024,1,0,Estádio Joaquim Américo Guimarães,H
4976,2014,Brasileirão Série A,37,2014-11-30,BRA007,BRA025,1,0,Itaipava Arena Fonte Nova,H
4977,2014,Brasileirão Série A,38,2014-12-06,BRA015,BRA017,2,1,Neo Química Arena,H
4978,2014,Brasileirão Série A,38,2014-12-06,BRA020,BRA028,1,2, Orlando Scarpelli,A
4979,2014,Brasileirão Série A,38,2014-12-07,BRA016,BRA007,3,2, Couto Pereira,H
4980,2014,Brasileirão Série A,38,2014-12-07,BRA045,BRA040,0,1, Barradão,A
4981,2014,Brasileirão Série A,38,2014-12-07,BRA043,BRA042,1,0,Arena de Pernambuco,H
4982,2014,Brasileirão Série A,38,2014-12-07,BRA009,BRA005,0,0,Estádio Nacional de Brasília,D
4983,2014,Brasileirão Série A,38,2014-12-07,BRA033,BRA003,1,1,Allianz Parque,D
4984,2014,Brasileirão Série A,38,2014-12-07,BRA025,BRA021,1,1,Arena do Grêmio,D
4985,2014,Brasileirão Série A,38,2014-12-07,BRA018,BRA022,2,1, Mineirão,H
4986,2014,Brasileirão Série A,38,2014-12-07,BRA024,BRA014,4,2,Estádio do Governo do Estado de Goiás (Serra Dourada),H
4987,2015,Brasileirão Série A,1,2015-05-09,BRA014,BRA016,2,1,Arena Condá,H
4988,2015,Brasileirão Série A,1,2015-05-09,BRA033,BRA005,2,2,Allianz Parque,D
4989,2015,Brasileirão Série A,1,2015-05-09,BRA022,BRA030,1,0, Maracanã,H
4990,2015,Brasileirão Série A,1,2015-05-10,BRA025,BRA036,3,3,Arena do Grêmio,D
4991,2015,Brasileirão Série A,1,2015-05-10,BRA003,BRA028,3,0,Estádio Joaquim Américo Guimarães,H
4992,2015,Brasileirão Série A,1,2015-05-10,BRA042,BRA021,2,1, Morumbi,H
4993,2015,Brasileirão Série A,1,2015-05-10,BRA018,BRA015,0,1,Arena Pantanal,A
4994,2015,Brasileirão Série A,1,2015-05-10,BRA043,BRA020,4,1,Adelmar da Costa Carvalho,H
4995,2015,Brasileirão Série A,1,2015-05-10,BRA006,BRA040,1,1,  Ressacada,D
4996,2015,Brasileirão Série A,1,2015-05-10,BRA044,BRA024,0,0,Estádio Vasco da Gama,D
4997,2015,Brasileirão Série A,2,2015-05-16,BRA024,BRA003,2,0,Estádio do Governo do Estado de Goiás (Serra Dourada),H
4998,2015,Brasileirão Série A,2,2015-05-16,BRA016,BRA025,2,0, Couto Pereira,H
4999,2015,Brasileirão Série A,2,2015-05-16,BRA015,BRA014,1,0,Estádio Doutor Adhemar de Barros,H
5000,2015,Brasileirão Série A,2,2015-05-17,BRA020,BRA044,0,0, Orlando Scarpelli,D
5001,2015,Brasileirão Série A,2,2015-05-17,BRA005,BRA022,4,1,Estádio Nacional de Brasília,H
5002,2015,Brasileirão Série A,2,2015-05-17,BRA021,BRA043,2,2, Maracanã,D
5003,2015,Brasileirão Série A,2,2015-05-17,BRA040,BRA018,1,0,Estádio Urbano Caldeira,H
5004,2015,Brasileirão Série A,2,2015-05-17,BRA030,BRA033,0,0,Arena Joinville,D
5005,2015,Brasileirão Série A,2,2015-05-17,BRA036,BRA042,1,0, Moisés Lucarelli,H
5006,2015,Brasileirão Série A,2,2015-05-17,BRA028,BRA006,1,0,Estádio José Pinheiro Borda,H
5007,2015,Brasileirão Série A,3,2015-05-23,BRA042,BRA030,3,0, Morumbi,H
5008,2015,Brasileirão Série A,3,2015-05-23,BRA044,BRA028,1,1,Estádio Vasco da Gama,D
5009,2015,Brasileirão Série A,3,2015-05-23,BRA025,BRA020,1,0,Arena do Grêmio,H
5010,2015,Brasileirão Série A,3,2015-05-24,BRA033,BRA024,0,1,Allianz Parque,A
5011,2015,Brasileirão Série A,3,2015-05-24,BRA014,BRA040,1,0,Arena Condá,H
5012,2015,Brasileirão Série A,3,2015-05-24,BRA003,BRA005,1,0,Estádio Joaquim Américo Guimarães,H
5013,2015,Brasileirão Série A,3,2015-05-24,BRA022,BRA015,0,0, Maracanã,D
5014,2015,Brasileirão Série A,3,2015-05-24,BRA006,BRA021,2,1,  Ressacada,H
5015,2015,Brasileirão Série A,3,2015-05-24,BRA018,BRA036,1,1, Mineirão,D
5016,2015,Brasileirão Série A,3,2015-05-24,BRA043,BRA016,1,0,Adelmar da Costa Carvalho,H
5017,2015,Brasileirão Série A,4,2015-05-30,BRA036,BRA014,3,1, Moisés Lucarelli,H
5018,2015,Brasileirão Série A,4,2015-05-30,BRA016,BRA006,1,2, Couto Pereira,A
5019,2015,Brasileirão Série A,4,2015-05-30,BRA030,BRA003,1,2,Arena Joinville,A
5020,2015,Brasileirão Série A,4,2015-05-31,BRA040,BRA043,2,2,Estádio Urbano Caldeira,D
5021,2015,Brasileirão Série A,4,2015-05-31,BRA024,BRA025,1,1,Estádio do Governo do Estado de Goiás (Serra Dourada),D
5022,2015,Brasileirão Série A,4,2015-05-31,BRA005,BRA044,3,0,Estádio Raimundo Sampaio,H
5023,2015,Brasileirão Série A,4,2015-05-31,BRA015,BRA033,0,2,Neo Química Arena,A
5024,2015,Brasileirão Série A,4,2015-05-31,BRA028,BRA042,0,0,Estádio José Pinheiro Borda,D
5025,2015,Brasileirão Série A,4,2015-05-31,BRA021,BRA022,2,3, Maracanã,A
5026,2015,Brasileirão Série A,4,2015-05-31,BRA020,BRA018,2,1, Orlando Scarpelli,H
5027,2015,Brasileirão Série A,5,2015-06-03,BRA003,BRA020,1,0,Estádio Joaquim Américo Guimarães,H
5028,2015,Brasileirão Série A,5,2015-06-03,BRA044,BRA036,0,3,Estádio Vasco da Gama,A
5029,2015,Brasileirão Série A,5,2015-06-03,BRA014,BRA030,2,0,Arena Condá,H
5030,2015,Brasileirão Série A,5,2015-06-03,BRA042,BRA040,3,2, Morumbi,H
5031,2015,Brasileirão Série A,5,2015-06-03,BRA018,BRA021,1,0, Mineirão,H
5032,2015,Brasileirão Série A,5,2015-06-03,BRA006,BRA005,1,4,  Ressacada,A
5033,2015,Brasileirão Série A,5,2015-06-03,BRA025,BRA015,3,1,Arena do Grêmio,H
5034,2015,Brasileirão Série A,5,2015-06-04,BRA022,BRA016,2,0, Maracanã,H
5035,2015,Brasileirão Série A,5,2015-06-04,BRA043,BRA024,1,0,Adelmar da Costa Carvalho,H
5036,2015,Brasileirão Série A,5,2015-06-04,BRA033,BRA028,1,1,Allianz Parque,D
5037,2015,Brasileirão Série A,6,2015-06-06,BRA005,BRA018,1,3,Estádio Raimundo Sampaio,A
5038,2015,Brasileirão Série A,6,2015-06-06,BRA021,BRA014,1,0, Maracanã,H
5039,2015,Brasileirão Série A,6,2015-06-06,BRA040,BRA036,2,2,Estádio Urbano Caldeira,D
5040,2015,Brasileirão Série A,6,2015-06-06,BRA003,BRA044,2,0,Estádio Joaquim Américo Guimarães,H
5041,2015,Brasileirão Série A,6,2015-06-06,BRA030,BRA015,0,1,Arena Joinville,A
5042,2015,Brasileirão Série A,6,2015-06-06,BRA042,BRA025,2,0, Morumbi,H
5043,2015,Brasileirão Série A,6,2015-06-07,BRA028,BRA016,2,0,Estádio José Pinheiro Borda,H
5044,2015,Brasileirão Série A,6,2015-06-07,BRA020,BRA033,2,1, Orlando Scarpelli,H
5045,2015,Brasileirão Série A,6,2015-06-07,BRA024,BRA006,0,1,Estádio do Governo do Estado de Goiás (Serra Dourada),A
5046,2015,Brasileirão Série A,6,2015-06-07,BRA022,BRA043,0,0, Maracanã,D
5047,2015,Brasileirão Série A,7,2015-06-10,BRA005,BRA040,2,2,Estádio Raimundo Sampaio,D
5048,2015,Brasileirão Série A,7,2015-06-13,BRA016,BRA021,0,1, Couto Pereira,A
5049,2015,Brasileirão Série A,7,2015-06-13,BRA014,BRA042,0,1,Arena Condá,A
5050,2015,Brasileirão Série A,7,2015-06-13,BRA015,BRA028,2,1,Neo Química Arena,H
5051,2015,Brasileirão Série A,7,2015-06-13,BRA043,BRA030,2,1,Adelmar da Costa Carvalho,H
5052,2015,Brasileirão Série A,7,2015-06-13,BRA044,BRA018,1,3,Estádio Vasco da Gama,A
5053,2015,Brasileirão Série A,7,2015-06-14,BRA036,BRA024,0,0, Moisés Lucarelli,D
5054,2015,Brasileirão Série A,7,2015-06-14,BRA006,BRA020,1,1,  Ressacada,D
5055,2015,Brasileirão Série A,7,2015-06-14,BRA033,BRA022,2,1,Allianz Parque,H
5056,2015,Brasileirão Série A,7,2015-06-14,BRA025,BRA003,2,1,Arena do Grêmio,H
5057,2015,Brasileirão Série A,8,2015-06-18,BRA020,BRA028,0,0, Orlando Scarpelli,D
5058,2015,Brasileirão Série A,8,2015-06-20,BRA043,BRA044,2,1,Arena de Pernambuco,H
5059,2015,Brasileirão Série A,8,2015-06-20,BRA021,BRA005,0,2, Maracanã,A
5060,2015,Brasileirão Série A,8,2015-06-20,BRA040,BRA015,1,0,Estádio Urbano Caldeira,H
5061,2015,Brasileirão Série A,8,2015-06-20,BRA025,BRA033,1,0,Arena do Grêmio,H
5062,2015,Brasileirão Série A,8,2015-06-21,BRA018,BRA014,0,1, Mineirão,A
5063,2015,Brasileirão Série A,8,2015-06-21,BRA030,BRA024,2,1,Arena Joinville,H
5064,2015,Brasileirão Série A,8,2015-06-21,BRA003,BRA016,2,2,Estádio Joaquim Américo Guimarães,D
5065,2015,Brasileirão Série A,8,2015-06-21,BRA042,BRA006,1,1, Morumbi,D
5066,2015,Brasileirão Série A,8,2015-06-24,BRA022,BRA036,2,0, Maracanã,H
5067,2015,Brasileirão Série A,9,2015-06-27,BRA006,BRA025,1,2,  Ressacada,A
5068,2015,Brasileirão Série A,9,2015-06-27,BRA014,BRA043,1,1,Arena Condá,D
5069,2015,Brasileirão Série A,9,2015-06-27,BRA015,BRA020,2,1,Neo Química Arena,H
5070,2015,Brasileirão Série A,9,2015-06-28,BRA005,BRA030,1,0, Mineirão,H
5071,2015,Brasileirão Série A,9,2015-06-28,BRA033,BRA042,4,0,Allianz Parque,H
5072,2015,Brasileirão Série A,9,2015-06-28,BRA024,BRA022,1,2,Estádio do Governo do Estado de Goiás (Serra Dourada),A
5073,2015,Brasileirão Série A,9,2015-06-28,BRA036,BRA003,2,1, Moisés Lucarelli,H
5074,2015,Brasileirão Série A,9,2015-06-28,BRA016,BRA018,1,0, Couto Pereira,H
5075,2015,Brasileirão Série A,9,2015-06-28,BRA044,BRA021,1,0,Arena Pantanal,H
5076,2015,Brasileirão Série A,9,2015-06-28,BRA028,BRA040,1,0,Estádio José Pinheiro Borda,H
5077,2015,Brasileirão Série A,10,2015-07-01,BRA043,BRA028,3,0,Adelmar da Costa Carvalho,H
5078,2015,Brasileirão Série A,10,2015-07-01,BRA044,BRA006,1,0,Estádio Vasco da Gama,H
5079,2015,Brasileirão Série A,10,2015-07-01,BRA033,BRA014,2,0,Allianz Parque,H
5080,2015,Brasileirão Série A,10,2015-07-01,BRA005,BRA016,2,0,Estádio Raimundo Sampaio,H
5081,2015,Brasileirão Série A,10,2015-07-01,BRA030,BRA021,0,1,Arena Joinville,A
5082,2015,Brasileirão Série A,10,2015-07-01,BRA025,BRA018,1,0,Arena do Grêmio,H
5083,2015,Brasileirão Série A,10,2015-07-01,BRA003,BRA042,2,1,Estádio Joaquim Américo Guimarães,H
5084,2015,Brasileirão Série A,10,2015-07-02,BRA015,BRA036,2,0,Neo Química Arena,H
5085,2015,Brasileirão Série A,10,2015-07-02,BRA020,BRA024,3,1, Orlando Scarpelli,H
5086,2015,Brasileirão Série A,10,2015-07-02,BRA022,BRA040,2,1, Maracanã,H
5087,2015,Brasileirão Série A,11,2015-07-04,BRA016,BRA030,0,0, Couto Pereira,D
5088,2015,Brasileirão Série A,11,2015-07-04,BRA014,BRA044,1,0,Arena Condá,H
5089,2015,Brasileirão Série A,11,2015-07-04,BRA018,BRA003,2,0, Mineirão,H
5090,2015,Brasileirão Série A,11,2015-07-05,BRA006,BRA043,2,2,  Ressacada,D
5091,2015,Brasileirão Série A,11,2015-07-05,BRA024,BRA015,0,0,Estádio do Governo do Estado de Goiás (Serra Dourada),D
5092,2015,Brasileirão Série A,11,2015-07-05,BRA042,BRA022,0,0, Morumbi,D
5093,2015,Brasileirão Série A,11,2015-07-05,BRA040,BRA025,1,3,Estádio Urbano Caldeira,A
5094,2015,Brasileirão Série A,11,2015-07-05,BRA036,BRA033,0,2,Arena Pantanal,A
5095,2015,Brasileirão Série A,11,2015-07-05,BRA021,BRA020,1,2, Maracanã,A
5096,2015,Brasileirão Série A,11,2015-07-05,BRA028,BRA005,1,3,Estádio José Pinheiro Borda,A
5097,2015,Brasileirão Série A,12,2015-07-08,BRA014,BRA025,1,0,Arena Condá,H
5098,2015,Brasileirão Série A,12,2015-07-08,BRA024,BRA040,4,1,Estádio do Governo do Estado de Goiás (Serra Dourada),H
5099,2015,Brasileirão Série A,12,2015-07-08,BRA016,BRA036,0,0, Couto Pereira,D
5100,2015,Brasileirão Série A,12,2015-07-08,BRA020,BRA030,0,2, Orlando Scarpelli,A
5101,2015,Brasileirão Série A,12,2015-07-08,BRA033,BRA006,3,0,Allianz Parque,H
5102,2015,Brasileirão Série A,12,2015-07-08,BRA005,BRA043,2,1, Mineirão,H
5103,2015,Brasileirão Série A,12,2015-07-08,BRA028,BRA021,1,2,Estádio José Pinheiro Borda,A
5104,2015,Brasileirão Série A,12,2015-07-08,BRA044,BRA042,0,4,Estádio Nacional de Brasília,A
5105,2015,Brasileirão Série A,12,2015-07-09,BRA015,BRA003,2,0,Neo Química Arena,H
5106,2015,Brasileirão Série A,12,2015-07-09,BRA022,BRA018,1,0, Maracanã,H
5107,2015,Brasileirão Série A,13,2015-07-11,BRA040,BRA020,3,0,Estádio Urbano Caldeira,H
5108,2015,Brasileirão Série A,13,2015-07-11,BRA025,BRA044,2,0,Arena do Grêmio,H
5109,2015,Brasileirão Série A,13,2015-07-11,BRA036,BRA005,0,2, Moisés Lucarelli,A
5110,2015,Brasileirão Série A,13,2015-07-12,BRA042,BRA016,3,1, Morumbi,H
5111,2015,Brasileirão Série A,13,2015-07-12,BRA030,BRA028,0,2,Arena Joinville,A
5112,2015,Brasileirão Série A,13,2015-07-12,BRA021,BRA015,0,3, Maracanã,A
5113,2015,Brasileirão Série A,13,2015-07-12,BRA003,BRA022,1,2,Estádio Joaquim Américo Guimarães,A
5114,2015,Brasileirão Série A,13,2015-07-12,BRA018,BRA024,1,0, Mineirão,H
5115,2015,Brasileirão Série A,13,2015-07-12,BRA043,BRA033,2,2,Arena de Pernambuco,D
5116,2015,Brasileirão Série A,13,2015-07-12,BRA006,BRA014,2,1,  Ressacada,H
5117,2015,Brasileirão Série A,14,2015-07-18,BRA028,BRA024,2,1,Estádio José Pinheiro Borda,H
5118,2015,Brasileirão Série A,14,2015-07-18,BRA021,BRA025,1,0, Maracanã,H
5119,2015,Brasileirão Série A,14,2015-07-18,BRA015,BRA005,1,0,Neo Química Arena,H
5120,2015,Brasileirão Série A,14,2015-07-19,BRA003,BRA014,1,0,Estádio Joaquim Américo Guimarães,H
5121,2015,Brasileirão Série A,14,2015-07-19,BRA020,BRA016,0,0, Orlando Scarpelli,D
5122,2015,Brasileirão Série A,14,2015-07-19,BRA043,BRA042,2,0,Arena de Pernambuco,H
5123,2015,Brasileirão Série A,14,2015-07-19,BRA022,BRA044,1,2, Maracanã,A
5124,2015,Brasileirão Série A,14,2015-07-19,BRA033,BRA040,1,0,Allianz Parque,H
5125,2015,Brasileirão Série A,14,2015-07-19,BRA018,BRA006,1,1, Mineirão,D
5126,2015,Brasileirão Série A,14,2015-07-19,BRA030,BRA036,1,1,Arena Joinville,D
5127,2015,Brasileirão Série A,15,2015-07-25,BRA006,BRA003,1,2,  Ressacada,A
5128,2015,Brasileirão Série A,15,2015-07-25,BRA025,BRA043,1,1,Arena do Grêmio,D
5129,2015,Brasileirão Série A,15,2015-07-25,BRA005,BRA020,1,0,Estádio Raimundo Sampaio,H
5130,2015,Brasileirão Série A,15,2015-07-26,BRA014,BRA022,2,1,Arena Condá,H
5131,2015,Brasileirão Série A,15,2015-07-26,BRA040,BRA030,2,0,Estádio Urbano Caldeira,H
5132,2015,Brasileirão Série A,15,2015-07-26,BRA036,BRA028,0,0, Moisés Lucarelli,D
5133,2015,Brasileirão Série A,15,2015-07-26,BRA016,BRA015,1,1, Couto Pereira,D
5134,2015,Brasileirão Série A,15,2015-07-26,BRA042,BRA018,1,0, Morumbi,H
5135,2015,Brasileirão Série A,15,2015-07-26,BRA024,BRA021,0,1,Estádio do Governo do Estado de Goiás (Serra Dourada),A
5136,2015,Brasileirão Série A,15,2015-07-26,BRA044,BRA033,1,4,Estádio Vasco da Gama,A
5137,2015,Brasileirão Série A,16,2015-07-29,BRA015,BRA044,3,0,Neo Química Arena,H
5138,2015,Brasileirão Série A,16,2015-07-29,BRA005,BRA042,3,1, Mineirão,H
5139,2015,Brasileirão Série A,16,2015-08-01,BRA022,BRA025,1,0, Maracanã,H
5140,2015,Brasileirão Série A,16,2015-08-02,BRA016,BRA024,1,1, Couto Pereira,D
5141,2015,Brasileirão Série A,16,2015-08-02,BRA033,BRA003,0,1,Allianz Parque,A
5142,2015,Brasileirão Série A,16,2015-08-02,BRA030,BRA006,2,0,Arena Joinville,H
5143,2015,Brasileirão Série A,16,2015-08-02,BRA028,BRA014,0,0,Estádio José Pinheiro Borda,D
5144,2015,Brasileirão Série A,16,2015-08-02,BRA020,BRA036,3,1, Orlando Scarpelli,H
5145,2015,Brasileirão Série A,16,2015-08-02,BRA021,BRA040,2,2, Maracanã,D
5146,2015,Brasileirão Série A,16,2015-08-02,BRA043,BRA018,0,0,Arena de Pernambuco,D
5147,2015,Brasileirão Série A,17,2015-08-08,BRA006,BRA022,1,0,  Ressacada,H
5148,2015,Brasileirão Série A,17,2015-08-08,BRA040,BRA016,3,0,Estádio Urbano Caldeira,H
5149,2015,Brasileirão Série A,17,2015-08-09,BRA003,BRA043,1,1,Estádio Joaquim Américo Guimarães,D
5150,2015,Brasileirão Série A,17,2015-08-09,BRA044,BRA030,0,0, Maracanã,D
5151,2015,Brasileirão Série A,17,2015-08-09,BRA042,BRA015,1,1, Morumbi,D
5152,2015,Brasileirão Série A,17,2015-08-09,BRA018,BRA033,2,1, Mineirão,H
5153,2015,Brasileirão Série A,17,2015-08-09,BRA036,BRA021,1,0, Moisés Lucarelli,H
5154,2015,Brasileirão Série A,17,2015-08-09,BRA024,BRA005,0,0,Estádio do Governo do Estado de Goiás (Serra Dourada),D
5155,2015,Brasileirão Série A,17,2015-08-09,BRA025,BRA028,5,0,Arena do Grêmio,H
5156,2015,Brasileirão Série A,17,2015-08-09,BRA014,BRA020,2,2,Arena Condá,D
5157,2015,Brasileirão Série A,18,2015-08-12,BRA016,BRA033,2,1, Couto Pereira,H
5158,2015,Brasileirão Série A,18,2015-08-12,BRA021,BRA003,3,2, Maracanã,H
5159,2015,Brasileirão Série A,18,2015-08-12,BRA040,BRA044,1,0,Estádio Urbano Caldeira,H
5160,2015,Brasileirão Série A,18,2015-08-12,BRA024,BRA014,0,0,Estádio do Governo do Estado de Goiás (Serra Dourada),D
5161,2015,Brasileirão Série A,18,2015-08-12,BRA020,BRA042,0,2, Orlando Scarpelli,A
5162,2015,Brasileirão Série A,18,2015-08-12,BRA028,BRA022,1,0,Estádio José Pinheiro Borda,H
5163,2015,Brasileirão Série A,18,2015-08-12,BRA015,BRA043,4,3,Neo Química Arena,H
5164,2015,Brasileirão Série A,18,2015-08-13,BRA036,BRA006,2,0, Moisés Lucarelli,H
5165,2015,Brasileirão Série A,18,2015-08-13,BRA030,BRA018,3,0,Arena Joinville,H
5166,2015,Brasileirão Série A,18,2015-08-13,BRA005,BRA025,0,2, Mineirão,A
5167,2015,Brasileirão Série A,19,2015-08-15,BRA044,BRA016,0,1, Maracanã,A
5168,2015,Brasileirão Série A,19,2015-08-15,BRA003,BRA040,0,0,Estádio Joaquim Américo Guimarães,D
5169,2015,Brasileirão Série A,19,2015-08-15,BRA042,BRA024,0,3, Morumbi,A
5170,2015,Brasileirão Série A,19,2015-08-16,BRA033,BRA021,4,2,Allianz Parque,H
5171,2015,Brasileirão Série A,19,2015-08-16,BRA006,BRA015,1,2,  Ressacada,A
5172,2015,Brasileirão Série A,19,2015-08-16,BRA022,BRA020,2,1, Maracanã,H
5173,2015,Brasileirão Série A,19,2015-08-16,BRA018,BRA028,0,0, Mineirão,D
5174,2015,Brasileirão Série A,19,2015-08-16,BRA043,BRA036,1,1,Adelmar da Costa Carvalho,D
5175,2015,Brasileirão Série A,19,2015-08-16,BRA025,BRA030,2,1,Arena do Grêmio,H
5176,2015,Brasileirão Série A,19,2015-08-16,BRA014,BRA005,2,1,Arena Condá,H
5177,2015,Brasileirão Série A,20,2015-08-22,BRA024,BRA044,3,0,Estádio do Governo do Estado de Goiás (Serra Dourada),H
5178,2015,Brasileirão Série A,20,2015-08-22,BRA040,BRA006,5,2,Estádio Urbano Caldeira,H
5179,2015,Brasileirão Série A,20,2015-08-22,BRA020,BRA043,2,1, Orlando Scarpelli,H
5180,2015,Brasileirão Série A,20,2015-08-23,BRA016,BRA014,1,0, Couto Pereira,H
5181,2015,Brasileirão Série A,20,2015-08-23,BRA036,BRA025,0,0, Moisés Lucarelli,D
5182,2015,Brasileirão Série A,20,2015-08-23,BRA030,BRA022,2,1,Arena Joinville,H
5183,2015,Brasileirão Série A,20,2015-08-23,BRA028,BRA003,2,0,Estádio José Pinheiro Borda,H
5184,2015,Brasileirão Série A,20,2015-08-23,BRA015,BRA018,3,0,Neo Química Arena,H
5185,2015,Brasileirão Série A,20,2015-08-23,BRA021,BRA042,2,1, Maracanã,H
5186,2015,Brasileirão Série A,20,2015-08-23,BRA005,BRA033,2,1,Estádio Raimundo Sampaio,H
5187,2015,Brasileirão Série A,21,2015-08-29,BRA044,BRA020,0,1, Maracanã,A
5188,2015,Brasileirão Série A,21,2015-08-29,BRA042,BRA036,3,0, Morumbi,H
5189,2015,Brasileirão Série A,21,2015-08-30,BRA025,BRA016,0,0,Arena do Grêmio,D
5190,2015,Brasileirão Série A,21,2015-08-30,BRA006,BRA028,3,0,  Ressacada,H
5191,2015,Brasileirão Série A,21,2015-08-30,BRA033,BRA030,3,2,Allianz Parque,H
5192,2015,Brasileirão Série A,21,2015-08-30,BRA022,BRA005,1,2, Maracanã,A
5193,2015,Brasileirão Série A,21,2015-08-30,BRA043,BRA021,0,1,Arena de Pernambuco,A
5194,2015,Brasileirão Série A,21,2015-08-30,BRA014,BRA015,1,3,Arena Condá,A
5195,2015,Brasileirão Série A,21,2015-08-30,BRA018,BRA040,0,1, Mineirão,A
5196,2015,Brasileirão Série A,21,2015-08-30,BRA003,BRA024,3,0,Estádio Joaquim Américo Guimarães,H
5197,2015,Brasileirão Série A,22,2015-09-02,BRA030,BRA042,0,0,Arena Joinville,D
5198,2015,Brasileirão Série A,22,2015-09-02,BRA036,BRA018,1,2, Moisés Lucarelli,A
5199,2015,Brasileirão Série A,22,2015-09-02,BRA028,BRA044,6,0,Estádio José Pinheiro Borda,H
5200,2015,Brasileirão Série A,22,2015-09-02,BRA021,BRA006,3,0,Arena das Dunas,H
5201,2015,Brasileirão Série A,22,2015-09-02,BRA005,BRA003,0,1,Estádio Raimundo Sampaio,A
5202,2015,Brasileirão Série A,22,2015-09-02,BRA016,BRA043,0,0, Couto Pereira,D
5203,2015,Brasileirão Série A,22,2015-09-02,BRA015,BRA022,2,0,Neo Química Arena,H
5204,2015,Brasileirão Série A,22,2015-09-02,BRA024,BRA033,1,0,Estádio do Governo do Estado de Goiás (Serra Dourada),H
5205,2015,Brasileirão Série A,22,2015-09-03,BRA040,BRA014,3,1,Estádio Urbano Caldeira,H
5206,2015,Brasileirão Série A,22,2015-09-03,BRA020,BRA025,0,2, Orlando Scarpelli,A
5207,2015,Brasileirão Série A,23,2015-09-05,BRA042,BRA028,2,0, Morumbi,H
5208,2015,Brasileirão Série A,23,2015-09-05,BRA044,BRA005,1,2, Maracanã,A
5209,2015,Brasileirão Série A,23,2015-09-05,BRA003,BRA030,0,0,Estádio Joaquim Américo Guimarães,D
5210,2015,Brasileirão Série A,23,2015-09-06,BRA018,BRA020,5,1, Mineirão,H
5211,2015,Brasileirão Série A,23,2015-09-06,BRA014,BRA036,0,0,Arena Condá,D
5212,2015,Brasileirão Série A,23,2015-09-06,BRA025,BRA024,2,1,Arena do Grêmio,H
5213,2015,Brasileirão Série A,23,2015-09-06,BRA033,BRA015,3,3,Allianz Parque,D
5214,2015,Brasileirão Série A,23,2015-09-06,BRA006,BRA016,0,2,  Ressacada,A
5215,2015,Brasileirão Série A,23,2015-09-06,BRA022,BRA021,1,3, Maracanã,A
5216,2015,Brasileirão Série A,23,2015-09-06,BRA043,BRA040,1,1,Adelmar da Costa Carvalho,D
5217,2015,Brasileirão Série A,24,2015-09-09,BRA036,BRA044,0,1, Moisés Lucarelli,A
5218,2015,Brasileirão Série A,24,2015-09-09,BRA005,BRA006,2,0,Estádio Raimundo Sampaio,H
5219,2015,Brasileirão Série A,24,2015-09-09,BRA028,BRA033,1,0,Estádio José Pinheiro Borda,H
5220,2015,Brasileirão Série A,24,2015-09-09,BRA020,BRA003,1,1, Orlando Scarpelli,D
5221,2015,Brasileirão Série A,24,2015-09-09,BRA016,BRA022,1,1, Couto Pereira,D
5222,2015,Brasileirão Série A,24,2015-09-09,BRA040,BRA042,3,0,Estádio Urbano Caldeira,H
5223,2015,Brasileirão Série A,24,2015-09-09,BRA015,BRA025,1,1,Neo Química Arena,D
5224,2015,Brasileirão Série A,24,2015-09-10,BRA024,BRA043,1,0,Estádio do Governo do Estado de Goiás (Serra Dourada),H
5225,2015,Brasileirão Série A,24,2015-09-10,BRA030,BRA014,0,0,Arena Joinville,D
5226,2015,Brasileirão Série A,24,2015-09-10,BRA021,BRA018,2,0, Maracanã,H
5227,2015,Brasileirão Série A,25,2015-09-12,BRA016,BRA028,0,1, Couto Pereira,A
5228,2015,Brasileirão Série A,25,2015-09-12,BRA033,BRA020,2,0,Allianz Parque,H
5229,2015,Brasileirão Série A,25,2015-09-13,BRA036,BRA040,3,1, Moisés Lucarelli,H
5230,2015,Brasileirão Série A,25,2015-09-13,BRA015,BRA030,3,0,Neo Química Arena,H
5231,2015,Brasileirão Série A,25,2015-09-13,BRA018,BRA005,1,1, Mineirão,D
5232,2015,Brasileirão Série A,25,2015-09-13,BRA025,BRA042,1,2,Arena do Grêmio,A
5233,2015,Brasileirão Série A,25,2015-09-13,BRA014,BRA021,1,3,Arena Condá,A
5234,2015,Brasileirão Série A,25,2015-09-13,BRA044,BRA003,2,0, Maracanã,H
5235,2015,Brasileirão Série A,25,2015-09-13,BRA006,BRA024,2,1,  Ressacada,H
5236,2015,Brasileirão Série A,25,2015-09-13,BRA043,BRA022,1,0,Arena de Pernambuco,H
5237,2015,Brasileirão Série A,26,2015-09-16,BRA030,BRA043,1,1,Arena Joinville,D
5238,2015,Brasileirão Série A,26,2015-09-16,BRA022,BRA033,1,4, Maracanã,A
5239,2015,Brasileirão Série A,26,2015-09-16,BRA024,BRA036,1,2,Estádio do Governo do Estado de Goiás (Serra Dourada),A
5240,2015,Brasileirão Série A,26,2015-09-16,BRA020,BRA006,0,1, Orlando Scarpelli,A
5241,2015,Brasileirão Série A,26,2015-09-16,BRA003,BRA025,1,2, Couto Pereira,A
5242,2015,Brasileirão Série A,26,2015-09-16,BRA040,BRA005,4,0,Estádio Urbano Caldeira,H
5243,2015,Brasileirão Série A,26,2015-09-16,BRA028,BRA015,2,1,Estádio José Pinheiro Borda,H
5244,2015,Brasileirão Série A,26,2015-09-16,BRA018,BRA044,2,2, Mineirão,D
5245,2015,Brasileirão Série A,26,2015-09-17,BRA042,BRA014,0,0, Morumbi,D
5246,2015,Brasileirão Série A,26,2015-09-17,BRA021,BRA016,0,2,Estádio Nacional de Brasília,A
5247,2015,Brasileirão Série A,27,2015-09-19,BRA033,BRA025,3,2,Estádio Municipal Paulo Machado de Carvalho,H
5248,2015,Brasileirão Série A,27,2015-09-19,BRA028,BRA020,1,1,Estádio José Pinheiro Borda,D
5249,2015,Brasileirão Série A,27,2015-09-19,BRA036,BRA022,3,1, Moisés Lucarelli,H
5250,2015,Brasileirão Série A,27,2015-09-20,BRA024,BRA030,3,0,Estádio do Governo do Estado de Goiás (Serra Dourada),H
5251,2015,Brasileirão Série A,27,2015-09-20,BRA015,BRA040,2,0,Neo Química Arena,H
5252,2015,Brasileirão Série A,27,2015-09-20,BRA044,BRA043,2,1, Maracanã,H
5253,2015,Brasileirão Série A,27,2015-09-20,BRA005,BRA021,4,1,Estádio Raimundo Sampaio,H
5254,2015,Brasileirão Série A,27,2015-09-20,BRA006,BRA042,2,1,  Ressacada,H
5255,2015,Brasileirão Série A,27,2015-09-20,BRA014,BRA018,0,2,Arena Condá,A
5256,2015,Brasileirão Série A,27,2015-09-20,BRA016,BRA003,2,0, Couto Pereira,H
5257,2015,Brasileirão Série A,28,2015-09-26,BRA022,BRA024,2,0, Maracanã,H
5258,2015,Brasileirão Série A,28,2015-09-26,BRA025,BRA006,3,1,Arena do Grêmio,H
5259,2015,Brasileirão Série A,28,2015-09-27,BRA003,BRA036,1,2,Estádio Joaquim Américo Guimarães,A
5260,2015,Brasileirão Série A,28,2015-09-27,BRA040,BRA028,3,1,Estádio Urbano Caldeira,H
5261,2015,Brasileirão Série A,28,2015-09-27,BRA021,BRA044,1,2, Maracanã,A
5262,2015,Brasileirão Série A,28,2015-09-27,BRA030,BRA005,2,2,Arena Joinville,D
5263,2015,Brasileirão Série A,28,2015-09-27,BRA020,BRA015,1,3, Orlando Scarpelli,A
5264,2015,Brasileirão Série A,28,2015-09-27,BRA042,BRA033,1,1, Morumbi,D
5265,2015,Brasileirão Série A,28,2015-09-27,BRA043,BRA014,3,0,Adelmar da Costa Carvalho,H
5266,2015,Brasileirão Série A,28,2015-09-27,BRA018,BRA016,2,0, Mineirão,H
5267,2015,Brasileirão Série A,29,2015-10-03,BRA028,BRA043,2,1,Estádio José Pinheiro Borda,H
5268,2015,Brasileirão Série A,29,2015-10-03,BRA016,BRA005,0,3, Couto Pereira,A
5269,2015,Brasileirão Série A,29,2015-10-03,BRA042,BRA003,1,0, Morumbi,H
5270,2015,Brasileirão Série A,29,2015-10-04,BRA006,BRA044,1,1,  Ressacada,D
5271,2015,Brasileirão Série A,29,2015-10-04,BRA021,BRA030,2,0, Maracanã,H
5272,2015,Brasileirão Série A,29,2015-10-04,BRA040,BRA022,3,1,Estádio Urbano Caldeira,H
5273,2015,Brasileirão Série A,29,2015-10-04,BRA018,BRA025,0,0, Mineirão,D
5274,2015,Brasileirão Série A,29,2015-10-04,BRA024,BRA020,2,3,Estádio do Governo do Estado de Goiás (Serra Dourada),A
5275,2015,Brasileirão Série A,29,2015-10-04,BRA036,BRA015,2,2, Moisés Lucarelli,D
5276,2015,Brasileirão Série A,29,2015-10-04,BRA014,BRA033,5,1,Arena Condá,H
5277,2015,Brasileirão Série A,30,2015-10-14,BRA005,BRA028,2,1,Estádio Raimundo Sampaio,H
5278,2015,Brasileirão Série A,30,2015-10-14,BRA043,BRA006,3,0,Adelmar da Costa Carvalho,H
5279,2015,Brasileirão Série A,30,2015-10-14,BRA030,BRA016,3,1,Arena Joinville,H
5280,2015,Brasileirão Série A,30,2015-10-14,BRA020,BRA021,3,0, Orlando Scarpelli,H
5281,2015,Brasileirão Série A,30,2015-10-14,BRA033,BRA036,0,1,Allianz Parque,A
5282,2015,Brasileirão Série A,30,2015-10-14,BRA022,BRA042,2,0, Maracanã,H
5283,2015,Brasileirão Série A,30,2015-10-14,BRA003,BRA018,2,2,Estádio Joaquim Américo Guimarães,D
5284,2015,Brasileirão Série A,30,2015-10-15,BRA044,BRA014,1,1, Maracanã,D
5285,2015,Brasileirão Série A,30,2015-10-15,BRA015,BRA024,3,0,Neo Química Arena,H
5286,2015,Brasileirão Série A,30,2015-10-15,BRA025,BRA040,1,0,Arena do Grêmio,H
5287,2015,Brasileirão Série A,31,2015-10-17,BRA006,BRA033,1,3,  Ressacada,A
5288,2015,Brasileirão Série A,31,2015-10-17,BRA030,BRA020,1,0,Arena Joinville,H
5289,2015,Brasileirão Série A,31,2015-10-18,BRA036,BRA016,3,0, Moisés Lucarelli,H
5290,2015,Brasileirão Série A,31,2015-10-18,BRA018,BRA022,2,0, Mineirão,H
5291,2015,Brasileirão Série A,31,2015-10-18,BRA003,BRA015,1,4,Estádio Joaquim Américo Guimarães,A
5292,2015,Brasileirão Série A,31,2015-10-18,BRA021,BRA028,0,1, Maracanã,A
5293,2015,Brasileirão Série A,31,2015-10-18,BRA042,BRA044,2,2, Morumbi,D
5294,2015,Brasileirão Série A,31,2015-10-18,BRA025,BRA014,2,3,Arena do Grêmio,A
5295,2015,Brasileirão Série A,31,2015-10-18,BRA040,BRA024,3,1,Estádio Urbano Caldeira,H
5296,2015,Brasileirão Série A,31,2015-10-18,BRA043,BRA005,4,1,Arena de Pernambuco,H
5297,2015,Brasileirão Série A,32,2015-10-24,BRA022,BRA003,0,1, Maracanã,A
5298,2015,Brasileirão Série A,32,2015-10-24,BRA028,BRA030,1,0,Estádio José Pinheiro Borda,H
5299,2015,Brasileirão Série A,32,2015-10-24,BRA020,BRA040,0,0, Orlando Scarpelli,D
5300,2015,Brasileirão Série A,32,2015-10-24,BRA033,BRA043,0,2,Estádio Municipal Paulo Machado de Carvalho,A
5301,2015,Brasileirão Série A,32,2015-10-25,BRA015,BRA021,1,0,Neo Química Arena,H
5302,2015,Brasileirão Série A,32,2015-10-25,BRA016,BRA042,1,2, Couto Pereira,A
5303,2015,Brasileirão Série A,32,2015-10-25,BRA014,BRA006,0,0,Arena Condá,D
5304,2015,Brasileirão Série A,32,2015-10-25,BRA044,BRA025,0,0, Maracanã,D
5305,2015,Brasileirão Série A,32,2015-10-25,BRA024,BRA018,0,1,Estádio do Governo do Estado de Goiás (Serra Dourada),A
5306,2015,Brasileirão Série A,32,2015-10-25,BRA005,BRA036,2,1,Estádio Raimundo Sampaio,H
5307,2015,Brasileirão Série A,33,2015-10-31,BRA042,BRA043,3,0, Morumbi,H
5308,2015,Brasileirão Série A,33,2015-10-31,BRA006,BRA018,1,1,  Ressacada,D
5309,2015,Brasileirão Série A,33,2015-10-31,BRA036,BRA030,1,0, Moisés Lucarelli,H
5310,2015,Brasileirão Série A,33,2015-10-31,BRA016,BRA020,1,1, Couto Pereira,D
5311,2015,Brasileirão Série A,33,2015-11-01,BRA014,BRA003,0,0,Arena Condá,D
5312,2015,Brasileirão Série A,33,2015-11-01,BRA040,BRA033,2,1,Estádio Urbano Caldeira,H
5313,2015,Brasileirão Série A,33,2015-11-01,BRA025,BRA021,2,0,Arena do Grêmio,H
5314,2015,Brasileirão Série A,33,2015-11-01,BRA005,BRA015,0,3,Estádio Raimundo Sampaio,A
5315,2015,Brasileirão Série A,33,2015-11-01,BRA044,BRA022,0,1,Estádio Nilton Santos,A
5316,2015,Brasileirão Série A,33,2015-11-01,BRA024,BRA028,2,1,Estádio do Governo do Estado de Goiás (Serra Dourada),H
5317,2015,Brasileirão Série A,34,2015-11-07,BRA028,BRA036,1,0,Estádio José Pinheiro Borda,H
5318,2015,Brasileirão Série A,34,2015-11-07,BRA015,BRA016,2,1,Neo Química Arena,H
5319,2015,Brasileirão Série A,34,2015-11-07,BRA003,BRA006,2,1,Estádio Joaquim Américo Guimarães,H
5320,2015,Brasileirão Série A,34,2015-11-07,BRA022,BRA014,2,3, Maracanã,A
5321,2015,Brasileirão Série A,34,2015-11-08,BRA033,BRA044,0,2,Allianz Parque,A
5322,2015,Brasileirão Série A,34,2015-11-08,BRA021,BRA024,4,1, Maracanã,H
5323,2015,Brasileirão Série A,34,2015-11-08,BRA018,BRA042,2,1, Mineirão,H
5324,2015,Brasileirão Série A,34,2015-11-08,BRA020,BRA005,0,1, Orlando Scarpelli,A
5325,2015,Brasileirão Série A,34,2015-11-08,BRA030,BRA040,0,0,Arena Joinville,D
5326,2015,Brasileirão Série A,34,2015-11-08,BRA043,BRA025,1,0,Adelmar da Costa Carvalho,H
5327,2015,Brasileirão Série A,35,2015-11-15,BRA018,BRA043,3,0, Mineirão,H
5328,2015,Brasileirão Série A,35,2015-11-18,BRA024,BRA016,1,3,Estádio do Governo do Estado de Goiás (Serra Dourada),A
5329,2015,Brasileirão Série A,35,2015-11-18,BRA036,BRA020,0,1, Moisés Lucarelli,A
5330,2015,Brasileirão Série A,35,2015-11-18,BRA006,BRA030,2,1,  Ressacada,H
5331,2015,Brasileirão Série A,35,2015-11-18,BRA003,BRA033,3,3,Estádio Joaquim Américo Guimarães,D
5332,2015,Brasileirão Série A,35,2015-11-19,BRA025,BRA022,1,0,Arena do Grêmio,H
5333,2015,Brasileirão Série A,35,2015-11-19,BRA014,BRA028,1,0,Arena Condá,H
5334,2015,Brasileirão Série A,35,2015-11-19,BRA042,BRA005,4,2, Morumbi,H
5335,2015,Brasileirão Série A,35,2015-11-19,BRA040,BRA021,0,0,Estádio Urbano Caldeira,D
5336,2015,Brasileirão Série A,35,2015-11-19,BRA044,BRA015,1,1,Estádio Vasco da Gama,D
5337,2015,Brasileirão Série A,36,2015-11-21,BRA033,BRA018,1,1,Allianz Parque,D
5338,2015,Brasileirão Série A,36,2015-11-22,BRA030,BRA044,1,2,Arena Joinville,A
5339,2015,Brasileirão Série A,36,2015-11-22,BRA005,BRA024,2,2,Estádio Raimundo Sampaio,D
5340,2015,Brasileirão Série A,36,2015-11-22,BRA028,BRA025,1,0,Estádio José Pinheiro Borda,H
5341,2015,Brasileirão Série A,36,2015-11-22,BRA020,BRA014,0,0, Orlando Scarpelli,D
5342,2015,Brasileirão Série A,36,2015-11-22,BRA015,BRA042,6,1,Neo Química Arena,H
5343,2015,Brasileirão Série A,36,2015-11-22,BRA021,BRA036,1,1,Estádio Nacional de Brasília,D
5344,2015,Brasileirão Série A,36,2015-11-22,BRA022,BRA006,3,1,Kléber Andrade,H
5345,2015,Brasileirão Série A,36,2015-11-22,BRA016,BRA040,1,0, Couto Pereira,H
5346,2015,Brasileirão Série A,36,2015-11-22,BRA043,BRA003,0,0,Adelmar da Costa Carvalho,D
5347,2015,Brasileirão Série A,37,2015-11-28,BRA042,BRA020,3,2, Morumbi,H
5348,2015,Brasileirão Série A,37,2015-11-28,BRA022,BRA028,1,1, Maracanã,D
5349,2015,Brasileirão Série A,37,2015-11-28,BRA006,BRA036,1,0,  Ressacada,H
5350,2015,Brasileirão Série A,37,2015-11-29,BRA043,BRA015,2,0,Arena de Pernambuco,H
5351,2015,Brasileirão Série A,37,2015-11-29,BRA018,BRA030,3,0, Mineirão,H
5352,2015,Brasileirão Série A,37,2015-11-29,BRA025,BRA005,2,1,Arena do Grêmio,H
5353,2015,Brasileirão Série A,37,2015-11-29,BRA014,BRA024,1,3,Arena Condá,A
5354,2015,Brasileirão Série A,37,2015-11-29,BRA044,BRA040,1,0,Estádio Vasco da Gama,H
5355,2015,Brasileirão Série A,37,2015-11-29,BRA033,BRA016,0,2,Allianz Parque,A
5356,2015,Brasileirão Série A,37,2015-11-29,BRA003,BRA021,3,0,Estádio Joaquim Américo Guimarães,H
5357,2015,Brasileirão Série A,38,2015-12-06,BRA028,BRA018,2,0,Estádio José Pinheiro Borda,H
5358,2015,Brasileirão Série A,38,2015-12-06,BRA021,BRA033,1,2, Maracanã,A
5359,2015,Brasileirão Série A,38,2015-12-06,BRA020,BRA022,1,0, Orlando Scarpelli,H
5360,2015,Brasileirão Série A,38,2015-12-06,BRA040,BRA003,5,1,Estádio Urbano Caldeira,H
5361,2015,Brasileirão Série A,38,2015-12-06,BRA036,BRA043,0,1, Moisés Lucarelli,A
5362,2015,Brasileirão Série A,38,2015-12-06,BRA024,BRA042,0,1,Estádio do Governo do Estado de Goiás (Serra Dourada),A
5363,2015,Brasileirão Série A,38,2015-12-06,BRA015,BRA006,1,1,Neo Química Arena,D
5364,2015,Brasileirão Série A,38,2015-12-06,BRA005,BRA014,3,0, Mineirão,H
5365,2015,Brasileirão Série A,38,2015-12-06,BRA030,BRA025,0,2,Arena Joinville,A
5366,2015,Brasileirão Série A,38,2015-12-06,BRA016,BRA044,0,0, Couto Pereira,D
5367,2016,Brasileirão Série A,1,2016-05-14,BRA033,BRA003,4,0,Allianz Parque,H
5368,2016,Brasileirão Série A,1,2016-05-14,BRA021,BRA043,1,0,Estádio Municipal General Raulino de Oliveira,H
5369,2016,Brasileirão Série A,1,2016-05-14,BRA005,BRA040,1,0,Estádio Raimundo Sampaio,H
5370,2016,Brasileirão Série A,1,2016-05-14,BRA016,BRA018,1,0, Couto Pereira,H
5371,2016,Brasileirão Série A,1,2016-05-15,BRA038,BRA045,4,1,Estádio do Arruda,H
5372,2016,Brasileirão Série A,1,2016-05-15,BRA009,BRA042,0,1,Estádio Municipal General Raulino de Oliveira,A
5373,2016,Brasileirão Série A,1,2016-05-15,BRA020,BRA036,0,0, Orlando Scarpelli,D
5374,2016,Brasileirão Série A,1,2016-05-15,BRA015,BRA025,0,0,Neo Química Arena,D
5375,2016,Brasileirão Série A,1,2016-05-15,BRA001,BRA022,0,1,Estádio Raimundo Sampaio,A
5376,2016,Brasileirão Série A,1,2016-05-15,BRA028,BRA014,0,0,Estádio José Pinheiro Borda,D
5377,2016,Brasileirão Série A,2,2016-05-21,BRA036,BRA033,2,1, Moisés Lucarelli,H
5378,2016,Brasileirão Série A,2,2016-05-21,BRA022,BRA038,2,2,Estádio Municipal General Raulino de Oliveira,D
5379,2016,Brasileirão Série A,2,2016-05-21,BRA018,BRA020,2,2, Mineirão,D
5380,2016,Brasileirão Série A,2,2016-05-22,BRA040,BRA016,2,1,Estádio Urbano Caldeira,H
5381,2016,Brasileirão Série A,2,2016-05-22,BRA003,BRA005,1,1,Estádio Joaquim Américo Guimarães,D
5382,2016,Brasileirão Série A,2,2016-05-22,BRA045,BRA015,3,2, Barradão,H
5383,2016,Brasileirão Série A,2,2016-05-22,BRA014,BRA001,3,1,Arena Condá,H
5384,2016,Brasileirão Série A,2,2016-05-22,BRA042,BRA028,1,2, Morumbi,A
5385,2016,Brasileirão Série A,2,2016-05-22,BRA025,BRA021,1,0,Arena do Grêmio,H
5386,2016,Brasileirão Série A,2,2016-05-22,BRA043,BRA009,1,1,Adelmar da Costa Carvalho,D
5387,2016,Brasileirão Série A,3,2016-05-25,BRA020,BRA040,2,2, Orlando Scarpelli,D
5388,2016,Brasileirão Série A,3,2016-05-25,BRA009,BRA003,2,1,Helenão,H
5389,2016,Brasileirão Série A,3,2016-05-25,BRA021,BRA014,2,2,Estádio Municipal General Raulino de Oliveira,D
5390,2016,Brasileirão Série A,3,2016-05-25,BRA001,BRA045,1,1,Estádio Raimundo Sampaio,D
5391,2016,Brasileirão Série A,3,2016-05-25,BRA038,BRA018,4,1,Estádio do Arruda,H
5392,2016,Brasileirão Série A,3,2016-05-25,BRA033,BRA022,2,0,Allianz Parque,H
5393,2016,Brasileirão Série A,3,2016-05-25,BRA016,BRA042,1,1, Couto Pereira,D
5394,2016,Brasileirão Série A,3,2016-05-26,BRA015,BRA036,3,0,Neo Química Arena,H
5395,2016,Brasileirão Série A,3,2016-05-26,BRA028,BRA043,1,0,Estádio José Pinheiro Borda,H
5396,2016,Brasileirão Série A,3,2016-05-26,BRA005,BRA025,0,3,Estádio Raimundo Sampaio,A
5397,2016,Brasileirão Série A,4,2016-05-28,BRA018,BRA001,1,1, Mineirão,D
5398,2016,Brasileirão Série A,4,2016-05-28,BRA003,BRA020,2,1,Estádio Joaquim Américo Guimarães,H
5399,2016,Brasileirão Série A,4,2016-05-28,BRA014,BRA038,1,1,Arena Condá,D
5400,2016,Brasileirão Série A,4,2016-05-29,BRA036,BRA021,1,2, Moisés Lucarelli,A
5401,2016,Brasileirão Série A,4,2016-05-29,BRA043,BRA015,0,2,Adelmar da Costa Carvalho,A
5402,2016,Brasileirão Série A,4,2016-05-29,BRA022,BRA009,1,0,Estádio Municipal General Raulino de Oliveira,H
5403,2016,Brasileirão Série A,4,2016-05-29,BRA045,BRA005,1,1,Itaipava Arena Fonte Nova,D
5404,2016,Brasileirão Série A,4,2016-05-29,BRA042,BRA033,1,0, Morumbi,H
5405,2016,Brasileirão Série A,4,2016-05-29,BRA025,BRA016,2,0,Arena do Grêmio,H
5406,2016,Brasileirão Série A,4,2016-05-29,BRA040,BRA028,0,1,Estádio Urbano Caldeira,A
5407,2016,Brasileirão Série A,5,2016-06-01,BRA028,BRA003,1,0,Estádio José Pinheiro Borda,H
5408,2016,Brasileirão Série A,5,2016-06-01,BRA015,BRA040,1,0,Neo Química Arena,H
5409,2016,Brasileirão Série A,5,2016-06-01,BRA038,BRA043,0,1,Estádio do Arruda,A
5410,2016,Brasileirão Série A,5,2016-06-01,BRA016,BRA014,3,4,Vila Capanema,A
5411,2016,Brasileirão Série A,5,2016-06-01,BRA005,BRA022,1,1,Estádio Raimundo Sampaio,D
5412,2016,Brasileirão Série A,5,2016-06-01,BRA020,BRA042,1,0, Orlando Scarpelli,H
5413,2016,Brasileirão Série A,5,2016-06-01,BRA009,BRA018,0,1,Estádio Nacional de Brasília,A
5414,2016,Brasileirão Série A,5,2016-06-02,BRA001,BRA036,1,2,Estádio Raimundo Sampaio,A
5415,2016,Brasileirão Série A,5,2016-06-02,BRA033,BRA025,4,3,Estádio Municipal Paulo Machado de Carvalho,H
5416,2016,Brasileirão Série A,5,2016-06-02,BRA021,BRA045,1,0,Estádio Municipal General Raulino de Oliveira,H
5417,2016,Brasileirão Série A,6,2016-06-04,BRA003,BRA038,1,0,Estádio Joaquim Américo Guimarães,H
5418,2016,Brasileirão Série A,6,2016-06-04,BRA014,BRA022,0,0,Arena Condá,D
5419,2016,Brasileirão Série A,6,2016-06-04,BRA015,BRA016,2,1,Neo Química Arena,H
5420,2016,Brasileirão Série A,6,2016-06-05,BRA001,BRA020,1,0,Estádio Raimundo Sampaio,H
5421,2016,Brasileirão Série A,6,2016-06-05,BRA040,BRA009,3,0,Estádio Municipal Paulo Machado de Carvalho,H
5422,2016,Brasileirão Série A,6,2016-06-05,BRA045,BRA028,1,0, Barradão,H
5423,2016,Brasileirão Série A,6,2016-06-05,BRA043,BRA005,4,4,Adelmar da Costa Carvalho,D
5424,2016,Brasileirão Série A,6,2016-06-05,BRA021,BRA033,1,2,Estádio Nacional de Brasília,A
5425,2016,Brasileirão Série A,6,2016-06-05,BRA025,BRA036,1,0,Arena do Grêmio,H
5426,2016,Brasileirão Série A,6,2016-06-05,BRA018,BRA042,0,1, Mineirão,A
5427,2016,Brasileirão Série A,7,2016-06-11,BRA028,BRA001,3,1,Estádio José Pinheiro Borda,H
5428,2016,Brasileirão Série A,7,2016-06-11,BRA036,BRA014,2,1, Moisés Lucarelli,H
5429,2016,Brasileirão Série A,7,2016-06-11,BRA022,BRA025,1,1,Estádio Municipal General Raulino de Oliveira,D
5430,2016,Brasileirão Série A,7,2016-06-11,BRA042,BRA003,1,2, Morumbi,A
5431,2016,Brasileirão Série A,7,2016-06-12,BRA016,BRA043,3,2, Couto Pereira,H
5432,2016,Brasileirão Série A,7,2016-06-12,BRA009,BRA045,1,1,Estádio Municipal General Raulino de Oliveira,D
5433,2016,Brasileirão Série A,7,2016-06-12,BRA005,BRA018,2,3,Estádio Raimundo Sampaio,A
5434,2016,Brasileirão Série A,7,2016-06-12,BRA033,BRA015,1,0,Allianz Parque,H
5435,2016,Brasileirão Série A,7,2016-06-12,BRA020,BRA021,1,0, Orlando Scarpelli,H
5436,2016,Brasileirão Série A,7,2016-06-12,BRA038,BRA040,0,2,Estádio do Arruda,A
5437,2016,Brasileirão Série A,8,2016-06-15,BRA042,BRA045,2,0, Morumbi,H
5438,2016,Brasileirão Série A,8,2016-06-15,BRA014,BRA025,3,3,Arena Condá,D
5439,2016,Brasileirão Série A,8,2016-06-15,BRA036,BRA003,3,2, Moisés Lucarelli,H
5440,2016,Brasileirão Série A,8,2016-06-15,BRA040,BRA043,2,0,Estádio Urbano Caldeira,H
5441,2016,Brasileirão Série A,8,2016-06-15,BRA038,BRA020,1,0,Estádio do Arruda,H
5442,2016,Brasileirão Série A,8,2016-06-15,BRA009,BRA001,3,1,Estádio Municipal General Raulino de Oliveira,H
5443,2016,Brasileirão Série A,8,2016-06-15,BRA016,BRA033,2,2, Couto Pereira,D
5444,2016,Brasileirão Série A,8,2016-06-15,BRA018,BRA021,0,1, Mineirão,A
5445,2016,Brasileirão Série A,8,2016-06-16,BRA028,BRA005,2,0,Estádio José Pinheiro Borda,H
5446,2016,Brasileirão Série A,8,2016-06-16,BRA022,BRA015,1,0,Estádio Nacional de Brasília,H
5447,2016,Brasileirão Série A,9,2016-06-18,BRA033,BRA038,3,1,Allianz Parque,H
5448,2016,Brasileirão Série A,9,2016-06-18,BRA003,BRA040,1,0,Estádio Joaquim Américo Guimarães,H
5449,2016,Brasileirão Série A,9,2016-06-18,BRA001,BRA016,2,1,Estádio Raimundo Sampaio,H
5450,2016,Brasileirão Série A,9,2016-06-19,BRA045,BRA014,1,2, Barradão,A
5451,2016,Brasileirão Série A,9,2016-06-19,BRA005,BRA036,3,0,Estádio Raimundo Sampaio,H
5452,2016,Brasileirão Série A,9,2016-06-19,BRA015,BRA009,3,1,Neo Química Arena,H
5453,2016,Brasileirão Série A,9,2016-06-19,BRA021,BRA042,2,2,Estádio Nacional de Brasília,D
5454,2016,Brasileirão Série A,9,2016-06-19,BRA020,BRA028,3,2, Orlando Scarpelli,H
5455,2016,Brasileirão Série A,9,2016-06-19,BRA043,BRA022,2,1,Adelmar da Costa Carvalho,H
5456,2016,Brasileirão Série A,9,2016-06-19,BRA025,BRA018,2,0,Arena do Grêmio,H
5457,2016,Brasileirão Série A,10,2016-06-21,BRA033,BRA001,2,0,Allianz Parque,H
5458,2016,Brasileirão Série A,10,2016-06-22,BRA036,BRA018,0,4, Moisés Lucarelli,A
5459,2016,Brasileirão Série A,10,2016-06-22,BRA009,BRA020,0,0,Helenão,D
5460,2016,Brasileirão Série A,10,2016-06-22,BRA038,BRA021,0,1,Estádio do Arruda,A
5461,2016,Brasileirão Série A,10,2016-06-22,BRA022,BRA040,2,4,Kléber Andrade,A
5462,2016,Brasileirão Série A,10,2016-06-22,BRA005,BRA015,2,1, Mineirão,H
5463,2016,Brasileirão Série A,10,2016-06-23,BRA014,BRA003,0,0,Arena Condá,D
5464,2016,Brasileirão Série A,10,2016-06-23,BRA025,BRA045,1,2,Arena do Grêmio,A
5465,2016,Brasileirão Série A,10,2016-06-23,BRA042,BRA043,0,0, Morumbi,D
5466,2016,Brasileirão Série A,10,2016-06-23,BRA016,BRA028,1,1, Couto Pereira,D
5467,2016,Brasileirão Série A,11,2016-06-25,BRA018,BRA033,2,1, Mineirão,H
5468,2016,Brasileirão Série A,11,2016-06-25,BRA015,BRA038,2,1,Neo Química Arena,H
5469,2016,Brasileirão Série A,11,2016-06-26,BRA001,BRA005,0,1,Estádio Raimundo Sampaio,A
5470,2016,Brasileirão Série A,11,2016-06-26,BRA021,BRA022,1,2,Arena das Dunas,A
5471,2016,Brasileirão Série A,11,2016-06-26,BRA045,BRA036,1,1, Barradão,D
5472,2016,Brasileirão Série A,11,2016-06-26,BRA003,BRA025,2,0,Estádio Joaquim Américo Guimarães,H
5473,2016,Brasileirão Série A,11,2016-06-26,BRA028,BRA009,2,3,Estádio José Pinheiro Borda,A
5474,2016,Brasileirão Série A,11,2016-06-26,BRA040,BRA042,3,0,Estádio Municipal Paulo Machado de Carvalho,H
5475,2016,Brasileirão Série A,11,2016-06-26,BRA043,BRA014,5,1,Adelmar da Costa Carvalho,H
5476,2016,Brasileirão Série A,11,2016-06-26,BRA020,BRA016,0,0, Orlando Scarpelli,D
5477,2016,Brasileirão Série A,12,2016-06-29,BRA021,BRA028,1,0,Kléber Andrade,H
5478,2016,Brasileirão Série A,12,2016-06-29,BRA045,BRA043,3,2, Barradão,H
5479,2016,Brasileirão Série A,12,2016-06-29,BRA025,BRA040,3,2,Arena do Grêmio,H
5480,2016,Brasileirão Série A,12,2016-06-29,BRA016,BRA003,1,0, Couto Pereira,H
5481,2016,Brasileirão Série A,12,2016-06-29,BRA014,BRA018,3,2,Arena Condá,H
5482,2016,Brasileirão Série A,12,2016-06-29,BRA042,BRA022,2,1, Morumbi,H
5483,2016,Brasileirão Série A,12,2016-06-29,BRA001,BRA015,0,2,Estádio Raimundo Sampaio,A
5484,2016,Brasileirão Série A,12,2016-06-30,BRA038,BRA036,0,3,Estádio do Arruda,A
5485,2016,Brasileirão Série A,12,2016-06-30,BRA033,BRA020,4,0,Allianz Parque,H
5486,2016,Brasileirão Série A,12,2016-06-30,BRA005,BRA009,5,3, Mineirão,H
5487,2016,Brasileirão Série A,13,2016-07-02,BRA022,BRA016,0,0,Estádio Municipal General Raulino de Oliveira,D
5488,2016,Brasileirão Série A,13,2016-07-02,BRA003,BRA001,1,0,Estádio Joaquim Américo Guimarães,H
5489,2016,Brasileirão Série A,13,2016-07-03,BRA018,BRA045,2,2, Mineirão,D
5490,2016,Brasileirão Série A,13,2016-07-03,BRA028,BRA025,0,1,Estádio José Pinheiro Borda,A
5491,2016,Brasileirão Série A,13,2016-07-03,BRA040,BRA014,3,0,Estádio Urbano Caldeira,H
5492,2016,Brasileirão Série A,13,2016-07-03,BRA036,BRA042,1,0, Moisés Lucarelli,H
5493,2016,Brasileirão Série A,13,2016-07-03,BRA015,BRA021,4,0,Neo Química Arena,H
5494,2016,Brasileirão Série A,13,2016-07-03,BRA009,BRA038,2,1,Helenão,H
5495,2016,Brasileirão Série A,13,2016-07-03,BRA020,BRA005,1,1, Orlando Scarpelli,D
5496,2016,Brasileirão Série A,13,2016-07-04,BRA043,BRA033,1,3,Adelmar da Costa Carvalho,A
5497,2016,Brasileirão Série A,14,2016-07-09,BRA014,BRA015,0,2,Arena Condá,A
5498,2016,Brasileirão Série A,14,2016-07-09,BRA016,BRA009,0,0, Couto Pereira,D
5499,2016,Brasileirão Série A,14,2016-07-09,BRA036,BRA043,2,1, Moisés Lucarelli,H
5500,2016,Brasileirão Série A,14,2016-07-10,BRA025,BRA020,2,1,Arena do Grêmio,H
5501,2016,Brasileirão Série A,14,2016-07-10,BRA021,BRA005,2,0,Estádio Nacional de Brasília,H
5502,2016,Brasileirão Série A,14,2016-07-10,BRA038,BRA028,1,0,Estádio do Arruda,H
5503,2016,Brasileirão Série A,14,2016-07-10,BRA042,BRA001,3,0, Morumbi,H
5504,2016,Brasileirão Série A,14,2016-07-10,BRA045,BRA022,0,0, Barradão,D
5505,2016,Brasileirão Série A,14,2016-07-11,BRA018,BRA003,0,3, Mineirão,A
5506,2016,Brasileirão Série A,14,2016-07-12,BRA033,BRA040,1,1,Allianz Parque,D
5507,2016,Brasileirão Série A,15,2016-07-16,BRA009,BRA021,3,3,Luso-Brasileiro,D
5508,2016,Brasileirão Série A,15,2016-07-16,BRA040,BRA036,3,1,Estádio Urbano Caldeira,H
5509,2016,Brasileirão Série A,15,2016-07-17,BRA001,BRA038,0,3,Estádio Raimundo Sampaio,A
5510,2016,Brasileirão Série A,15,2016-07-17,BRA028,BRA033,0,1,Estádio José Pinheiro Borda,A
5511,2016,Brasileirão Série A,15,2016-07-17,BRA020,BRA014,1,1, Orlando Scarpelli,D
5512,2016,Brasileirão Série A,15,2016-07-17,BRA022,BRA018,2,0,Estádio Giulite Coutinho,H
5513,2016,Brasileirão Série A,15,2016-07-17,BRA003,BRA045,1,1,Estádio Joaquim Américo Guimarães,D
5514,2016,Brasileirão Série A,15,2016-07-17,BRA015,BRA042,1,1,Neo Química Arena,D
5515,2016,Brasileirão Série A,15,2016-07-17,BRA043,BRA025,4,2,Adelmar da Costa Carvalho,H
5516,2016,Brasileirão Série A,15,2016-07-18,BRA005,BRA016,2,1,Estádio Raimundo Sampaio,H
5517,2016,Brasileirão Série A,16,2016-07-23,BRA015,BRA020,1,1,Neo Química Arena,D
5518,2016,Brasileirão Série A,16,2016-07-23,BRA038,BRA016,0,1,Estádio do Arruda,A
5519,2016,Brasileirão Série A,16,2016-07-24,BRA033,BRA005,0,1,Allianz Parque,A
5520,2016,Brasileirão Série A,16,2016-07-24,BRA036,BRA028,2,2, Moisés Lucarelli,D
5521,2016,Brasileirão Série A,16,2016-07-24,BRA025,BRA042,1,0,Arena do Grêmio,H
5522,2016,Brasileirão Série A,16,2016-07-24,BRA003,BRA022,1,0,Estádio Joaquim Américo Guimarães,H
5523,2016,Brasileirão Série A,16,2016-07-24,BRA018,BRA043,1,2, Mineirão,A
5524,2016,Brasileirão Série A,16,2016-07-24,BRA014,BRA009,2,1,Arena Condá,H
5525,2016,Brasileirão Série A,16,2016-07-24,BRA045,BRA040,2,3, Barradão,A
5526,2016,Brasileirão Série A,16,2016-07-25,BRA021,BRA001,2,1,Kléber Andrade,H
5527,2016,Brasileirão Série A,17,2016-07-30,BRA020,BRA045,1,0, Orlando Scarpelli,H
5528,2016,Brasileirão Série A,17,2016-07-30,BRA043,BRA003,2,0,Adelmar da Costa Carvalho,H
5529,2016,Brasileirão Série A,17,2016-07-30,BRA005,BRA038,3,0,Estádio Raimundo Sampaio,H
5530,2016,Brasileirão Série A,17,2016-07-31,BRA042,BRA014,2,2, Morumbi,D
5531,2016,Brasileirão Série A,17,2016-07-31,BRA022,BRA036,3,0,Estádio Giulite Coutinho,H
5532,2016,Brasileirão Série A,17,2016-07-31,BRA016,BRA021,0,2, Couto Pereira,A
5533,2016,Brasileirão Série A,17,2016-07-31,BRA028,BRA015,0,1,Estádio José Pinheiro Borda,A
5534,2016,Brasileirão Série A,17,2016-07-31,BRA040,BRA018,2,0,Estádio Urbano Caldeira,H
5535,2016,Brasileirão Série A,17,2016-07-31,BRA009,BRA033,3,1,Luso-Brasileiro,H
5536,2016,Brasileirão Série A,17,2016-07-31,BRA001,BRA025,0,0,Estádio Raimundo Sampaio,D
5537,2016,Brasileirão Série A,18,2016-08-03,BRA045,BRA016,3,1,Estádio Alberto Oliveira,H
5538,2016,Brasileirão Série A,18,2016-08-03,BRA043,BRA001,1,1,Adelmar da Costa Carvalho,D
5539,2016,Brasileirão Série A,18,2016-08-03,BRA040,BRA021,0,0,Arena Pantanal,D
5540,2016,Brasileirão Série A,18,2016-08-03,BRA003,BRA015,2,0,Estádio Joaquim Américo Guimarães,H
5541,2016,Brasileirão Série A,18,2016-08-04,BRA036,BRA009,2,0, Moisés Lucarelli,H
5542,2016,Brasileirão Série A,18,2016-08-04,BRA025,BRA038,0,0,Arena do Grêmio,D
5543,2016,Brasileirão Série A,18,2016-08-04,BRA042,BRA005,1,2, Morumbi,A
5544,2016,Brasileirão Série A,18,2016-08-04,BRA018,BRA028,4,2,Estádio Raimundo Sampaio,H
5545,2016,Brasileirão Série A,18,2016-08-04,BRA014,BRA033,1,1,Arena Condá,D
5547,2016,Brasileirão Série A,19,2016-08-06,BRA021,BRA003,1,0,Kléber Andrade,H
5548,2016,Brasileirão Série A,19,2016-08-07,BRA001,BRA040,1,0,Estádio Raimundo Sampaio,H
5549,2016,Brasileirão Série A,19,2016-08-07,BRA016,BRA036,3,1, Couto Pereira,H
5550,2016,Brasileirão Série A,19,2016-08-07,BRA033,BRA045,2,1,Allianz Parque,H
5551,2016,Brasileirão Série A,19,2016-08-07,BRA038,BRA042,1,2,Estádio do Arruda,A
5552,2016,Brasileirão Série A,19,2016-08-07,BRA028,BRA022,2,2,Estádio José Pinheiro Borda,D
5553,2016,Brasileirão Série A,19,2016-08-07,BRA020,BRA043,1,1, Orlando Scarpelli,D
5554,2016,Brasileirão Série A,19,2016-08-08,BRA005,BRA014,3,1,Estádio Raimundo Sampaio,H
5555,2016,Brasileirão Série A,19,2016-08-08,BRA015,BRA018,1,1,Estádio Municipal Paulo Machado de Carvalho,D
5557,2016,Brasileirão Série A,20,2016-08-13,BRA043,BRA021,1,0,Arena de Pernambuco,H
5558,2016,Brasileirão Série A,20,2016-08-13,BRA036,BRA020,2,0, Moisés Lucarelli,H
5559,2016,Brasileirão Série A,20,2016-08-14,BRA022,BRA001,1,0,Kléber Andrade,H
5560,2016,Brasileirão Série A,20,2016-08-14,BRA025,BRA015,3,0,Arena do Grêmio,H
5561,2016,Brasileirão Série A,20,2016-08-14,BRA018,BRA016,2,2,Estádio Raimundo Sampaio,D
5562,2016,Brasileirão Série A,20,2016-08-14,BRA040,BRA005,3,0,Estádio Urbano Caldeira,H
5563,2016,Brasileirão Série A,20,2016-08-14,BRA045,BRA038,2,2, Barradão,D
5564,2016,Brasileirão Série A,20,2016-08-14,BRA042,BRA009,0,1, Morumbi,A
5565,2016,Brasileirão Série A,20,2016-08-14,BRA003,BRA033,0,1,Estádio Joaquim Américo Guimarães,A
5566,2016,Brasileirão Série A,20,2016-08-15,BRA014,BRA028,1,0,Arena Condá,H
5567,2016,Brasileirão Série A,21,2016-08-19,BRA001,BRA014,1,2,Estádio Raimundo Sampaio,A
5568,2016,Brasileirão Série A,21,2016-08-20,BRA009,BRA043,3,0,Helenão,H
5569,2016,Brasileirão Série A,21,2016-08-21,BRA021,BRA025,2,1,Estádio Nacional de Brasília,H
5570,2016,Brasileirão Série A,21,2016-08-21,BRA005,BRA003,1,0,Estádio Raimundo Sampaio,H
5571,2016,Brasileirão Série A,21,2016-08-21,BRA028,BRA042,1,1,Estádio José Pinheiro Borda,D
5572,2016,Brasileirão Série A,21,2016-08-21,BRA038,BRA022,0,1,Estádio do Arruda,A
5573,2016,Brasileirão Série A,21,2016-08-21,BRA033,BRA036,2,2,Allianz Parque,D
5574,2016,Brasileirão Série A,21,2016-08-21,BRA016,BRA040,2,1, Couto Pereira,H
5575,2016,Brasileirão Série A,21,2016-08-21,BRA020,BRA018,1,2, Orlando Scarpelli,A
5576,2016,Brasileirão Série A,21,2016-08-22,BRA015,BRA045,2,1,Neo Química Arena,H
5577,2016,Brasileirão Série A,22,2016-08-27,BRA036,BRA015,2,0, Moisés Lucarelli,H
5578,2016,Brasileirão Série A,22,2016-08-28,BRA018,BRA038,2,0, Mineirão,H
5579,2016,Brasileirão Série A,22,2016-08-28,BRA040,BRA020,0,1,Estádio Urbano Caldeira,A
5580,2016,Brasileirão Série A,22,2016-08-28,BRA025,BRA005,1,1,Arena do Grêmio,D
5581,2016,Brasileirão Série A,22,2016-08-28,BRA022,BRA033,0,2,Estádio Nacional de Brasília,A
5582,2016,Brasileirão Série A,22,2016-08-28,BRA014,BRA021,1,3,Arena Condá,A
5583,2016,Brasileirão Série A,22,2016-08-28,BRA042,BRA016,0,0, Morumbi,D
5584,2016,Brasileirão Série A,22,2016-08-28,BRA043,BRA028,1,1,Arena de Pernambuco,D
5585,2016,Brasileirão Série A,22,2016-08-28,BRA045,BRA001,2,1,Itaipava Arena Fonte Nova,H
5586,2016,Brasileirão Série A,22,2016-08-29,BRA003,BRA009,1,0,Estádio Joaquim Américo Guimarães,H
5546,2016,Brasileirão Série A,18,2016-09-03,BRA022,BRA020,3,2,Estádio Giulite Coutinho,H
5556,2016,Brasileirão Série A,19,2016-09-04,BRA009,BRA025,2,1,Luso-Brasileiro,H
5587,2016,Brasileirão Série A,23,2016-09-07,BRA038,BRA014,2,2,Arena de Pernambuco,D
5588,2016,Brasileirão Série A,23,2016-09-07,BRA020,BRA003,1,0, Orlando Scarpelli,H
5589,2016,Brasileirão Série A,23,2016-09-07,BRA009,BRA022,1,0,Luso-Brasileiro,H
5590,2016,Brasileirão Série A,23,2016-09-07,BRA005,BRA045,2,1,Estádio Raimundo Sampaio,H
5591,2016,Brasileirão Série A,23,2016-09-07,BRA033,BRA042,2,1,Allianz Parque,H
5592,2016,Brasileirão Série A,23,2016-09-07,BRA021,BRA036,2,1,Kléber Andrade,H
5593,2016,Brasileirão Série A,23,2016-09-07,BRA016,BRA025,4,0, Couto Pereira,H
5594,2016,Brasileirão Série A,23,2016-09-08,BRA015,BRA043,3,0,Neo Química Arena,H
5595,2016,Brasileirão Série A,23,2016-09-08,BRA001,BRA018,0,2,Estádio Raimundo Sampaio,A
5596,2016,Brasileirão Série A,23,2016-09-08,BRA028,BRA040,2,1,Estádio José Pinheiro Borda,H
5597,2016,Brasileirão Série A,24,2016-09-10,BRA045,BRA021,1,2, Barradão,A
5598,2016,Brasileirão Série A,24,2016-09-11,BRA014,BRA016,1,0,Arena Condá,H
5599,2016,Brasileirão Série A,24,2016-09-11,BRA042,BRA020,3,1, Morumbi,H
5600,2016,Brasileirão Série A,24,2016-09-11,BRA018,BRA009,0,2, Mineirão,A
5601,2016,Brasileirão Série A,24,2016-09-11,BRA043,BRA038,5,3,Adelmar da Costa Carvalho,H
5602,2016,Brasileirão Série A,24,2016-09-11,BRA003,BRA028,2,1,Estádio Joaquim Américo Guimarães,H
5603,2016,Brasileirão Série A,24,2016-09-11,BRA040,BRA015,2,1,Estádio Urbano Caldeira,H
5604,2016,Brasileirão Série A,24,2016-09-11,BRA036,BRA001,1,1, Moisés Lucarelli,D
5605,2016,Brasileirão Série A,24,2016-09-11,BRA025,BRA033,0,0,Arena do Grêmio,D
5606,2016,Brasileirão Série A,24,2016-09-12,BRA022,BRA005,4,2,Estádio Giulite Coutinho,H
5607,2016,Brasileirão Série A,25,2016-09-14,BRA009,BRA040,0,1,Luso-Brasileiro,A
5608,2016,Brasileirão Série A,25,2016-09-14,BRA020,BRA001,2,2, Orlando Scarpelli,D
5609,2016,Brasileirão Série A,25,2016-09-14,BRA036,BRA025,3,0, Moisés Lucarelli,H
5610,2016,Brasileirão Série A,25,2016-09-14,BRA038,BRA003,1,0,Estádio do Arruda,H
5611,2016,Brasileirão Série A,25,2016-09-14,BRA016,BRA015,1,1, Couto Pereira,D
5612,2016,Brasileirão Série A,25,2016-09-14,BRA033,BRA021,1,1,Allianz Parque,D
5613,2016,Brasileirão Série A,25,2016-09-15,BRA005,BRA043,1,0,Estádio Raimundo Sampaio,H
5614,2016,Brasileirão Série A,25,2016-09-15,BRA022,BRA014,1,2,Estádio Giulite Coutinho,A
5615,2016,Brasileirão Série A,25,2016-09-15,BRA042,BRA018,1,0, Morumbi,H
5616,2016,Brasileirão Série A,25,2016-09-15,BRA028,BRA045,0,1,Estádio José Pinheiro Borda,A
5617,2016,Brasileirão Série A,26,2016-09-17,BRA015,BRA033,0,2,Neo Química Arena,A
5618,2016,Brasileirão Série A,26,2016-09-18,BRA021,BRA020,2,0,Estádio Municipal Paulo Machado de Carvalho,H
5619,2016,Brasileirão Série A,26,2016-09-18,BRA018,BRA005,1,1, Mineirão,D
5620,2016,Brasileirão Série A,26,2016-09-18,BRA043,BRA016,0,1,Adelmar da Costa Carvalho,A
5621,2016,Brasileirão Série A,26,2016-09-18,BRA025,BRA022,0,1,Arena do Grêmio,A
5622,2016,Brasileirão Série A,26,2016-09-18,BRA014,BRA036,2,2,Arena Condá,D
5623,2016,Brasileirão Série A,26,2016-09-18,BRA003,BRA042,1,0,Estádio Joaquim Américo Guimarães,H
5624,2016,Brasileirão Série A,26,2016-09-18,BRA040,BRA038,3,2,Estádio Municipal Paulo Machado de Carvalho,H
5625,2016,Brasileirão Série A,26,2016-09-18,BRA045,BRA009,0,1, Barradão,A
5626,2016,Brasileirão Série A,26,2016-09-19,BRA001,BRA028,1,0,Estádio Raimundo Sampaio,H
5627,2016,Brasileirão Série A,27,2016-09-24,BRA033,BRA016,2,1,Allianz Parque,H
5628,2016,Brasileirão Série A,27,2016-09-24,BRA043,BRA040,1,0,Adelmar da Costa Carvalho,H
5629,2016,Brasileirão Série A,27,2016-09-24,BRA001,BRA009,1,0,Estádio Raimundo Sampaio,H
5630,2016,Brasileirão Série A,27,2016-09-25,BRA003,BRA036,3,0,Estádio Joaquim Américo Guimarães,H
5631,2016,Brasileirão Série A,27,2016-09-25,BRA020,BRA038,3,1, Orlando Scarpelli,H
5632,2016,Brasileirão Série A,27,2016-09-25,BRA045,BRA042,2,0, Barradão,H
5633,2016,Brasileirão Série A,27,2016-09-25,BRA015,BRA022,0,1,Neo Química Arena,A
5634,2016,Brasileirão Série A,27,2016-09-25,BRA021,BRA018,2,1,Kléber Andrade,H
5635,2016,Brasileirão Série A,27,2016-09-25,BRA025,BRA014,1,0,Arena do Grêmio,H
5636,2016,Brasileirão Série A,27,2016-09-25,BRA005,BRA028,3,1,Estádio Raimundo Sampaio,H
5637,2016,Brasileirão Série A,28,2016-10-01,BRA022,BRA043,3,1,Estádio Giulite Coutinho,H
5638,2016,Brasileirão Série A,28,2016-10-01,BRA042,BRA021,0,0, Morumbi,D
5639,2016,Brasileirão Série A,28,2016-10-01,BRA014,BRA045,1,4,Arena Condá,A
5640,2016,Brasileirão Série A,28,2016-10-01,BRA040,BRA003,2,0,Estádio Urbano Caldeira,H
5641,2016,Brasileirão Série A,28,2016-10-01,BRA009,BRA015,2,0,Luso-Brasileiro,H
5642,2016,Brasileirão Série A,28,2016-10-01,BRA036,BRA005,1,2, Moisés Lucarelli,A
5643,2016,Brasileirão Série A,28,2016-10-01,BRA018,BRA025,1,0, Mineirão,H
5644,2016,Brasileirão Série A,28,2016-10-01,BRA028,BRA020,1,0,Estádio José Pinheiro Borda,H
5645,2016,Brasileirão Série A,28,2016-10-03,BRA038,BRA033,2,3,Estádio do Arruda,A
5646,2016,Brasileirão Série A,28,2016-10-03,BRA016,BRA001,3,0, Couto Pereira,H
5647,2016,Brasileirão Série A,29,2016-10-05,BRA003,BRA014,3,1,Estádio Joaquim Américo Guimarães,H
5648,2016,Brasileirão Série A,29,2016-10-05,BRA045,BRA025,0,1,Itaipava Arena Fonte Nova,A
5649,2016,Brasileirão Série A,29,2016-10-05,BRA015,BRA005,0,0,Neo Química Arena,D
5650,2016,Brasileirão Série A,29,2016-10-05,BRA040,BRA022,2,1,Estádio Urbano Caldeira,H
5651,2016,Brasileirão Série A,29,2016-10-05,BRA043,BRA042,1,1,Adelmar da Costa Carvalho,D
5652,2016,Brasileirão Série A,29,2016-10-06,BRA028,BRA016,1,0,Estádio José Pinheiro Borda,H
5653,2016,Brasileirão Série A,29,2016-10-08,BRA018,BRA036,2,0, Mineirão,H
5654,2016,Brasileirão Série A,29,2016-10-09,BRA021,BRA038,3,0,Estádio Municipal Paulo Machado de Carvalho,H
5655,2016,Brasileirão Série A,29,2016-10-09,BRA001,BRA033,0,2,  Estádio do Café,A
5656,2016,Brasileirão Série A,29,2016-10-09,BRA020,BRA009,0,1, Orlando Scarpelli,A
5657,2016,Brasileirão Série A,30,2016-10-12,BRA014,BRA043,3,0,Arena Condá,H
5658,2016,Brasileirão Série A,30,2016-10-12,BRA016,BRA020,0,0, Couto Pereira,D
5659,2016,Brasileirão Série A,30,2016-10-12,BRA038,BRA015,2,4,Arena Pantanal,A
5660,2016,Brasileirão Série A,30,2016-10-12,BRA009,BRA028,1,0,Luso-Brasileiro,H
5661,2016,Brasileirão Série A,30,2016-10-13,BRA033,BRA018,0,0,Estádio Doutor Adhemar de Barros,D
5662,2016,Brasileirão Série A,30,2016-10-13,BRA036,BRA045,2,0, Moisés Lucarelli,H
5663,2016,Brasileirão Série A,30,2016-10-13,BRA005,BRA001,3,0, Mineirão,H
5664,2016,Brasileirão Série A,30,2016-10-13,BRA022,BRA021,1,2,Estádio Municipal General Raulino de Oliveira,A
5665,2016,Brasileirão Série A,30,2016-10-13,BRA042,BRA040,0,1,Estádio Municipal Paulo Machado de Carvalho,A
5666,2016,Brasileirão Série A,30,2016-10-13,BRA025,BRA003,1,0,Arena do Grêmio,H
5667,2016,Brasileirão Série A,31,2016-10-16,BRA009,BRA005,3,2,Luso-Brasileiro,H
5668,2016,Brasileirão Série A,31,2016-10-16,BRA018,BRA014,0,0, Mineirão,D
5669,2016,Brasileirão Série A,31,2016-10-16,BRA003,BRA016,2,0,Vila Capanema,H
5670,2016,Brasileirão Série A,31,2016-10-16,BRA028,BRA021,2,1,Estádio José Pinheiro Borda,H
5671,2016,Brasileirão Série A,31,2016-10-16,BRA020,BRA033,1,2, Orlando Scarpelli,A
5672,2016,Brasileirão Série A,31,2016-10-16,BRA015,BRA001,2,0,Neo Química Arena,H
5673,2016,Brasileirão Série A,31,2016-10-16,BRA036,BRA038,3,0, Moisés Lucarelli,H
5674,2016,Brasileirão Série A,31,2016-10-16,BRA040,BRA025,1,1,Estádio Urbano Caldeira,D
5675,2016,Brasileirão Série A,31,2016-10-16,BRA043,BRA045,1,0,Adelmar da Costa Carvalho,H
5676,2016,Brasileirão Série A,31,2016-10-17,BRA022,BRA042,1,2,Estádio Giulite Coutinho,A
5677,2016,Brasileirão Série A,32,2016-10-19,BRA038,BRA009,0,1,Estádio do Arruda,A
5678,2016,Brasileirão Série A,32,2016-10-22,BRA042,BRA036,2,0, Morumbi,H
5679,2016,Brasileirão Série A,32,2016-10-23,BRA021,BRA015,2,2, Maracanã,D
5680,2016,Brasileirão Série A,32,2016-10-23,BRA045,BRA018,0,1, Barradão,A
5681,2016,Brasileirão Série A,32,2016-10-23,BRA033,BRA043,2,1,Allianz Parque,H
5682,2016,Brasileirão Série A,32,2016-10-23,BRA025,BRA028,0,0,Arena do Grêmio,D
5683,2016,Brasileirão Série A,32,2016-10-23,BRA016,BRA022,1,1, Couto Pereira,D
5684,2016,Brasileirão Série A,32,2016-10-23,BRA005,BRA020,3,0,Estádio Raimundo Sampaio,H
5685,2016,Brasileirão Série A,32,2016-10-23,BRA014,BRA040,0,1,Arena Condá,A
5686,2016,Brasileirão Série A,32,2016-10-24,BRA001,BRA003,1,0,Estádio Raimundo Sampaio,H
5687,2016,Brasileirão Série A,33,2016-10-27,BRA043,BRA036,1,0,Adelmar da Costa Carvalho,H
5688,2016,Brasileirão Série A,33,2016-10-28,BRA022,BRA045,2,2, Maracanã,D
5689,2016,Brasileirão Série A,33,2016-10-29,BRA005,BRA021,2,2, Mineirão,D
5690,2016,Brasileirão Série A,33,2016-10-29,BRA003,BRA018,1,0,Estádio Joaquim Américo Guimarães,H
5691,2016,Brasileirão Série A,33,2016-10-29,BRA015,BRA014,1,1,Neo Química Arena,D
5692,2016,Brasileirão Série A,33,2016-10-29,BRA009,BRA016,0,0,Luso-Brasileiro,D
5693,2016,Brasileirão Série A,33,2016-10-29,BRA028,BRA038,1,1,Estádio José Pinheiro Borda,D
5694,2016,Brasileirão Série A,33,2016-10-29,BRA020,BRA025,0,0, Orlando Scarpelli,D
5695,2016,Brasileirão Série A,33,2016-10-29,BRA040,BRA033,1,0,Estádio Urbano Caldeira,H
5696,2016,Brasileirão Série A,33,2016-10-31,BRA001,BRA042,1,0,Estádio Raimundo Sampaio,H
5697,2016,Brasileirão Série A,34,2016-11-05,BRA021,BRA009,0,0, Maracanã,D
5698,2016,Brasileirão Série A,34,2016-11-05,BRA042,BRA015,4,0, Morumbi,H
5699,2016,Brasileirão Série A,34,2016-11-06,BRA036,BRA040,1,2, Moisés Lucarelli,A
5700,2016,Brasileirão Série A,34,2016-11-06,BRA038,BRA001,1,0,Estádio do Arruda,H
5701,2016,Brasileirão Série A,34,2016-11-06,BRA018,BRA022,4,2, Mineirão,H
5702,2016,Brasileirão Série A,34,2016-11-06,BRA033,BRA028,1,0,Allianz Parque,H
5703,2016,Brasileirão Série A,34,2016-11-06,BRA045,BRA003,3,2, Barradão,H
5704,2016,Brasileirão Série A,34,2016-11-06,BRA016,BRA005,2,0, Couto Pereira,H
5705,2016,Brasileirão Série A,34,2016-11-06,BRA014,BRA020,1,0,Arena Condá,H
5706,2016,Brasileirão Série A,34,2016-11-07,BRA025,BRA043,0,3,Arena do Grêmio,A
5707,2016,Brasileirão Série A,35,2016-11-15,BRA022,BRA003,1,1, Maracanã,D
5708,2016,Brasileirão Série A,35,2016-11-16,BRA009,BRA014,0,2,Luso-Brasileiro,A
5709,2016,Brasileirão Série A,35,2016-11-16,BRA016,BRA038,1,0, Couto Pereira,H
5710,2016,Brasileirão Série A,35,2016-11-16,BRA043,BRA018,0,1,Adelmar da Costa Carvalho,A
5711,2016,Brasileirão Série A,35,2016-11-16,BRA001,BRA021,0,1, Mineirão,A
5712,2016,Brasileirão Série A,35,2016-11-16,BRA020,BRA015,1,1, Orlando Scarpelli,D
5713,2016,Brasileirão Série A,35,2016-11-17,BRA040,BRA045,3,2,Estádio Urbano Caldeira,H
5714,2016,Brasileirão Série A,35,2016-11-17,BRA042,BRA025,1,1, Morumbi,D
5715,2016,Brasileirão Série A,35,2016-11-17,BRA028,BRA036,1,1,Estádio José Pinheiro Borda,D
5716,2016,Brasileirão Série A,35,2016-11-17,BRA005,BRA033,1,1,Estádio Raimundo Sampaio,D
5717,2016,Brasileirão Série A,36,2016-11-20,BRA045,BRA020,4,0, Barradão,H
5718,2016,Brasileirão Série A,36,2016-11-20,BRA018,BRA040,2,2, Mineirão,D
5719,2016,Brasileirão Série A,36,2016-11-20,BRA033,BRA009,1,0,Allianz Parque,H
5720,2016,Brasileirão Série A,36,2016-11-20,BRA003,BRA043,2,0,Estádio Joaquim Américo Guimarães,H
5721,2016,Brasileirão Série A,36,2016-11-20,BRA025,BRA001,3,0,Arena do Grêmio,H
5722,2016,Brasileirão Série A,36,2016-11-20,BRA036,BRA022,1,0, Moisés Lucarelli,H
5723,2016,Brasileirão Série A,36,2016-11-20,BRA021,BRA016,2,2, Maracanã,D
5724,2016,Brasileirão Série A,36,2016-11-20,BRA014,BRA042,2,0,Arena Condá,H
5725,2016,Brasileirão Série A,36,2016-11-20,BRA038,BRA005,3,3,Estádio do Arruda,D
5726,2016,Brasileirão Série A,36,2016-11-21,BRA015,BRA028,1,0,Neo Química Arena,H
5727,2016,Brasileirão Série A,37,2016-11-26,BRA001,BRA043,2,2,Estádio Raimundo Sampaio,D
5728,2016,Brasileirão Série A,37,2016-11-26,BRA009,BRA036,1,1,Luso-Brasileiro,D
5729,2016,Brasileirão Série A,37,2016-11-26,BRA015,BRA003,0,0,Neo Química Arena,D
5730,2016,Brasileirão Série A,37,2016-11-27,BRA005,BRA042,1,2,Estádio Raimundo Sampaio,A
5731,2016,Brasileirão Série A,37,2016-11-27,BRA033,BRA014,1,0,Allianz Parque,H
5732,2016,Brasileirão Série A,37,2016-11-27,BRA021,BRA040,2,0, Maracanã,H
5733,2016,Brasileirão Série A,37,2016-11-27,BRA028,BRA018,1,0,Estádio José Pinheiro Borda,H
5734,2016,Brasileirão Série A,37,2016-11-27,BRA020,BRA022,1,0, Orlando Scarpelli,H
5735,2016,Brasileirão Série A,37,2016-11-27,BRA038,BRA025,5,1,Estádio do Arruda,H
5736,2016,Brasileirão Série A,37,2016-11-28,BRA016,BRA045,0,1, Couto Pereira,A
5737,2016,Brasileirão Série A,38,2016-12-11,BRA040,BRA001,1,0,Estádio Urbano Caldeira,H
5738,2016,Brasileirão Série A,38,2016-12-11,BRA022,BRA028,1,1,Estádio Giulite Coutinho,D
5739,2016,Brasileirão Série A,38,2016-12-11,BRA025,BRA009,0,1,Arena do Grêmio,A
5740,2016,Brasileirão Série A,38,2016-12-11,BRA042,BRA038,5,0,Estádio Municipal Paulo Machado de Carvalho,H
5741,2016,Brasileirão Série A,38,2016-12-11,BRA018,BRA015,3,2, Mineirão,H
5742,2016,Brasileirão Série A,38,2016-12-11,BRA043,BRA020,2,0,Adelmar da Costa Carvalho,H
5743,2016,Brasileirão Série A,38,2016-12-11,BRA003,BRA021,0,0,Estádio Joaquim Américo Guimarães,D
5744,2016,Brasileirão Série A,38,2016-12-11,BRA045,BRA033,1,2, Barradão,A
5745,2016,Brasileirão Série A,38,2016-12-11,BRA036,BRA016,2,0, Moisés Lucarelli,H
5746,2017,Brasileirão Série A,1,2017-05-13,BRA021,BRA005,1,1, Maracanã,D
5747,2017,Brasileirão Série A,1,2017-05-13,BRA015,BRA014,1,1,Neo Química Arena,D
5748,2017,Brasileirão Série A,1,2017-05-14,BRA022,BRA040,3,2, Maracanã,H
5749,2017,Brasileirão Série A,1,2017-05-14,BRA018,BRA042,1,0, Mineirão,H
5750,2017,Brasileirão Série A,1,2017-05-14,BRA007,BRA003,6,2,Itaipava Arena Fonte Nova,H
5751,2017,Brasileirão Série A,1,2017-05-14,BRA036,BRA043,4,0, Moisés Lucarelli,H
5752,2017,Brasileirão Série A,1,2017-05-14,BRA006,BRA045,0,0,  Ressacada,D
5753,2017,Brasileirão Série A,1,2017-05-14,BRA033,BRA044,4,0,Allianz Parque,H
5754,2017,Brasileirão Série A,1,2017-05-14,BRA025,BRA009,2,0,Arena do Grêmio,H
5755,2017,Brasileirão Série A,1,2017-05-15,BRA016,BRA004,4,1, Couto Pereira,H
5756,2017,Brasileirão Série A,2,2017-05-20,BRA040,BRA016,1,0,Estádio Urbano Caldeira,H
5757,2017,Brasileirão Série A,2,2017-05-20,BRA004,BRA021,0,3,Estádio do Governo do Estado de Goiás (Serra Dourada),A
5758,2017,Brasileirão Série A,2,2017-05-20,BRA014,BRA033,1,0,Arena Condá,H
5759,2017,Brasileirão Série A,2,2017-05-21,BRA044,BRA007,2,1,Estádio Vasco da Gama,H
5760,2017,Brasileirão Série A,2,2017-05-21,BRA003,BRA025,0,2,Estádio Joaquim Américo Guimarães,A
5761,2017,Brasileirão Série A,2,2017-05-21,BRA045,BRA015,0,1,Itaipava Arena Fonte Nova,A
5762,2017,Brasileirão Série A,2,2017-05-21,BRA005,BRA022,1,2,Estádio Raimundo Sampaio,A
5763,2017,Brasileirão Série A,2,2017-05-21,BRA009,BRA036,2,0,Estádio Nilton Santos,H
5764,2017,Brasileirão Série A,2,2017-05-21,BRA043,BRA018,1,1,Adelmar da Costa Carvalho,D
5765,2017,Brasileirão Série A,2,2017-05-22,BRA042,BRA006,2,0, Morumbi,H
5766,2017,Brasileirão Série A,3,2017-05-27,BRA044,BRA022,3,2,Estádio Vasco da Gama,H
5767,2017,Brasileirão Série A,3,2017-05-27,BRA042,BRA033,2,0, Morumbi,H
5768,2017,Brasileirão Série A,3,2017-05-27,BRA045,BRA016,0,1,Itaipava Arena Fonte Nova,A
5769,2017,Brasileirão Série A,3,2017-05-28,BRA005,BRA036,2,2,Estádio Raimundo Sampaio,D
5770,2017,Brasileirão Série A,3,2017-05-28,BRA003,BRA021,1,1,Estádio Joaquim Américo Guimarães,D
5771,2017,Brasileirão Série A,3,2017-05-28,BRA040,BRA018,0,1,Estádio Urbano Caldeira,A
5772,2017,Brasileirão Série A,3,2017-05-28,BRA004,BRA015,0,1,Estádio do Governo do Estado de Goiás (Serra Dourada),A
5773,2017,Brasileirão Série A,3,2017-05-28,BRA043,BRA025,4,3,Adelmar da Costa Carvalho,H
5774,2017,Brasileirão Série A,3,2017-05-28,BRA009,BRA007,1,0,Estádio Nilton Santos,H
5775,2017,Brasileirão Série A,3,2017-05-29,BRA014,BRA006,2,0,Arena Condá,H
5776,2017,Brasileirão Série A,4,2017-06-03,BRA016,BRA003,1,0, Couto Pereira,H
5777,2017,Brasileirão Série A,4,2017-06-03,BRA022,BRA045,2,1, Maracanã,H
5778,2017,Brasileirão Série A,4,2017-06-03,BRA015,BRA040,2,0,Neo Química Arena,H
5779,2017,Brasileirão Série A,4,2017-06-04,BRA021,BRA009,0,0,Estádio Municipal General Raulino de Oliveira,D
5780,2017,Brasileirão Série A,4,2017-06-04,BRA006,BRA043,1,0,  Ressacada,H
5781,2017,Brasileirão Série A,4,2017-06-04,BRA033,BRA005,0,0,Allianz Parque,D
5782,2017,Brasileirão Série A,4,2017-06-04,BRA036,BRA042,1,0, Moisés Lucarelli,H
5783,2017,Brasileirão Série A,4,2017-06-04,BRA025,BRA044,2,0,Arena do Grêmio,H
5784,2017,Brasileirão Série A,4,2017-06-04,BRA018,BRA014,0,2, Mineirão,A
5785,2017,Brasileirão Série A,4,2017-06-05,BRA007,BRA004,3,0,Itaipava Arena Fonte Nova,H
5786,2017,Brasileirão Série A,5,2017-06-06,BRA022,BRA003,1,1, Maracanã,D
5787,2017,Brasileirão Série A,5,2017-06-07,BRA005,BRA006,1,0,Estádio Raimundo Sampaio,H
5788,2017,Brasileirão Série A,5,2017-06-07,BRA016,BRA033,1,0, Couto Pereira,H
5789,2017,Brasileirão Série A,5,2017-06-07,BRA040,BRA009,1,0,Estádio Municipal Paulo Machado de Carvalho,H
5790,2017,Brasileirão Série A,5,2017-06-07,BRA044,BRA015,2,5,Estádio Vasco da Gama,A
5791,2017,Brasileirão Série A,5,2017-06-07,BRA043,BRA021,2,0,Adelmar da Costa Carvalho,H
5792,2017,Brasileirão Série A,5,2017-06-08,BRA004,BRA036,3,0,Estádio Olímpico Pedro Ludovico Teixeira,H
5793,2017,Brasileirão Série A,5,2017-06-08,BRA042,BRA045,2,0, Morumbi,H
5794,2017,Brasileirão Série A,5,2017-06-08,BRA014,BRA025,3,6,Arena Condá,A
5795,2017,Brasileirão Série A,5,2017-06-08,BRA007,BRA018,1,0,Itaipava Arena Fonte Nova,H
5796,2017,Brasileirão Série A,6,2017-06-10,BRA033,BRA022,3,1,Allianz Parque,H
5797,2017,Brasileirão Série A,6,2017-06-10,BRA044,BRA043,2,1,Estádio Vasco da Gama,H
5798,2017,Brasileirão Série A,6,2017-06-11,BRA009,BRA016,2,2,Estádio Nilton Santos,D
5799,2017,Brasileirão Série A,6,2017-06-11,BRA036,BRA014,3,2, Moisés Lucarelli,H
5800,2017,Brasileirão Série A,6,2017-06-11,BRA006,BRA021,1,1,  Ressacada,D
5801,2017,Brasileirão Série A,6,2017-06-11,BRA045,BRA005,2,0, Barradão,H
5802,2017,Brasileirão Série A,6,2017-06-11,BRA015,BRA042,3,2,Neo Química Arena,H
5803,2017,Brasileirão Série A,6,2017-06-11,BRA018,BRA004,2,0, Mineirão,H
5804,2017,Brasileirão Série A,6,2017-06-11,BRA003,BRA040,0,2,Estádio Joaquim Américo Guimarães,A
5805,2017,Brasileirão Série A,6,2017-06-12,BRA025,BRA007,1,0,Arena do Grêmio,H
5806,2017,Brasileirão Série A,7,2017-06-14,BRA005,BRA003,0,1,Estádio Raimundo Sampaio,A
5807,2017,Brasileirão Série A,7,2017-06-14,BRA004,BRA006,3,1,Estádio Olímpico Pedro Ludovico Teixeira,H
5808,2017,Brasileirão Série A,7,2017-06-14,BRA045,BRA009,2,2, Barradão,D
5809,2017,Brasileirão Série A,7,2017-06-14,BRA043,BRA042,0,0,Adelmar da Costa Carvalho,D
5810,2017,Brasileirão Série A,7,2017-06-14,BRA021,BRA036,2,0,Luso-Brasileiro,H
5811,2017,Brasileirão Série A,7,2017-06-14,BRA040,BRA033,1,0,Estádio Urbano Caldeira,H
5812,2017,Brasileirão Série A,7,2017-06-14,BRA014,BRA044,2,1,Arena Condá,H
5813,2017,Brasileirão Série A,7,2017-06-14,BRA015,BRA018,1,0,Neo Química Arena,H
5814,2017,Brasileirão Série A,7,2017-06-15,BRA016,BRA007,0,0, Couto Pereira,D
5815,2017,Brasileirão Série A,7,2017-06-15,BRA022,BRA025,0,2, Maracanã,A
5816,2017,Brasileirão Série A,8,2017-06-17,BRA004,BRA003,0,1,Estádio Olímpico Pedro Ludovico Teixeira,A
5817,2017,Brasileirão Série A,8,2017-06-17,BRA044,BRA006,1,0,Estádio Vasco da Gama,H
5818,2017,Brasileirão Série A,8,2017-06-17,BRA040,BRA036,0,0,Estádio Municipal Paulo Machado de Carvalho,D
5819,2017,Brasileirão Série A,8,2017-06-18,BRA016,BRA015,0,0, Couto Pereira,D
5820,2017,Brasileirão Série A,8,2017-06-18,BRA007,BRA033,2,4,Itaipava Arena Fonte Nova,A
5821,2017,Brasileirão Série A,8,2017-06-18,BRA022,BRA021,2,2, Maracanã,D
5822,2017,Brasileirão Série A,8,2017-06-18,BRA014,BRA009,0,2,Arena Condá,A
5823,2017,Brasileirão Série A,8,2017-06-18,BRA042,BRA005,1,2, Morumbi,A
5824,2017,Brasileirão Série A,8,2017-06-18,BRA043,BRA045,1,3,Adelmar da Costa Carvalho,A
5825,2017,Brasileirão Série A,8,2017-06-19,BRA018,BRA025,3,3, Mineirão,D
5826,2017,Brasileirão Série A,9,2017-06-21,BRA045,BRA040,0,2, Barradão,A
5827,2017,Brasileirão Série A,9,2017-06-21,BRA033,BRA004,1,0,Allianz Parque,H
5828,2017,Brasileirão Série A,9,2017-06-21,BRA009,BRA044,3,1,Estádio Nilton Santos,H
5829,2017,Brasileirão Série A,9,2017-06-21,BRA006,BRA022,0,3,  Ressacada,A
5830,2017,Brasileirão Série A,9,2017-06-21,BRA003,BRA042,1,0,Estádio Joaquim Américo Guimarães,H
5831,2017,Brasileirão Série A,9,2017-06-21,BRA005,BRA043,2,2,Estádio Raimundo Sampaio,D
5832,2017,Brasileirão Série A,9,2017-06-22,BRA015,BRA007,3,0,Neo Química Arena,H
5833,2017,Brasileirão Série A,9,2017-06-22,BRA036,BRA018,1,0, Moisés Lucarelli,H
5834,2017,Brasileirão Série A,9,2017-06-22,BRA025,BRA016,2,0,Arena do Grêmio,H
5835,2017,Brasileirão Série A,9,2017-06-22,BRA021,BRA014,5,1,Luso-Brasileiro,H
5836,2017,Brasileirão Série A,10,2017-06-24,BRA040,BRA043,0,1,Estádio Urbano Caldeira,A
5837,2017,Brasileirão Série A,10,2017-06-25,BRA044,BRA004,1,0,Estádio Vasco da Gama,H
5838,2017,Brasileirão Série A,10,2017-06-25,BRA025,BRA015,0,1,Arena do Grêmio,A
5839,2017,Brasileirão Série A,10,2017-06-25,BRA042,BRA022,1,1, Morumbi,D
5840,2017,Brasileirão Série A,10,2017-06-25,BRA003,BRA045,4,1,Estádio Joaquim Américo Guimarães,H
5841,2017,Brasileirão Série A,10,2017-06-25,BRA018,BRA016,2,0, Mineirão,H
5842,2017,Brasileirão Série A,10,2017-06-25,BRA036,BRA033,1,2, Moisés Lucarelli,A
5843,2017,Brasileirão Série A,10,2017-06-25,BRA007,BRA021,0,1,Itaipava Arena Fonte Nova,A
5844,2017,Brasileirão Série A,10,2017-06-25,BRA014,BRA005,0,1,Arena Condá,A
5845,2017,Brasileirão Série A,10,2017-06-26,BRA009,BRA006,0,2,Estádio Nilton Santos,A
5846,2017,Brasileirão Série A,11,2017-07-01,BRA033,BRA025,1,0,Estádio Municipal Paulo Machado de Carvalho,H
5847,2017,Brasileirão Série A,11,2017-07-01,BRA004,BRA040,1,1,Estádio Olímpico Pedro Ludovico Teixeira,D
5848,2017,Brasileirão Série A,11,2017-07-02,BRA043,BRA003,1,0,Adelmar da Costa Carvalho,H
5849,2017,Brasileirão Série A,11,2017-07-02,BRA045,BRA007,0,0, Barradão,D
5850,2017,Brasileirão Série A,11,2017-07-02,BRA005,BRA018,3,1,Estádio Raimundo Sampaio,H
5851,2017,Brasileirão Série A,11,2017-07-02,BRA021,BRA042,2,0,Luso-Brasileiro,H
5852,2017,Brasileirão Série A,11,2017-07-02,BRA015,BRA009,1,0,Neo Química Arena,H
5853,2017,Brasileirão Série A,11,2017-07-02,BRA006,BRA036,0,0,  Ressacada,D
5854,2017,Brasileirão Série A,11,2017-07-02,BRA016,BRA044,2,2,Vila Capanema,D
5855,2017,Brasileirão Série A,11,2017-07-03,BRA022,BRA014,3,3,Estádio Giulite Coutinho,D
5856,2017,Brasileirão Série A,12,2017-07-08,BRA004,BRA045,1,2,Estádio Olímpico Pedro Ludovico Teixeira,A
5857,2017,Brasileirão Série A,12,2017-07-08,BRA044,BRA021,0,1,Estádio Vasco da Gama,A
5858,2017,Brasileirão Série A,12,2017-07-08,BRA015,BRA036,2,0,Neo Química Arena,H
5859,2017,Brasileirão Série A,12,2017-07-09,BRA014,BRA003,1,1,Arena Condá,D
5860,2017,Brasileirão Série A,12,2017-07-09,BRA007,BRA022,1,1,Itaipava Arena Fonte Nova,D
5861,2017,Brasileirão Série A,12,2017-07-09,BRA025,BRA006,0,2,Arena do Grêmio,A
5862,2017,Brasileirão Série A,12,2017-07-09,BRA018,BRA033,3,1, Mineirão,H
5863,2017,Brasileirão Série A,12,2017-07-09,BRA040,BRA042,3,2,Estádio Urbano Caldeira,H
5864,2017,Brasileirão Série A,12,2017-07-09,BRA009,BRA005,1,1,Estádio Nilton Santos,D
5865,2017,Brasileirão Série A,12,2017-07-10,BRA016,BRA043,0,3, Couto Pereira,A
5866,2017,Brasileirão Série A,13,2017-07-12,BRA036,BRA007,0,3, Moisés Lucarelli,A
5867,2017,Brasileirão Série A,13,2017-07-12,BRA005,BRA040,0,1,Estádio Raimundo Sampaio,A
5868,2017,Brasileirão Série A,13,2017-07-12,BRA022,BRA009,0,1, Maracanã,A
5869,2017,Brasileirão Série A,13,2017-07-12,BRA033,BRA015,0,2,Allianz Parque,A
5870,2017,Brasileirão Série A,13,2017-07-12,BRA003,BRA018,0,2,Estádio Joaquim Américo Guimarães,A
5871,2017,Brasileirão Série A,13,2017-07-12,BRA045,BRA044,1,4, Barradão,A
5872,2017,Brasileirão Série A,13,2017-07-13,BRA042,BRA004,2,2, Morumbi,D
5873,2017,Brasileirão Série A,13,2017-07-13,BRA043,BRA014,3,0,Arena de Pernambuco,H
5874,2017,Brasileirão Série A,13,2017-07-13,BRA021,BRA025,0,1,Luso-Brasileiro,A
5875,2017,Brasileirão Série A,13,2017-07-13,BRA006,BRA016,1,4,  Ressacada,A
5876,2017,Brasileirão Série A,14,2017-07-15,BRA015,BRA003,2,2,Neo Química Arena,D
5877,2017,Brasileirão Série A,14,2017-07-16,BRA033,BRA045,4,2,Allianz Parque,H
5878,2017,Brasileirão Série A,14,2017-07-16,BRA044,BRA040,0,0,Estádio Nilton Santos,D
5879,2017,Brasileirão Série A,14,2017-07-16,BRA004,BRA005,1,2,Estádio Olímpico Pedro Ludovico Teixeira,A
5880,2017,Brasileirão Série A,14,2017-07-16,BRA014,BRA042,2,0,Arena Condá,H
5881,2017,Brasileirão Série A,14,2017-07-16,BRA018,BRA021,1,1, Mineirão,D
5882,2017,Brasileirão Série A,14,2017-07-16,BRA025,BRA036,3,1,Arena do Grêmio,H
5883,2017,Brasileirão Série A,14,2017-07-16,BRA007,BRA006,1,1,Estádio de Pituaçu,D
5884,2017,Brasileirão Série A,14,2017-07-16,BRA016,BRA022,1,2, Couto Pereira,A
5885,2017,Brasileirão Série A,14,2017-07-17,BRA009,BRA043,2,1,Estádio Nilton Santos,H
5886,2017,Brasileirão Série A,15,2017-07-19,BRA045,BRA025,1,3, Barradão,A
5887,2017,Brasileirão Série A,15,2017-07-19,BRA040,BRA014,1,0,Estádio Urbano Caldeira,H
5888,2017,Brasileirão Série A,15,2017-07-19,BRA006,BRA015,0,0,  Ressacada,D
5889,2017,Brasileirão Série A,15,2017-07-19,BRA036,BRA016,4,0, Moisés Lucarelli,H
5890,2017,Brasileirão Série A,15,2017-07-19,BRA005,BRA007,0,2,Estádio Raimundo Sampaio,A
5891,2017,Brasileirão Série A,15,2017-07-19,BRA042,BRA044,1,0, Morumbi,H
5892,2017,Brasileirão Série A,15,2017-07-19,BRA021,BRA033,2,2,Luso-Brasileiro,D
5893,2017,Brasileirão Série A,15,2017-07-20,BRA022,BRA018,1,1,Estádio Giulite Coutinho,D
5894,2017,Brasileirão Série A,15,2017-07-20,BRA043,BRA004,4,0,Adelmar da Costa Carvalho,H
5895,2017,Brasileirão Série A,15,2017-07-20,BRA003,BRA009,0,0,Estádio Joaquim Américo Guimarães,D
5896,2017,Brasileirão Série A,16,2017-07-22,BRA045,BRA014,1,2, Barradão,A
5897,2017,Brasileirão Série A,16,2017-07-22,BRA021,BRA016,2,1,Luso-Brasileiro,H
5898,2017,Brasileirão Série A,16,2017-07-23,BRA040,BRA007,3,0,Estádio Municipal Paulo Machado de Carvalho,H
5899,2017,Brasileirão Série A,16,2017-07-23,BRA006,BRA018,1,0,  Ressacada,H
5900,2017,Brasileirão Série A,16,2017-07-23,BRA043,BRA033,0,2,Arena de Pernambuco,A
5901,2017,Brasileirão Série A,16,2017-07-23,BRA022,BRA015,0,1, Maracanã,A
5902,2017,Brasileirão Série A,16,2017-07-23,BRA003,BRA036,0,2,Estádio Joaquim Américo Guimarães,A
5903,2017,Brasileirão Série A,16,2017-07-23,BRA004,BRA009,1,1,Estádio Olímpico Pedro Ludovico Teixeira,D
5904,2017,Brasileirão Série A,16,2017-07-23,BRA005,BRA044,1,2,Estádio Raimundo Sampaio,A
5905,2017,Brasileirão Série A,16,2017-07-24,BRA042,BRA025,1,1, Morumbi,D
5906,2017,Brasileirão Série A,17,2017-07-29,BRA009,BRA042,3,4,Estádio Nilton Santos,A
5907,2017,Brasileirão Série A,17,2017-07-29,BRA033,BRA006,2,0,Allianz Parque,H
5908,2017,Brasileirão Série A,17,2017-07-30,BRA014,BRA004,1,2,Arena Condá,A
5909,2017,Brasileirão Série A,17,2017-07-30,BRA016,BRA005,0,2, Couto Pereira,A
5910,2017,Brasileirão Série A,17,2017-07-30,BRA007,BRA043,1,3,Itaipava Arena Fonte Nova,A
5911,2017,Brasileirão Série A,17,2017-07-30,BRA015,BRA021,1,1,Neo Química Arena,D
5912,2017,Brasileirão Série A,17,2017-07-30,BRA025,BRA040,1,1,Arena do Grêmio,D
5913,2017,Brasileirão Série A,17,2017-07-30,BRA018,BRA045,0,0, Mineirão,D
5914,2017,Brasileirão Série A,17,2017-07-31,BRA044,BRA003,0,1,Estádio Municipal General Raulino de Oliveira,A
5916,2017,Brasileirão Série A,18,2017-08-02,BRA043,BRA022,2,2,Adelmar da Costa Carvalho,D
5917,2017,Brasileirão Série A,18,2017-08-02,BRA014,BRA007,1,1,Arena Condá,D
5918,2017,Brasileirão Série A,18,2017-08-02,BRA005,BRA015,0,2, Mineirão,A
5919,2017,Brasileirão Série A,18,2017-08-02,BRA045,BRA036,3,1, Barradão,H
5920,2017,Brasileirão Série A,18,2017-08-02,BRA040,BRA021,3,2,Estádio Municipal Paulo Machado de Carvalho,H
5921,2017,Brasileirão Série A,18,2017-08-02,BRA004,BRA025,0,1,Estádio Olímpico Pedro Ludovico Teixeira,A
5922,2017,Brasileirão Série A,18,2017-08-02,BRA009,BRA033,1,2,Estádio Nilton Santos,A
5923,2017,Brasileirão Série A,18,2017-08-03,BRA003,BRA006,5,0,Estádio Joaquim Américo Guimarães,H
5924,2017,Brasileirão Série A,18,2017-08-03,BRA042,BRA016,1,2, Morumbi,A
5925,2017,Brasileirão Série A,18,2017-08-03,BRA044,BRA018,0,3,Estádio Municipal General Raulino de Oliveira,A
5926,2017,Brasileirão Série A,19,2017-08-05,BRA015,BRA043,3,1,Neo Química Arena,H
5927,2017,Brasileirão Série A,19,2017-08-05,BRA022,BRA004,3,1, Maracanã,H
5928,2017,Brasileirão Série A,19,2017-08-06,BRA021,BRA045,0,2,Luso-Brasileiro,A
5929,2017,Brasileirão Série A,19,2017-08-06,BRA018,BRA009,0,0, Mineirão,D
5930,2017,Brasileirão Série A,19,2017-08-06,BRA025,BRA005,2,0,Arena do Grêmio,H
5931,2017,Brasileirão Série A,19,2017-08-06,BRA016,BRA014,2,0, Couto Pereira,H
5932,2017,Brasileirão Série A,19,2017-08-06,BRA033,BRA003,0,1,Allianz Parque,A
5933,2017,Brasileirão Série A,19,2017-08-06,BRA007,BRA042,2,1,Itaipava Arena Fonte Nova,H
5934,2017,Brasileirão Série A,19,2017-08-06,BRA006,BRA040,0,0,  Ressacada,D
5935,2017,Brasileirão Série A,19,2017-08-06,BRA036,BRA044,0,0, Moisés Lucarelli,D
5915,2017,Brasileirão Série A,17,2017-08-09,BRA036,BRA022,0,0, Moisés Lucarelli,D
5936,2017,Brasileirão Série A,20,2017-08-12,BRA004,BRA016,1,0,Estádio Olímpico Pedro Ludovico Teixeira,H
5937,2017,Brasileirão Série A,20,2017-08-12,BRA045,BRA006,0,1, Barradão,A
5938,2017,Brasileirão Série A,20,2017-08-13,BRA042,BRA018,3,2, Morumbi,H
5939,2017,Brasileirão Série A,20,2017-08-13,BRA043,BRA036,0,0,Adelmar da Costa Carvalho,D
5940,2017,Brasileirão Série A,20,2017-08-13,BRA005,BRA021,2,0,Estádio Raimundo Sampaio,H
5941,2017,Brasileirão Série A,20,2017-08-13,BRA044,BRA033,1,1,Estádio Municipal General Raulino de Oliveira,D
5942,2017,Brasileirão Série A,20,2017-08-13,BRA003,BRA007,4,1,Estádio Joaquim Américo Guimarães,H
5943,2017,Brasileirão Série A,20,2017-08-13,BRA009,BRA025,1,0,Estádio Nilton Santos,H
5944,2017,Brasileirão Série A,20,2017-08-14,BRA040,BRA022,0,0,Estádio Municipal Paulo Machado de Carvalho,D
5946,2017,Brasileirão Série A,21,2017-08-19,BRA015,BRA045,0,1,Neo Química Arena,A
5947,2017,Brasileirão Série A,21,2017-08-19,BRA021,BRA004,2,0,Luso-Brasileiro,H
5948,2017,Brasileirão Série A,21,2017-08-20,BRA025,BRA003,0,0,Arena do Grêmio,D
5949,2017,Brasileirão Série A,21,2017-08-20,BRA006,BRA042,1,1,  Ressacada,D
5950,2017,Brasileirão Série A,21,2017-08-20,BRA007,BRA044,3,0,Itaipava Arena Fonte Nova,H
5951,2017,Brasileirão Série A,21,2017-08-20,BRA018,BRA043,2,0, Mineirão,H
5952,2017,Brasileirão Série A,21,2017-08-20,BRA036,BRA009,2,1, Moisés Lucarelli,H
5953,2017,Brasileirão Série A,21,2017-08-20,BRA016,BRA040,0,0, Couto Pereira,D
5954,2017,Brasileirão Série A,21,2017-08-20,BRA033,BRA014,0,2,Allianz Parque,A
5955,2017,Brasileirão Série A,21,2017-08-21,BRA022,BRA005,2,1, Maracanã,H
5945,2017,Brasileirão Série A,20,2017-08-23,BRA014,BRA015,0,1,Arena Condá,A
5956,2017,Brasileirão Série A,22,2017-08-26,BRA022,BRA044,0,1, Maracanã,A
5957,2017,Brasileirão Série A,22,2017-08-26,BRA015,BRA004,0,1,Neo Química Arena,A
5958,2017,Brasileirão Série A,22,2017-08-27,BRA036,BRA005,1,2, Moisés Lucarelli,A
5959,2017,Brasileirão Série A,22,2017-08-27,BRA033,BRA042,4,2,Allianz Parque,H
5960,2017,Brasileirão Série A,22,2017-08-27,BRA007,BRA009,1,2,Itaipava Arena Fonte Nova,A
5961,2017,Brasileirão Série A,22,2017-08-27,BRA021,BRA003,2,0,Luso-Brasileiro,H
5962,2017,Brasileirão Série A,22,2017-08-27,BRA018,BRA040,1,1, Mineirão,D
5963,2017,Brasileirão Série A,22,2017-08-27,BRA006,BRA014,1,0,  Ressacada,H
5964,2017,Brasileirão Série A,22,2017-08-28,BRA016,BRA045,0,1, Couto Pereira,A
5965,2017,Brasileirão Série A,22,2017-09-02,BRA025,BRA043,5,0,Arena do Grêmio,H
5966,2017,Brasileirão Série A,23,2017-09-09,BRA005,BRA033,1,1,Estádio Raimundo Sampaio,D
5967,2017,Brasileirão Série A,23,2017-09-09,BRA044,BRA025,1,0,Estádio Vasco da Gama,H
5968,2017,Brasileirão Série A,23,2017-09-09,BRA042,BRA036,2,2, Morumbi,D
5969,2017,Brasileirão Série A,23,2017-09-10,BRA003,BRA016,1,1,Estádio Joaquim Américo Guimarães,D
5970,2017,Brasileirão Série A,23,2017-09-10,BRA040,BRA015,2,0,Estádio Urbano Caldeira,H
5971,2017,Brasileirão Série A,23,2017-09-10,BRA043,BRA006,0,1,Adelmar da Costa Carvalho,A
5972,2017,Brasileirão Série A,23,2017-09-10,BRA045,BRA022,2,2, Barradão,D
5973,2017,Brasileirão Série A,23,2017-09-10,BRA014,BRA018,1,2,Arena Condá,A
5974,2017,Brasileirão Série A,23,2017-09-10,BRA009,BRA021,2,0,Estádio Nilton Santos,H
5975,2017,Brasileirão Série A,23,2017-09-11,BRA004,BRA007,1,1,Estádio Olímpico Pedro Ludovico Teixeira,D
5976,2017,Brasileirão Série A,24,2017-09-16,BRA009,BRA040,2,0,Estádio Nilton Santos,H
5977,2017,Brasileirão Série A,24,2017-09-16,BRA036,BRA004,1,3, Moisés Lucarelli,A
5978,2017,Brasileirão Série A,24,2017-09-17,BRA006,BRA005,1,1,  Ressacada,D
5979,2017,Brasileirão Série A,24,2017-09-17,BRA025,BRA014,0,1,Arena do Grêmio,A
5980,2017,Brasileirão Série A,24,2017-09-17,BRA015,BRA044,1,0,Neo Química Arena,H
5981,2017,Brasileirão Série A,24,2017-09-17,BRA003,BRA022,3,1,Estádio Joaquim Américo Guimarães,H
5982,2017,Brasileirão Série A,24,2017-09-17,BRA045,BRA042,1,2, Barradão,A
5983,2017,Brasileirão Série A,24,2017-09-17,BRA021,BRA043,2,0,Luso-Brasileiro,H
5984,2017,Brasileirão Série A,24,2017-09-17,BRA018,BRA007,1,0, Mineirão,H
5985,2017,Brasileirão Série A,24,2017-09-18,BRA033,BRA016,1,0,Estádio Municipal Paulo Machado de Carvalho,H
5986,2017,Brasileirão Série A,25,2017-09-23,BRA021,BRA006,1,1,Luso-Brasileiro,D
5987,2017,Brasileirão Série A,25,2017-09-23,BRA040,BRA003,1,0,Estádio Urbano Caldeira,H
5988,2017,Brasileirão Série A,25,2017-09-24,BRA042,BRA015,1,1, Morumbi,D
5989,2017,Brasileirão Série A,25,2017-09-24,BRA014,BRA036,1,0,Arena Condá,H
5990,2017,Brasileirão Série A,25,2017-09-24,BRA016,BRA009,2,3, Couto Pereira,A
5991,2017,Brasileirão Série A,25,2017-09-24,BRA004,BRA018,1,2,Estádio Olímpico Pedro Ludovico Teixeira,A
5992,2017,Brasileirão Série A,25,2017-09-24,BRA022,BRA033,0,1, Maracanã,A
5993,2017,Brasileirão Série A,25,2017-09-24,BRA005,BRA045,1,3,Estádio Raimundo Sampaio,A
5994,2017,Brasileirão Série A,25,2017-09-24,BRA007,BRA025,1,0,Itaipava Arena Fonte Nova,H
5995,2017,Brasileirão Série A,25,2017-09-25,BRA043,BRA044,1,1,Adelmar da Costa Carvalho,D
5996,2017,Brasileirão Série A,26,2017-09-30,BRA044,BRA014,1,1,Estádio Vasco da Gama,D
5997,2017,Brasileirão Série A,26,2017-09-30,BRA007,BRA016,1,1,Itaipava Arena Fonte Nova,D
5998,2017,Brasileirão Série A,26,2017-09-30,BRA033,BRA040,0,1,Allianz Parque,A
5999,2017,Brasileirão Série A,26,2017-10-01,BRA018,BRA015,1,1, Mineirão,D
6000,2017,Brasileirão Série A,26,2017-10-01,BRA009,BRA045,2,3,Estádio Nilton Santos,A
6001,2017,Brasileirão Série A,26,2017-10-01,BRA042,BRA043,1,0, Morumbi,H
6002,2017,Brasileirão Série A,26,2017-10-01,BRA025,BRA022,1,0,Arena do Grêmio,H
6003,2017,Brasileirão Série A,26,2017-10-01,BRA006,BRA004,0,2,  Ressacada,A
6004,2017,Brasileirão Série A,26,2017-10-01,BRA003,BRA005,0,2,Estádio Joaquim Américo Guimarães,A
6005,2017,Brasileirão Série A,26,2017-10-02,BRA036,BRA021,1,0, Moisés Lucarelli,H
6006,2017,Brasileirão Série A,28,2017-10-07,BRA018,BRA036,2,1, Mineirão,H
6016,2017,Brasileirão Série A,27,2017-10-11,BRA003,BRA004,2,2,Estádio Joaquim Américo Guimarães,D
6017,2017,Brasileirão Série A,27,2017-10-11,BRA009,BRA014,2,1,Estádio Nilton Santos,H
6018,2017,Brasileirão Série A,27,2017-10-11,BRA015,BRA016,3,1,Neo Química Arena,H
6019,2017,Brasileirão Série A,27,2017-10-11,BRA025,BRA018,0,1,Arena do Grêmio,A
6020,2017,Brasileirão Série A,27,2017-10-11,BRA006,BRA044,1,2,  Ressacada,A
6021,2017,Brasileirão Série A,27,2017-10-11,BRA005,BRA042,1,0,Estádio Raimundo Sampaio,H
6022,2017,Brasileirão Série A,27,2017-10-12,BRA045,BRA043,1,2, Barradão,A
6023,2017,Brasileirão Série A,27,2017-10-12,BRA021,BRA022,1,1, Maracanã,D
6024,2017,Brasileirão Série A,27,2017-10-12,BRA036,BRA040,1,1, Moisés Lucarelli,D
6025,2017,Brasileirão Série A,27,2017-10-12,BRA033,BRA007,2,2,Estádio Municipal Paulo Machado de Carvalho,D
6007,2017,Brasileirão Série A,28,2017-10-14,BRA044,BRA009,1,0, Maracanã,H
6008,2017,Brasileirão Série A,28,2017-10-14,BRA042,BRA003,2,1,Estádio Municipal Paulo Machado de Carvalho,H
6009,2017,Brasileirão Série A,28,2017-10-15,BRA014,BRA021,0,1,Arena Condá,A
6010,2017,Brasileirão Série A,28,2017-10-15,BRA004,BRA033,1,3,Estádio Olímpico Pedro Ludovico Teixeira,A
6011,2017,Brasileirão Série A,28,2017-10-15,BRA022,BRA006,1,0, Maracanã,H
6012,2017,Brasileirão Série A,28,2017-10-15,BRA043,BRA005,1,1,Adelmar da Costa Carvalho,D
6013,2017,Brasileirão Série A,28,2017-10-15,BRA016,BRA025,0,1, Couto Pereira,A
6014,2017,Brasileirão Série A,28,2017-10-15,BRA007,BRA015,2,0,Itaipava Arena Fonte Nova,H
6015,2017,Brasileirão Série A,28,2017-10-16,BRA040,BRA045,2,2,Estádio Municipal Paulo Machado de Carvalho,D
6026,2017,Brasileirão Série A,29,2017-10-18,BRA004,BRA044,0,1,Estádio do Governo do Estado de Goiás (Serra Dourada),A
6027,2017,Brasileirão Série A,29,2017-10-18,BRA016,BRA018,1,0, Couto Pereira,H
6028,2017,Brasileirão Série A,29,2017-10-18,BRA005,BRA014,2,3,Estádio Raimundo Sampaio,A
6029,2017,Brasileirão Série A,29,2017-10-18,BRA006,BRA009,1,1,  Ressacada,D
6030,2017,Brasileirão Série A,29,2017-10-18,BRA022,BRA042,3,1, Maracanã,H
6031,2017,Brasileirão Série A,29,2017-10-18,BRA015,BRA025,0,0,Neo Química Arena,D
6032,2017,Brasileirão Série A,29,2017-10-19,BRA045,BRA003,2,3, Barradão,A
6033,2017,Brasileirão Série A,29,2017-10-19,BRA033,BRA036,2,0,Estádio Municipal Paulo Machado de Carvalho,H
6034,2017,Brasileirão Série A,29,2017-10-19,BRA021,BRA007,4,1,Luso-Brasileiro,H
6035,2017,Brasileirão Série A,29,2017-10-19,BRA043,BRA040,1,1,Adelmar da Costa Carvalho,D
6036,2017,Brasileirão Série A,30,2017-10-21,BRA044,BRA016,1,1, Maracanã,D
6037,2017,Brasileirão Série A,30,2017-10-22,BRA040,BRA004,1,0,Estádio Urbano Caldeira,H
6038,2017,Brasileirão Série A,30,2017-10-22,BRA007,BRA045,2,1,Itaipava Arena Fonte Nova,H
6039,2017,Brasileirão Série A,30,2017-10-22,BRA025,BRA033,1,3,Arena do Grêmio,A
6040,2017,Brasileirão Série A,30,2017-10-22,BRA042,BRA021,2,0,Estádio Municipal Paulo Machado de Carvalho,H
6041,2017,Brasileirão Série A,30,2017-10-22,BRA003,BRA043,2,1,Estádio Joaquim Américo Guimarães,H
6042,2017,Brasileirão Série A,30,2017-10-22,BRA018,BRA005,1,3, Mineirão,A
6043,2017,Brasileirão Série A,30,2017-10-22,BRA014,BRA022,2,0,Arena Condá,H
6044,2017,Brasileirão Série A,30,2017-10-22,BRA036,BRA006,1,2, Moisés Lucarelli,A
6045,2017,Brasileirão Série A,30,2017-10-23,BRA009,BRA015,2,1,Estádio Nilton Santos,H
6046,2017,Brasileirão Série A,31,2017-10-28,BRA042,BRA040,2,1,Estádio Municipal Paulo Machado de Carvalho,H
6047,2017,Brasileirão Série A,31,2017-10-28,BRA021,BRA044,0,0, Maracanã,D
6048,2017,Brasileirão Série A,31,2017-10-28,BRA003,BRA014,0,0,Estádio Joaquim Américo Guimarães,D
6049,2017,Brasileirão Série A,31,2017-10-29,BRA036,BRA015,1,0, Moisés Lucarelli,H
6050,2017,Brasileirão Série A,31,2017-10-29,BRA022,BRA007,1,1, Maracanã,D
6051,2017,Brasileirão Série A,31,2017-10-29,BRA005,BRA009,0,0,Estádio Raimundo Sampaio,D
6052,2017,Brasileirão Série A,31,2017-10-29,BRA045,BRA004,1,1, Barradão,D
6053,2017,Brasileirão Série A,31,2017-10-29,BRA043,BRA016,3,4,Adelmar da Costa Carvalho,A
6054,2017,Brasileirão Série A,31,2017-10-29,BRA006,BRA025,2,2,  Ressacada,D
6055,2017,Brasileirão Série A,31,2017-10-30,BRA033,BRA018,2,2,Allianz Parque,D
6056,2017,Brasileirão Série A,32,2017-11-04,BRA040,BRA005,3,1,Estádio Urbano Caldeira,H
6057,2017,Brasileirão Série A,32,2017-11-04,BRA009,BRA022,1,2,Estádio Nilton Santos,A
6058,2017,Brasileirão Série A,32,2017-11-04,BRA004,BRA042,0,1,Estádio do Governo do Estado de Goiás (Serra Dourada),A
6059,2017,Brasileirão Série A,32,2017-11-04,BRA016,BRA006,4,0, Couto Pereira,H
6060,2017,Brasileirão Série A,32,2017-11-05,BRA015,BRA033,3,2,Neo Química Arena,H
6061,2017,Brasileirão Série A,32,2017-11-05,BRA018,BRA003,1,0, Mineirão,H
6062,2017,Brasileirão Série A,32,2017-11-05,BRA025,BRA021,3,1,Arena do Grêmio,H
6063,2017,Brasileirão Série A,32,2017-11-05,BRA007,BRA036,2,0,Itaipava Arena Fonte Nova,H
6064,2017,Brasileirão Série A,32,2017-11-05,BRA044,BRA045,1,1, Maracanã,D
6065,2017,Brasileirão Série A,32,2017-11-05,BRA014,BRA043,1,1,Arena Condá,D
6066,2017,Brasileirão Série A,33,2017-11-08,BRA036,BRA025,0,1, Moisés Lucarelli,A
6067,2017,Brasileirão Série A,33,2017-11-08,BRA006,BRA007,1,2,  Ressacada,A
6068,2017,Brasileirão Série A,33,2017-11-08,BRA043,BRA009,1,2,Adelmar da Costa Carvalho,A
6069,2017,Brasileirão Série A,33,2017-11-08,BRA003,BRA015,0,1,Estádio Joaquim Américo Guimarães,A
6070,2017,Brasileirão Série A,33,2017-11-08,BRA040,BRA044,1,2,Estádio Urbano Caldeira,A
6071,2017,Brasileirão Série A,33,2017-11-08,BRA021,BRA018,2,0,Luso-Brasileiro,H
6072,2017,Brasileirão Série A,33,2017-11-08,BRA045,BRA033,3,1, Barradão,H
6073,2017,Brasileirão Série A,33,2017-11-09,BRA042,BRA014,2,2,Estádio Municipal Paulo Machado de Carvalho,D
6074,2017,Brasileirão Série A,33,2017-11-09,BRA005,BRA004,3,2,Estádio Raimundo Sampaio,H
6075,2017,Brasileirão Série A,33,2017-11-09,BRA022,BRA016,2,2, Maracanã,D
6076,2017,Brasileirão Série A,34,2017-11-11,BRA009,BRA003,0,1,Estádio Nilton Santos,A
6077,2017,Brasileirão Série A,34,2017-11-11,BRA015,BRA006,1,0,Neo Química Arena,H
6078,2017,Brasileirão Série A,34,2017-11-12,BRA044,BRA042,1,1,Estádio Vasco da Gama,D
6079,2017,Brasileirão Série A,34,2017-11-12,BRA033,BRA021,2,0,Allianz Parque,H
6080,2017,Brasileirão Série A,34,2017-11-12,BRA004,BRA043,2,0,Estádio Olímpico Pedro Ludovico Teixeira,H
6081,2017,Brasileirão Série A,34,2017-11-12,BRA025,BRA045,1,1, Alfredo Jaconi,D
6082,2017,Brasileirão Série A,34,2017-11-12,BRA007,BRA005,2,2,Itaipava Arena Fonte Nova,D
6083,2017,Brasileirão Série A,34,2017-11-12,BRA018,BRA022,3,1, Mineirão,H
6084,2017,Brasileirão Série A,34,2017-11-12,BRA016,BRA036,1,1, Couto Pereira,D
6085,2017,Brasileirão Série A,34,2017-11-13,BRA014,BRA040,2,0,Arena Condá,H
6086,2017,Brasileirão Série A,35,2017-11-15,BRA036,BRA003,2,1, Moisés Lucarelli,H
6087,2017,Brasileirão Série A,35,2017-11-15,BRA018,BRA006,2,2, Mineirão,D
6088,2017,Brasileirão Série A,35,2017-11-15,BRA025,BRA042,1,0,Arena do Grêmio,H
6089,2017,Brasileirão Série A,35,2017-11-15,BRA044,BRA005,1,1,Estádio Vasco da Gama,D
6090,2017,Brasileirão Série A,35,2017-11-15,BRA015,BRA022,3,1,Neo Química Arena,H
6091,2017,Brasileirão Série A,35,2017-11-16,BRA009,BRA004,1,2,Estádio Nilton Santos,A
6092,2017,Brasileirão Série A,35,2017-11-16,BRA014,BRA045,2,1,Arena Condá,H
6093,2017,Brasileirão Série A,35,2017-11-16,BRA033,BRA043,5,1,Allianz Parque,H
6094,2017,Brasileirão Série A,35,2017-11-16,BRA016,BRA021,1,0, Couto Pereira,H
6095,2017,Brasileirão Série A,35,2017-11-16,BRA007,BRA040,3,1,Itaipava Arena Fonte Nova,H
6096,2017,Brasileirão Série A,36,2017-11-19,BRA043,BRA007,1,0,Adelmar da Costa Carvalho,H
6097,2017,Brasileirão Série A,36,2017-11-19,BRA021,BRA015,3,0,Luso-Brasileiro,H
6098,2017,Brasileirão Série A,36,2017-11-19,BRA045,BRA018,1,1, Barradão,D
6099,2017,Brasileirão Série A,36,2017-11-19,BRA004,BRA014,1,1,Estádio Olímpico Pedro Ludovico Teixeira,D
6100,2017,Brasileirão Série A,36,2017-11-19,BRA042,BRA009,0,0,Estádio Municipal Paulo Machado de Carvalho,D
6101,2017,Brasileirão Série A,36,2017-11-19,BRA003,BRA044,3,1,Estádio Joaquim Américo Guimarães,H
6102,2017,Brasileirão Série A,36,2017-11-19,BRA005,BRA016,3,0,Estádio Raimundo Sampaio,H
6103,2017,Brasileirão Série A,36,2017-11-19,BRA040,BRA025,1,0,Estádio Urbano Caldeira,H
6104,2017,Brasileirão Série A,36,2017-11-20,BRA022,BRA036,2,0, Maracanã,H
6105,2017,Brasileirão Série A,36,2017-11-20,BRA006,BRA033,2,1,  Ressacada,H
6106,2017,Brasileirão Série A,37,2017-11-25,BRA022,BRA043,1,2, Maracanã,A
6107,2017,Brasileirão Série A,37,2017-11-26,BRA006,BRA003,1,0,  Ressacada,H
6108,2017,Brasileirão Série A,37,2017-11-26,BRA015,BRA005,2,2,Neo Química Arena,D
6109,2017,Brasileirão Série A,37,2017-11-26,BRA036,BRA045,2,3, Moisés Lucarelli,A
6110,2017,Brasileirão Série A,37,2017-11-26,BRA016,BRA042,1,2, Couto Pereira,A
6111,2017,Brasileirão Série A,37,2017-11-26,BRA018,BRA044,0,1, Mineirão,A
6112,2017,Brasileirão Série A,37,2017-11-26,BRA025,BRA004,1,1,Arena do Grêmio,D
6113,2017,Brasileirão Série A,37,2017-11-26,BRA021,BRA040,1,2,Luso-Brasileiro,A
6114,2017,Brasileirão Série A,37,2017-11-26,BRA007,BRA014,0,1,Itaipava Arena Fonte Nova,A
6115,2017,Brasileirão Série A,37,2017-11-27,BRA033,BRA009,2,0,Allianz Parque,H
6116,2017,Brasileirão Série A,38,2017-12-03,BRA005,BRA025,4,3,Estádio Raimundo Sampaio,H
6117,2017,Brasileirão Série A,38,2017-12-03,BRA009,BRA018,2,2,Estádio Nilton Santos,D
6118,2017,Brasileirão Série A,38,2017-12-03,BRA040,BRA006,1,1,Estádio Urbano Caldeira,D
6119,2017,Brasileirão Série A,38,2017-12-03,BRA043,BRA015,1,0,Adelmar da Costa Carvalho,H
6120,2017,Brasileirão Série A,38,2017-12-03,BRA045,BRA021,1,2, Barradão,A
6121,2017,Brasileirão Série A,38,2017-12-03,BRA004,BRA022,1,1,Estádio Olímpico Pedro Ludovico Teixeira,D
6122,2017,Brasileirão Série A,38,2017-12-03,BRA042,BRA007,1,1, Morumbi,D
6123,2017,Brasileirão Série A,38,2017-12-03,BRA014,BRA016,2,1,Arena Condá,H
6124,2017,Brasileirão Série A,38,2017-12-03,BRA044,BRA036,2,1,Estádio Vasco da Gama,H
6125,2017,Brasileirão Série A,38,2017-12-03,BRA003,BRA033,3,0,Estádio Joaquim Américo Guimarães,H
6126,2018,Brasileirão Série A,1,2018-04-14,BRA018,BRA025,0,1, Mineirão,A
6127,2018,Brasileirão Série A,1,2018-04-14,BRA045,BRA021,2,2, Barradão,D
6128,2018,Brasileirão Série A,1,2018-04-14,BRA040,BRA013,2,0,Estádio Municipal Paulo Machado de Carvalho,H
6129,2018,Brasileirão Série A,1,2018-04-15,BRA001,BRA043,3,0,Estádio Raimundo Sampaio,H
6130,2018,Brasileirão Série A,1,2018-04-15,BRA044,BRA005,2,1,Estádio Vasco da Gama,H
6131,2018,Brasileirão Série A,1,2018-04-15,BRA028,BRA007,2,0,Estádio José Pinheiro Borda,H
6132,2018,Brasileirão Série A,1,2018-04-15,BRA015,BRA022,2,1,Neo Química Arena,H
6133,2018,Brasileirão Série A,1,2018-04-15,BRA003,BRA014,5,1,Estádio Joaquim Américo Guimarães,H
6134,2018,Brasileirão Série A,1,2018-04-16,BRA042,BRA034,1,0, Morumbi,H
6135,2018,Brasileirão Série A,1,2018-04-16,BRA009,BRA033,1,1,Estádio Nilton Santos,D
6136,2018,Brasileirão Série A,2,2018-04-21,BRA007,BRA040,1,0,Itaipava Arena Fonte Nova,H
6137,2018,Brasileirão Série A,2,2018-04-21,BRA021,BRA001,2,0, Maracanã,H
6138,2018,Brasileirão Série A,2,2018-04-22,BRA034,BRA015,0,4,Vila Capanema,A
6139,2018,Brasileirão Série A,2,2018-04-22,BRA013,BRA042,0,0,Arena Castelão,D
6140,2018,Brasileirão Série A,2,2018-04-22,BRA005,BRA045,2,1,Estádio Raimundo Sampaio,H
6141,2018,Brasileirão Série A,2,2018-04-22,BRA022,BRA018,1,0, Maracanã,H
6142,2018,Brasileirão Série A,2,2018-04-22,BRA014,BRA044,1,1,Arena Condá,D
6143,2018,Brasileirão Série A,2,2018-04-22,BRA033,BRA028,1,0,Estádio Municipal Paulo Machado de Carvalho,H
6144,2018,Brasileirão Série A,2,2018-04-22,BRA025,BRA003,0,0,Arena do Grêmio,D
6145,2018,Brasileirão Série A,2,2018-04-23,BRA043,BRA009,1,1,Adelmar da Costa Carvalho,D
6146,2018,Brasileirão Série A,3,2018-04-28,BRA009,BRA025,2,1,Estádio Nilton Santos,H
6147,2018,Brasileirão Série A,3,2018-04-29,BRA007,BRA003,0,0,Itaipava Arena Fonte Nova,D
6148,2018,Brasileirão Série A,3,2018-04-29,BRA013,BRA021,0,3,Arena Castelão,A
6149,2018,Brasileirão Série A,3,2018-04-29,BRA033,BRA014,0,0,Allianz Parque,D
6150,2018,Brasileirão Série A,3,2018-04-29,BRA034,BRA043,1,2,Vila Capanema,A
6151,2018,Brasileirão Série A,3,2018-04-29,BRA005,BRA015,1,0,Estádio Raimundo Sampaio,H
6152,2018,Brasileirão Série A,3,2018-04-29,BRA022,BRA042,1,1, Maracanã,D
6153,2018,Brasileirão Série A,3,2018-04-29,BRA028,BRA018,0,0,Estádio José Pinheiro Borda,D
6154,2018,Brasileirão Série A,3,2018-04-30,BRA001,BRA045,2,1,Estádio Raimundo Sampaio,H
6156,2018,Brasileirão Série A,4,2018-05-05,BRA044,BRA001,4,1,Estádio Vasco da Gama,H
6157,2018,Brasileirão Série A,4,2018-05-05,BRA042,BRA005,2,2, Morumbi,D
6158,2018,Brasileirão Série A,4,2018-05-06,BRA015,BRA013,1,1,Neo Química Arena,D
6159,2018,Brasileirão Série A,4,2018-05-06,BRA021,BRA028,2,0, Maracanã,H
6160,2018,Brasileirão Série A,4,2018-05-06,BRA018,BRA009,1,0, Mineirão,H
6161,2018,Brasileirão Série A,4,2018-05-06,BRA003,BRA033,1,3,Estádio Joaquim Américo Guimarães,A
6162,2018,Brasileirão Série A,4,2018-05-06,BRA045,BRA022,1,2, Barradão,A
6163,2018,Brasileirão Série A,4,2018-05-06,BRA025,BRA040,5,1,Arena do Grêmio,H
6164,2018,Brasileirão Série A,4,2018-05-06,BRA043,BRA007,2,0,Adelmar da Costa Carvalho,H
6165,2018,Brasileirão Série A,4,2018-05-07,BRA014,BRA034,1,1,Arena Condá,D
6166,2018,Brasileirão Série A,5,2018-05-12,BRA025,BRA028,0,0,Arena do Grêmio,D
6167,2018,Brasileirão Série A,5,2018-05-13,BRA018,BRA043,2,0, Mineirão,H
6168,2018,Brasileirão Série A,5,2018-05-13,BRA003,BRA005,1,2,Estádio Joaquim Américo Guimarães,A
6169,2018,Brasileirão Série A,5,2018-05-13,BRA044,BRA045,2,3,Estádio Vasco da Gama,A
6170,2018,Brasileirão Série A,5,2018-05-13,BRA015,BRA033,1,0,Neo Química Arena,H
6171,2018,Brasileirão Série A,5,2018-05-13,BRA007,BRA042,2,2,Itaipava Arena Fonte Nova,D
6172,2018,Brasileirão Série A,5,2018-05-13,BRA014,BRA021,3,2,Arena Condá,H
6173,2018,Brasileirão Série A,5,2018-05-13,BRA040,BRA034,3,1,Estádio Urbano Caldeira,H
6174,2018,Brasileirão Série A,5,2018-05-14,BRA009,BRA022,2,1,Estádio Nilton Santos,H
6175,2018,Brasileirão Série A,5,2018-05-14,BRA013,BRA001,2,2,Arena Castelão,D
6176,2018,Brasileirão Série A,6,2018-05-19,BRA005,BRA018,1,0,Estádio Raimundo Sampaio,H
6177,2018,Brasileirão Série A,6,2018-05-19,BRA021,BRA044,1,1, Maracanã,D
6178,2018,Brasileirão Série A,6,2018-05-19,BRA033,BRA007,3,0,Allianz Parque,H
6179,2018,Brasileirão Série A,6,2018-05-20,BRA045,BRA013,2,1, Barradão,H
6180,2018,Brasileirão Série A,6,2018-05-20,BRA042,BRA040,1,0, Morumbi,H
6181,2018,Brasileirão Série A,6,2018-05-20,BRA001,BRA009,1,0,Estádio Raimundo Sampaio,H
6182,2018,Brasileirão Série A,6,2018-05-20,BRA034,BRA025,0,0,Vila Capanema,D
6183,2018,Brasileirão Série A,6,2018-05-20,BRA043,BRA015,1,1,Arena de Pernambuco,D
6184,2018,Brasileirão Série A,6,2018-05-20,BRA022,BRA003,2,0, Maracanã,H
6185,2018,Brasileirão Série A,6,2018-05-21,BRA028,BRA014,3,0,Estádio José Pinheiro Borda,H
6186,2018,Brasileirão Série A,7,2018-05-26,BRA022,BRA014,3,1, Maracanã,H
6187,2018,Brasileirão Série A,7,2018-05-26,BRA033,BRA043,2,3,Allianz Parque,A
6188,2018,Brasileirão Série A,7,2018-05-26,BRA005,BRA021,0,1,Estádio Raimundo Sampaio,A
6189,2018,Brasileirão Série A,7,2018-05-27,BRA034,BRA003,0,0,Vila Capanema,D
6190,2018,Brasileirão Série A,7,2018-05-27,BRA028,BRA015,2,1,Estádio José Pinheiro Borda,H
6191,2018,Brasileirão Série A,7,2018-05-27,BRA007,BRA044,3,0,Itaipava Arena Fonte Nova,H
6192,2018,Brasileirão Série A,7,2018-05-27,BRA040,BRA018,0,1,Estádio Municipal Paulo Machado de Carvalho,A
6193,2018,Brasileirão Série A,7,2018-05-27,BRA009,BRA045,1,1,Estádio Nilton Santos,D
6194,2018,Brasileirão Série A,7,2018-05-27,BRA013,BRA025,0,1,Arena Castelão,A
6195,2018,Brasileirão Série A,7,2018-05-27,BRA001,BRA042,1,3,Estádio Raimundo Sampaio,A
6196,2018,Brasileirão Série A,8,2018-05-30,BRA044,BRA034,1,0,Estádio Vasco da Gama,H
6197,2018,Brasileirão Série A,8,2018-05-30,BRA045,BRA028,2,3, Barradão,A
6198,2018,Brasileirão Série A,8,2018-05-30,BRA043,BRA005,3,2,Adelmar da Costa Carvalho,H
6199,2018,Brasileirão Série A,8,2018-05-30,BRA014,BRA013,2,0,Arena Condá,H
6200,2018,Brasileirão Série A,8,2018-05-30,BRA042,BRA009,3,2, Morumbi,H
6201,2018,Brasileirão Série A,8,2018-05-30,BRA025,BRA022,0,0,Arena do Grêmio,D
6202,2018,Brasileirão Série A,8,2018-05-30,BRA018,BRA033,1,0, Mineirão,H
6203,2018,Brasileirão Série A,8,2018-05-31,BRA021,BRA007,2,0, Maracanã,H
6204,2018,Brasileirão Série A,8,2018-05-31,BRA015,BRA001,1,0,Neo Química Arena,H
6205,2018,Brasileirão Série A,8,2018-05-31,BRA003,BRA040,2,0,Estádio Joaquim Américo Guimarães,H
6206,2018,Brasileirão Série A,9,2018-06-02,BRA028,BRA043,0,0,Estádio José Pinheiro Borda,D
6207,2018,Brasileirão Série A,9,2018-06-02,BRA005,BRA014,3,3,Estádio Raimundo Sampaio,D
6208,2018,Brasileirão Série A,9,2018-06-02,BRA044,BRA009,1,2,Estádio Vasco da Gama,A
6209,2018,Brasileirão Série A,9,2018-06-02,BRA033,BRA042,3,1,Allianz Parque,H
6210,2018,Brasileirão Série A,9,2018-06-03,BRA021,BRA015,1,0, Maracanã,H
6211,2018,Brasileirão Série A,9,2018-06-03,BRA007,BRA025,0,2,Itaipava Arena Fonte Nova,A
6212,2018,Brasileirão Série A,9,2018-06-03,BRA001,BRA003,3,1,Estádio Raimundo Sampaio,H
6213,2018,Brasileirão Série A,9,2018-06-03,BRA040,BRA045,5,2,Estádio Urbano Caldeira,H
6214,2018,Brasileirão Série A,9,2018-06-03,BRA013,BRA018,0,1,Arena Castelão,A
6215,2018,Brasileirão Série A,9,2018-06-04,BRA034,BRA022,2,1,Vila Capanema,H
6216,2018,Brasileirão Série A,10,2018-06-05,BRA042,BRA028,0,0, Morumbi,D
6217,2018,Brasileirão Série A,10,2018-06-06,BRA045,BRA014,1,0, Barradão,H
6218,2018,Brasileirão Série A,10,2018-06-06,BRA009,BRA013,0,0,Estádio Nilton Santos,D
6219,2018,Brasileirão Série A,10,2018-06-06,BRA015,BRA040,1,1,Neo Química Arena,D
6220,2018,Brasileirão Série A,10,2018-06-06,BRA043,BRA003,1,0,Adelmar da Costa Carvalho,H
6221,2018,Brasileirão Série A,10,2018-06-06,BRA025,BRA033,0,2,Arena do Grêmio,A
6222,2018,Brasileirão Série A,10,2018-06-06,BRA018,BRA044,1,1, Mineirão,D
6223,2018,Brasileirão Série A,10,2018-06-07,BRA034,BRA007,1,0,Vila Capanema,H
6224,2018,Brasileirão Série A,10,2018-06-07,BRA022,BRA021,0,2,Estádio Nacional de Brasília,A
6225,2018,Brasileirão Série A,10,2018-06-07,BRA001,BRA005,1,3,Estádio Raimundo Sampaio,A
6226,2018,Brasileirão Série A,11,2018-06-09,BRA003,BRA042,0,1,Estádio Joaquim Américo Guimarães,A
6227,2018,Brasileirão Série A,11,2018-06-09,BRA014,BRA018,2,0,Arena Condá,H
6228,2018,Brasileirão Série A,11,2018-06-09,BRA044,BRA043,3,2,Estádio Vasco da Gama,H
6229,2018,Brasileirão Série A,11,2018-06-09,BRA015,BRA045,0,0,Neo Química Arena,D
6230,2018,Brasileirão Série A,11,2018-06-10,BRA005,BRA022,5,2,Estádio Raimundo Sampaio,H
6231,2018,Brasileirão Série A,11,2018-06-10,BRA007,BRA009,3,3,Itaipava Arena Fonte Nova,D
6232,2018,Brasileirão Série A,11,2018-06-10,BRA025,BRA001,1,0,Arena do Grêmio,H
6233,2018,Brasileirão Série A,11,2018-06-10,BRA013,BRA033,2,2,Arena Castelão,D
6234,2018,Brasileirão Série A,11,2018-06-10,BRA021,BRA034,2,0, Maracanã,H
6235,2018,Brasileirão Série A,11,2018-06-10,BRA040,BRA028,1,2,Estádio Urbano Caldeira,A
6236,2018,Brasileirão Série A,12,2018-06-12,BRA042,BRA045,3,0, Morumbi,H
6237,2018,Brasileirão Série A,12,2018-06-13,BRA001,BRA014,0,0,Estádio Raimundo Sampaio,D
6238,2018,Brasileirão Série A,12,2018-06-13,BRA022,BRA040,0,1, Maracanã,A
6239,2018,Brasileirão Série A,12,2018-06-13,BRA043,BRA025,0,0,Adelmar da Costa Carvalho,D
6240,2018,Brasileirão Série A,12,2018-06-13,BRA034,BRA018,1,1,Vila Capanema,D
6241,2018,Brasileirão Série A,12,2018-06-13,BRA033,BRA021,1,1,Allianz Parque,D
6242,2018,Brasileirão Série A,12,2018-06-13,BRA009,BRA003,2,0,Estádio Nilton Santos,H
6243,2018,Brasileirão Série A,12,2018-06-13,BRA007,BRA015,1,0,Itaipava Arena Fonte Nova,H
6244,2018,Brasileirão Série A,12,2018-06-13,BRA028,BRA044,3,1,Estádio José Pinheiro Borda,H
6245,2018,Brasileirão Série A,12,2018-06-13,BRA005,BRA013,2,1,Estádio Raimundo Sampaio,H
6246,2018,Brasileirão Série A,13,2018-07-18,BRA013,BRA043,1,0,Estádio Presidente Vargas,H
6247,2018,Brasileirão Série A,13,2018-07-18,BRA045,BRA034,1,0, Barradão,H
6248,2018,Brasileirão Série A,13,2018-07-18,BRA015,BRA009,2,0,Neo Química Arena,H
6249,2018,Brasileirão Série A,13,2018-07-18,BRA025,BRA005,2,0,Arena do Grêmio,H
6250,2018,Brasileirão Série A,13,2018-07-18,BRA021,BRA042,0,1, Maracanã,A
6251,2018,Brasileirão Série A,13,2018-07-19,BRA014,BRA007,1,1,Arena Condá,D
6252,2018,Brasileirão Série A,13,2018-07-19,BRA018,BRA001,3,1, Mineirão,H
6253,2018,Brasileirão Série A,13,2018-07-19,BRA044,BRA022,1,1,Estádio Vasco da Gama,D
6254,2018,Brasileirão Série A,13,2018-07-19,BRA040,BRA033,1,1,Estádio Municipal Paulo Machado de Carvalho,D
6255,2018,Brasileirão Série A,13,2018-07-19,BRA003,BRA028,2,2,Estádio Joaquim Américo Guimarães,D
6256,2018,Brasileirão Série A,14,2018-07-21,BRA021,BRA009,2,0, Maracanã,H
6257,2018,Brasileirão Série A,14,2018-07-21,BRA042,BRA015,3,1, Morumbi,H
6258,2018,Brasileirão Série A,14,2018-07-22,BRA044,BRA025,1,0,Estádio Vasco da Gama,H
6259,2018,Brasileirão Série A,14,2018-07-22,BRA033,BRA005,3,2,Allianz Parque,H
6260,2018,Brasileirão Série A,14,2018-07-22,BRA034,BRA001,1,0,Vila Capanema,H
6261,2018,Brasileirão Série A,14,2018-07-22,BRA007,BRA045,4,1,Itaipava Arena Fonte Nova,H
6262,2018,Brasileirão Série A,14,2018-07-22,BRA043,BRA022,1,2,Adelmar da Costa Carvalho,A
6263,2018,Brasileirão Série A,14,2018-07-22,BRA018,BRA003,2,1, Mineirão,H
6264,2018,Brasileirão Série A,14,2018-07-22,BRA014,BRA040,0,0,Arena Condá,D
6265,2018,Brasileirão Série A,14,2018-07-23,BRA028,BRA013,1,0,Estádio José Pinheiro Borda,H
6266,2018,Brasileirão Série A,15,2018-07-25,BRA022,BRA033,1,0, Maracanã,H
6267,2018,Brasileirão Série A,15,2018-07-25,BRA005,BRA034,2,0,Estádio Raimundo Sampaio,H
6268,2018,Brasileirão Série A,15,2018-07-25,BRA015,BRA018,2,0,Neo Química Arena,H
6269,2018,Brasileirão Série A,15,2018-07-25,BRA040,BRA021,1,1,Estádio Urbano Caldeira,D
6270,2018,Brasileirão Série A,15,2018-07-26,BRA009,BRA014,1,0,Estádio Nilton Santos,H
6271,2018,Brasileirão Série A,15,2018-07-26,BRA045,BRA043,1,0, Barradão,H
6272,2018,Brasileirão Série A,15,2018-07-26,BRA025,BRA042,2,1,Arena do Grêmio,H
6273,2018,Brasileirão Série A,15,2018-07-26,BRA001,BRA028,2,1,Estádio Raimundo Sampaio,H
6276,2018,Brasileirão Série A,16,2018-07-28,BRA013,BRA022,1,0,Estádio Presidente Vargas,H
6277,2018,Brasileirão Série A,16,2018-07-29,BRA033,BRA034,3,0,Allianz Parque,H
6278,2018,Brasileirão Série A,16,2018-07-29,BRA044,BRA015,1,4,Estádio Nacional de Brasília,A
6279,2018,Brasileirão Série A,16,2018-07-29,BRA021,BRA043,4,1, Maracanã,H
6280,2018,Brasileirão Série A,16,2018-07-29,BRA003,BRA045,4,0,Estádio Joaquim Américo Guimarães,H
6281,2018,Brasileirão Série A,16,2018-07-29,BRA028,BRA009,3,0,Estádio José Pinheiro Borda,H
6282,2018,Brasileirão Série A,16,2018-07-29,BRA018,BRA042,0,2, Mineirão,A
6283,2018,Brasileirão Série A,16,2018-07-29,BRA040,BRA001,0,1,Estádio Urbano Caldeira,A
6284,2018,Brasileirão Série A,16,2018-07-29,BRA014,BRA025,1,1,Arena Condá,D
6285,2018,Brasileirão Série A,16,2018-07-30,BRA007,BRA005,2,2,Itaipava Arena Fonte Nova,D
6286,2018,Brasileirão Série A,17,2018-08-04,BRA009,BRA040,0,0,Estádio Nilton Santos,D
6287,2018,Brasileirão Série A,17,2018-08-04,BRA025,BRA021,2,0,Arena do Grêmio,H
6288,2018,Brasileirão Série A,17,2018-08-04,BRA015,BRA003,0,0,Neo Química Arena,D
6289,2018,Brasileirão Série A,17,2018-08-05,BRA045,BRA018,1,1, Barradão,D
6290,2018,Brasileirão Série A,17,2018-08-05,BRA034,BRA013,0,1,Vila Capanema,A
6291,2018,Brasileirão Série A,17,2018-08-05,BRA001,BRA033,0,0,Estádio Raimundo Sampaio,D
6292,2018,Brasileirão Série A,17,2018-08-05,BRA042,BRA044,2,1, Morumbi,H
6293,2018,Brasileirão Série A,17,2018-08-05,BRA022,BRA007,1,1, Maracanã,D
6294,2018,Brasileirão Série A,17,2018-08-05,BRA043,BRA014,1,1,Adelmar da Costa Carvalho,D
6295,2018,Brasileirão Série A,17,2018-08-06,BRA005,BRA028,0,1,Estádio Raimundo Sampaio,A
6296,2018,Brasileirão Série A,20,2018-08-08,BRA013,BRA040,1,1,Estádio Presidente Vargas,D
6306,2018,Brasileirão Série A,18,2018-08-11,BRA013,BRA003,0,0,Estádio Presidente Vargas,D
6307,2018,Brasileirão Série A,18,2018-08-11,BRA007,BRA001,1,0,Itaipava Arena Fonte Nova,H
6308,2018,Brasileirão Série A,18,2018-08-12,BRA034,BRA009,1,1,Vila Capanema,D
6309,2018,Brasileirão Série A,18,2018-08-12,BRA005,BRA040,3,1,Estádio Raimundo Sampaio,H
6310,2018,Brasileirão Série A,18,2018-08-12,BRA043,BRA042,1,3,Adelmar da Costa Carvalho,A
6311,2018,Brasileirão Série A,18,2018-08-12,BRA021,BRA018,1,0, Maracanã,H
6312,2018,Brasileirão Série A,18,2018-08-12,BRA014,BRA015,2,1,Arena Condá,H
6313,2018,Brasileirão Série A,18,2018-08-12,BRA025,BRA045,4,0,Arena do Grêmio,H
6314,2018,Brasileirão Série A,18,2018-08-12,BRA033,BRA044,1,0,Allianz Parque,H
6315,2018,Brasileirão Série A,18,2018-08-13,BRA022,BRA028,0,3, Maracanã,A
6316,2018,Brasileirão Série A,19,2018-08-18,BRA040,BRA043,3,0,Estádio Urbano Caldeira,H
6317,2018,Brasileirão Série A,19,2018-08-18,BRA015,BRA025,0,1,Neo Química Arena,A
6318,2018,Brasileirão Série A,19,2018-08-19,BRA003,BRA021,3,0,Estádio Joaquim Américo Guimarães,H
6319,2018,Brasileirão Série A,19,2018-08-19,BRA028,BRA034,1,0,Estádio José Pinheiro Borda,H
6320,2018,Brasileirão Série A,19,2018-08-19,BRA045,BRA033,0,3, Barradão,A
6321,2018,Brasileirão Série A,19,2018-08-19,BRA009,BRA005,0,3,Estádio Nilton Santos,A
6322,2018,Brasileirão Série A,19,2018-08-19,BRA018,BRA007,1,1, Mineirão,D
6323,2018,Brasileirão Série A,19,2018-08-19,BRA001,BRA022,0,0,Estádio Raimundo Sampaio,D
6324,2018,Brasileirão Série A,19,2018-08-19,BRA042,BRA014,2,0, Morumbi,H
6325,2018,Brasileirão Série A,19,2018-08-20,BRA044,BRA013,1,1,Estádio Vasco da Gama,D
6297,2018,Brasileirão Série A,20,2018-08-22,BRA007,BRA028,0,1,Itaipava Arena Fonte Nova,A
6298,2018,Brasileirão Série A,20,2018-08-22,BRA034,BRA042,1,1,Vila Capanema,D
6299,2018,Brasileirão Série A,20,2018-08-22,BRA033,BRA009,2,0,Allianz Parque,H
6300,2018,Brasileirão Série A,20,2018-08-22,BRA043,BRA001,0,2,Adelmar da Costa Carvalho,A
6301,2018,Brasileirão Série A,20,2018-08-22,BRA022,BRA015,1,0, Maracanã,H
6302,2018,Brasileirão Série A,20,2018-08-22,BRA025,BRA018,1,1,Arena do Grêmio,D
6303,2018,Brasileirão Série A,20,2018-08-23,BRA021,BRA045,1,0, Maracanã,H
6304,2018,Brasileirão Série A,20,2018-08-23,BRA005,BRA044,0,0,Estádio Raimundo Sampaio,D
6326,2018,Brasileirão Série A,21,2018-08-25,BRA040,BRA007,2,0,Estádio Urbano Caldeira,H
6327,2018,Brasileirão Série A,21,2018-08-25,BRA015,BRA034,1,0,Neo Química Arena,H
6328,2018,Brasileirão Série A,21,2018-08-25,BRA003,BRA025,2,1,Estádio Joaquim Américo Guimarães,H
6329,2018,Brasileirão Série A,21,2018-08-25,BRA018,BRA022,2,1, Mineirão,H
6330,2018,Brasileirão Série A,21,2018-08-25,BRA009,BRA043,2,0,Estádio Nilton Santos,H
6331,2018,Brasileirão Série A,21,2018-08-26,BRA042,BRA013,1,0, Morumbi,H
6332,2018,Brasileirão Série A,21,2018-08-26,BRA001,BRA021,2,2,Estádio Raimundo Sampaio,D
6333,2018,Brasileirão Série A,21,2018-08-26,BRA028,BRA033,0,0,Estádio José Pinheiro Borda,D
6334,2018,Brasileirão Série A,21,2018-08-26,BRA045,BRA005,1,0, Barradão,H
6335,2018,Brasileirão Série A,21,2018-08-26,BRA044,BRA014,3,1,Estádio Vasco da Gama,H
6274,2018,Brasileirão Série A,15,2018-08-29,BRA013,BRA007,0,2,Estádio Presidente Vargas,A
6275,2018,Brasileirão Série A,15,2018-08-29,BRA003,BRA044,1,0,Estádio Joaquim Américo Guimarães,H
6336,2018,Brasileirão Série A,22,2018-09-01,BRA045,BRA001,1,0, Barradão,H
6337,2018,Brasileirão Série A,22,2018-09-01,BRA025,BRA009,4,0,Arena do Grêmio,H
6338,2018,Brasileirão Série A,22,2018-09-01,BRA044,BRA040,0,3, Maracanã,A
6339,2018,Brasileirão Série A,22,2018-09-01,BRA015,BRA005,1,1,Neo Química Arena,D
6340,2018,Brasileirão Série A,22,2018-09-02,BRA021,BRA013,0,1, Maracanã,A
6341,2018,Brasileirão Série A,22,2018-09-02,BRA003,BRA007,2,0,Estádio Joaquim Américo Guimarães,H
6342,2018,Brasileirão Série A,22,2018-09-02,BRA043,BRA034,1,0,Adelmar da Costa Carvalho,H
6343,2018,Brasileirão Série A,22,2018-09-02,BRA042,BRA022,1,1, Morumbi,D
6344,2018,Brasileirão Série A,22,2018-09-02,BRA018,BRA028,0,0, Mineirão,D
6345,2018,Brasileirão Série A,22,2018-09-02,BRA014,BRA033,1,2,Arena Condá,A
6346,2018,Brasileirão Série A,23,2018-09-05,BRA007,BRA043,2,0,Itaipava Arena Fonte Nova,H
6347,2018,Brasileirão Série A,23,2018-09-05,BRA009,BRA018,1,1,Estádio Nilton Santos,D
6348,2018,Brasileirão Série A,23,2018-09-05,BRA013,BRA015,2,1,Arena Castelão,H
6349,2018,Brasileirão Série A,23,2018-09-05,BRA033,BRA003,2,0,Allianz Parque,H
6350,2018,Brasileirão Série A,23,2018-09-05,BRA034,BRA014,1,1,Vila Capanema,D
6351,2018,Brasileirão Série A,23,2018-09-05,BRA005,BRA042,1,0,Estádio Raimundo Sampaio,H
6352,2018,Brasileirão Série A,23,2018-09-05,BRA028,BRA021,2,1,Estádio José Pinheiro Borda,H
6353,2018,Brasileirão Série A,23,2018-09-06,BRA040,BRA025,0,0,Estádio Municipal Paulo Machado de Carvalho,D
6354,2018,Brasileirão Série A,23,2018-09-06,BRA022,BRA045,0,0, Maracanã,D
6355,2018,Brasileirão Série A,23,2018-09-06,BRA001,BRA044,2,1,Estádio Raimundo Sampaio,H
6356,2018,Brasileirão Série A,24,2018-09-08,BRA043,BRA018,0,0,Adelmar da Costa Carvalho,D
6357,2018,Brasileirão Série A,24,2018-09-08,BRA042,BRA007,1,0, Morumbi,H
6358,2018,Brasileirão Série A,24,2018-09-08,BRA021,BRA014,2,0, Maracanã,H
6359,2018,Brasileirão Série A,24,2018-09-09,BRA001,BRA013,0,0,Estádio Raimundo Sampaio,D
6360,2018,Brasileirão Série A,24,2018-09-09,BRA033,BRA015,1,0,Allianz Parque,H
6361,2018,Brasileirão Série A,24,2018-09-09,BRA022,BRA009,1,0, Maracanã,H
6362,2018,Brasileirão Série A,24,2018-09-09,BRA028,BRA025,1,0,Estádio José Pinheiro Borda,H
6363,2018,Brasileirão Série A,24,2018-09-09,BRA034,BRA040,0,2,Vila Capanema,A
6364,2018,Brasileirão Série A,24,2018-09-09,BRA045,BRA044,1,0, Barradão,H
6365,2018,Brasileirão Série A,24,2018-09-10,BRA005,BRA003,3,1,Estádio Raimundo Sampaio,H
6305,2018,Brasileirão Série A,20,2018-09-13,BRA014,BRA003,2,1,Arena Condá,H
6366,2018,Brasileirão Série A,25,2018-09-15,BRA013,BRA045,2,0,Arena Castelão,H
6367,2018,Brasileirão Série A,25,2018-09-15,BRA025,BRA034,2,0,Arena do Grêmio,H
6368,2018,Brasileirão Série A,25,2018-09-15,BRA044,BRA021,1,1,Estádio Nacional de Brasília,D
6369,2018,Brasileirão Série A,25,2018-09-16,BRA009,BRA001,1,0,Estádio Nilton Santos,H
6370,2018,Brasileirão Série A,25,2018-09-16,BRA018,BRA005,0,0, Mineirão,D
6371,2018,Brasileirão Série A,25,2018-09-16,BRA007,BRA033,1,1,Itaipava Arena Fonte Nova,D
6372,2018,Brasileirão Série A,25,2018-09-16,BRA003,BRA022,3,1,Estádio Joaquim Américo Guimarães,H
6373,2018,Brasileirão Série A,25,2018-09-16,BRA040,BRA042,0,0,Estádio Urbano Caldeira,D
6374,2018,Brasileirão Série A,25,2018-09-16,BRA015,BRA043,2,1,Neo Química Arena,H
6375,2018,Brasileirão Série A,25,2018-09-17,BRA014,BRA028,2,1,Arena Condá,H
6376,2018,Brasileirão Série A,26,2018-09-22,BRA042,BRA001,1,1, Morumbi,D
6377,2018,Brasileirão Série A,26,2018-09-23,BRA025,BRA013,3,2,Arena do Grêmio,H
6378,2018,Brasileirão Série A,26,2018-09-23,BRA003,BRA034,3,0,Estádio Joaquim Américo Guimarães,H
6379,2018,Brasileirão Série A,26,2018-09-23,BRA021,BRA005,2,1, Maracanã,H
6380,2018,Brasileirão Série A,26,2018-09-23,BRA015,BRA028,1,1,Neo Química Arena,D
6381,2018,Brasileirão Série A,26,2018-09-23,BRA043,BRA033,0,1,Adelmar da Costa Carvalho,A
6382,2018,Brasileirão Série A,26,2018-09-23,BRA045,BRA009,3,4, Barradão,A
6383,2018,Brasileirão Série A,26,2018-09-23,BRA018,BRA040,2,1, Mineirão,H
6384,2018,Brasileirão Série A,26,2018-09-24,BRA014,BRA022,1,2,Arena Condá,A
6385,2018,Brasileirão Série A,26,2018-09-24,BRA044,BRA007,2,1,Estádio Vasco da Gama,H
6155,2018,Brasileirão Série A,3,2018-09-27,BRA040,BRA044,1,1,Estádio Municipal Paulo Machado de Carvalho,D
6386,2018,Brasileirão Série A,27,2018-09-29,BRA022,BRA025,0,1,Estádio Nilton Santos,A
6387,2018,Brasileirão Série A,27,2018-09-29,BRA001,BRA015,0,0,Estádio Raimundo Sampaio,D
6388,2018,Brasileirão Série A,27,2018-09-29,BRA007,BRA021,0,0,Itaipava Arena Fonte Nova,D
6389,2018,Brasileirão Série A,27,2018-09-30,BRA033,BRA018,3,1,Estádio Municipal Paulo Machado de Carvalho,H
6390,2018,Brasileirão Série A,27,2018-09-30,BRA005,BRA043,5,2,Estádio Raimundo Sampaio,H
6391,2018,Brasileirão Série A,27,2018-09-30,BRA040,BRA003,1,0,Estádio Urbano Caldeira,H
6392,2018,Brasileirão Série A,27,2018-09-30,BRA009,BRA042,2,2,Estádio Nilton Santos,D
6393,2018,Brasileirão Série A,27,2018-09-30,BRA028,BRA045,2,1,Estádio José Pinheiro Borda,H
6394,2018,Brasileirão Série A,27,2018-09-30,BRA013,BRA014,3,1,Arena Castelão,H
6395,2018,Brasileirão Série A,27,2018-10-01,BRA034,BRA044,1,1,Vila Capanema,D
6396,2018,Brasileirão Série A,28,2018-10-05,BRA043,BRA028,2,1,Adelmar da Costa Carvalho,H
6397,2018,Brasileirão Série A,28,2018-10-05,BRA015,BRA021,0,3,Neo Química Arena,A
6398,2018,Brasileirão Série A,28,2018-10-05,BRA045,BRA040,0,1, Barradão,A
6399,2018,Brasileirão Série A,28,2018-10-06,BRA003,BRA001,4,0,Estádio Joaquim Américo Guimarães,H
6400,2018,Brasileirão Série A,28,2018-10-06,BRA014,BRA005,1,0,Arena Condá,H
6401,2018,Brasileirão Série A,28,2018-10-06,BRA042,BRA033,0,2, Morumbi,A
6402,2018,Brasileirão Série A,28,2018-10-06,BRA025,BRA007,2,2,Arena do Grêmio,D
6403,2018,Brasileirão Série A,28,2018-10-08,BRA022,BRA034,4,0, Maracanã,H
6404,2018,Brasileirão Série A,28,2018-10-09,BRA009,BRA044,1,1,Estádio Nilton Santos,D
6406,2018,Brasileirão Série A,29,2018-10-13,BRA021,BRA022,3,0, Maracanã,H
6407,2018,Brasileirão Série A,29,2018-10-13,BRA040,BRA015,1,0,Estádio Municipal Paulo Machado de Carvalho,H
6408,2018,Brasileirão Série A,29,2018-10-13,BRA007,BRA034,2,0,Estádio de Pituaçu,H
6409,2018,Brasileirão Série A,29,2018-10-14,BRA014,BRA045,0,1,Arena Condá,A
6410,2018,Brasileirão Série A,29,2018-10-14,BRA044,BRA018,2,0,Estádio Vasco da Gama,H
6411,2018,Brasileirão Série A,29,2018-10-14,BRA028,BRA042,3,1,Estádio José Pinheiro Borda,H
6412,2018,Brasileirão Série A,29,2018-10-14,BRA033,BRA025,2,0,Estádio Municipal Paulo Machado de Carvalho,H
6413,2018,Brasileirão Série A,29,2018-10-14,BRA005,BRA001,0,0,Estádio Raimundo Sampaio,D
6414,2018,Brasileirão Série A,29,2018-10-14,BRA003,BRA043,4,0,Estádio Joaquim Américo Guimarães,H
6415,2018,Brasileirão Série A,29,2018-10-15,BRA013,BRA009,0,0,Arena Castelão,D
6416,2018,Brasileirão Série A,30,2018-10-20,BRA001,BRA025,1,1,Estádio Raimundo Sampaio,D
6417,2018,Brasileirão Série A,30,2018-10-20,BRA009,BRA007,0,1,Estádio Nilton Santos,A
6418,2018,Brasileirão Série A,30,2018-10-20,BRA042,BRA003,0,0, Morumbi,D
6419,2018,Brasileirão Série A,30,2018-10-20,BRA043,BRA044,2,1,Adelmar da Costa Carvalho,H
6420,2018,Brasileirão Série A,30,2018-10-21,BRA045,BRA015,2,2, Barradão,D
6421,2018,Brasileirão Série A,30,2018-10-21,BRA022,BRA005,1,0,Estádio Nilton Santos,H
6422,2018,Brasileirão Série A,30,2018-10-21,BRA033,BRA013,2,1,Estádio Municipal Paulo Machado de Carvalho,H
6423,2018,Brasileirão Série A,30,2018-10-21,BRA018,BRA014,3,0,Estádio Raimundo Sampaio,H
6424,2018,Brasileirão Série A,30,2018-10-21,BRA034,BRA021,0,4,Vila Capanema,A
6425,2018,Brasileirão Série A,30,2018-10-22,BRA028,BRA040,2,2,Estádio José Pinheiro Borda,D
6405,2018,Brasileirão Série A,28,2018-10-24,BRA018,BRA013,0,2, Mineirão,A
6426,2018,Brasileirão Série A,31,2018-10-26,BRA045,BRA042,0,1, Barradão,A
6427,2018,Brasileirão Série A,31,2018-10-26,BRA044,BRA028,1,1,Estádio Vasco da Gama,D
6428,2018,Brasileirão Série A,31,2018-10-27,BRA040,BRA022,3,0,Estádio Urbano Caldeira,H
6429,2018,Brasileirão Série A,31,2018-10-27,BRA025,BRA043,3,4,Arena do Grêmio,A
6430,2018,Brasileirão Série A,31,2018-10-27,BRA015,BRA007,2,1,Neo Química Arena,H
6431,2018,Brasileirão Série A,31,2018-10-27,BRA014,BRA001,1,0,Arena Condá,H
6432,2018,Brasileirão Série A,31,2018-10-27,BRA021,BRA033,1,1, Maracanã,D
6433,2018,Brasileirão Série A,31,2018-10-27,BRA018,BRA034,3,1, Mineirão,H
6434,2018,Brasileirão Série A,31,2018-10-27,BRA003,BRA009,2,1,Estádio Joaquim Américo Guimarães,H
6435,2018,Brasileirão Série A,31,2018-10-29,BRA013,BRA005,2,1,Arena Castelão,H
6436,2018,Brasileirão Série A,32,2018-11-03,BRA022,BRA044,0,1, Maracanã,A
6437,2018,Brasileirão Série A,32,2018-11-03,BRA005,BRA025,0,1,Estádio Raimundo Sampaio,A
6438,2018,Brasileirão Série A,32,2018-11-03,BRA033,BRA040,3,2,Allianz Parque,H
6439,2018,Brasileirão Série A,32,2018-11-04,BRA001,BRA018,1,2,Estádio Raimundo Sampaio,A
6440,2018,Brasileirão Série A,32,2018-11-04,BRA034,BRA045,1,1,Vila Capanema,D
6441,2018,Brasileirão Série A,32,2018-11-04,BRA042,BRA021,2,2, Morumbi,D
6442,2018,Brasileirão Série A,32,2018-11-04,BRA009,BRA015,1,0,Estádio Nilton Santos,H
6443,2018,Brasileirão Série A,32,2018-11-04,BRA028,BRA003,2,1,Estádio José Pinheiro Borda,H
6444,2018,Brasileirão Série A,32,2018-11-04,BRA007,BRA014,1,0,Itaipava Arena Fonte Nova,H
6445,2018,Brasileirão Série A,32,2018-11-05,BRA043,BRA013,1,0,Adelmar da Costa Carvalho,H
6446,2018,Brasileirão Série A,33,2018-11-10,BRA001,BRA034,0,1,Estádio Raimundo Sampaio,A
6447,2018,Brasileirão Série A,33,2018-11-10,BRA015,BRA042,1,1,Neo Química Arena,D
6448,2018,Brasileirão Série A,33,2018-11-10,BRA009,BRA021,2,1,Estádio Nilton Santos,H
6449,2018,Brasileirão Série A,33,2018-11-10,BRA003,BRA018,2,0,Estádio Joaquim Américo Guimarães,H
6450,2018,Brasileirão Série A,33,2018-11-11,BRA045,BRA007,2,2, Barradão,D
6451,2018,Brasileirão Série A,33,2018-11-11,BRA013,BRA028,1,1,Arena Castelão,D
6452,2018,Brasileirão Série A,33,2018-11-11,BRA005,BRA033,1,1,Estádio Raimundo Sampaio,D
6453,2018,Brasileirão Série A,33,2018-11-11,BRA025,BRA044,2,1,Arena do Grêmio,H
6454,2018,Brasileirão Série A,33,2018-11-11,BRA022,BRA043,0,0, Maracanã,D
6455,2018,Brasileirão Série A,33,2018-11-12,BRA040,BRA014,0,1,Estádio Municipal Paulo Machado de Carvalho,A
6456,2018,Brasileirão Série A,34,2018-11-14,BRA044,BRA003,1,1,Estádio Vasco da Gama,D
6457,2018,Brasileirão Série A,34,2018-11-14,BRA007,BRA013,2,1,Itaipava Arena Fonte Nova,H
6458,2018,Brasileirão Série A,34,2018-11-14,BRA034,BRA005,0,1,Vila Capanema,A
6459,2018,Brasileirão Série A,34,2018-11-14,BRA043,BRA045,0,0,Adelmar da Costa Carvalho,D
6460,2018,Brasileirão Série A,34,2018-11-14,BRA033,BRA022,3,0,Allianz Parque,H
6461,2018,Brasileirão Série A,34,2018-11-14,BRA018,BRA015,1,0, Mineirão,H
6462,2018,Brasileirão Série A,34,2018-11-15,BRA014,BRA009,0,1,Arena Condá,A
6463,2018,Brasileirão Série A,34,2018-11-15,BRA021,BRA040,1,0, Maracanã,H
6464,2018,Brasileirão Série A,34,2018-11-15,BRA042,BRA025,1,1, Morumbi,D
6465,2018,Brasileirão Série A,34,2018-11-15,BRA028,BRA001,2,0,Estádio José Pinheiro Borda,H
6466,2018,Brasileirão Série A,35,2018-11-17,BRA015,BRA044,1,0,Neo Química Arena,H
6467,2018,Brasileirão Série A,35,2018-11-17,BRA045,BRA003,1,2, Barradão,A
6468,2018,Brasileirão Série A,35,2018-11-17,BRA005,BRA007,1,0,Estádio Raimundo Sampaio,H
6469,2018,Brasileirão Série A,35,2018-11-18,BRA034,BRA033,1,1,  Estádio do Café,D
6470,2018,Brasileirão Série A,35,2018-11-18,BRA001,BRA040,2,1,Estádio Raimundo Sampaio,H
6471,2018,Brasileirão Série A,35,2018-11-18,BRA043,BRA021,0,1,Adelmar da Costa Carvalho,A
6472,2018,Brasileirão Série A,35,2018-11-18,BRA009,BRA028,1,0,Estádio Nilton Santos,H
6473,2018,Brasileirão Série A,35,2018-11-18,BRA042,BRA018,1,0, Morumbi,H
6474,2018,Brasileirão Série A,35,2018-11-18,BRA025,BRA014,2,0,Arena do Grêmio,H
6475,2018,Brasileirão Série A,35,2018-11-19,BRA022,BRA013,0,0, Maracanã,D
6476,2018,Brasileirão Série A,36,2018-11-21,BRA028,BRA005,1,2,Estádio José Pinheiro Borda,A
6477,2018,Brasileirão Série A,36,2018-11-21,BRA040,BRA009,1,1,Estádio Urbano Caldeira,D
6478,2018,Brasileirão Série A,36,2018-11-21,BRA003,BRA015,1,0,Estádio Joaquim Américo Guimarães,H
6479,2018,Brasileirão Série A,36,2018-11-21,BRA033,BRA001,4,0,Allianz Parque,H
6480,2018,Brasileirão Série A,36,2018-11-21,BRA021,BRA025,2,0, Maracanã,H
6481,2018,Brasileirão Série A,36,2018-11-21,BRA018,BRA045,3,0, Mineirão,H
6482,2018,Brasileirão Série A,36,2018-11-22,BRA044,BRA042,2,0,Estádio Vasco da Gama,H
6483,2018,Brasileirão Série A,36,2018-11-22,BRA013,BRA034,1,0,Arena Castelão,H
6484,2018,Brasileirão Série A,36,2018-11-22,BRA007,BRA022,2,0,Itaipava Arena Fonte Nova,H
6485,2018,Brasileirão Série A,36,2018-11-22,BRA014,BRA043,2,1,Arena Condá,H
6486,2018,Brasileirão Série A,37,2018-11-24,BRA040,BRA005,3,2,Estádio Urbano Caldeira,H
6487,2018,Brasileirão Série A,37,2018-11-25,BRA003,BRA013,2,2,Estádio Joaquim Américo Guimarães,D
6488,2018,Brasileirão Série A,37,2018-11-25,BRA018,BRA021,0,2, Mineirão,A
6489,2018,Brasileirão Série A,37,2018-11-25,BRA045,BRA025,0,0, Barradão,D
6490,2018,Brasileirão Série A,37,2018-11-25,BRA044,BRA033,0,1,Estádio Vasco da Gama,A
6491,2018,Brasileirão Série A,37,2018-11-25,BRA028,BRA022,2,0,Estádio José Pinheiro Borda,H
6492,2018,Brasileirão Série A,37,2018-11-25,BRA001,BRA007,1,0,Estádio Raimundo Sampaio,H
6493,2018,Brasileirão Série A,37,2018-11-25,BRA015,BRA014,0,0,Neo Química Arena,D
6494,2018,Brasileirão Série A,37,2018-11-26,BRA009,BRA034,2,1,Estádio Nilton Santos,H
6495,2018,Brasileirão Série A,37,2018-11-26,BRA042,BRA043,0,0, Morumbi,D
6496,2018,Brasileirão Série A,38,2018-12-01,BRA021,BRA003,1,2, Maracanã,A
6497,2018,Brasileirão Série A,38,2018-12-01,BRA005,BRA009,1,0,Estádio Raimundo Sampaio,H
6498,2018,Brasileirão Série A,38,2018-12-02,BRA013,BRA044,0,0,Arena Castelão,D
6499,2018,Brasileirão Série A,38,2018-12-02,BRA025,BRA015,1,0,Arena do Grêmio,H
6500,2018,Brasileirão Série A,38,2018-12-02,BRA007,BRA018,0,0,Estádio de Pituaçu,D
6501,2018,Brasileirão Série A,38,2018-12-02,BRA043,BRA040,2,1,Adelmar da Costa Carvalho,H
6502,2018,Brasileirão Série A,38,2018-12-02,BRA034,BRA028,1,1,Vila Capanema,D
6503,2018,Brasileirão Série A,38,2018-12-02,BRA022,BRA001,1,0, Maracanã,H
6504,2018,Brasileirão Série A,38,2018-12-02,BRA014,BRA042,1,0,Arena Condá,H
6505,2018,Brasileirão Série A,38,2018-12-02,BRA033,BRA045,3,2,Allianz Parque,H
6506,2019,Brasileirão Série A,1,2019-04-27,BRA042,BRA009,2,0, Morumbi,H
6507,2019,Brasileirão Série A,1,2019-04-27,BRA005,BRA006,2,1,Estádio Raimundo Sampaio,H
6508,2019,Brasileirão Série A,1,2019-04-27,BRA014,BRA028,2,0,Arena Condá,H
6509,2019,Brasileirão Série A,1,2019-04-27,BRA021,BRA018,3,1, Maracanã,H
6510,2019,Brasileirão Série A,1,2019-04-28,BRA025,BRA040,1,2,Arena do Grêmio,A
6511,2019,Brasileirão Série A,1,2019-04-28,BRA007,BRA015,3,2,Itaipava Arena Fonte Nova,H
6512,2019,Brasileirão Série A,1,2019-04-28,BRA003,BRA044,4,1,Estádio Joaquim Américo Guimarães,H
6513,2019,Brasileirão Série A,1,2019-04-28,BRA013,BRA012,4,0,Arena Castelão,H
6514,2019,Brasileirão Série A,1,2019-04-28,BRA033,BRA023,4,0,Allianz Parque,H
6515,2019,Brasileirão Série A,1,2019-04-28,BRA022,BRA024,0,1, Maracanã,A
6516,2019,Brasileirão Série A,2,2019-05-01,BRA028,BRA021,2,1,Estádio José Pinheiro Borda,H
6517,2019,Brasileirão Série A,2,2019-05-01,BRA012,BRA033,1,1,Estádio Rei Pelé,D
6518,2019,Brasileirão Série A,2,2019-05-01,BRA015,BRA014,1,0,Neo Química Arena,H
6519,2019,Brasileirão Série A,2,2019-05-01,BRA018,BRA013,1,0, Mineirão,H
6520,2019,Brasileirão Série A,2,2019-05-01,BRA006,BRA025,1,1,  Ressacada,D
6521,2019,Brasileirão Série A,2,2019-05-01,BRA024,BRA042,1,2,Estádio do Governo do Estado de Goiás (Serra Dourada),A
6522,2019,Brasileirão Série A,2,2019-05-01,BRA044,BRA005,1,2,Estádio Vasco da Gama,A
6523,2019,Brasileirão Série A,2,2019-05-01,BRA023,BRA003,2,1,Arena Castelão,H
6524,2019,Brasileirão Série A,2,2019-05-02,BRA040,BRA022,2,1,Estádio Urbano Caldeira,H
6525,2019,Brasileirão Série A,2,2019-05-02,BRA009,BRA007,3,2,Estádio Nilton Santos,H
6526,2019,Brasileirão Série A,3,2019-05-04,BRA044,BRA015,1,1,Arena da Amazônia,D
6527,2019,Brasileirão Série A,3,2019-05-04,BRA033,BRA028,1,0,Allianz Parque,H
6528,2019,Brasileirão Série A,3,2019-05-04,BRA013,BRA005,1,2,Arena Castelão,A
6529,2019,Brasileirão Série A,3,2019-05-05,BRA014,BRA003,1,1,Arena Condá,D
6530,2019,Brasileirão Série A,3,2019-05-05,BRA042,BRA021,1,1, Morumbi,D
6531,2019,Brasileirão Série A,3,2019-05-05,BRA009,BRA023,1,0,Estádio Nilton Santos,H
6532,2019,Brasileirão Série A,3,2019-05-05,BRA012,BRA040,0,0,Estádio Rei Pelé,D
6533,2019,Brasileirão Série A,3,2019-05-05,BRA018,BRA024,2,1, Mineirão,H
6534,2019,Brasileirão Série A,3,2019-05-05,BRA025,BRA022,4,5,Arena do Grêmio,A
6535,2019,Brasileirão Série A,3,2019-05-05,BRA007,BRA006,1,0,Itaipava Arena Fonte Nova,H
6536,2019,Brasileirão Série A,4,2019-05-11,BRA022,BRA009,0,1, Maracanã,A
6537,2019,Brasileirão Série A,4,2019-05-11,BRA015,BRA025,0,0,Neo Química Arena,D
6538,2019,Brasileirão Série A,4,2019-05-11,BRA024,BRA013,2,1,Estádio do Governo do Estado de Goiás (Serra Dourada),H
6539,2019,Brasileirão Série A,4,2019-05-12,BRA021,BRA014,2,1, Maracanã,H
6540,2019,Brasileirão Série A,4,2019-05-12,BRA040,BRA044,3,0,Estádio Municipal Paulo Machado de Carvalho,H
6541,2019,Brasileirão Série A,4,2019-05-12,BRA005,BRA033,0,2, Mineirão,A
6542,2019,Brasileirão Série A,4,2019-05-12,BRA028,BRA018,3,1,Estádio José Pinheiro Borda,H
6543,2019,Brasileirão Série A,4,2019-05-12,BRA006,BRA012,0,0,  Ressacada,D
6544,2019,Brasileirão Série A,4,2019-05-12,BRA003,BRA007,1,0,Estádio Joaquim Américo Guimarães,H
6545,2019,Brasileirão Série A,4,2019-05-12,BRA023,BRA042,0,1,Arena Castelão,A
6546,2019,Brasileirão Série A,5,2019-05-18,BRA022,BRA018,4,1, Maracanã,H
6547,2019,Brasileirão Série A,5,2019-05-18,BRA033,BRA040,4,0,Estádio Municipal Paulo Machado de Carvalho,H
6548,2019,Brasileirão Série A,5,2019-05-18,BRA005,BRA021,2,1,Estádio Raimundo Sampaio,H
6549,2019,Brasileirão Série A,5,2019-05-19,BRA042,BRA007,0,0, Morumbi,D
6550,2019,Brasileirão Série A,5,2019-05-19,BRA028,BRA012,2,0,Estádio José Pinheiro Borda,H
6551,2019,Brasileirão Série A,5,2019-05-19,BRA003,BRA015,0,2,Estádio Joaquim Américo Guimarães,A
6552,2019,Brasileirão Série A,5,2019-05-19,BRA024,BRA009,1,0,Estádio do Governo do Estado de Goiás (Serra Dourada),H
6553,2019,Brasileirão Série A,5,2019-05-19,BRA014,BRA023,1,3,Arena Condá,A
6554,2019,Brasileirão Série A,5,2019-05-19,BRA044,BRA006,1,1,Estádio Vasco da Gama,D
6555,2019,Brasileirão Série A,5,2019-05-19,BRA013,BRA025,2,1,Arena Castelão,H
6556,2019,Brasileirão Série A,6,2019-05-25,BRA009,BRA033,0,1,Estádio Nacional de Brasília,A
6557,2019,Brasileirão Série A,6,2019-05-25,BRA025,BRA005,1,0,Arena do Grêmio,H
6558,2019,Brasileirão Série A,6,2019-05-26,BRA021,BRA003,3,2, Maracanã,H
6559,2019,Brasileirão Série A,6,2019-05-26,BRA040,BRA028,0,0,Estádio Urbano Caldeira,D
6560,2019,Brasileirão Série A,6,2019-05-26,BRA023,BRA044,1,1,Arena Castelão,D
6561,2019,Brasileirão Série A,6,2019-05-26,BRA018,BRA014,1,2,Estádio Raimundo Sampaio,A
6562,2019,Brasileirão Série A,6,2019-05-26,BRA007,BRA022,3,2,Itaipava Arena Fonte Nova,H
6563,2019,Brasileirão Série A,6,2019-05-26,BRA015,BRA042,1,0,Neo Química Arena,H
6564,2019,Brasileirão Série A,6,2019-05-27,BRA012,BRA024,1,0,Estádio Rei Pelé,H
6565,2019,Brasileirão Série A,6,2019-05-27,BRA006,BRA013,1,2,  Ressacada,A
6566,2019,Brasileirão Série A,7,2019-06-01,BRA021,BRA023,2,0,Estádio Nilton Santos,H
6567,2019,Brasileirão Série A,7,2019-06-01,BRA007,BRA025,1,0,Estádio de Pituaçu,H
6568,2019,Brasileirão Série A,7,2019-06-02,BRA009,BRA044,1,0,Estádio Nilton Santos,H
6569,2019,Brasileirão Série A,7,2019-06-02,BRA013,BRA040,0,1,Arena Castelão,A
6570,2019,Brasileirão Série A,7,2019-06-02,BRA003,BRA022,3,0,Estádio Joaquim Américo Guimarães,H
6571,2019,Brasileirão Série A,7,2019-06-02,BRA042,BRA018,1,1,Estádio Municipal Paulo Machado de Carvalho,D
6572,2019,Brasileirão Série A,7,2019-06-02,BRA005,BRA012,4,0,Estádio Raimundo Sampaio,H
6573,2019,Brasileirão Série A,7,2019-06-02,BRA014,BRA033,1,2,Arena Condá,A
6574,2019,Brasileirão Série A,7,2019-06-02,BRA028,BRA006,2,0,Estádio José Pinheiro Borda,H
6576,2019,Brasileirão Série A,8,2019-06-07,BRA044,BRA028,2,1,Estádio Vasco da Gama,H
6577,2019,Brasileirão Série A,8,2019-06-08,BRA033,BRA003,1,0,Allianz Parque,H
6578,2019,Brasileirão Série A,8,2019-06-08,BRA025,BRA023,1,0,Estádio Francisco Stédile (Centenário),H
6579,2019,Brasileirão Série A,8,2019-06-08,BRA018,BRA015,0,0, Mineirão,D
6580,2019,Brasileirão Série A,8,2019-06-08,BRA013,BRA007,0,0,Arena Castelão,D
6581,2019,Brasileirão Série A,8,2019-06-08,BRA006,BRA042,0,0,  Ressacada,D
6582,2019,Brasileirão Série A,8,2019-06-09,BRA012,BRA009,1,2,Estádio Rei Pelé,A
6583,2019,Brasileirão Série A,8,2019-06-09,BRA022,BRA021,0,0, Maracanã,D
6584,2019,Brasileirão Série A,8,2019-06-09,BRA040,BRA005,3,1,Estádio Urbano Caldeira,H
6585,2019,Brasileirão Série A,8,2019-06-10,BRA024,BRA014,3,1,Estádio do Governo do Estado de Goiás (Serra Dourada),H
6586,2019,Brasileirão Série A,9,2019-06-12,BRA009,BRA025,0,1,Estádio Nilton Santos,A
6587,2019,Brasileirão Série A,9,2019-06-12,BRA023,BRA018,2,1,Arena Castelão,H
6588,2019,Brasileirão Série A,9,2019-06-12,BRA028,BRA007,3,1,Estádio José Pinheiro Borda,H
6589,2019,Brasileirão Série A,9,2019-06-12,BRA012,BRA021,0,2,Estádio Nacional de Brasília,A
6590,2019,Brasileirão Série A,9,2019-06-12,BRA040,BRA015,1,0,Estádio Urbano Caldeira,H
6591,2019,Brasileirão Série A,9,2019-06-13,BRA044,BRA013,1,0,Estádio Vasco da Gama,H
6592,2019,Brasileirão Série A,9,2019-06-13,BRA014,BRA022,1,1,Arena Condá,D
6593,2019,Brasileirão Série A,9,2019-06-13,BRA033,BRA006,2,0,Allianz Parque,H
6594,2019,Brasileirão Série A,9,2019-06-13,BRA005,BRA042,1,1,Estádio Raimundo Sampaio,D
6595,2019,Brasileirão Série A,9,2019-06-13,BRA024,BRA003,2,1,Estádio do Governo do Estado de Goiás (Serra Dourada),H
6596,2019,Brasileirão Série A,10,2019-07-13,BRA025,BRA044,2,1,Arena do Grêmio,H
6597,2019,Brasileirão Série A,10,2019-07-13,BRA023,BRA006,2,0,Arena Castelão,H
6598,2019,Brasileirão Série A,10,2019-07-13,BRA007,BRA040,0,1,Estádio de Pituaçu,A
6599,2019,Brasileirão Série A,10,2019-07-13,BRA042,BRA033,1,1, Morumbi,D
6600,2019,Brasileirão Série A,10,2019-07-14,BRA021,BRA024,6,1, Maracanã,H
6601,2019,Brasileirão Série A,10,2019-07-14,BRA015,BRA012,1,0,Neo Química Arena,H
6602,2019,Brasileirão Série A,10,2019-07-14,BRA003,BRA028,1,0,Estádio Joaquim Américo Guimarães,H
6603,2019,Brasileirão Série A,10,2019-07-14,BRA018,BRA009,0,0, Mineirão,D
6604,2019,Brasileirão Série A,10,2019-07-14,BRA014,BRA005,1,2,Arena Condá,A
6605,2019,Brasileirão Série A,10,2019-07-15,BRA022,BRA013,1,1, Maracanã,D
6606,2019,Brasileirão Série A,11,2019-07-20,BRA044,BRA022,2,1,Estádio Vasco da Gama,H
6607,2019,Brasileirão Série A,11,2019-07-20,BRA007,BRA018,0,0,Itaipava Arena Fonte Nova,D
6608,2019,Brasileirão Série A,11,2019-07-20,BRA013,BRA033,2,0,Arena Castelão,H
6609,2019,Brasileirão Série A,11,2019-07-20,BRA012,BRA003,0,4,Estádio Rei Pelé,A
6610,2019,Brasileirão Série A,11,2019-07-20,BRA028,BRA025,1,1,Estádio José Pinheiro Borda,D
6611,2019,Brasileirão Série A,11,2019-07-21,BRA009,BRA040,0,1,Estádio Nilton Santos,A
6612,2019,Brasileirão Série A,11,2019-07-21,BRA005,BRA023,2,2,Estádio Raimundo Sampaio,D
6613,2019,Brasileirão Série A,11,2019-07-21,BRA015,BRA021,1,1,Neo Química Arena,D
6614,2019,Brasileirão Série A,11,2019-07-21,BRA006,BRA024,0,0,  Ressacada,D
6615,2019,Brasileirão Série A,11,2019-07-22,BRA042,BRA014,4,0, Morumbi,H
6616,2019,Brasileirão Série A,12,2019-07-27,BRA033,BRA044,1,1,Allianz Parque,D
6617,2019,Brasileirão Série A,12,2019-07-27,BRA018,BRA003,0,2, Mineirão,A
6618,2019,Brasileirão Série A,12,2019-07-27,BRA022,BRA042,1,2, Maracanã,A
6619,2019,Brasileirão Série A,12,2019-07-27,BRA028,BRA013,1,0,Estádio José Pinheiro Borda,H
6620,2019,Brasileirão Série A,12,2019-07-28,BRA014,BRA007,0,0,Arena Condá,D
6621,2019,Brasileirão Série A,12,2019-07-28,BRA021,BRA009,3,2, Maracanã,H
6622,2019,Brasileirão Série A,12,2019-07-28,BRA040,BRA006,3,1,Estádio Urbano Caldeira,H
6623,2019,Brasileirão Série A,12,2019-07-28,BRA024,BRA005,0,0,Estádio do Governo do Estado de Goiás (Serra Dourada),D
6624,2019,Brasileirão Série A,12,2019-07-28,BRA023,BRA015,1,3,Arena Castelão,A
6625,2019,Brasileirão Série A,12,2019-07-29,BRA012,BRA025,0,0,Estádio Rei Pelé,D
6626,2019,Brasileirão Série A,13,2019-08-03,BRA013,BRA023,2,1,Arena Castelão,H
6627,2019,Brasileirão Série A,13,2019-08-03,BRA022,BRA028,2,1, Maracanã,H
6628,2019,Brasileirão Série A,13,2019-08-04,BRA040,BRA024,6,1,Estádio Urbano Caldeira,H
6629,2019,Brasileirão Série A,13,2019-08-04,BRA006,BRA009,0,2,  Ressacada,A
6630,2019,Brasileirão Série A,13,2019-08-04,BRA007,BRA021,3,0,Itaipava Arena Fonte Nova,H
6631,2019,Brasileirão Série A,13,2019-08-04,BRA015,BRA033,1,1,Neo Química Arena,D
6632,2019,Brasileirão Série A,13,2019-08-04,BRA044,BRA012,0,0,Kléber Andrade,D
6633,2019,Brasileirão Série A,13,2019-08-04,BRA005,BRA018,2,0,Estádio Raimundo Sampaio,H
6634,2019,Brasileirão Série A,13,2019-08-05,BRA025,BRA014,3,3,Arena do Grêmio,D
6575,2019,Brasileirão Série A,7,2019-08-07,BRA015,BRA024,2,0,Neo Química Arena,H
6636,2019,Brasileirão Série A,14,2019-08-10,BRA013,BRA014,4,1,Arena Castelão,H
6637,2019,Brasileirão Série A,14,2019-08-10,BRA042,BRA040,3,2, Morumbi,H
6638,2019,Brasileirão Série A,14,2019-08-10,BRA021,BRA025,3,1, Maracanã,H
6639,2019,Brasileirão Série A,14,2019-08-10,BRA005,BRA022,2,1,Estádio Raimundo Sampaio,H
6640,2019,Brasileirão Série A,14,2019-08-11,BRA028,BRA015,0,0,Estádio José Pinheiro Borda,D
6641,2019,Brasileirão Série A,14,2019-08-11,BRA033,BRA007,2,2,Allianz Parque,D
6642,2019,Brasileirão Série A,14,2019-08-11,BRA006,BRA018,2,2,  Ressacada,D
6643,2019,Brasileirão Série A,14,2019-08-11,BRA009,BRA003,2,1,Estádio Nilton Santos,H
6644,2019,Brasileirão Série A,14,2019-08-11,BRA024,BRA044,0,1,Estádio do Governo do Estado de Goiás (Serra Dourada),A
6645,2019,Brasileirão Série A,14,2019-08-12,BRA012,BRA023,0,2,Estádio Rei Pelé,A
6646,2019,Brasileirão Série A,15,2019-08-17,BRA015,BRA009,2,0,Neo Química Arena,H
6647,2019,Brasileirão Série A,15,2019-08-17,BRA023,BRA028,0,1,Arena Castelão,A
6648,2019,Brasileirão Série A,15,2019-08-17,BRA044,BRA021,1,4,Estádio Nacional de Brasília,A
6649,2019,Brasileirão Série A,15,2019-08-17,BRA003,BRA005,1,0,Estádio Joaquim Américo Guimarães,H
6650,2019,Brasileirão Série A,15,2019-08-17,BRA025,BRA033,1,1,Arena do Grêmio,D
6651,2019,Brasileirão Série A,15,2019-08-18,BRA022,BRA012,0,1, Maracanã,A
6652,2019,Brasileirão Série A,15,2019-08-18,BRA042,BRA013,1,0, Morumbi,H
6653,2019,Brasileirão Série A,15,2019-08-18,BRA007,BRA024,1,1,Itaipava Arena Fonte Nova,D
6654,2019,Brasileirão Série A,15,2019-08-18,BRA018,BRA040,2,0, Mineirão,H
6655,2019,Brasileirão Série A,15,2019-08-18,BRA014,BRA006,1,0,Arena Condá,H
6635,2019,Brasileirão Série A,13,2019-08-21,BRA003,BRA042,0,1,Estádio Joaquim Américo Guimarães,A
6656,2019,Brasileirão Série A,16,2019-08-24,BRA005,BRA007,0,1,Estádio Raimundo Sampaio,A
6657,2019,Brasileirão Série A,16,2019-08-24,BRA025,BRA003,2,1,Arena do Grêmio,H
6658,2019,Brasileirão Série A,16,2019-08-25,BRA024,BRA028,2,1,Estádio do Governo do Estado de Goiás (Serra Dourada),H
6659,2019,Brasileirão Série A,16,2019-08-25,BRA044,BRA042,2,0,Estádio Vasco da Gama,H
6660,2019,Brasileirão Série A,16,2019-08-25,BRA040,BRA023,3,3,Estádio Urbano Caldeira,D
6661,2019,Brasileirão Série A,16,2019-08-25,BRA013,BRA021,0,3,Arena Castelão,A
6662,2019,Brasileirão Série A,16,2019-08-25,BRA006,BRA015,1,1,  Ressacada,D
6663,2019,Brasileirão Série A,16,2019-08-25,BRA012,BRA018,1,1,Estádio Rei Pelé,D
6664,2019,Brasileirão Série A,16,2019-08-26,BRA009,BRA014,0,0,Estádio Nilton Santos,D
6666,2019,Brasileirão Série A,17,2019-08-31,BRA042,BRA025,0,0, Morumbi,D
6667,2019,Brasileirão Série A,17,2019-08-31,BRA007,BRA012,1,0,Itaipava Arena Fonte Nova,H
6668,2019,Brasileirão Série A,17,2019-08-31,BRA014,BRA040,0,1,Arena Condá,A
6669,2019,Brasileirão Série A,17,2019-08-31,BRA003,BRA013,1,0,Estádio Joaquim Américo Guimarães,H
6670,2019,Brasileirão Série A,17,2019-08-31,BRA028,BRA009,3,2,Estádio José Pinheiro Borda,H
6671,2019,Brasileirão Série A,17,2019-09-01,BRA021,BRA033,3,0, Maracanã,H
6672,2019,Brasileirão Série A,17,2019-09-01,BRA023,BRA024,2,0,Arena Castelão,H
6673,2019,Brasileirão Série A,17,2019-09-01,BRA018,BRA044,1,0, Mineirão,H
6674,2019,Brasileirão Série A,17,2019-09-01,BRA015,BRA005,1,0,Neo Química Arena,H
6675,2019,Brasileirão Série A,17,2019-09-02,BRA022,BRA006,0,1, Maracanã,A
6676,2019,Brasileirão Série A,18,2019-09-07,BRA044,BRA007,0,2,Estádio Vasco da Gama,A
6677,2019,Brasileirão Série A,18,2019-09-07,BRA015,BRA013,2,2,Neo Química Arena,D
6678,2019,Brasileirão Série A,18,2019-09-07,BRA006,BRA021,0,3,Estádio Nacional de Brasília,A
6679,2019,Brasileirão Série A,18,2019-09-07,BRA023,BRA022,0,1,Arena Castelão,A
6680,2019,Brasileirão Série A,18,2019-09-07,BRA028,BRA042,1,0,Estádio José Pinheiro Borda,H
6681,2019,Brasileirão Série A,18,2019-09-07,BRA024,BRA033,1,2,Estádio do Governo do Estado de Goiás (Serra Dourada),A
6682,2019,Brasileirão Série A,18,2019-09-08,BRA018,BRA025,1,4,Estádio Raimundo Sampaio,A
6683,2019,Brasileirão Série A,18,2019-09-08,BRA040,BRA003,1,1,Estádio Urbano Caldeira,D
6684,2019,Brasileirão Série A,18,2019-09-08,BRA009,BRA005,2,1,Estádio Nilton Santos,H
6685,2019,Brasileirão Série A,18,2019-09-08,BRA012,BRA014,2,0,Estádio Rei Pelé,H
6665,2019,Brasileirão Série A,16,2019-09-10,BRA033,BRA022,3,0,Allianz Parque,H
6686,2019,Brasileirão Série A,19,2019-09-14,BRA021,BRA040,1,0, Maracanã,H
6687,2019,Brasileirão Série A,19,2019-09-14,BRA014,BRA044,1,2,Arena Condá,A
6688,2019,Brasileirão Série A,19,2019-09-14,BRA033,BRA018,1,0,Allianz Parque,H
6689,2019,Brasileirão Série A,19,2019-09-14,BRA013,BRA009,0,0,Arena Castelão,D
6690,2019,Brasileirão Série A,19,2019-09-15,BRA003,BRA006,0,1,Estádio Joaquim Américo Guimarães,A
6691,2019,Brasileirão Série A,19,2019-09-15,BRA005,BRA028,1,3,Estádio Raimundo Sampaio,A
6692,2019,Brasileirão Série A,19,2019-09-15,BRA007,BRA023,1,1,Itaipava Arena Fonte Nova,D
6693,2019,Brasileirão Série A,19,2019-09-15,BRA025,BRA024,3,0,Arena do Grêmio,H
6694,2019,Brasileirão Série A,19,2019-09-15,BRA022,BRA015,1,0,Estádio Nacional de Brasília,H
6695,2019,Brasileirão Série A,19,2019-09-15,BRA042,BRA012,1,1, Morumbi,D
6696,2019,Brasileirão Série A,20,2019-09-21,BRA009,BRA042,1,2,Estádio Nilton Santos,A
6697,2019,Brasileirão Série A,20,2019-09-21,BRA018,BRA021,1,2, Mineirão,A
6698,2019,Brasileirão Série A,20,2019-09-21,BRA015,BRA007,2,1,Neo Química Arena,H
6699,2019,Brasileirão Série A,20,2019-09-21,BRA040,BRA025,0,3,Estádio Urbano Caldeira,A
6700,2019,Brasileirão Série A,20,2019-09-22,BRA028,BRA014,1,0,Estádio José Pinheiro Borda,H
6701,2019,Brasileirão Série A,20,2019-09-22,BRA023,BRA033,0,1,Arena Castelão,A
6702,2019,Brasileirão Série A,20,2019-09-22,BRA012,BRA013,1,0,Estádio Rei Pelé,H
6703,2019,Brasileirão Série A,20,2019-09-22,BRA044,BRA003,1,1,Estádio Vasco da Gama,D
6704,2019,Brasileirão Série A,20,2019-09-22,BRA024,BRA022,3,0,Estádio do Governo do Estado de Goiás (Serra Dourada),H
6705,2019,Brasileirão Série A,20,2019-09-23,BRA006,BRA005,1,0,  Ressacada,H
6706,2019,Brasileirão Série A,21,2019-09-25,BRA013,BRA018,0,0,Arena Castelão,D
6707,2019,Brasileirão Série A,21,2019-09-25,BRA007,BRA009,2,0,Itaipava Arena Fonte Nova,H
6708,2019,Brasileirão Série A,21,2019-09-25,BRA021,BRA028,3,1, Maracanã,H
6709,2019,Brasileirão Série A,21,2019-09-25,BRA042,BRA024,0,1, Morumbi,A
6710,2019,Brasileirão Série A,21,2019-09-26,BRA033,BRA012,6,2,Estádio Municipal Paulo Machado de Carvalho,H
6711,2019,Brasileirão Série A,21,2019-09-26,BRA022,BRA040,1,1, Maracanã,D
6712,2019,Brasileirão Série A,21,2019-09-26,BRA025,BRA006,6,1,Arena do Grêmio,H
6713,2019,Brasileirão Série A,21,2019-09-26,BRA003,BRA023,4,1,Estádio Joaquim Américo Guimarães,H
6716,2019,Brasileirão Série A,22,2019-09-28,BRA021,BRA042,0,0, Maracanã,D
6717,2019,Brasileirão Série A,22,2019-09-29,BRA015,BRA044,1,0,Neo Química Arena,H
6718,2019,Brasileirão Série A,22,2019-09-29,BRA040,BRA012,2,0,Estádio Urbano Caldeira,H
6719,2019,Brasileirão Série A,22,2019-09-29,BRA028,BRA033,1,1,Estádio José Pinheiro Borda,D
6720,2019,Brasileirão Série A,22,2019-09-29,BRA022,BRA025,2,1, Maracanã,H
6721,2019,Brasileirão Série A,22,2019-09-29,BRA003,BRA014,1,1,Estádio Joaquim Américo Guimarães,D
6722,2019,Brasileirão Série A,22,2019-09-29,BRA005,BRA013,2,1,Estádio Raimundo Sampaio,H
6723,2019,Brasileirão Série A,22,2019-09-30,BRA006,BRA007,0,2,  Ressacada,A
6724,2019,Brasileirão Série A,22,2019-09-30,BRA023,BRA009,1,0,Arena Castelão,H
6725,2019,Brasileirão Série A,22,2019-09-30,BRA024,BRA018,1,0,Estádio do Governo do Estado de Goiás (Serra Dourada),H
6714,2019,Brasileirão Série A,21,2019-10-02,BRA005,BRA044,1,2,Estádio Raimundo Sampaio,A
6715,2019,Brasileirão Série A,21,2019-10-02,BRA014,BRA015,0,1,Arena Condá,A
6726,2019,Brasileirão Série A,23,2019-10-05,BRA044,BRA040,0,1,Estádio Vasco da Gama,A
6727,2019,Brasileirão Série A,23,2019-10-05,BRA042,BRA023,2,1,Estádio Municipal Paulo Machado de Carvalho,H
6728,2019,Brasileirão Série A,23,2019-10-05,BRA025,BRA015,0,0,Arena do Grêmio,D
6729,2019,Brasileirão Série A,23,2019-10-05,BRA007,BRA003,1,2,Itaipava Arena Fonte Nova,A
6730,2019,Brasileirão Série A,23,2019-10-05,BRA018,BRA028,1,1, Mineirão,D
6731,2019,Brasileirão Série A,23,2019-10-06,BRA014,BRA021,0,1,Arena Condá,A
6732,2019,Brasileirão Série A,23,2019-10-06,BRA013,BRA024,0,1,Arena Castelão,A
6733,2019,Brasileirão Série A,23,2019-10-06,BRA033,BRA005,1,1,Allianz Parque,D
6734,2019,Brasileirão Série A,23,2019-10-06,BRA009,BRA022,0,1,Estádio Nilton Santos,A
6735,2019,Brasileirão Série A,23,2019-10-06,BRA012,BRA006,3,1,Estádio Rei Pelé,H
6736,2019,Brasileirão Série A,24,2019-10-09,BRA012,BRA028,1,0,Estádio Rei Pelé,H
6737,2019,Brasileirão Série A,24,2019-10-09,BRA009,BRA024,3,1,Estádio Nilton Santos,H
6738,2019,Brasileirão Série A,24,2019-10-09,BRA023,BRA014,2,0,Arena Castelão,H
6739,2019,Brasileirão Série A,24,2019-10-09,BRA007,BRA042,0,0,Itaipava Arena Fonte Nova,D
6740,2019,Brasileirão Série A,24,2019-10-09,BRA025,BRA013,2,1,Estádio Francisco Stédile (Centenário),H
6741,2019,Brasileirão Série A,24,2019-10-09,BRA018,BRA022,0,0, Mineirão,D
6742,2019,Brasileirão Série A,24,2019-10-09,BRA040,BRA033,2,0,Estádio Urbano Caldeira,H
6743,2019,Brasileirão Série A,24,2019-10-10,BRA015,BRA003,2,2,Neo Química Arena,D
6744,2019,Brasileirão Série A,24,2019-10-10,BRA006,BRA044,0,0,  Ressacada,D
6745,2019,Brasileirão Série A,24,2019-10-10,BRA021,BRA005,3,1, Maracanã,H
6746,2019,Brasileirão Série A,25,2019-10-12,BRA024,BRA012,1,0,Estádio do Governo do Estado de Goiás (Serra Dourada),H
6747,2019,Brasileirão Série A,25,2019-10-12,BRA022,BRA007,2,0, Maracanã,H
6748,2019,Brasileirão Série A,25,2019-10-12,BRA033,BRA009,1,0,Estádio Municipal Paulo Machado de Carvalho,H
6749,2019,Brasileirão Série A,25,2019-10-13,BRA028,BRA040,0,0,Estádio José Pinheiro Borda,D
6750,2019,Brasileirão Série A,25,2019-10-13,BRA003,BRA021,0,2,Estádio Joaquim Américo Guimarães,A
6751,2019,Brasileirão Série A,25,2019-10-13,BRA013,BRA006,1,0,Arena Castelão,H
6752,2019,Brasileirão Série A,25,2019-10-13,BRA044,BRA023,1,0,Estádio Vasco da Gama,H
6753,2019,Brasileirão Série A,25,2019-10-13,BRA042,BRA015,1,0, Morumbi,H
6754,2019,Brasileirão Série A,25,2019-10-13,BRA005,BRA025,1,4,Estádio Raimundo Sampaio,A
6755,2019,Brasileirão Série A,25,2019-10-13,BRA014,BRA018,1,1,Arena Condá,D
6756,2019,Brasileirão Série A,26,2019-10-16,BRA012,BRA005,2,2,Estádio Rei Pelé,D
6757,2019,Brasileirão Série A,26,2019-10-16,BRA025,BRA007,0,1,Arena do Grêmio,A
6758,2019,Brasileirão Série A,26,2019-10-16,BRA023,BRA021,1,2,Arena Castelão,A
6759,2019,Brasileirão Série A,26,2019-10-16,BRA018,BRA042,1,0, Mineirão,H
6760,2019,Brasileirão Série A,26,2019-10-16,BRA033,BRA014,1,0,Allianz Parque,H
6761,2019,Brasileirão Série A,26,2019-10-16,BRA024,BRA015,2,2,Estádio do Governo do Estado de Goiás (Serra Dourada),D
6762,2019,Brasileirão Série A,26,2019-10-16,BRA044,BRA009,2,1,Estádio Vasco da Gama,H
6763,2019,Brasileirão Série A,26,2019-10-17,BRA006,BRA028,0,2,  Ressacada,A
6764,2019,Brasileirão Série A,26,2019-10-17,BRA040,BRA013,2,1,Estádio Urbano Caldeira,H
6765,2019,Brasileirão Série A,26,2019-10-17,BRA022,BRA003,1,2, Maracanã,A
6766,2019,Brasileirão Série A,27,2019-10-19,BRA023,BRA025,2,1,Arena Castelão,H
6767,2019,Brasileirão Série A,27,2019-10-19,BRA015,BRA018,1,2,Neo Química Arena,A
6768,2019,Brasileirão Série A,27,2019-10-20,BRA028,BRA044,0,1,Estádio José Pinheiro Borda,A
6769,2019,Brasileirão Série A,27,2019-10-20,BRA042,BRA006,1,0, Morumbi,H
6770,2019,Brasileirão Série A,27,2019-10-20,BRA005,BRA040,2,0,Estádio Raimundo Sampaio,H
6771,2019,Brasileirão Série A,27,2019-10-20,BRA021,BRA022,2,0, Maracanã,H
6772,2019,Brasileirão Série A,27,2019-10-20,BRA014,BRA024,2,2,Arena Condá,D
6773,2019,Brasileirão Série A,27,2019-10-20,BRA003,BRA033,1,1,Estádio Joaquim Américo Guimarães,D
6774,2019,Brasileirão Série A,27,2019-10-21,BRA007,BRA013,1,2,Estádio de Pituaçu,A
6775,2019,Brasileirão Série A,27,2019-10-21,BRA009,BRA012,2,1,Estádio Nilton Santos,H
6776,2019,Brasileirão Série A,28,2019-10-26,BRA015,BRA040,0,0,Neo Química Arena,D
6777,2019,Brasileirão Série A,28,2019-10-26,BRA013,BRA044,1,1,Arena Castelão,D
6778,2019,Brasileirão Série A,28,2019-10-26,BRA007,BRA028,2,3,Itaipava Arena Fonte Nova,A
6779,2019,Brasileirão Série A,28,2019-10-26,BRA022,BRA014,1,1, Maracanã,D
6780,2019,Brasileirão Série A,28,2019-10-26,BRA018,BRA023,1,1, Mineirão,D
6781,2019,Brasileirão Série A,28,2019-10-27,BRA003,BRA024,4,1,Estádio Joaquim Américo Guimarães,H
6782,2019,Brasileirão Série A,28,2019-10-27,BRA025,BRA009,3,0,Arena do Grêmio,H
6783,2019,Brasileirão Série A,28,2019-10-27,BRA042,BRA005,2,0, Morumbi,H
6784,2019,Brasileirão Série A,28,2019-10-27,BRA006,BRA033,1,2,  Ressacada,A
6785,2019,Brasileirão Série A,28,2019-10-27,BRA021,BRA012,1,0, Maracanã,H
6786,2019,Brasileirão Série A,29,2019-10-30,BRA033,BRA042,3,0,Allianz Parque,H
6787,2019,Brasileirão Série A,29,2019-10-30,BRA006,BRA023,1,3,  Ressacada,A
6788,2019,Brasileirão Série A,29,2019-10-30,BRA005,BRA014,0,2,Estádio Raimundo Sampaio,A
6789,2019,Brasileirão Série A,29,2019-10-30,BRA013,BRA022,2,0,Arena Castelão,H
6790,2019,Brasileirão Série A,29,2019-10-30,BRA044,BRA025,1,3,Estádio Vasco da Gama,A
6791,2019,Brasileirão Série A,29,2019-10-30,BRA012,BRA015,2,1,Estádio Rei Pelé,H
6792,2019,Brasileirão Série A,29,2019-10-31,BRA040,BRA007,1,0,Estádio Urbano Caldeira,H
6793,2019,Brasileirão Série A,29,2019-10-31,BRA024,BRA021,2,2,Estádio do Governo do Estado de Goiás (Serra Dourada),D
6794,2019,Brasileirão Série A,29,2019-10-31,BRA028,BRA003,1,1,Estádio José Pinheiro Borda,D
6795,2019,Brasileirão Série A,29,2019-10-31,BRA009,BRA018,0,2,Estádio Nilton Santos,A
6796,2019,Brasileirão Série A,30,2019-11-02,BRA023,BRA005,2,2,Arena Castelão,D
6797,2019,Brasileirão Série A,30,2019-11-02,BRA022,BRA044,0,0, Maracanã,D
6798,2019,Brasileirão Série A,30,2019-11-02,BRA033,BRA013,1,0,Allianz Parque,H
6799,2019,Brasileirão Série A,30,2019-11-02,BRA014,BRA042,0,3,Arena Condá,A
6800,2019,Brasileirão Série A,30,2019-11-03,BRA021,BRA015,4,1, Maracanã,H
6801,2019,Brasileirão Série A,30,2019-11-03,BRA003,BRA012,1,0,Estádio Joaquim Américo Guimarães,H
6802,2019,Brasileirão Série A,30,2019-11-03,BRA025,BRA028,2,0,Arena do Grêmio,H
6803,2019,Brasileirão Série A,30,2019-11-03,BRA040,BRA009,4,1,Estádio Urbano Caldeira,H
6804,2019,Brasileirão Série A,30,2019-11-03,BRA018,BRA007,1,1, Mineirão,D
6805,2019,Brasileirão Série A,30,2019-11-03,BRA024,BRA006,2,0,Estádio do Governo do Estado de Goiás (Serra Dourada),H
6806,2019,Brasileirão Série A,31,2019-11-06,BRA015,BRA023,3,2,Neo Química Arena,H
6807,2019,Brasileirão Série A,31,2019-11-06,BRA005,BRA024,2,0, Mineirão,H
6808,2019,Brasileirão Série A,31,2019-11-06,BRA006,BRA040,1,2,  Ressacada,A
6809,2019,Brasileirão Série A,31,2019-11-06,BRA003,BRA018,0,0,Estádio Joaquim Américo Guimarães,D
6810,2019,Brasileirão Série A,31,2019-11-06,BRA044,BRA033,1,2,Estádio Vasco da Gama,A
6811,2019,Brasileirão Série A,31,2019-11-06,BRA007,BRA014,1,1,Itaipava Arena Fonte Nova,D
6812,2019,Brasileirão Série A,31,2019-11-07,BRA013,BRA028,2,0,Arena Castelão,H
6813,2019,Brasileirão Série A,31,2019-11-07,BRA042,BRA022,0,2, Morumbi,A
6814,2019,Brasileirão Série A,31,2019-11-07,BRA009,BRA021,0,1,Estádio Nilton Santos,A
6815,2019,Brasileirão Série A,31,2019-11-07,BRA025,BRA012,2,1,Arena do Grêmio,H
6816,2019,Brasileirão Série A,32,2019-11-09,BRA024,BRA040,0,3,Estádio do Governo do Estado de Goiás (Serra Dourada),A
6817,2019,Brasileirão Série A,32,2019-11-09,BRA033,BRA015,1,1,Estádio Municipal Paulo Machado de Carvalho,D
6818,2019,Brasileirão Série A,32,2019-11-10,BRA028,BRA022,2,1,Estádio José Pinheiro Borda,H
6819,2019,Brasileirão Série A,32,2019-11-10,BRA018,BRA005,0,0, Mineirão,D
6820,2019,Brasileirão Série A,32,2019-11-10,BRA042,BRA003,0,1, Morumbi,A
6821,2019,Brasileirão Série A,32,2019-11-10,BRA021,BRA007,3,1, Maracanã,H
6822,2019,Brasileirão Série A,32,2019-11-10,BRA014,BRA025,0,1,Arena Condá,A
6823,2019,Brasileirão Série A,32,2019-11-10,BRA023,BRA013,1,0,Arena Castelão,H
6824,2019,Brasileirão Série A,32,2019-11-10,BRA012,BRA044,0,3,Estádio Rei Pelé,A
6825,2019,Brasileirão Série A,32,2019-11-11,BRA009,BRA006,2,0,Estádio Nilton Santos,H
6826,2019,Brasileirão Série A,34,2019-11-13,BRA021,BRA044,4,4, Maracanã,D
6836,2019,Brasileirão Série A,33,2019-11-16,BRA040,BRA042,1,1,Estádio Urbano Caldeira,D
6837,2019,Brasileirão Série A,33,2019-11-16,BRA022,BRA005,1,1, Maracanã,D
6838,2019,Brasileirão Série A,33,2019-11-17,BRA025,BRA021,0,1,Arena do Grêmio,A
6839,2019,Brasileirão Série A,33,2019-11-17,BRA007,BRA033,1,1,Itaipava Arena Fonte Nova,D
6840,2019,Brasileirão Série A,33,2019-11-17,BRA014,BRA013,1,0,Arena Condá,H
6841,2019,Brasileirão Série A,33,2019-11-17,BRA003,BRA009,1,0,Estádio Joaquim Américo Guimarães,H
6842,2019,Brasileirão Série A,33,2019-11-17,BRA015,BRA028,0,0,Neo Química Arena,D
6843,2019,Brasileirão Série A,33,2019-11-17,BRA023,BRA012,3,0,Arena Castelão,H
6844,2019,Brasileirão Série A,33,2019-11-18,BRA044,BRA024,1,1,Estádio Vasco da Gama,D
6845,2019,Brasileirão Série A,33,2019-11-18,BRA018,BRA006,0,0, Mineirão,D
6827,2019,Brasileirão Série A,34,2019-11-23,BRA040,BRA018,4,1,Estádio Urbano Caldeira,H
6828,2019,Brasileirão Série A,34,2019-11-24,BRA033,BRA025,1,2,Allianz Parque,A
6829,2019,Brasileirão Série A,34,2019-11-24,BRA005,BRA003,0,1, Mineirão,A
6830,2019,Brasileirão Série A,34,2019-11-24,BRA024,BRA007,4,3,Estádio do Governo do Estado de Goiás (Serra Dourada),H
6831,2019,Brasileirão Série A,34,2019-11-24,BRA009,BRA015,1,0,Estádio Nilton Santos,H
6832,2019,Brasileirão Série A,34,2019-11-24,BRA013,BRA042,1,1,Arena Castelão,D
6833,2019,Brasileirão Série A,34,2019-11-24,BRA028,BRA023,2,2,Estádio José Pinheiro Borda,D
6834,2019,Brasileirão Série A,34,2019-11-24,BRA006,BRA014,0,1,  Ressacada,A
6835,2019,Brasileirão Série A,34,2019-11-25,BRA012,BRA022,0,1,Estádio Rei Pelé,A
6846,2019,Brasileirão Série A,35,2019-11-27,BRA028,BRA024,1,2,Estádio José Pinheiro Borda,A
6847,2019,Brasileirão Série A,35,2019-11-27,BRA014,BRA009,0,1,Arena Condá,A
6848,2019,Brasileirão Série A,35,2019-11-27,BRA007,BRA005,1,1,Itaipava Arena Fonte Nova,D
6849,2019,Brasileirão Série A,35,2019-11-27,BRA003,BRA025,2,0,Estádio Joaquim Américo Guimarães,H
6850,2019,Brasileirão Série A,35,2019-11-27,BRA021,BRA013,4,1, Maracanã,H
6851,2019,Brasileirão Série A,35,2019-11-27,BRA015,BRA006,3,0,Neo Química Arena,H
6852,2019,Brasileirão Série A,35,2019-11-28,BRA022,BRA033,1,0, Maracanã,H
6853,2019,Brasileirão Série A,35,2019-11-28,BRA023,BRA040,2,1,Arena Castelão,H
6854,2019,Brasileirão Série A,35,2019-11-28,BRA042,BRA044,1,0, Morumbi,H
6855,2019,Brasileirão Série A,35,2019-11-28,BRA018,BRA012,0,1, Mineirão,A
6856,2019,Brasileirão Série A,36,2019-11-30,BRA009,BRA028,0,1,Estádio Nilton Santos,A
6857,2019,Brasileirão Série A,36,2019-11-30,BRA013,BRA003,1,1,Arena Castelão,D
6858,2019,Brasileirão Série A,36,2019-12-01,BRA006,BRA022,1,1,  Ressacada,D
6859,2019,Brasileirão Série A,36,2019-12-01,BRA033,BRA021,1,3,Allianz Parque,A
6860,2019,Brasileirão Série A,36,2019-12-01,BRA024,BRA023,1,2,Estádio do Governo do Estado de Goiás (Serra Dourada),A
6861,2019,Brasileirão Série A,36,2019-12-01,BRA012,BRA007,1,2,Estádio Rei Pelé,A
6862,2019,Brasileirão Série A,36,2019-12-01,BRA005,BRA015,2,1,Estádio Raimundo Sampaio,H
6863,2019,Brasileirão Série A,36,2019-12-01,BRA040,BRA014,2,0,Estádio Urbano Caldeira,H
6864,2019,Brasileirão Série A,36,2019-12-01,BRA025,BRA042,3,0,Arena do Grêmio,H
6865,2019,Brasileirão Série A,36,2019-12-02,BRA044,BRA018,1,0,Estádio Vasco da Gama,H
6866,2019,Brasileirão Série A,37,2019-12-04,BRA003,BRA040,1,0,Estádio Joaquim Américo Guimarães,H
6867,2019,Brasileirão Série A,37,2019-12-04,BRA013,BRA015,0,1,Arena Castelão,A
6868,2019,Brasileirão Série A,37,2019-12-04,BRA005,BRA009,2,0, Mineirão,H
6869,2019,Brasileirão Série A,37,2019-12-04,BRA014,BRA012,3,0,Arena Condá,H
6870,2019,Brasileirão Série A,37,2019-12-04,BRA022,BRA023,0,0, Maracanã,D
6871,2019,Brasileirão Série A,37,2019-12-04,BRA042,BRA028,2,1, Morumbi,H
6872,2019,Brasileirão Série A,37,2019-12-05,BRA025,BRA018,2,0,Arena do Grêmio,H
6873,2019,Brasileirão Série A,37,2019-12-05,BRA033,BRA024,5,1,Estádio Brinco de Ouro,H
6874,2019,Brasileirão Série A,37,2019-12-05,BRA007,BRA044,1,1,Itaipava Arena Fonte Nova,D
6875,2019,Brasileirão Série A,37,2019-12-05,BRA021,BRA006,6,1, Maracanã,H
6876,2019,Brasileirão Série A,38,2019-12-08,BRA015,BRA022,1,2,Neo Química Arena,A
6877,2019,Brasileirão Série A,38,2019-12-08,BRA040,BRA021,4,0,Estádio Urbano Caldeira,H
6878,2019,Brasileirão Série A,38,2019-12-08,BRA009,BRA013,1,1,Estádio Nilton Santos,D
6879,2019,Brasileirão Série A,38,2019-12-08,BRA012,BRA042,1,2,Estádio Rei Pelé,A
6880,2019,Brasileirão Série A,38,2019-12-08,BRA028,BRA005,2,1,Estádio José Pinheiro Borda,H
6881,2019,Brasileirão Série A,38,2019-12-08,BRA018,BRA033,0,2, Mineirão,A
6882,2019,Brasileirão Série A,38,2019-12-08,BRA024,BRA025,3,2,Estádio do Governo do Estado de Goiás (Serra Dourada),H
6883,2019,Brasileirão Série A,38,2019-12-08,BRA044,BRA014,1,1, Maracanã,D
6884,2019,Brasileirão Série A,38,2019-12-08,BRA006,BRA003,0,0,  Ressacada,D
6885,2019,Brasileirão Série A,38,2019-12-08,BRA023,BRA007,2,1,Arena Castelão,H
6886,2020,Brasileirão Série A,1,2020-08-08,BRA023,BRA003,0,2,Arena Castelão,A
6887,2020,Brasileirão Série A,1,2020-08-08,BRA016,BRA028,0,1, Couto Pereira,A
6888,2020,Brasileirão Série A,1,2020-08-08,BRA043,BRA013,3,2,Adelmar da Costa Carvalho,H
6889,2020,Brasileirão Série A,1,2020-08-09,BRA040,BRA010,1,1,Estádio Urbano Caldeira,D
6890,2020,Brasileirão Série A,1,2020-08-09,BRA021,BRA005,0,1, Maracanã,A
6891,2020,Brasileirão Série A,1,2020-08-09,BRA025,BRA022,1,0,Arena do Grêmio,H
6896,2020,Brasileirão Série A,2,2020-08-12,BRA003,BRA024,2,1,Estádio Joaquim Américo Guimarães,H
6897,2020,Brasileirão Série A,2,2020-08-12,BRA005,BRA015,3,2, Mineirão,H
6898,2020,Brasileirão Série A,2,2020-08-12,BRA010,BRA009,1,1,Nabizão,D
6899,2020,Brasileirão Série A,2,2020-08-12,BRA007,BRA016,1,0,Estádio de Pituaçu,H
6900,2020,Brasileirão Série A,2,2020-08-12,BRA004,BRA021,3,0,Estádio Olímpico Pedro Ludovico Teixeira,H
6901,2020,Brasileirão Série A,2,2020-08-12,BRA013,BRA025,1,1,Arena Castelão,D
6902,2020,Brasileirão Série A,2,2020-08-12,BRA022,BRA033,1,1, Maracanã,D
6903,2020,Brasileirão Série A,2,2020-08-13,BRA042,BRA023,1,0, Morumbi,H
6904,2020,Brasileirão Série A,2,2020-08-13,BRA028,BRA040,2,0,Estádio José Pinheiro Borda,H
6905,2020,Brasileirão Série A,2,2020-08-13,BRA044,BRA043,2,0,Estádio Vasco da Gama,H
6906,2020,Brasileirão Série A,3,2020-08-15,BRA025,BRA015,0,0,Arena do Grêmio,D
6907,2020,Brasileirão Série A,3,2020-08-15,BRA016,BRA021,0,1, Couto Pereira,A
6908,2020,Brasileirão Série A,3,2020-08-15,BRA033,BRA024,1,1,Allianz Parque,D
6909,2020,Brasileirão Série A,3,2020-08-16,BRA005,BRA013,2,0, Mineirão,H
6910,2020,Brasileirão Série A,3,2020-08-16,BRA007,BRA010,2,1,Estádio de Pituaçu,H
6911,2020,Brasileirão Série A,3,2020-08-16,BRA044,BRA042,2,1,Estádio Vasco da Gama,H
6912,2020,Brasileirão Série A,3,2020-08-16,BRA022,BRA028,2,1, Maracanã,H
6913,2020,Brasileirão Série A,3,2020-08-16,BRA004,BRA043,1,1,Estádio Olímpico Pedro Ludovico Teixeira,D
6914,2020,Brasileirão Série A,3,2020-08-16,BRA023,BRA009,0,0,Arena Castelão,D
6915,2020,Brasileirão Série A,3,2020-08-16,BRA040,BRA003,3,1,Estádio Urbano Caldeira,H
6916,2020,Brasileirão Série A,4,2020-08-19,BRA021,BRA025,1,1, Maracanã,D
6917,2020,Brasileirão Série A,4,2020-08-19,BRA010,BRA022,2,1,Nabizão,H
6918,2020,Brasileirão Série A,4,2020-08-19,BRA003,BRA033,0,1,Estádio Joaquim Américo Guimarães,A
6919,2020,Brasileirão Série A,4,2020-08-19,BRA024,BRA023,1,3,Estádio da Serrinha,A
6920,2020,Brasileirão Série A,4,2020-08-19,BRA028,BRA004,3,0,Estádio José Pinheiro Borda,H
6921,2020,Brasileirão Série A,4,2020-08-19,BRA015,BRA016,3,1,Neo Química Arena,H
6922,2020,Brasileirão Série A,4,2020-08-19,BRA009,BRA005,2,1,Estádio Nilton Santos,H
6923,2020,Brasileirão Série A,4,2020-08-20,BRA043,BRA040,0,1,Adelmar da Costa Carvalho,A
6924,2020,Brasileirão Série A,4,2020-08-20,BRA013,BRA044,0,3,Arena Castelão,A
6925,2020,Brasileirão Série A,4,2020-08-20,BRA042,BRA007,1,1, Morumbi,D
6926,2020,Brasileirão Série A,5,2020-08-22,BRA003,BRA022,0,1,Estádio Joaquim Américo Guimarães,A
6927,2020,Brasileirão Série A,5,2020-08-22,BRA028,BRA005,1,0,Estádio José Pinheiro Borda,H
6928,2020,Brasileirão Série A,5,2020-08-22,BRA024,BRA004,2,0,Estádio da Serrinha,H
6929,2020,Brasileirão Série A,5,2020-08-23,BRA021,BRA009,1,1, Maracanã,D
6930,2020,Brasileirão Série A,5,2020-08-23,BRA044,BRA025,0,0,Estádio Vasco da Gama,D
6931,2020,Brasileirão Série A,5,2020-08-23,BRA033,BRA040,2,1, Morumbi,H
6932,2020,Brasileirão Série A,5,2020-08-23,BRA010,BRA016,1,2,Nabizão,A
6933,2020,Brasileirão Série A,5,2020-08-23,BRA043,BRA042,0,1,Adelmar da Costa Carvalho,A
6934,2020,Brasileirão Série A,5,2020-08-23,BRA013,BRA007,2,0,Arena Castelão,H
6935,2020,Brasileirão Série A,5,2020-08-26,BRA015,BRA023,1,1,Neo Química Arena,D
6936,2020,Brasileirão Série A,11,2020-08-26,BRA042,BRA003,1,0, Morumbi,H
6946,2020,Brasileirão Série A,6,2020-08-29,BRA009,BRA028,0,2,Estádio Nilton Santos,A
6947,2020,Brasileirão Série A,6,2020-08-29,BRA022,BRA044,2,1, Maracanã,H
6948,2020,Brasileirão Série A,6,2020-08-29,BRA007,BRA033,1,1,Estádio de Pituaçu,D
6949,2020,Brasileirão Série A,6,2020-08-29,BRA023,BRA010,3,0,Arena Castelão,H
6950,2020,Brasileirão Série A,6,2020-08-30,BRA042,BRA015,2,1, Morumbi,H
6951,2020,Brasileirão Série A,6,2020-08-30,BRA016,BRA043,1,0, Couto Pereira,H
6952,2020,Brasileirão Série A,6,2020-08-30,BRA040,BRA021,0,1,Estádio Urbano Caldeira,A
6953,2020,Brasileirão Série A,6,2020-08-30,BRA004,BRA013,0,2,Estádio Olímpico Pedro Ludovico Teixeira,A
6956,2020,Brasileirão Série A,7,2020-09-02,BRA013,BRA023,1,0,Arena Castelão,H
6957,2020,Brasileirão Série A,7,2020-09-02,BRA022,BRA004,1,1, Maracanã,D
6958,2020,Brasileirão Série A,7,2020-09-02,BRA024,BRA015,1,2,Estádio da Serrinha,A
6959,2020,Brasileirão Série A,7,2020-09-02,BRA009,BRA016,0,0,Estádio Nilton Santos,D
6960,2020,Brasileirão Série A,7,2020-09-02,BRA003,BRA010,1,1,Estádio Joaquim Américo Guimarães,D
6961,2020,Brasileirão Série A,7,2020-09-02,BRA007,BRA021,3,5,Estádio de Pituaçu,A
6962,2020,Brasileirão Série A,7,2020-09-02,BRA033,BRA028,1,1,Allianz Parque,D
6963,2020,Brasileirão Série A,7,2020-09-02,BRA040,BRA044,2,2,Estádio Urbano Caldeira,D
6964,2020,Brasileirão Série A,7,2020-09-03,BRA025,BRA043,1,2,Arena do Grêmio,A
6965,2020,Brasileirão Série A,7,2020-09-03,BRA005,BRA042,3,0, Mineirão,H
6966,2020,Brasileirão Série A,8,2020-09-05,BRA021,BRA023,2,1, Maracanã,H
6967,2020,Brasileirão Série A,8,2020-09-05,BRA015,BRA009,2,2,Neo Química Arena,D
6968,2020,Brasileirão Série A,8,2020-09-05,BRA013,BRA040,0,1,Arena Castelão,A
6969,2020,Brasileirão Série A,8,2020-09-06,BRA010,BRA033,1,2,Nabizão,A
6970,2020,Brasileirão Série A,8,2020-09-06,BRA028,BRA007,2,2,Estádio José Pinheiro Borda,D
6971,2020,Brasileirão Série A,8,2020-09-06,BRA042,BRA022,3,1, Morumbi,H
6972,2020,Brasileirão Série A,8,2020-09-06,BRA044,BRA003,1,0,Estádio Vasco da Gama,H
6973,2020,Brasileirão Série A,8,2020-09-06,BRA004,BRA025,1,1,Estádio Olímpico Pedro Ludovico Teixeira,D
6974,2020,Brasileirão Série A,8,2020-09-06,BRA043,BRA024,2,1,Adelmar da Costa Carvalho,H
6975,2020,Brasileirão Série A,8,2020-09-06,BRA016,BRA005,0,1, Couto Pereira,A
6976,2020,Brasileirão Série A,9,2020-09-09,BRA003,BRA009,1,1,Estádio Joaquim Américo Guimarães,D
6977,2020,Brasileirão Série A,9,2020-09-09,BRA023,BRA043,1,0,Arena Castelão,H
6978,2020,Brasileirão Série A,9,2020-09-09,BRA024,BRA016,3,3,Estádio da Serrinha,D
6979,2020,Brasileirão Série A,9,2020-09-09,BRA042,BRA010,1,1, Morumbi,D
6980,2020,Brasileirão Série A,9,2020-09-09,BRA022,BRA021,1,2, Maracanã,A
6981,2020,Brasileirão Série A,9,2020-09-09,BRA040,BRA005,3,1,Estádio Urbano Caldeira,H
6982,2020,Brasileirão Série A,9,2020-09-10,BRA028,BRA013,2,0,Estádio José Pinheiro Borda,H
6983,2020,Brasileirão Série A,9,2020-09-10,BRA015,BRA033,0,2,Neo Química Arena,A
6984,2020,Brasileirão Série A,9,2020-09-10,BRA007,BRA025,0,2,Estádio de Pituaçu,A
6985,2020,Brasileirão Série A,9,2020-09-10,BRA044,BRA004,1,2,Estádio Vasco da Gama,A
6986,2020,Brasileirão Série A,10,2020-09-12,BRA003,BRA016,1,0,Estádio Joaquim Américo Guimarães,H
6987,2020,Brasileirão Série A,10,2020-09-12,BRA040,BRA042,2,2,Estádio Urbano Caldeira,D
6988,2020,Brasileirão Série A,10,2020-09-13,BRA022,BRA015,2,1, Maracanã,H
6989,2020,Brasileirão Série A,10,2020-09-13,BRA025,BRA023,1,1,Arena do Grêmio,D
6990,2020,Brasileirão Série A,10,2020-09-13,BRA005,BRA010,2,1, Mineirão,H
6991,2020,Brasileirão Série A,10,2020-09-13,BRA007,BRA004,0,1,Estádio de Pituaçu,A
6992,2020,Brasileirão Série A,10,2020-09-13,BRA013,BRA021,2,0,Arena Castelão,H
6993,2020,Brasileirão Série A,10,2020-09-13,BRA024,BRA028,1,0,Estádio da Serrinha,H
6994,2020,Brasileirão Série A,10,2020-09-13,BRA033,BRA043,2,2,Allianz Parque,D
6995,2020,Brasileirão Série A,10,2020-09-13,BRA009,BRA044,2,3,Estádio Nilton Santos,A
6937,2020,Brasileirão Série A,11,2020-09-16,BRA015,BRA007,3,2,Neo Química Arena,H
6938,2020,Brasileirão Série A,11,2020-09-19,BRA023,BRA028,1,0,Arena Castelão,H
6939,2020,Brasileirão Série A,11,2020-09-19,BRA010,BRA013,4,2,Nabizão,H
6940,2020,Brasileirão Série A,11,2020-09-19,BRA004,BRA005,3,4,Estádio Olímpico Pedro Ludovico Teixeira,A
6941,2020,Brasileirão Série A,11,2020-09-20,BRA025,BRA033,1,1,Arena do Grêmio,D
6942,2020,Brasileirão Série A,11,2020-09-20,BRA016,BRA044,1,0, Couto Pereira,H
6943,2020,Brasileirão Série A,11,2020-09-20,BRA009,BRA040,0,0,Estádio Nilton Santos,D
6944,2020,Brasileirão Série A,11,2020-09-20,BRA043,BRA022,1,0,Adelmar da Costa Carvalho,H
6996,2020,Brasileirão Série A,12,2020-09-23,BRA043,BRA015,1,0,Adelmar da Costa Carvalho,H
6997,2020,Brasileirão Série A,12,2020-09-26,BRA003,BRA007,1,0,Estádio Joaquim Américo Guimarães,H
6998,2020,Brasileirão Série A,12,2020-09-26,BRA028,BRA042,1,1,Estádio José Pinheiro Borda,D
6999,2020,Brasileirão Série A,12,2020-09-26,BRA005,BRA025,3,1, Mineirão,H
7000,2020,Brasileirão Série A,12,2020-09-27,BRA044,BRA010,1,1,Estádio Vasco da Gama,D
7001,2020,Brasileirão Série A,12,2020-09-27,BRA033,BRA021,1,1,Allianz Parque,D
7002,2020,Brasileirão Série A,12,2020-09-27,BRA013,BRA024,2,2,Arena Castelão,D
7003,2020,Brasileirão Série A,12,2020-09-27,BRA004,BRA009,1,1,Estádio Olímpico Pedro Ludovico Teixeira,D
7004,2020,Brasileirão Série A,12,2020-09-27,BRA040,BRA023,1,1,Estádio Urbano Caldeira,D
7005,2020,Brasileirão Série A,12,2020-09-28,BRA022,BRA016,4,0,Estádio Nilton Santos,H
6892,2020,Brasileirão Série A,1,2020-09-30,BRA015,BRA004,0,0,Neo Química Arena,D
6893,2020,Brasileirão Série A,1,2020-09-30,BRA009,BRA007,1,2,Estádio Nilton Santos,A
7006,2020,Brasileirão Série A,13,2020-10-03,BRA025,BRA028,1,1,Arena do Grêmio,D
7007,2020,Brasileirão Série A,13,2020-10-03,BRA033,BRA013,2,1,Allianz Parque,H
7008,2020,Brasileirão Série A,13,2020-10-03,BRA010,BRA015,0,0,Nabizão,D
7009,2020,Brasileirão Série A,13,2020-10-04,BRA009,BRA022,1,1,Estádio Nilton Santos,D
7010,2020,Brasileirão Série A,13,2020-10-04,BRA016,BRA042,1,1, Couto Pereira,D
7011,2020,Brasileirão Série A,13,2020-10-04,BRA021,BRA003,3,1, Maracanã,H
7012,2020,Brasileirão Série A,13,2020-10-04,BRA023,BRA004,0,0,Arena Castelão,D
7013,2020,Brasileirão Série A,13,2020-10-04,BRA024,BRA040,2,3,Estádio da Serrinha,A
7014,2020,Brasileirão Série A,13,2020-10-04,BRA007,BRA043,1,2,Estádio de Pituaçu,A
7015,2020,Brasileirão Série A,13,2020-10-04,BRA005,BRA044,4,1, Mineirão,H
7016,2020,Brasileirão Série A,14,2020-10-07,BRA015,BRA040,1,1,Neo Química Arena,D
7017,2020,Brasileirão Série A,14,2020-10-07,BRA021,BRA043,3,0, Maracanã,H
7018,2020,Brasileirão Série A,14,2020-10-07,BRA007,BRA044,3,0,Estádio de Pituaçu,H
7019,2020,Brasileirão Série A,14,2020-10-07,BRA025,BRA016,2,1,Arena do Grêmio,H
7020,2020,Brasileirão Série A,14,2020-10-07,BRA042,BRA004,3,0, Morumbi,H
7021,2020,Brasileirão Série A,14,2020-10-07,BRA024,BRA022,2,4,Estádio da Serrinha,A
7022,2020,Brasileirão Série A,14,2020-10-07,BRA009,BRA033,2,1,Estádio Nilton Santos,H
7023,2020,Brasileirão Série A,14,2020-10-07,BRA023,BRA005,2,1,Arena Castelão,H
7024,2020,Brasileirão Série A,14,2020-10-08,BRA003,BRA013,0,0,Estádio Joaquim Américo Guimarães,D
7025,2020,Brasileirão Série A,14,2020-10-08,BRA010,BRA028,0,2,Nabizão,A
7026,2020,Brasileirão Série A,15,2020-10-10,BRA044,BRA021,1,2,Estádio Vasco da Gama,A
7027,2020,Brasileirão Série A,15,2020-10-10,BRA016,BRA023,0,0, Couto Pereira,D
7028,2020,Brasileirão Série A,15,2020-10-10,BRA033,BRA042,0,2,Allianz Parque,A
7029,2020,Brasileirão Série A,15,2020-10-10,BRA005,BRA024,3,0, Mineirão,H
7030,2020,Brasileirão Série A,15,2020-10-11,BRA022,BRA007,1,0, Maracanã,H
7031,2020,Brasileirão Série A,15,2020-10-11,BRA040,BRA025,2,1,Estádio Urbano Caldeira,H
7032,2020,Brasileirão Série A,15,2020-10-11,BRA043,BRA009,1,2,Adelmar da Costa Carvalho,A
7033,2020,Brasileirão Série A,15,2020-10-11,BRA004,BRA010,2,1,Estádio Olímpico Pedro Ludovico Teixeira,H
7034,2020,Brasileirão Série A,15,2020-10-11,BRA013,BRA015,2,1,Arena Castelão,H
7035,2020,Brasileirão Série A,15,2020-10-11,BRA028,BRA003,2,1,Estádio José Pinheiro Borda,H
6945,2020,Brasileirão Série A,11,2020-10-13,BRA021,BRA024,2,1, Maracanã,H
7036,2020,Brasileirão Série A,16,2020-10-14,BRA033,BRA016,1,3,Allianz Parque,A
7037,2020,Brasileirão Série A,16,2020-10-14,BRA025,BRA009,3,1,Arena do Grêmio,H
7038,2020,Brasileirão Série A,16,2020-10-14,BRA040,BRA004,0,1,Estádio Urbano Caldeira,A
7039,2020,Brasileirão Série A,16,2020-10-14,BRA003,BRA015,0,1,Estádio Joaquim Américo Guimarães,A
7040,2020,Brasileirão Série A,16,2020-10-14,BRA005,BRA022,1,1, Mineirão,D
7041,2020,Brasileirão Série A,16,2020-10-14,BRA043,BRA028,3,5,Adelmar da Costa Carvalho,A
7042,2020,Brasileirão Série A,16,2020-10-15,BRA021,BRA010,1,1, Maracanã,D
7043,2020,Brasileirão Série A,16,2020-10-16,BRA024,BRA007,1,1,Estádio da Serrinha,D
7046,2020,Brasileirão Série A,17,2020-10-17,BRA004,BRA003,1,1,Estádio Olímpico Pedro Ludovico Teixeira,D
7047,2020,Brasileirão Série A,17,2020-10-17,BRA016,BRA040,1,2, Couto Pereira,A
7048,2020,Brasileirão Série A,17,2020-10-17,BRA022,BRA013,2,2, Maracanã,D
7049,2020,Brasileirão Série A,17,2020-10-17,BRA042,BRA025,0,0, Morumbi,D
7050,2020,Brasileirão Série A,17,2020-10-18,BRA015,BRA021,1,5,Neo Química Arena,A
7051,2020,Brasileirão Série A,17,2020-10-18,BRA028,BRA044,2,0,Estádio José Pinheiro Borda,H
7052,2020,Brasileirão Série A,17,2020-10-18,BRA010,BRA043,2,0,Nabizão,H
7053,2020,Brasileirão Série A,17,2020-10-18,BRA023,BRA033,2,0,Arena Castelão,H
7054,2020,Brasileirão Série A,17,2020-10-19,BRA007,BRA005,3,1,Estádio de Pituaçu,H
7055,2020,Brasileirão Série A,17,2020-10-19,BRA009,BRA024,0,0,Estádio Nilton Santos,D
7056,2020,Brasileirão Série A,18,2020-10-21,BRA044,BRA015,1,2,Estádio Vasco da Gama,A
7057,2020,Brasileirão Série A,18,2020-10-24,BRA010,BRA024,2,0,Nabizão,H
7058,2020,Brasileirão Série A,18,2020-10-24,BRA013,BRA016,2,1,Arena Castelão,H
7059,2020,Brasileirão Série A,18,2020-10-24,BRA005,BRA043,0,0, Mineirão,D
7060,2020,Brasileirão Série A,18,2020-10-25,BRA004,BRA033,0,3,Estádio Olímpico Pedro Ludovico Teixeira,A
7061,2020,Brasileirão Série A,18,2020-10-25,BRA022,BRA040,3,1, Maracanã,H
7062,2020,Brasileirão Série A,18,2020-10-25,BRA003,BRA025,1,2,Estádio Joaquim Américo Guimarães,A
7063,2020,Brasileirão Série A,18,2020-10-25,BRA028,BRA021,2,2,Estádio José Pinheiro Borda,D
7066,2020,Brasileirão Série A,19,2020-10-31,BRA009,BRA013,2,2,Estádio Nilton Santos,D
7067,2020,Brasileirão Série A,19,2020-10-31,BRA016,BRA004,1,0, Couto Pereira,H
7068,2020,Brasileirão Série A,19,2020-10-31,BRA015,BRA028,1,0,Neo Química Arena,H
7069,2020,Brasileirão Série A,19,2020-10-31,BRA023,BRA022,0,1,Arena Castelão,A
7070,2020,Brasileirão Série A,19,2020-11-01,BRA021,BRA042,1,4, Maracanã,A
7071,2020,Brasileirão Série A,19,2020-11-01,BRA043,BRA003,1,0,Adelmar da Costa Carvalho,H
7072,2020,Brasileirão Série A,19,2020-11-01,BRA040,BRA007,3,1,Estádio Urbano Caldeira,H
7073,2020,Brasileirão Série A,19,2020-11-01,BRA024,BRA044,1,1,Estádio da Serrinha,D
7074,2020,Brasileirão Série A,19,2020-11-02,BRA033,BRA005,3,0,Allianz Parque,H
7075,2020,Brasileirão Série A,19,2020-11-02,BRA025,BRA010,2,1,Arena do Grêmio,H
7076,2020,Brasileirão Série A,20,2020-11-07,BRA003,BRA023,2,1,Estádio Joaquim Américo Guimarães,H
7077,2020,Brasileirão Série A,20,2020-11-07,BRA042,BRA024,2,1, Morumbi,H
7078,2020,Brasileirão Série A,20,2020-11-07,BRA004,BRA015,1,1,Estádio Olímpico Pedro Ludovico Teixeira,D
7079,2020,Brasileirão Série A,20,2020-11-08,BRA044,BRA033,0,1,Estádio Vasco da Gama,A
7080,2020,Brasileirão Série A,20,2020-11-08,BRA028,BRA016,2,2,Estádio José Pinheiro Borda,D
7081,2020,Brasileirão Série A,20,2020-11-08,BRA010,BRA040,1,1,Nabizão,D
7082,2020,Brasileirão Série A,20,2020-11-08,BRA005,BRA021,4,0, Mineirão,H
7083,2020,Brasileirão Série A,20,2020-11-08,BRA007,BRA009,1,0,Itaipava Arena Fonte Nova,H
7084,2020,Brasileirão Série A,20,2020-11-08,BRA022,BRA025,0,1, Maracanã,A
7085,2020,Brasileirão Série A,20,2020-11-08,BRA013,BRA043,0,0,Arena Castelão,D
7064,2020,Brasileirão Série A,18,2020-11-11,BRA007,BRA023,2,1,Itaipava Arena Fonte Nova,H
7086,2020,Brasileirão Série A,21,2020-11-14,BRA043,BRA044,0,2,Adelmar da Costa Carvalho,A
7087,2020,Brasileirão Série A,21,2020-11-14,BRA040,BRA028,2,0,Estádio Urbano Caldeira,H
7088,2020,Brasileirão Série A,21,2020-11-14,BRA024,BRA003,0,1,Estádio da Serrinha,A
7089,2020,Brasileirão Série A,21,2020-11-14,BRA015,BRA005,1,2,Neo Química Arena,A
7090,2020,Brasileirão Série A,21,2020-11-14,BRA023,BRA042,2,3,Arena Castelão,A
7091,2020,Brasileirão Série A,21,2020-11-14,BRA025,BRA013,4,2,Arena do Grêmio,H
7092,2020,Brasileirão Série A,21,2020-11-14,BRA033,BRA022,2,0,Allianz Parque,H
7093,2020,Brasileirão Série A,21,2020-11-14,BRA021,BRA004,1,1, Maracanã,D
7094,2020,Brasileirão Série A,21,2020-11-16,BRA016,BRA007,1,2, Couto Pereira,A
7095,2020,Brasileirão Série A,21,2020-11-16,BRA009,BRA010,1,2,Estádio Nilton Santos,A
6954,2020,Brasileirão Série A,6,2020-11-18,BRA005,BRA003,0,2, Mineirão,A
7044,2020,Brasileirão Série A,16,2020-11-19,BRA044,BRA023,0,0,Estádio Vasco da Gama,D
7096,2020,Brasileirão Série A,22,2020-11-20,BRA010,BRA007,4,0,Nabizão,H
7097,2020,Brasileirão Série A,22,2020-11-21,BRA003,BRA040,1,0,Estádio Joaquim Américo Guimarães,H
7098,2020,Brasileirão Série A,22,2020-11-21,BRA021,BRA016,3,1, Maracanã,H
7099,2020,Brasileirão Série A,22,2020-11-21,BRA024,BRA033,1,0,Estádio da Serrinha,H
7100,2020,Brasileirão Série A,22,2020-11-22,BRA042,BRA044,1,1, Morumbi,D
7101,2020,Brasileirão Série A,22,2020-11-22,BRA013,BRA005,2,2,Arena Castelão,D
7102,2020,Brasileirão Série A,22,2020-11-22,BRA028,BRA022,1,2,Estádio José Pinheiro Borda,A
7103,2020,Brasileirão Série A,22,2020-11-22,BRA009,BRA023,1,2,Estádio Nilton Santos,A
7104,2020,Brasileirão Série A,22,2020-11-22,BRA015,BRA025,0,0,Neo Química Arena,D
7105,2020,Brasileirão Série A,22,2020-11-23,BRA043,BRA004,0,1,Adelmar da Costa Carvalho,A
7045,2020,Brasileirão Série A,16,2020-11-25,BRA013,BRA042,1,1,Arena Castelão,D
7106,2020,Brasileirão Série A,23,2020-11-25,BRA005,BRA009,2,1, Mineirão,H
7107,2020,Brasileirão Série A,23,2020-11-25,BRA016,BRA015,0,1, Couto Pereira,A
7108,2020,Brasileirão Série A,23,2020-11-26,BRA023,BRA024,1,1,Arena Castelão,D
7109,2020,Brasileirão Série A,23,2020-11-28,BRA033,BRA003,3,0,Allianz Parque,H
7110,2020,Brasileirão Série A,23,2020-11-28,BRA040,BRA043,4,2,Estádio Urbano Caldeira,H
7111,2020,Brasileirão Série A,23,2020-11-28,BRA007,BRA042,1,3,Itaipava Arena Fonte Nova,A
7112,2020,Brasileirão Série A,23,2020-11-28,BRA004,BRA028,0,0,Estádio Antônio Accioly,D
6955,2020,Brasileirão Série A,6,2020-11-30,BRA025,BRA024,2,1,Arena do Grêmio,H
7113,2020,Brasileirão Série A,23,2020-11-30,BRA044,BRA013,1,4,Estádio Vasco da Gama,A
7114,2020,Brasileirão Série A,23,2020-11-30,BRA022,BRA010,0,0, Maracanã,D
7116,2020,Brasileirão Série A,24,2020-12-02,BRA023,BRA015,0,0,Arena Castelão,D
6894,2020,Brasileirão Série A,1,2020-12-03,BRA024,BRA042,0,3,Estádio da Serrinha,A
7117,2020,Brasileirão Série A,24,2020-12-05,BRA040,BRA033,2,2,Estádio Urbano Caldeira,D
7118,2020,Brasileirão Série A,24,2020-12-05,BRA009,BRA021,0,1,Estádio Nilton Santos,A
7119,2020,Brasileirão Série A,24,2020-12-05,BRA022,BRA003,3,1, Maracanã,H
7120,2020,Brasileirão Série A,24,2020-12-05,BRA007,BRA013,0,2,Itaipava Arena Fonte Nova,A
7121,2020,Brasileirão Série A,24,2020-12-05,BRA016,BRA010,0,0, Couto Pereira,D
7122,2020,Brasileirão Série A,24,2020-12-06,BRA042,BRA043,1,0, Morumbi,H
7123,2020,Brasileirão Série A,24,2020-12-06,BRA025,BRA044,4,0,Arena do Grêmio,H
7124,2020,Brasileirão Série A,24,2020-12-06,BRA005,BRA028,2,2, Mineirão,D
7125,2020,Brasileirão Série A,24,2020-12-07,BRA004,BRA024,0,1,Estádio Antônio Accioly,A
7065,2020,Brasileirão Série A,18,2020-12-09,BRA042,BRA009,4,0, Morumbi,H
7126,2020,Brasileirão Série A,25,2020-12-12,BRA003,BRA005,0,1,Estádio Joaquim Américo Guimarães,A
7127,2020,Brasileirão Série A,25,2020-12-12,BRA010,BRA023,2,1,Nabizão,H
7128,2020,Brasileirão Série A,25,2020-12-12,BRA028,BRA009,2,1,Estádio José Pinheiro Borda,H
7129,2020,Brasileirão Série A,25,2020-12-12,BRA033,BRA007,3,0,Allianz Parque,H
7130,2020,Brasileirão Série A,25,2020-12-12,BRA024,BRA025,0,0,Estádio da Serrinha,D
7131,2020,Brasileirão Série A,25,2020-12-12,BRA013,BRA004,1,2,Arena Castelão,A
7132,2020,Brasileirão Série A,25,2020-12-13,BRA021,BRA040,4,1, Maracanã,H
7133,2020,Brasileirão Série A,25,2020-12-13,BRA015,BRA042,1,0,Neo Química Arena,H
7134,2020,Brasileirão Série A,25,2020-12-13,BRA043,BRA016,1,0,Adelmar da Costa Carvalho,H
7135,2020,Brasileirão Série A,25,2020-12-13,BRA044,BRA022,1,1,Estádio Vasco da Gama,D
7136,2020,Brasileirão Série A,26,2020-12-16,BRA042,BRA005,3,0, Morumbi,H
7137,2020,Brasileirão Série A,26,2020-12-16,BRA004,BRA022,2,1,Estádio Antônio Accioly,H
7138,2020,Brasileirão Série A,26,2020-12-19,BRA043,BRA025,1,1,Adelmar da Costa Carvalho,D
7139,2020,Brasileirão Série A,26,2020-12-19,BRA028,BRA033,2,0,Estádio José Pinheiro Borda,H
7140,2020,Brasileirão Série A,26,2020-12-19,BRA016,BRA009,1,2, Couto Pereira,A
7141,2020,Brasileirão Série A,26,2020-12-20,BRA010,BRA003,0,1,Nabizão,A
7142,2020,Brasileirão Série A,26,2020-12-20,BRA044,BRA040,1,0,Estádio Vasco da Gama,H
7143,2020,Brasileirão Série A,26,2020-12-20,BRA021,BRA007,4,3, Maracanã,H
7144,2020,Brasileirão Série A,26,2020-12-20,BRA023,BRA013,0,2,Arena Castelão,A
7145,2020,Brasileirão Série A,26,2020-12-21,BRA015,BRA024,2,1,Neo Química Arena,H
7146,2020,Brasileirão Série A,27,2020-12-26,BRA005,BRA016,2,0, Mineirão,H
7147,2020,Brasileirão Série A,27,2020-12-26,BRA024,BRA043,1,0,Estádio da Serrinha,H
7148,2020,Brasileirão Série A,27,2020-12-26,BRA023,BRA021,0,0,Arena Castelão,D
7149,2020,Brasileirão Série A,27,2020-12-26,BRA022,BRA042,1,2, Maracanã,A
7150,2020,Brasileirão Série A,27,2020-12-27,BRA009,BRA015,0,2,Estádio Nilton Santos,A
7151,2020,Brasileirão Série A,27,2020-12-27,BRA007,BRA028,1,2,Itaipava Arena Fonte Nova,A
7152,2020,Brasileirão Série A,27,2020-12-27,BRA003,BRA044,3,0,Estádio Joaquim Américo Guimarães,H
7153,2020,Brasileirão Série A,27,2020-12-27,BRA033,BRA010,1,0,Allianz Parque,H
7154,2020,Brasileirão Série A,27,2020-12-27,BRA040,BRA013,1,1,Estádio Urbano Caldeira,D
7155,2020,Brasileirão Série A,27,2020-12-27,BRA025,BRA004,2,1,Arena do Grêmio,H
7156,2020,Brasileirão Série A,28,2021-01-06,BRA025,BRA007,2,1,Arena do Grêmio,H
7157,2020,Brasileirão Série A,28,2021-01-06,BRA009,BRA003,0,2,Estádio Nilton Santos,A
7158,2020,Brasileirão Série A,28,2021-01-06,BRA016,BRA024,1,2, Couto Pereira,A
7159,2020,Brasileirão Série A,28,2021-01-06,BRA043,BRA023,1,0,Adelmar da Costa Carvalho,H
7160,2020,Brasileirão Série A,28,2021-01-06,BRA021,BRA022,1,2, Maracanã,A
7161,2020,Brasileirão Série A,28,2021-01-06,BRA010,BRA042,4,2,Nabizão,H
7162,2020,Brasileirão Série A,28,2021-01-07,BRA013,BRA028,0,2,Arena Castelão,A
7163,2020,Brasileirão Série A,28,2021-01-07,BRA004,BRA044,0,0,Estádio Antônio Accioly,D
7166,2020,Brasileirão Série A,29,2021-01-09,BRA043,BRA033,0,1,Adelmar da Costa Carvalho,A
7167,2020,Brasileirão Série A,29,2021-01-09,BRA016,BRA003,0,0, Couto Pereira,D
7168,2020,Brasileirão Série A,29,2021-01-09,BRA023,BRA025,0,0,Arena Castelão,D
7169,2020,Brasileirão Série A,29,2021-01-10,BRA042,BRA040,0,1, Morumbi,A
7170,2020,Brasileirão Série A,29,2021-01-10,BRA021,BRA013,0,2, Maracanã,A
7171,2020,Brasileirão Série A,29,2021-01-10,BRA004,BRA007,1,1,Estádio Antônio Accioly,D
7172,2020,Brasileirão Série A,29,2021-01-10,BRA028,BRA024,1,0,Estádio José Pinheiro Borda,H
7173,2020,Brasileirão Série A,29,2021-01-10,BRA044,BRA009,3,0,Estádio Vasco da Gama,H
7174,2020,Brasileirão Série A,29,2021-01-11,BRA010,BRA005,2,2,Nabizão,D
7175,2020,Brasileirão Série A,29,2021-01-13,BRA015,BRA022,5,0,Neo Química Arena,H
7176,2020,Brasileirão Série A,30,2021-01-15,BRA033,BRA025,1,1,Allianz Parque,D
7177,2020,Brasileirão Série A,30,2021-01-16,BRA022,BRA043,1,0,Estádio Nilton Santos,H
7178,2020,Brasileirão Série A,30,2021-01-16,BRA044,BRA016,0,1,Estádio Vasco da Gama,A
7179,2020,Brasileirão Série A,30,2021-01-17,BRA003,BRA042,1,1,Estádio Joaquim Américo Guimarães,D
7180,2020,Brasileirão Série A,30,2021-01-17,BRA040,BRA009,2,1,Estádio Urbano Caldeira,H
7181,2020,Brasileirão Série A,30,2021-01-17,BRA005,BRA004,3,1, Mineirão,H
7182,2020,Brasileirão Série A,30,2021-01-17,BRA013,BRA010,1,2,Arena Castelão,A
7183,2020,Brasileirão Série A,30,2021-01-17,BRA028,BRA023,4,2,Estádio José Pinheiro Borda,H
7164,2020,Brasileirão Série A,28,2021-01-18,BRA033,BRA015,4,0,Allianz Parque,H
7184,2020,Brasileirão Série A,30,2021-01-18,BRA024,BRA021,0,3,Estádio da Serrinha,A
7186,2020,Brasileirão Série A,31,2021-01-20,BRA009,BRA004,1,3,Estádio Nilton Santos,A
7187,2020,Brasileirão Série A,31,2021-01-20,BRA007,BRA003,1,0,Itaipava Arena Fonte Nova,H
7188,2020,Brasileirão Série A,31,2021-01-20,BRA025,BRA005,1,1,Arena do Grêmio,D
7189,2020,Brasileirão Série A,31,2021-01-20,BRA016,BRA022,3,3, Couto Pereira,D
7190,2020,Brasileirão Série A,31,2021-01-20,BRA042,BRA028,1,5, Morumbi,A
7191,2020,Brasileirão Série A,31,2021-01-20,BRA010,BRA044,4,1,Nabizão,H
7192,2020,Brasileirão Série A,31,2021-01-21,BRA021,BRA033,2,0,Estádio Nacional de Brasília,H
7193,2020,Brasileirão Série A,31,2021-01-21,BRA023,BRA040,2,0,Arena Castelão,H
7194,2020,Brasileirão Série A,31,2021-01-21,BRA024,BRA013,0,4,Estádio da Serrinha,A
7195,2020,Brasileirão Série A,31,2021-01-21,BRA015,BRA043,3,0,Neo Química Arena,H
7196,2020,Brasileirão Série A,32,2021-01-23,BRA042,BRA016,1,1, Morumbi,D
7197,2020,Brasileirão Série A,32,2021-01-23,BRA044,BRA005,3,2,Estádio Vasco da Gama,H
7198,2020,Brasileirão Série A,32,2021-01-24,BRA028,BRA025,2,1,Estádio José Pinheiro Borda,H
7199,2020,Brasileirão Série A,32,2021-01-24,BRA003,BRA021,2,1,Estádio Joaquim Américo Guimarães,H
7200,2020,Brasileirão Série A,32,2021-01-24,BRA013,BRA033,2,1,Arena Castelão,H
7201,2020,Brasileirão Série A,32,2021-01-24,BRA004,BRA023,2,0,Estádio Antônio Accioly,H
7202,2020,Brasileirão Série A,32,2021-01-24,BRA043,BRA007,2,0,Adelmar da Costa Carvalho,H
7203,2020,Brasileirão Série A,32,2021-01-24,BRA040,BRA024,3,4,Estádio Urbano Caldeira,A
7204,2020,Brasileirão Série A,32,2021-01-24,BRA022,BRA009,2,0,Estádio Vasco da Gama,H
7205,2020,Brasileirão Série A,32,2021-01-25,BRA015,BRA010,0,2,Neo Química Arena,A
6895,2020,Brasileirão Série A,1,2021-01-26,BRA033,BRA044,1,1,Allianz Parque,D
7165,2020,Brasileirão Série A,28,2021-01-26,BRA005,BRA040,2,0, Mineirão,H
7115,2020,Brasileirão Série A,23,2021-01-28,BRA025,BRA021,2,4,Arena do Grêmio,A
7185,2020,Brasileirão Série A,30,2021-01-28,BRA007,BRA015,2,1,Itaipava Arena Fonte Nova,H
7206,2020,Brasileirão Série A,33,2021-01-31,BRA044,BRA007,0,0,Estádio Vasco da Gama,D
7207,2020,Brasileirão Série A,33,2021-01-31,BRA013,BRA003,0,2,Arena Castelão,A
7208,2020,Brasileirão Série A,33,2021-01-31,BRA004,BRA042,2,1,Estádio Antônio Accioly,H
7209,2020,Brasileirão Série A,33,2021-01-31,BRA016,BRA025,1,1, Couto Pereira,D
7210,2020,Brasileirão Série A,33,2021-01-31,BRA005,BRA023,2,0, Mineirão,H
7211,2020,Brasileirão Série A,33,2021-01-31,BRA028,BRA010,2,1,Estádio José Pinheiro Borda,H
7212,2020,Brasileirão Série A,33,2021-01-31,BRA022,BRA024,3,0,Estádio Nilton Santos,H
7213,2020,Brasileirão Série A,33,2021-02-01,BRA043,BRA021,0,3,Adelmar da Costa Carvalho,A
7214,2020,Brasileirão Série A,33,2021-02-02,BRA033,BRA009,1,1,Allianz Parque,D
7216,2020,Brasileirão Série A,34,2021-02-03,BRA025,BRA040,3,3,Arena do Grêmio,D
7217,2020,Brasileirão Série A,34,2021-02-03,BRA010,BRA004,2,0,Nabizão,H
7218,2020,Brasileirão Série A,34,2021-02-03,BRA015,BRA013,2,1,Neo Química Arena,H
7219,2020,Brasileirão Série A,34,2021-02-03,BRA024,BRA005,1,0,Estádio da Serrinha,H
7220,2020,Brasileirão Série A,34,2021-02-03,BRA007,BRA022,0,1,Itaipava Arena Fonte Nova,A
7221,2020,Brasileirão Série A,34,2021-02-04,BRA023,BRA016,3,1,Arena Castelão,H
7222,2020,Brasileirão Série A,34,2021-02-04,BRA021,BRA044,2,0, Maracanã,H
7223,2020,Brasileirão Série A,34,2021-02-04,BRA003,BRA028,0,0,Estádio Joaquim Américo Guimarães,D
7224,2020,Brasileirão Série A,34,2021-02-05,BRA009,BRA043,0,1,Estádio Nilton Santos,A
7226,2020,Brasileirão Série A,35,2021-02-06,BRA007,BRA024,3,3,Itaipava Arena Fonte Nova,D
7227,2020,Brasileirão Série A,35,2021-02-06,BRA004,BRA040,1,1,Estádio Antônio Accioly,D
7228,2020,Brasileirão Série A,35,2021-02-07,BRA010,BRA021,1,1,Nabizão,D
7229,2020,Brasileirão Série A,35,2021-02-08,BRA009,BRA025,2,5,Estádio Nilton Santos,A
7230,2020,Brasileirão Série A,35,2021-02-10,BRA028,BRA043,1,2,Estádio José Pinheiro Borda,A
7231,2020,Brasileirão Série A,35,2021-02-10,BRA023,BRA044,3,0,Arena Castelão,H
7232,2020,Brasileirão Série A,35,2021-02-10,BRA042,BRA013,1,1, Morumbi,D
7233,2020,Brasileirão Série A,35,2021-02-10,BRA022,BRA005,0,0, Maracanã,D
7234,2020,Brasileirão Série A,35,2021-02-10,BRA015,BRA003,3,3,Neo Química Arena,D
7236,2020,Brasileirão Série A,36,2021-02-13,BRA024,BRA009,2,0,Estádio da Serrinha,H
7237,2020,Brasileirão Série A,36,2021-02-13,BRA005,BRA007,1,1, Mineirão,D
7238,2020,Brasileirão Série A,36,2021-02-13,BRA040,BRA016,2,0,Estádio Urbano Caldeira,H
7239,2020,Brasileirão Série A,36,2021-02-14,BRA021,BRA015,2,1, Maracanã,H
7240,2020,Brasileirão Série A,36,2021-02-14,BRA044,BRA028,0,2,Estádio Vasco da Gama,A
7241,2020,Brasileirão Série A,36,2021-02-14,BRA003,BRA004,2,1,Estádio Joaquim Américo Guimarães,H
7242,2020,Brasileirão Série A,36,2021-02-14,BRA033,BRA023,3,0,Allianz Parque,H
7243,2020,Brasileirão Série A,36,2021-02-14,BRA025,BRA042,1,2,Arena do Grêmio,A
7244,2020,Brasileirão Série A,36,2021-02-15,BRA013,BRA022,1,3,Arena Castelão,A
7245,2020,Brasileirão Série A,36,2021-02-15,BRA043,BRA010,0,0,Adelmar da Costa Carvalho,D
7215,2020,Brasileirão Série A,33,2021-02-17,BRA040,BRA015,1,0,Estádio Urbano Caldeira,H
7235,2020,Brasileirão Série A,35,2021-02-17,BRA016,BRA033,1,0, Couto Pereira,H
7225,2020,Brasileirão Série A,34,2021-02-19,BRA042,BRA033,1,1, Morumbi,D
7246,2020,Brasileirão Série A,37,2021-02-20,BRA016,BRA013,0,2, Couto Pereira,A
7247,2020,Brasileirão Série A,37,2021-02-20,BRA023,BRA007,0,4,Arena Castelão,A
7248,2020,Brasileirão Série A,37,2021-02-21,BRA043,BRA005,2,3,Adelmar da Costa Carvalho,A
7249,2020,Brasileirão Série A,37,2021-02-21,BRA015,BRA044,0,0,Neo Química Arena,D
7250,2020,Brasileirão Série A,37,2021-02-21,BRA021,BRA028,2,1, Maracanã,H
7251,2020,Brasileirão Série A,37,2021-02-21,BRA040,BRA022,1,1,Estádio Urbano Caldeira,D
7252,2020,Brasileirão Série A,37,2021-02-21,BRA025,BRA003,1,0,Arena do Grêmio,H
7253,2020,Brasileirão Série A,37,2021-02-21,BRA024,BRA010,0,0,Estádio da Serrinha,D
7254,2020,Brasileirão Série A,37,2021-02-22,BRA033,BRA004,1,1,Allianz Parque,D
7255,2020,Brasileirão Série A,37,2021-02-22,BRA009,BRA042,1,0,Estádio Nilton Santos,H
7256,2020,Brasileirão Série A,38,2021-02-25,BRA010,BRA025,1,0,Nabizão,H
7257,2020,Brasileirão Série A,38,2021-02-25,BRA007,BRA040,2,0,Itaipava Arena Fonte Nova,H
7258,2020,Brasileirão Série A,38,2021-02-25,BRA003,BRA043,2,0,Estádio Joaquim Américo Guimarães,H
7259,2020,Brasileirão Série A,38,2021-02-25,BRA004,BRA016,3,1,Estádio Antônio Accioly,H
7260,2020,Brasileirão Série A,38,2021-02-25,BRA028,BRA015,0,0,Estádio José Pinheiro Borda,D
7261,2020,Brasileirão Série A,38,2021-02-25,BRA013,BRA009,2,1,Arena Castelão,H
7262,2020,Brasileirão Série A,38,2021-02-25,BRA042,BRA021,2,1, Morumbi,H
7263,2020,Brasileirão Série A,38,2021-02-25,BRA005,BRA033,2,0, Mineirão,H
7264,2020,Brasileirão Série A,38,2021-02-25,BRA044,BRA024,3,2,Estádio Vasco da Gama,H
7265,2020,Brasileirão Série A,38,2021-02-25,BRA022,BRA023,2,0, Maracanã,H
7266,2021,Brasileirão Série A,1,2021-05-29,BRA019,BRA031,2,2,Arena Pantanal,D
7267,2021,Brasileirão Série A,1,2021-05-29,BRA007,BRA040,3,0,Estádio de Pituaçu,H
7268,2021,Brasileirão Série A,1,2021-05-29,BRA042,BRA022,0,0, Morumbi,D
7269,2021,Brasileirão Série A,1,2021-05-30,BRA005,BRA023,1,2, Mineirão,A
7270,2021,Brasileirão Série A,1,2021-05-30,BRA021,BRA033,1,0, Maracanã,H
7271,2021,Brasileirão Série A,1,2021-05-30,BRA013,BRA025,3,2,Arena Castelão,H
7272,2021,Brasileirão Série A,1,2021-05-30,BRA015,BRA004,0,1,Neo Química Arena,A
7273,2021,Brasileirão Série A,1,2021-05-30,BRA014,BRA010,0,3,Arena Condá,A
7274,2021,Brasileirão Série A,1,2021-05-30,BRA003,BRA001,1,0,Estádio Joaquim Américo Guimarães,H
7275,2021,Brasileirão Série A,1,2021-05-30,BRA028,BRA043,2,2,Estádio José Pinheiro Borda,D
7276,2021,Brasileirão Série A,2,2021-06-05,BRA004,BRA042,2,0,Estádio Antônio Accioly,H
7277,2021,Brasileirão Série A,2,2021-06-05,BRA040,BRA013,3,1,Estádio Urbano Caldeira,H
7278,2021,Brasileirão Série A,2,2021-06-05,BRA010,BRA007,3,3,Nabizão,D
7279,2021,Brasileirão Série A,2,2021-06-06,BRA022,BRA019,1,0,Estádio Vasco da Gama,H
7280,2021,Brasileirão Série A,2,2021-06-06,BRA001,BRA015,0,1,Estádio Raimundo Sampaio,A
7281,2021,Brasileirão Série A,2,2021-06-06,BRA023,BRA028,5,1,Arena Castelão,H
7282,2021,Brasileirão Série A,2,2021-06-06,BRA031,BRA003,0,3, Alfredo Jaconi,A
7283,2021,Brasileirão Série A,2,2021-06-06,BRA033,BRA014,3,1,Allianz Parque,H
7284,2021,Brasileirão Série A,2,2021-06-06,BRA043,BRA005,0,1,Adelmar da Costa Carvalho,A
7286,2021,Brasileirão Série A,3,2021-06-12,BRA040,BRA031,0,0,Estádio Urbano Caldeira,D
7287,2021,Brasileirão Série A,3,2021-06-12,BRA033,BRA015,1,1,Allianz Parque,D
7288,2021,Brasileirão Série A,3,2021-06-13,BRA005,BRA042,1,0, Mineirão,H
7289,2021,Brasileirão Série A,3,2021-06-13,BRA025,BRA003,0,1,Arena do Grêmio,A
7290,2021,Brasileirão Série A,3,2021-06-13,BRA021,BRA001,2,0, Maracanã,H
7291,2021,Brasileirão Série A,3,2021-06-13,BRA007,BRA028,0,1,Estádio de Pituaçu,A
7292,2021,Brasileirão Série A,3,2021-06-13,BRA023,BRA043,1,0,Arena Castelão,H
7293,2021,Brasileirão Série A,3,2021-06-13,BRA010,BRA022,2,2,Nabizão,D
7294,2021,Brasileirão Série A,3,2021-06-13,BRA014,BRA013,0,0,Arena Condá,D
7296,2021,Brasileirão Série A,4,2021-06-16,BRA028,BRA005,0,1,Estádio José Pinheiro Borda,A
7297,2021,Brasileirão Série A,4,2021-06-16,BRA042,BRA014,1,1, Morumbi,D
7298,2021,Brasileirão Série A,4,2021-06-16,BRA015,BRA010,1,2,Neo Química Arena,A
7299,2021,Brasileirão Série A,4,2021-06-16,BRA031,BRA033,0,3, Alfredo Jaconi,A
7300,2021,Brasileirão Série A,4,2021-06-17,BRA001,BRA019,0,0,Estádio Raimundo Sampaio,D
7301,2021,Brasileirão Série A,4,2021-06-17,BRA013,BRA007,1,2,Arena Castelão,A
7302,2021,Brasileirão Série A,4,2021-06-17,BRA043,BRA025,1,0,Adelmar da Costa Carvalho,H
7303,2021,Brasileirão Série A,4,2021-06-17,BRA004,BRA023,0,0,Estádio Antônio Accioly,D
7304,2021,Brasileirão Série A,4,2021-06-17,BRA022,BRA040,1,0, Maracanã,H
7306,2021,Brasileirão Série A,5,2021-06-19,BRA021,BRA010,2,3, Maracanã,A
7307,2021,Brasileirão Série A,5,2021-06-20,BRA033,BRA001,2,1,Allianz Parque,H
7308,2021,Brasileirão Série A,5,2021-06-20,BRA007,BRA015,0,0,Estádio de Pituaçu,D
7309,2021,Brasileirão Série A,5,2021-06-20,BRA028,BRA013,1,1,Estádio José Pinheiro Borda,D
7310,2021,Brasileirão Série A,5,2021-06-20,BRA023,BRA022,1,1,Arena Castelão,D
7311,2021,Brasileirão Série A,5,2021-06-20,BRA003,BRA004,2,1,Estádio Joaquim Américo Guimarães,H
7312,2021,Brasileirão Série A,5,2021-06-20,BRA040,BRA042,2,0,Estádio Urbano Caldeira,H
7313,2021,Brasileirão Série A,5,2021-06-20,BRA031,BRA043,1,0, Alfredo Jaconi,H
7314,2021,Brasileirão Série A,5,2021-06-21,BRA005,BRA014,1,1, Mineirão,D
7316,2021,Brasileirão Série A,6,2021-06-23,BRA004,BRA022,1,0,Estádio Antônio Accioly,H
7317,2021,Brasileirão Série A,6,2021-06-23,BRA042,BRA019,2,2, Morumbi,D
7318,2021,Brasileirão Série A,6,2021-06-23,BRA021,BRA023,2,1, Maracanã,H
7319,2021,Brasileirão Série A,6,2021-06-23,BRA010,BRA033,3,1,Nabizão,H
7320,2021,Brasileirão Série A,6,2021-06-24,BRA001,BRA031,1,1,Estádio Raimundo Sampaio,D
7321,2021,Brasileirão Série A,6,2021-06-24,BRA014,BRA028,1,2,Arena Condá,A
7322,2021,Brasileirão Série A,6,2021-06-24,BRA015,BRA043,2,1,Neo Química Arena,H
7323,2021,Brasileirão Série A,6,2021-06-24,BRA013,BRA005,2,1,Arena Castelão,H
7324,2021,Brasileirão Série A,6,2021-06-24,BRA007,BRA003,2,1,Estádio de Pituaçu,H
7325,2021,Brasileirão Série A,6,2021-06-24,BRA025,BRA040,2,2,Arena do Grêmio,D
7326,2021,Brasileirão Série A,7,2021-06-27,BRA031,BRA021,1,0, Alfredo Jaconi,H
7327,2021,Brasileirão Série A,7,2021-06-27,BRA022,BRA015,1,1,Estádio Vasco da Gama,D
7328,2021,Brasileirão Série A,7,2021-06-27,BRA033,BRA007,3,2,Allianz Parque,H
7329,2021,Brasileirão Série A,7,2021-06-27,BRA003,BRA014,2,2,Estádio Joaquim Américo Guimarães,D
7330,2021,Brasileirão Série A,7,2021-06-27,BRA025,BRA023,0,0,Arena do Grêmio,D
7331,2021,Brasileirão Série A,7,2021-06-27,BRA040,BRA005,2,0,Estádio Urbano Caldeira,H
7332,2021,Brasileirão Série A,7,2021-06-27,BRA001,BRA028,1,1,Estádio Raimundo Sampaio,D
7333,2021,Brasileirão Série A,7,2021-06-27,BRA043,BRA019,0,0,Adelmar da Costa Carvalho,D
7334,2021,Brasileirão Série A,7,2021-06-27,BRA013,BRA042,1,1,Arena Castelão,D
7335,2021,Brasileirão Série A,7,2021-06-28,BRA004,BRA010,0,1,Estádio Antônio Accioly,A
7336,2021,Brasileirão Série A,8,2021-06-30,BRA022,BRA003,1,4,Estádio Municipal General Raulino de Oliveira,A
7337,2021,Brasileirão Série A,8,2021-06-30,BRA023,BRA014,3,2,Arena Castelão,H
7338,2021,Brasileirão Série A,8,2021-06-30,BRA028,BRA033,1,2,Estádio José Pinheiro Borda,A
7339,2021,Brasileirão Série A,8,2021-06-30,BRA007,BRA001,3,4,Estádio de Pituaçu,A
7340,2021,Brasileirão Série A,8,2021-06-30,BRA040,BRA043,0,0,Estádio Urbano Caldeira,D
7341,2021,Brasileirão Série A,8,2021-06-30,BRA015,BRA042,0,0,Neo Química Arena,D
7342,2021,Brasileirão Série A,8,2021-06-30,BRA031,BRA025,2,0, Alfredo Jaconi,H
7343,2021,Brasileirão Série A,8,2021-07-01,BRA010,BRA013,0,0,Nabizão,D
7344,2021,Brasileirão Série A,8,2021-07-01,BRA005,BRA004,4,1, Mineirão,H
7345,2021,Brasileirão Série A,8,2021-07-01,BRA019,BRA021,0,2,Arena Pantanal,A
7346,2021,Brasileirão Série A,9,2021-07-03,BRA003,BRA023,2,1,Estádio Joaquim Américo Guimarães,H
7347,2021,Brasileirão Série A,9,2021-07-03,BRA001,BRA040,2,0,Estádio Raimundo Sampaio,H
7348,2021,Brasileirão Série A,9,2021-07-03,BRA015,BRA028,1,1,Neo Química Arena,D
7349,2021,Brasileirão Série A,9,2021-07-04,BRA014,BRA007,0,2,Arena Condá,A
7350,2021,Brasileirão Série A,9,2021-07-04,BRA021,BRA022,0,1,Neo Química Arena,A
7351,2021,Brasileirão Série A,9,2021-07-04,BRA043,BRA033,0,1,Adelmar da Costa Carvalho,A
7352,2021,Brasileirão Série A,9,2021-07-04,BRA013,BRA031,2,0,Arena Castelão,H
7353,2021,Brasileirão Série A,9,2021-07-04,BRA042,BRA010,1,2, Morumbi,A
7354,2021,Brasileirão Série A,9,2021-07-04,BRA019,BRA005,0,1,Arena Pantanal,A
7355,2021,Brasileirão Série A,9,2021-07-04,BRA025,BRA004,0,1,Arena do Grêmio,A
7356,2021,Brasileirão Série A,10,2021-07-06,BRA040,BRA003,2,1,Estádio Urbano Caldeira,H
7357,2021,Brasileirão Série A,10,2021-07-07,BRA007,BRA031,1,0,Estádio de Pituaçu,H
7358,2021,Brasileirão Série A,10,2021-07-07,BRA010,BRA019,1,1,Nabizão,D
7359,2021,Brasileirão Série A,10,2021-07-07,BRA023,BRA001,4,0,Arena Castelão,H
7360,2021,Brasileirão Série A,10,2021-07-07,BRA033,BRA025,2,0,Allianz Parque,H
7361,2021,Brasileirão Série A,10,2021-07-07,BRA005,BRA021,2,1, Mineirão,H
7362,2021,Brasileirão Série A,10,2021-07-07,BRA004,BRA043,1,1,Estádio Antônio Accioly,D
7363,2021,Brasileirão Série A,10,2021-07-07,BRA028,BRA042,0,2,Estádio José Pinheiro Borda,A
7364,2021,Brasileirão Série A,10,2021-07-07,BRA022,BRA013,0,0,Estádio Vasco da Gama,D
7365,2021,Brasileirão Série A,10,2021-07-08,BRA014,BRA015,0,1,Arena Condá,A
7366,2021,Brasileirão Série A,11,2021-07-10,BRA033,BRA040,3,2,Allianz Parque,H
7367,2021,Brasileirão Série A,11,2021-07-10,BRA025,BRA028,0,0,Arena do Grêmio,D
7368,2021,Brasileirão Série A,11,2021-07-10,BRA003,BRA010,2,2,Estádio Joaquim Américo Guimarães,D
7369,2021,Brasileirão Série A,11,2021-07-10,BRA043,BRA022,1,2,Adelmar da Costa Carvalho,A
7370,2021,Brasileirão Série A,11,2021-07-10,BRA042,BRA007,1,0, Morumbi,H
7371,2021,Brasileirão Série A,11,2021-07-10,BRA001,BRA005,0,1,Estádio Raimundo Sampaio,A
7372,2021,Brasileirão Série A,11,2021-07-11,BRA031,BRA004,1,1, Alfredo Jaconi,D
7373,2021,Brasileirão Série A,11,2021-07-11,BRA019,BRA013,2,2,Arena Pantanal,D
7374,2021,Brasileirão Série A,11,2021-07-11,BRA021,BRA014,2,1, Maracanã,H
7375,2021,Brasileirão Série A,11,2021-07-11,BRA023,BRA015,1,0,Arena Castelão,H
7376,2021,Brasileirão Série A,12,2021-07-17,BRA013,BRA003,1,0,Arena Castelão,H
7377,2021,Brasileirão Série A,12,2021-07-17,BRA042,BRA023,0,1, Morumbi,A
7378,2021,Brasileirão Série A,12,2021-07-17,BRA015,BRA005,1,2,Neo Química Arena,A
7379,2021,Brasileirão Série A,12,2021-07-17,BRA022,BRA025,0,1, Maracanã,A
7380,2021,Brasileirão Série A,12,2021-07-18,BRA014,BRA019,2,3,Arena Condá,A
7381,2021,Brasileirão Série A,12,2021-07-18,BRA004,BRA033,0,3,Estádio do Governo do Estado de Goiás (Serra Dourada),A
7382,2021,Brasileirão Série A,12,2021-07-18,BRA007,BRA021,0,5,Itaipava Arena Fonte Nova,A
7383,2021,Brasileirão Série A,12,2021-07-18,BRA028,BRA031,1,0,Estádio José Pinheiro Borda,H
7384,2021,Brasileirão Série A,12,2021-07-18,BRA010,BRA040,2,2,Nabizão,D
7385,2021,Brasileirão Série A,12,2021-07-19,BRA001,BRA043,0,1,Estádio Raimundo Sampaio,A
7295,2021,Brasileirão Série A,3,2021-07-21,BRA019,BRA004,2,1,Arena Pantanal,H
7386,2021,Brasileirão Série A,13,2021-07-24,BRA025,BRA001,1,1,Arena do Grêmio,D
7387,2021,Brasileirão Série A,13,2021-07-24,BRA033,BRA022,1,0,Allianz Parque,H
7388,2021,Brasileirão Série A,13,2021-07-25,BRA005,BRA007,3,0, Mineirão,H
7389,2021,Brasileirão Série A,13,2021-07-25,BRA023,BRA010,1,0,Arena Castelão,H
7390,2021,Brasileirão Série A,13,2021-07-25,BRA021,BRA042,5,1, Maracanã,H
7391,2021,Brasileirão Série A,13,2021-07-25,BRA040,BRA004,0,1,Estádio Urbano Caldeira,A
7392,2021,Brasileirão Série A,13,2021-07-25,BRA003,BRA028,2,1,Estádio Joaquim Américo Guimarães,H
7393,2021,Brasileirão Série A,13,2021-07-25,BRA043,BRA013,0,0,Adelmar da Costa Carvalho,D
7394,2021,Brasileirão Série A,13,2021-07-26,BRA031,BRA014,1,0, Alfredo Jaconi,H
7395,2021,Brasileirão Série A,13,2021-07-26,BRA019,BRA015,1,2,Arena Pantanal,A
7396,2021,Brasileirão Série A,14,2021-07-31,BRA042,BRA033,0,0, Morumbi,D
7397,2021,Brasileirão Série A,14,2021-07-31,BRA028,BRA019,0,0,Estádio José Pinheiro Borda,D
7398,2021,Brasileirão Série A,14,2021-07-31,BRA010,BRA025,1,0,Nabizão,H
7399,2021,Brasileirão Série A,14,2021-08-01,BRA015,BRA021,1,3,Neo Química Arena,A
7400,2021,Brasileirão Série A,14,2021-08-01,BRA005,BRA003,2,0, Mineirão,H
7401,2021,Brasileirão Série A,14,2021-08-01,BRA014,BRA040,0,1,Arena Condá,A
7402,2021,Brasileirão Série A,14,2021-08-01,BRA007,BRA043,0,1,Estádio de Pituaçu,A
7403,2021,Brasileirão Série A,14,2021-08-01,BRA004,BRA001,1,1,Estádio Antônio Accioly,D
7404,2021,Brasileirão Série A,14,2021-08-01,BRA013,BRA023,3,1,Arena Castelão,H
7406,2021,Brasileirão Série A,15,2021-08-06,BRA043,BRA010,0,0,Adelmar da Costa Carvalho,D
7407,2021,Brasileirão Série A,15,2021-08-07,BRA003,BRA042,1,2,Estádio Joaquim Américo Guimarães,A
7408,2021,Brasileirão Série A,15,2021-08-07,BRA033,BRA023,2,3,Allianz Parque,A
7409,2021,Brasileirão Série A,15,2021-08-07,BRA019,BRA007,1,1,Arena Pantanal,D
7410,2021,Brasileirão Série A,15,2021-08-08,BRA031,BRA005,1,2, Alfredo Jaconi,A
7411,2021,Brasileirão Série A,15,2021-08-08,BRA001,BRA022,1,0,Estádio Raimundo Sampaio,H
7412,2021,Brasileirão Série A,15,2021-08-08,BRA040,BRA015,0,0,Estádio Urbano Caldeira,D
7413,2021,Brasileirão Série A,15,2021-08-08,BRA013,BRA004,0,0,Arena Castelão,D
7414,2021,Brasileirão Série A,15,2021-08-08,BRA021,BRA028,0,4, Maracanã,A
7415,2021,Brasileirão Série A,15,2021-08-09,BRA025,BRA014,2,1,Arena do Grêmio,H
7416,2021,Brasileirão Série A,16,2021-08-14,BRA010,BRA031,1,2,Nabizão,A
7417,2021,Brasileirão Série A,16,2021-08-14,BRA005,BRA033,2,0, Mineirão,H
7418,2021,Brasileirão Série A,16,2021-08-14,BRA042,BRA025,2,1, Morumbi,H
7419,2021,Brasileirão Série A,16,2021-08-15,BRA021,BRA043,2,0,Estádio Municipal General Raulino de Oliveira,H
7420,2021,Brasileirão Série A,16,2021-08-15,BRA015,BRA013,3,1,Neo Química Arena,H
7421,2021,Brasileirão Série A,16,2021-08-15,BRA007,BRA004,1,2,Estádio de Pituaçu,A
7422,2021,Brasileirão Série A,16,2021-08-15,BRA019,BRA003,1,0,Arena Pantanal,H
7423,2021,Brasileirão Série A,16,2021-08-15,BRA023,BRA040,1,1,Arena Castelão,D
7424,2021,Brasileirão Série A,16,2021-08-15,BRA028,BRA022,4,2,Estádio José Pinheiro Borda,H
7425,2021,Brasileirão Série A,16,2021-08-16,BRA014,BRA001,1,1,Arena Condá,D
7315,2021,Brasileirão Série A,5,2021-08-18,BRA019,BRA025,0,1,Arena Pantanal,A
7426,2021,Brasileirão Série A,17,2021-08-21,BRA004,BRA014,1,1,Estádio Antônio Accioly,D
7427,2021,Brasileirão Série A,17,2021-08-21,BRA025,BRA007,2,0,Arena do Grêmio,H
7428,2021,Brasileirão Série A,17,2021-08-21,BRA031,BRA023,1,1, Alfredo Jaconi,D
7429,2021,Brasileirão Série A,17,2021-08-22,BRA033,BRA019,0,2,Allianz Parque,A
7430,2021,Brasileirão Série A,17,2021-08-22,BRA013,BRA021,1,1,Arena Castelão,D
7431,2021,Brasileirão Série A,17,2021-08-22,BRA003,BRA015,0,1,Estádio Joaquim Américo Guimarães,A
7432,2021,Brasileirão Série A,17,2021-08-22,BRA040,BRA028,2,2,Estádio Urbano Caldeira,D
7433,2021,Brasileirão Série A,17,2021-08-22,BRA043,BRA042,0,1,Adelmar da Costa Carvalho,A
7434,2021,Brasileirão Série A,17,2021-08-23,BRA001,BRA010,0,2,Estádio Raimundo Sampaio,A
7435,2021,Brasileirão Série A,17,2021-08-23,BRA022,BRA005,1,1,Estádio Vasco da Gama,D
7436,2021,Brasileirão Série A,18,2021-08-28,BRA043,BRA014,0,0,Adelmar da Costa Carvalho,D
7437,2021,Brasileirão Série A,18,2021-08-28,BRA040,BRA021,0,4,Estádio Urbano Caldeira,A
7438,2021,Brasileirão Série A,18,2021-08-28,BRA025,BRA015,0,1,Arena do Grêmio,A
7439,2021,Brasileirão Série A,18,2021-08-28,BRA033,BRA003,2,1,Allianz Parque,H
7440,2021,Brasileirão Série A,18,2021-08-29,BRA001,BRA013,2,0,Estádio Raimundo Sampaio,H
7441,2021,Brasileirão Série A,18,2021-08-29,BRA031,BRA042,1,1, Alfredo Jaconi,D
7442,2021,Brasileirão Série A,18,2021-08-29,BRA004,BRA028,0,0,Estádio Antônio Accioly,D
7443,2021,Brasileirão Série A,18,2021-08-29,BRA010,BRA005,1,1,Nabizão,D
7444,2021,Brasileirão Série A,18,2021-08-30,BRA022,BRA007,2,0, Maracanã,H
7445,2021,Brasileirão Série A,18,2021-08-30,BRA023,BRA019,0,0,Arena Castelão,D
7405,2021,Brasileirão Série A,14,2021-09-02,BRA022,BRA031,1,1, Maracanã,D
7446,2021,Brasileirão Série A,19,2021-09-04,BRA007,BRA023,4,2,Estádio de Pituaçu,H
7447,2021,Brasileirão Série A,19,2021-09-04,BRA019,BRA040,2,1,Arena Pantanal,H
7448,2021,Brasileirão Série A,19,2021-09-05,BRA003,BRA043,0,0,Estádio Joaquim Américo Guimarães,D
7449,2021,Brasileirão Série A,19,2021-09-07,BRA015,BRA031,1,1,Neo Química Arena,D
7450,2021,Brasileirão Série A,19,2021-09-07,BRA014,BRA022,1,2,Arena Condá,A
7456,2021,Brasileirão Série A,20,2021-09-11,BRA001,BRA003,2,0,Estádio Raimundo Sampaio,H
7457,2021,Brasileirão Série A,20,2021-09-11,BRA031,BRA019,1,2, Alfredo Jaconi,A
7458,2021,Brasileirão Série A,20,2021-09-11,BRA010,BRA014,1,2,Nabizão,A
7459,2021,Brasileirão Série A,20,2021-09-11,BRA040,BRA007,0,0,Estádio Urbano Caldeira,D
7460,2021,Brasileirão Série A,20,2021-09-12,BRA025,BRA013,2,0,Arena do Grêmio,H
7461,2021,Brasileirão Série A,20,2021-09-12,BRA023,BRA005,0,2,Arena Castelão,A
7462,2021,Brasileirão Série A,20,2021-09-12,BRA033,BRA021,1,3,Allianz Parque,A
7463,2021,Brasileirão Série A,20,2021-09-12,BRA004,BRA015,1,1,Estádio Antônio Accioly,D
7464,2021,Brasileirão Série A,20,2021-09-12,BRA022,BRA042,2,1, Maracanã,H
7465,2021,Brasileirão Série A,20,2021-09-13,BRA043,BRA028,0,1,Adelmar da Costa Carvalho,A
7466,2021,Brasileirão Série A,21,2021-09-18,BRA014,BRA033,0,2,Arena Condá,A
7467,2021,Brasileirão Série A,21,2021-09-18,BRA003,BRA031,2,1,Estádio Joaquim Américo Guimarães,H
7468,2021,Brasileirão Série A,21,2021-09-18,BRA005,BRA043,3,0, Mineirão,H
7469,2021,Brasileirão Série A,21,2021-09-18,BRA007,BRA010,1,1,Itaipava Arena Fonte Nova,D
7470,2021,Brasileirão Série A,21,2021-09-18,BRA013,BRA040,0,0,Arena Castelão,D
7471,2021,Brasileirão Série A,21,2021-09-19,BRA028,BRA023,1,0,Estádio José Pinheiro Borda,H
7472,2021,Brasileirão Série A,21,2021-09-19,BRA042,BRA004,2,1, Morumbi,H
7473,2021,Brasileirão Série A,21,2021-09-19,BRA015,BRA001,1,1,Neo Química Arena,D
7474,2021,Brasileirão Série A,21,2021-09-19,BRA021,BRA025,0,1, Maracanã,A
7475,2021,Brasileirão Série A,21,2021-09-20,BRA019,BRA022,2,2,Arena Pantanal,D
7451,2021,Brasileirão Série A,19,2021-09-22,BRA042,BRA001,0,0, Morumbi,D
7476,2021,Brasileirão Série A,22,2021-09-25,BRA013,BRA014,1,0,Arena Castelão,H
7477,2021,Brasileirão Série A,22,2021-09-25,BRA015,BRA033,2,1,Neo Química Arena,H
7478,2021,Brasileirão Série A,22,2021-09-25,BRA042,BRA005,0,0, Morumbi,D
7479,2021,Brasileirão Série A,22,2021-09-26,BRA001,BRA021,1,1,Estádio Raimundo Sampaio,D
7480,2021,Brasileirão Série A,22,2021-09-26,BRA028,BRA007,2,0,Estádio José Pinheiro Borda,H
7481,2021,Brasileirão Série A,22,2021-09-26,BRA022,BRA010,2,1, Maracanã,H
7482,2021,Brasileirão Série A,22,2021-09-26,BRA031,BRA040,3,0, Alfredo Jaconi,H
7483,2021,Brasileirão Série A,22,2021-09-26,BRA043,BRA023,0,1,Arena de Pernambuco,A
7484,2021,Brasileirão Série A,22,2021-09-26,BRA003,BRA025,4,2,Estádio Joaquim Américo Guimarães,H
7485,2021,Brasileirão Série A,22,2021-09-26,BRA004,BRA019,0,0,Estádio Antônio Accioly,D
7486,2021,Brasileirão Série A,23,2021-10-02,BRA019,BRA001,0,2,Arena Pantanal,A
7487,2021,Brasileirão Série A,23,2021-10-02,BRA023,BRA004,0,3,Arena Castelão,A
7488,2021,Brasileirão Série A,23,2021-10-02,BRA010,BRA015,2,2,Nabizão,D
7489,2021,Brasileirão Série A,23,2021-10-02,BRA005,BRA028,1,0, Mineirão,H
7490,2021,Brasileirão Série A,23,2021-10-03,BRA021,BRA003,3,0, Maracanã,H
7491,2021,Brasileirão Série A,23,2021-10-03,BRA014,BRA042,1,1,Arena Condá,D
7492,2021,Brasileirão Série A,23,2021-10-03,BRA033,BRA031,1,1,Allianz Parque,D
7493,2021,Brasileirão Série A,23,2021-10-03,BRA025,BRA043,1,2,Arena do Grêmio,A
7496,2021,Brasileirão Série A,24,2021-10-05,BRA015,BRA007,3,1,Neo Química Arena,H
7497,2021,Brasileirão Série A,24,2021-10-06,BRA014,BRA005,2,2,Arena Condá,D
7498,2021,Brasileirão Série A,24,2021-10-06,BRA004,BRA003,0,2,Estádio Antônio Accioly,A
7499,2021,Brasileirão Série A,24,2021-10-06,BRA043,BRA031,3,1,Arena de Pernambuco,H
7500,2021,Brasileirão Série A,24,2021-10-06,BRA013,BRA028,0,0,Arena Castelão,D
7501,2021,Brasileirão Série A,24,2021-10-06,BRA010,BRA021,1,1,Nabizão,D
7502,2021,Brasileirão Série A,24,2021-10-06,BRA022,BRA023,0,2, Maracanã,A
7503,2021,Brasileirão Série A,24,2021-10-06,BRA001,BRA033,2,1,Estádio Raimundo Sampaio,H
7504,2021,Brasileirão Série A,24,2021-10-06,BRA025,BRA019,2,2,Arena do Grêmio,D
7505,2021,Brasileirão Série A,24,2021-10-07,BRA042,BRA040,1,1, Morumbi,D
7506,2021,Brasileirão Série A,25,2021-10-09,BRA022,BRA004,0,0, Maracanã,D
7507,2021,Brasileirão Série A,25,2021-10-09,BRA005,BRA013,3,1, Mineirão,H
7508,2021,Brasileirão Série A,25,2021-10-09,BRA043,BRA015,1,0,Arena de Pernambuco,H
7509,2021,Brasileirão Série A,25,2021-10-09,BRA023,BRA021,0,3,Arena Castelão,A
7510,2021,Brasileirão Série A,25,2021-10-09,BRA003,BRA007,0,2,Estádio Joaquim Américo Guimarães,A
7511,2021,Brasileirão Série A,25,2021-10-09,BRA033,BRA010,2,4,Allianz Parque,A
7512,2021,Brasileirão Série A,25,2021-10-09,BRA031,BRA001,1,1, Alfredo Jaconi,D
7513,2021,Brasileirão Série A,25,2021-10-10,BRA028,BRA014,5,2,Estádio José Pinheiro Borda,H
7514,2021,Brasileirão Série A,25,2021-10-10,BRA040,BRA025,1,0,Estádio Urbano Caldeira,H
7515,2021,Brasileirão Série A,25,2021-10-11,BRA019,BRA042,0,0,Arena Pantanal,D
7516,2021,Brasileirão Série A,26,2021-10-12,BRA010,BRA004,1,0,Nabizão,H
7517,2021,Brasileirão Série A,26,2021-10-12,BRA007,BRA033,0,0,Itaipava Arena Fonte Nova,D
7518,2021,Brasileirão Série A,26,2021-10-13,BRA005,BRA040,3,1, Mineirão,H
7519,2021,Brasileirão Série A,26,2021-10-13,BRA014,BRA003,1,1,Arena Condá,D
7520,2021,Brasileirão Série A,26,2021-10-13,BRA021,BRA031,3,1, Maracanã,H
7521,2021,Brasileirão Série A,26,2021-10-13,BRA023,BRA025,1,0,Arena Castelão,H
7522,2021,Brasileirão Série A,26,2021-10-13,BRA015,BRA022,1,0,Neo Química Arena,H
7523,2021,Brasileirão Série A,26,2021-10-13,BRA028,BRA001,3,1,Estádio José Pinheiro Borda,H
7524,2021,Brasileirão Série A,26,2021-10-14,BRA042,BRA013,1,1, Morumbi,D
7525,2021,Brasileirão Série A,26,2021-10-14,BRA019,BRA043,1,0,Arena Pantanal,H
7526,2021,Brasileirão Série A,27,2021-10-16,BRA014,BRA023,1,2,Arena Condá,A
7527,2021,Brasileirão Série A,27,2021-10-16,BRA001,BRA007,0,0,Estádio Raimundo Sampaio,D
7528,2021,Brasileirão Série A,27,2021-10-17,BRA003,BRA022,0,1,Estádio Joaquim Américo Guimarães,A
7529,2021,Brasileirão Série A,27,2021-10-17,BRA033,BRA028,1,0,Allianz Parque,H
7530,2021,Brasileirão Série A,27,2021-10-17,BRA013,BRA010,2,2,Arena Castelão,D
7531,2021,Brasileirão Série A,27,2021-10-17,BRA025,BRA031,3,2,Arena do Grêmio,H
7532,2021,Brasileirão Série A,27,2021-10-17,BRA004,BRA005,2,1,Estádio Antônio Accioly,H
7533,2021,Brasileirão Série A,27,2021-10-17,BRA043,BRA040,0,0,Adelmar da Costa Carvalho,D
7534,2021,Brasileirão Série A,27,2021-10-17,BRA021,BRA019,0,0, Maracanã,D
7535,2021,Brasileirão Série A,27,2021-10-18,BRA042,BRA015,1,0, Morumbi,H
7452,2021,Brasileirão Série A,19,2021-10-20,BRA013,BRA033,1,2,Arena Castelão,A
7453,2021,Brasileirão Série A,19,2021-10-21,BRA028,BRA010,1,1,Estádio José Pinheiro Borda,D
7536,2021,Brasileirão Série A,28,2021-10-23,BRA040,BRA001,0,2,Estádio Urbano Caldeira,A
7537,2021,Brasileirão Série A,28,2021-10-23,BRA031,BRA013,0,0, Alfredo Jaconi,D
7538,2021,Brasileirão Série A,28,2021-10-23,BRA022,BRA021,3,1, Maracanã,H
7539,2021,Brasileirão Série A,28,2021-10-23,BRA023,BRA003,3,0,Arena Castelão,H
7540,2021,Brasileirão Série A,28,2021-10-24,BRA028,BRA015,2,2,Estádio José Pinheiro Borda,D
7541,2021,Brasileirão Série A,28,2021-10-24,BRA005,BRA019,2,1, Mineirão,H
7542,2021,Brasileirão Série A,28,2021-10-24,BRA010,BRA042,1,0,Nabizão,H
7543,2021,Brasileirão Série A,28,2021-10-24,BRA007,BRA014,3,0,Itaipava Arena Fonte Nova,H
7544,2021,Brasileirão Série A,28,2021-10-25,BRA004,BRA025,2,0,Estádio Antônio Accioly,H
7545,2021,Brasileirão Série A,28,2021-10-25,BRA033,BRA043,2,1,Allianz Parque,H
7494,2021,Brasileirão Série A,23,2021-10-27,BRA040,BRA022,2,0,Estádio Urbano Caldeira,H
7495,2021,Brasileirão Série A,23,2021-10-27,BRA007,BRA013,1,1,Itaipava Arena Fonte Nova,D
7546,2021,Brasileirão Série A,34,2021-10-28,BRA010,BRA043,3,0,Nabizão,H
7556,2021,Brasileirão Série A,29,2021-10-30,BRA003,BRA040,0,1,Estádio Joaquim Américo Guimarães,A
7557,2021,Brasileirão Série A,29,2021-10-30,BRA021,BRA005,1,0, Maracanã,H
7558,2021,Brasileirão Série A,29,2021-10-30,BRA031,BRA007,0,0, Alfredo Jaconi,D
7559,2021,Brasileirão Série A,29,2021-10-30,BRA001,BRA023,2,1,Estádio Raimundo Sampaio,H
7560,2021,Brasileirão Série A,29,2021-10-31,BRA025,BRA033,1,3,Arena do Grêmio,A
7561,2021,Brasileirão Série A,29,2021-10-31,BRA013,BRA022,1,0,Arena Castelão,H
7562,2021,Brasileirão Série A,29,2021-10-31,BRA042,BRA028,1,0, Morumbi,H
7563,2021,Brasileirão Série A,29,2021-10-31,BRA043,BRA004,2,0,Arena de Pernambuco,H
7564,2021,Brasileirão Série A,29,2021-11-01,BRA019,BRA010,1,0,Arena Pantanal,H
7565,2021,Brasileirão Série A,29,2021-11-01,BRA015,BRA014,1,0,Neo Química Arena,H
7305,2021,Brasileirão Série A,4,2021-11-02,BRA003,BRA021,2,2,Estádio Joaquim Américo Guimarães,D
7454,2021,Brasileirão Série A,19,2021-11-03,BRA005,BRA025,2,1, Mineirão,H
7566,2021,Brasileirão Série A,31,2021-11-04,BRA019,BRA014,0,0,Arena Pantanal,D
7455,2021,Brasileirão Série A,19,2021-11-05,BRA021,BRA004,2,0, Maracanã,H
7576,2021,Brasileirão Série A,30,2021-11-06,BRA015,BRA023,1,0,Neo Química Arena,H
7577,2021,Brasileirão Série A,30,2021-11-06,BRA028,BRA025,1,0,Estádio José Pinheiro Borda,H
7578,2021,Brasileirão Série A,30,2021-11-06,BRA022,BRA043,1,0, Maracanã,H
7579,2021,Brasileirão Série A,30,2021-11-07,BRA010,BRA003,0,2,Nabizão,A
7580,2021,Brasileirão Série A,30,2021-11-07,BRA005,BRA001,1,0, Mineirão,H
7581,2021,Brasileirão Série A,30,2021-11-07,BRA040,BRA033,0,2,Estádio Urbano Caldeira,A
7582,2021,Brasileirão Série A,30,2021-11-07,BRA007,BRA042,1,0,Itaipava Arena Fonte Nova,H
7583,2021,Brasileirão Série A,30,2021-11-07,BRA013,BRA019,1,0,Arena Castelão,H
7584,2021,Brasileirão Série A,30,2021-11-08,BRA014,BRA021,2,2,Arena Condá,D
7567,2021,Brasileirão Série A,31,2021-11-09,BRA025,BRA022,1,0,Arena do Grêmio,H
7568,2021,Brasileirão Série A,31,2021-11-10,BRA003,BRA013,2,1,Estádio Joaquim Américo Guimarães,H
7569,2021,Brasileirão Série A,31,2021-11-10,BRA005,BRA015,3,0, Mineirão,H
7570,2021,Brasileirão Série A,31,2021-11-10,BRA040,BRA010,2,0,Estádio Urbano Caldeira,H
7571,2021,Brasileirão Série A,31,2021-11-10,BRA033,BRA004,4,0,Allianz Parque,H
7572,2021,Brasileirão Série A,31,2021-11-10,BRA023,BRA042,1,1,Arena Castelão,D
7573,2021,Brasileirão Série A,31,2021-11-10,BRA043,BRA001,2,3,Arena de Pernambuco,A
7574,2021,Brasileirão Série A,31,2021-11-10,BRA031,BRA028,2,1, Alfredo Jaconi,H
7575,2021,Brasileirão Série A,31,2021-11-11,BRA021,BRA007,3,0, Maracanã,H
7586,2021,Brasileirão Série A,32,2021-11-13,BRA004,BRA040,0,0,Estádio Antônio Accioly,D
7587,2021,Brasileirão Série A,32,2021-11-13,BRA001,BRA025,3,1,Estádio Raimundo Sampaio,H
7588,2021,Brasileirão Série A,32,2021-11-13,BRA010,BRA023,3,0,Nabizão,H
7589,2021,Brasileirão Série A,32,2021-11-13,BRA028,BRA003,2,1,Estádio José Pinheiro Borda,H
7590,2021,Brasileirão Série A,32,2021-11-13,BRA015,BRA019,3,2,Neo Química Arena,H
7591,2021,Brasileirão Série A,32,2021-11-14,BRA042,BRA021,0,4, Morumbi,A
7592,2021,Brasileirão Série A,32,2021-11-14,BRA022,BRA033,2,1, Maracanã,H
7593,2021,Brasileirão Série A,32,2021-11-14,BRA013,BRA043,2,1,Arena Castelão,H
7594,2021,Brasileirão Série A,32,2021-11-14,BRA014,BRA031,0,2,Arena Condá,A
7596,2021,Brasileirão Série A,33,2021-11-16,BRA003,BRA005,0,1,Estádio Joaquim Américo Guimarães,A
7597,2021,Brasileirão Série A,33,2021-11-16,BRA025,BRA010,3,0,Arena do Grêmio,H
7598,2021,Brasileirão Série A,33,2021-11-17,BRA001,BRA004,0,0,Estádio Raimundo Sampaio,D
7599,2021,Brasileirão Série A,33,2021-11-17,BRA040,BRA014,2,0,Estádio Urbano Caldeira,H
7600,2021,Brasileirão Série A,33,2021-11-17,BRA019,BRA028,1,0,Arena Pantanal,H
7601,2021,Brasileirão Série A,33,2021-11-17,BRA023,BRA013,0,4,Arena Castelão,A
7602,2021,Brasileirão Série A,33,2021-11-17,BRA033,BRA042,0,2,Allianz Parque,A
7603,2021,Brasileirão Série A,33,2021-11-17,BRA031,BRA022,1,0, Alfredo Jaconi,H
7604,2021,Brasileirão Série A,33,2021-11-17,BRA021,BRA015,1,0, Maracanã,H
7605,2021,Brasileirão Série A,33,2021-11-18,BRA043,BRA007,1,0,Arena de Pernambuco,H
7547,2021,Brasileirão Série A,34,2021-11-20,BRA005,BRA031,2,0, Mineirão,H
7548,2021,Brasileirão Série A,34,2021-11-20,BRA023,BRA033,1,0,Arena Castelão,H
7549,2021,Brasileirão Série A,34,2021-11-20,BRA014,BRA025,1,3,Arena Condá,A
7550,2021,Brasileirão Série A,34,2021-11-20,BRA004,BRA013,1,1,Estádio Antônio Accioly,D
7551,2021,Brasileirão Série A,34,2021-11-20,BRA028,BRA021,1,2,Estádio José Pinheiro Borda,A
7552,2021,Brasileirão Série A,34,2021-11-21,BRA015,BRA040,2,0,Neo Química Arena,H
7553,2021,Brasileirão Série A,34,2021-11-21,BRA022,BRA001,2,0, Maracanã,H
7554,2021,Brasileirão Série A,34,2021-11-21,BRA007,BRA019,0,0,Itaipava Arena Fonte Nova,D
7285,2021,Brasileirão Série A,2,2021-11-23,BRA025,BRA021,2,2,Arena do Grêmio,D
7585,2021,Brasileirão Série A,30,2021-11-23,BRA004,BRA031,1,1,Estádio Antônio Accioly,D
7606,2021,Brasileirão Série A,35,2021-11-23,BRA033,BRA005,2,2,Allianz Parque,D
7555,2021,Brasileirão Série A,34,2021-11-24,BRA042,BRA003,0,0, Morumbi,D
7607,2021,Brasileirão Série A,35,2021-11-24,BRA022,BRA028,1,0, Maracanã,H
7608,2021,Brasileirão Série A,35,2021-11-25,BRA040,BRA023,2,0,Estádio Urbano Caldeira,H
7609,2021,Brasileirão Série A,35,2021-11-25,BRA013,BRA015,2,1,Arena Castelão,H
7616,2021,Brasileirão Série A,36,2021-11-26,BRA007,BRA025,3,1,Itaipava Arena Fonte Nova,H
7617,2021,Brasileirão Série A,36,2021-11-27,BRA010,BRA001,1,1,Nabizão,D
7618,2021,Brasileirão Série A,36,2021-11-27,BRA042,BRA043,2,0, Morumbi,H
7619,2021,Brasileirão Série A,36,2021-11-28,BRA015,BRA003,1,0,Neo Química Arena,H
7620,2021,Brasileirão Série A,36,2021-11-28,BRA005,BRA022,2,1, Mineirão,H
7621,2021,Brasileirão Série A,36,2021-11-28,BRA028,BRA040,1,1,Estádio José Pinheiro Borda,D
7610,2021,Brasileirão Série A,35,2021-11-29,BRA004,BRA007,2,1,Estádio Antônio Accioly,H
7611,2021,Brasileirão Série A,35,2021-11-30,BRA031,BRA010,1,0, Alfredo Jaconi,H
7612,2021,Brasileirão Série A,35,2021-11-30,BRA001,BRA014,3,0,Estádio Raimundo Sampaio,H
7622,2021,Brasileirão Série A,36,2021-11-30,BRA021,BRA013,2,1, Maracanã,H
7623,2021,Brasileirão Série A,36,2021-11-30,BRA019,BRA033,1,3,Arena Pantanal,A
7595,2021,Brasileirão Série A,32,2021-12-02,BRA007,BRA005,2,3,Itaipava Arena Fonte Nova,A
7613,2021,Brasileirão Série A,35,2021-12-02,BRA025,BRA042,3,0,Arena do Grêmio,H
7614,2021,Brasileirão Série A,35,2021-12-03,BRA003,BRA019,1,0,Estádio Joaquim Américo Guimarães,H
7615,2021,Brasileirão Série A,35,2021-12-03,BRA043,BRA021,1,1,Arena de Pernambuco,D
7624,2021,Brasileirão Série A,36,2021-12-03,BRA014,BRA004,0,1,Arena Condá,A
7625,2021,Brasileirão Série A,36,2021-12-03,BRA023,BRA031,1,0,Arena Castelão,H
7626,2021,Brasileirão Série A,37,2021-12-05,BRA007,BRA022,2,0,Itaipava Arena Fonte Nova,H
7627,2021,Brasileirão Série A,37,2021-12-05,BRA015,BRA025,1,1,Neo Química Arena,D
7628,2021,Brasileirão Série A,37,2021-12-05,BRA005,BRA010,4,3, Mineirão,H
7629,2021,Brasileirão Série A,37,2021-12-05,BRA013,BRA001,0,0,Arena Castelão,D
7630,2021,Brasileirão Série A,37,2021-12-06,BRA042,BRA031,3,1, Morumbi,H
7631,2021,Brasileirão Série A,37,2021-12-06,BRA003,BRA033,0,0,Estádio Joaquim Américo Guimarães,D
7632,2021,Brasileirão Série A,37,2021-12-06,BRA019,BRA023,1,0,Arena Pantanal,H
7633,2021,Brasileirão Série A,37,2021-12-06,BRA028,BRA004,1,2,Estádio José Pinheiro Borda,A
7634,2021,Brasileirão Série A,37,2021-12-06,BRA021,BRA040,0,1, Maracanã,A
7635,2021,Brasileirão Série A,37,2021-12-06,BRA014,BRA043,0,1,Arena Condá,A
7636,2021,Brasileirão Série A,38,2021-12-09,BRA023,BRA007,2,1,Arena Castelão,H
7637,2021,Brasileirão Série A,38,2021-12-09,BRA004,BRA021,2,0,Estádio Antônio Accioly,H
7638,2021,Brasileirão Série A,38,2021-12-09,BRA033,BRA013,1,0,Arena Barueri,H
7639,2021,Brasileirão Série A,38,2021-12-09,BRA022,BRA014,3,0, Maracanã,H
7640,2021,Brasileirão Série A,38,2021-12-09,BRA001,BRA042,2,0,Estádio Raimundo Sampaio,H
7641,2021,Brasileirão Série A,38,2021-12-09,BRA010,BRA028,1,0,Nabizão,H
7642,2021,Brasileirão Série A,38,2021-12-09,BRA043,BRA003,1,1,Arena de Pernambuco,D
7643,2021,Brasileirão Série A,38,2021-12-09,BRA031,BRA015,1,0, Alfredo Jaconi,H
7644,2021,Brasileirão Série A,38,2021-12-09,BRA025,BRA005,4,3,Arena do Grêmio,H
7645,2021,Brasileirão Série A,38,2021-12-09,BRA040,BRA019,1,1,Estádio Urbano Caldeira,D
7646,2022,Brasileirão Série A,1,2022-04-09,BRA022,BRA040,0,0, Maracanã,D
7647,2022,Brasileirão Série A,1,2022-04-09,BRA004,BRA021,1,1,Estádio Antônio Accioly,D
7648,2022,Brasileirão Série A,1,2022-04-09,BRA033,BRA013,2,3,Allianz Parque,A
7649,2022,Brasileirão Série A,1,2022-04-10,BRA016,BRA024,3,0, Couto Pereira,H
7650,2022,Brasileirão Série A,1,2022-04-10,BRA009,BRA015,1,3,Estádio Nilton Santos,A
7651,2022,Brasileirão Série A,1,2022-04-10,BRA005,BRA028,2,0, Mineirão,H
7652,2022,Brasileirão Série A,1,2022-04-10,BRA023,BRA019,0,1,Arena Castelão,A
7653,2022,Brasileirão Série A,1,2022-04-10,BRA006,BRA001,1,0,  Ressacada,H
7654,2022,Brasileirão Série A,1,2022-04-10,BRA042,BRA003,4,0, Morumbi,H
7655,2022,Brasileirão Série A,1,2022-04-11,BRA031,BRA010,2,2, Alfredo Jaconi,D
7656,2022,Brasileirão Série A,2,2022-04-16,BRA024,BRA033,1,1,Estádio da Serrinha,D
7657,2022,Brasileirão Série A,2,2022-04-16,BRA001,BRA031,4,1,Estádio Raimundo Sampaio,H
7658,2022,Brasileirão Série A,2,2022-04-16,BRA015,BRA006,3,0,Neo Química Arena,H
7659,2022,Brasileirão Série A,2,2022-04-16,BRA019,BRA022,0,1,Arena Pantanal,A
7660,2022,Brasileirão Série A,2,2022-04-17,BRA040,BRA016,2,1,Estádio Urbano Caldeira,H
7661,2022,Brasileirão Série A,2,2022-04-17,BRA021,BRA042,3,1, Maracanã,H
7662,2022,Brasileirão Série A,2,2022-04-17,BRA003,BRA005,0,1,Estádio Joaquim Américo Guimarães,A
7663,2022,Brasileirão Série A,2,2022-04-17,BRA028,BRA023,2,1,Estádio José Pinheiro Borda,H
7664,2022,Brasileirão Série A,2,2022-04-17,BRA010,BRA004,4,0,Nabizão,H
7665,2022,Brasileirão Série A,2,2022-04-17,BRA013,BRA009,1,3,Arena Castelão,A
7666,2022,Brasileirão Série A,4,2022-04-20,BRA021,BRA033,0,0, Maracanã,D
7676,2022,Brasileirão Série A,3,2022-04-23,BRA010,BRA042,1,1,Nabizão,D
7677,2022,Brasileirão Série A,3,2022-04-23,BRA003,BRA021,1,0,Estádio Joaquim Américo Guimarães,H
7678,2022,Brasileirão Série A,3,2022-04-23,BRA033,BRA015,3,0,Arena Barueri,H
7679,2022,Brasileirão Série A,3,2022-04-23,BRA022,BRA028,0,1, Maracanã,A
7680,2022,Brasileirão Série A,3,2022-04-23,BRA005,BRA016,2,2,Estádio Raimundo Sampaio,D
7681,2022,Brasileirão Série A,3,2022-04-24,BRA040,BRA001,3,0,Estádio Urbano Caldeira,H
7682,2022,Brasileirão Série A,3,2022-04-24,BRA031,BRA019,0,1, Alfredo Jaconi,A
7683,2022,Brasileirão Série A,3,2022-04-24,BRA004,BRA009,1,1,Estádio Antônio Accioly,D
7684,2022,Brasileirão Série A,3,2022-04-25,BRA006,BRA024,3,2,  Ressacada,H
7667,2022,Brasileirão Série A,4,2022-04-30,BRA013,BRA010,0,1,Arena Castelão,A
7668,2022,Brasileirão Série A,4,2022-04-30,BRA001,BRA003,1,0,Estádio Raimundo Sampaio,H
7669,2022,Brasileirão Série A,4,2022-04-30,BRA024,BRA005,2,2,Estádio da Serrinha,D
7670,2022,Brasileirão Série A,4,2022-04-30,BRA019,BRA004,1,1,Arena Pantanal,D
7671,2022,Brasileirão Série A,4,2022-05-01,BRA009,BRA031,1,1,Estádio Nilton Santos,D
7672,2022,Brasileirão Série A,4,2022-05-01,BRA015,BRA023,1,0,Neo Química Arena,H
7673,2022,Brasileirão Série A,4,2022-05-01,BRA016,BRA022,3,2, Couto Pereira,H
7674,2022,Brasileirão Série A,4,2022-05-01,BRA028,BRA006,0,0,Estádio José Pinheiro Borda,D
7675,2022,Brasileirão Série A,4,2022-05-02,BRA042,BRA040,2,1, Morumbi,H
7686,2022,Brasileirão Série A,5,2022-05-07,BRA005,BRA001,1,2,Estádio Raimundo Sampaio,A
7687,2022,Brasileirão Série A,5,2022-05-07,BRA003,BRA013,1,0,Estádio Joaquim Américo Guimarães,H
7688,2022,Brasileirão Série A,5,2022-05-08,BRA021,BRA009,0,1,Estádio Nacional de Brasília,A
7689,2022,Brasileirão Série A,5,2022-05-08,BRA033,BRA022,1,1,Allianz Parque,D
7690,2022,Brasileirão Série A,5,2022-05-08,BRA004,BRA024,0,1,Estádio Antônio Accioly,A
7691,2022,Brasileirão Série A,5,2022-05-08,BRA010,BRA015,0,1,Nabizão,A
7692,2022,Brasileirão Série A,5,2022-05-08,BRA040,BRA019,4,1,Estádio Urbano Caldeira,H
7693,2022,Brasileirão Série A,5,2022-05-08,BRA031,BRA028,1,1, Alfredo Jaconi,D
7694,2022,Brasileirão Série A,5,2022-05-08,BRA023,BRA042,1,1,Arena Castelão,D
7695,2022,Brasileirão Série A,5,2022-05-09,BRA006,BRA016,2,1,  Ressacada,H
7696,2022,Brasileirão Série A,7,2022-05-11,BRA010,BRA005,1,1,Nabizão,D
7706,2022,Brasileirão Série A,6,2022-05-14,BRA033,BRA010,2,0,Allianz Parque,H
7707,2022,Brasileirão Série A,6,2022-05-14,BRA013,BRA021,2,2,Arena Castelão,D
7708,2022,Brasileirão Série A,6,2022-05-14,BRA028,BRA015,2,2,Estádio José Pinheiro Borda,D
7709,2022,Brasileirão Série A,6,2022-05-14,BRA005,BRA004,2,0,Estádio Raimundo Sampaio,H
7710,2022,Brasileirão Série A,6,2022-05-14,BRA022,BRA003,2,1,Estádio Municipal General Raulino de Oliveira,H
7711,2022,Brasileirão Série A,6,2022-05-15,BRA042,BRA019,2,1, Morumbi,H
7712,2022,Brasileirão Série A,6,2022-05-15,BRA016,BRA001,1,0, Couto Pereira,H
7713,2022,Brasileirão Série A,6,2022-05-15,BRA009,BRA023,3,1,Estádio Nilton Santos,H
7714,2022,Brasileirão Série A,6,2022-05-15,BRA006,BRA031,1,2,  Ressacada,A
7715,2022,Brasileirão Série A,6,2022-05-15,BRA024,BRA040,1,0,Estádio da Serrinha,H
7697,2022,Brasileirão Série A,7,2022-05-21,BRA004,BRA016,2,0,Estádio Antônio Accioly,H
7698,2022,Brasileirão Série A,7,2022-05-21,BRA021,BRA024,1,0, Maracanã,H
7699,2022,Brasileirão Série A,7,2022-05-21,BRA040,BRA013,0,0,Arena Barueri,D
7700,2022,Brasileirão Série A,7,2022-05-21,BRA031,BRA033,0,3, Alfredo Jaconi,A
7701,2022,Brasileirão Série A,7,2022-05-21,BRA019,BRA028,1,1,Arena Pantanal,D
7702,2022,Brasileirão Série A,7,2022-05-21,BRA001,BRA009,1,1,Estádio Raimundo Sampaio,D
7703,2022,Brasileirão Série A,7,2022-05-22,BRA015,BRA042,1,1,Neo Química Arena,D
7704,2022,Brasileirão Série A,7,2022-05-22,BRA023,BRA022,0,1,Arena Castelão,A
7705,2022,Brasileirão Série A,7,2022-05-22,BRA003,BRA006,2,1,Estádio Joaquim Américo Guimarães,H
7716,2022,Brasileirão Série A,8,2022-05-28,BRA024,BRA010,1,1,Estádio da Serrinha,D
7717,2022,Brasileirão Série A,8,2022-05-28,BRA042,BRA013,2,2, Morumbi,D
7718,2022,Brasileirão Série A,8,2022-05-28,BRA023,BRA031,1,1,Arena Castelão,D
7719,2022,Brasileirão Série A,8,2022-05-29,BRA016,BRA009,1,0, Couto Pereira,H
7720,2022,Brasileirão Série A,8,2022-05-29,BRA040,BRA033,0,1,Estádio Urbano Caldeira,A
7721,2022,Brasileirão Série A,8,2022-05-29,BRA019,BRA003,0,1,Arena Pantanal,A
7722,2022,Brasileirão Série A,8,2022-05-29,BRA015,BRA001,1,1,Neo Química Arena,D
7723,2022,Brasileirão Série A,8,2022-05-29,BRA022,BRA021,1,2, Maracanã,A
7724,2022,Brasileirão Série A,8,2022-05-29,BRA005,BRA006,2,1, Mineirão,H
7725,2022,Brasileirão Série A,8,2022-05-30,BRA028,BRA004,1,1,Estádio José Pinheiro Borda,D
7685,2022,Brasileirão Série A,3,2022-06-01,BRA023,BRA013,0,1,Arena Castelão,A
7726,2022,Brasileirão Série A,9,2022-06-04,BRA001,BRA019,2,1,Estádio Raimundo Sampaio,H
7727,2022,Brasileirão Série A,9,2022-06-04,BRA003,BRA040,2,2,Estádio Joaquim Américo Guimarães,D
7728,2022,Brasileirão Série A,9,2022-06-04,BRA013,BRA016,1,1,Arena Castelão,D
7729,2022,Brasileirão Série A,9,2022-06-04,BRA006,BRA042,1,1,  Ressacada,D
7730,2022,Brasileirão Série A,9,2022-06-04,BRA004,BRA015,0,1,Estádio do Governo do Estado de Goiás (Serra Dourada),A
7731,2022,Brasileirão Série A,9,2022-06-05,BRA031,BRA022,1,0, Alfredo Jaconi,H
7732,2022,Brasileirão Série A,9,2022-06-05,BRA021,BRA023,1,2, Maracanã,A
7733,2022,Brasileirão Série A,9,2022-06-05,BRA033,BRA005,0,0,Allianz Parque,D
7734,2022,Brasileirão Série A,9,2022-06-05,BRA010,BRA028,0,2,Nabizão,A
7735,2022,Brasileirão Série A,9,2022-06-06,BRA009,BRA024,1,2,Estádio Nilton Santos,A
7736,2022,Brasileirão Série A,10,2022-06-07,BRA019,BRA015,1,0,Arena Pantanal,H
7737,2022,Brasileirão Série A,10,2022-06-08,BRA001,BRA013,0,2,Estádio Raimundo Sampaio,A
7738,2022,Brasileirão Série A,10,2022-06-08,BRA031,BRA003,1,3, Alfredo Jaconi,A
7739,2022,Brasileirão Série A,10,2022-06-08,BRA004,BRA006,2,1,Estádio do Governo do Estado de Goiás (Serra Dourada),H
7740,2022,Brasileirão Série A,10,2022-06-08,BRA010,BRA021,1,0,Nabizão,H
7741,2022,Brasileirão Série A,10,2022-06-08,BRA022,BRA005,5,3, Maracanã,H
7742,2022,Brasileirão Série A,10,2022-06-08,BRA040,BRA028,1,1,Estádio Urbano Caldeira,D
7743,2022,Brasileirão Série A,10,2022-06-09,BRA033,BRA009,4,0,Allianz Parque,H
7744,2022,Brasileirão Série A,10,2022-06-09,BRA016,BRA042,1,1, Couto Pereira,D
7745,2022,Brasileirão Série A,10,2022-06-09,BRA023,BRA024,1,1,Arena Castelão,D
7746,2022,Brasileirão Série A,11,2022-06-11,BRA015,BRA031,2,0,Neo Química Arena,H
7747,2022,Brasileirão Série A,11,2022-06-11,BRA005,BRA040,1,1, Mineirão,D
7748,2022,Brasileirão Série A,11,2022-06-11,BRA022,BRA004,0,2, Maracanã,A
7749,2022,Brasileirão Série A,11,2022-06-11,BRA019,BRA010,1,1,Arena Pantanal,D
7750,2022,Brasileirão Série A,11,2022-06-11,BRA028,BRA021,3,1,Estádio José Pinheiro Borda,H
7751,2022,Brasileirão Série A,11,2022-06-12,BRA024,BRA013,1,1,Estádio da Serrinha,D
7752,2022,Brasileirão Série A,11,2022-06-12,BRA042,BRA001,1,0, Morumbi,H
7753,2022,Brasileirão Série A,11,2022-06-12,BRA016,BRA033,0,2, Couto Pereira,A
7754,2022,Brasileirão Série A,11,2022-06-12,BRA023,BRA003,0,0,Arena Castelão,D
7755,2022,Brasileirão Série A,11,2022-06-13,BRA009,BRA006,0,1,Estádio Nilton Santos,A
7756,2022,Brasileirão Série A,12,2022-06-14,BRA031,BRA040,1,2, Alfredo Jaconi,A
7757,2022,Brasileirão Série A,12,2022-06-15,BRA013,BRA005,0,0,Arena Castelão,D
7758,2022,Brasileirão Série A,12,2022-06-15,BRA010,BRA016,4,2,Nabizão,H
7759,2022,Brasileirão Série A,12,2022-06-15,BRA024,BRA028,1,2,Estádio da Serrinha,A
7760,2022,Brasileirão Série A,12,2022-06-15,BRA021,BRA019,2,0, Maracanã,H
7761,2022,Brasileirão Série A,12,2022-06-15,BRA003,BRA015,1,1,Estádio Joaquim Américo Guimarães,D
7762,2022,Brasileirão Série A,12,2022-06-15,BRA001,BRA022,0,0,Estádio Raimundo Sampaio,D
7763,2022,Brasileirão Série A,12,2022-06-16,BRA009,BRA042,1,0,Estádio Nilton Santos,H
7764,2022,Brasileirão Série A,12,2022-06-16,BRA033,BRA004,4,2,Allianz Parque,H
7765,2022,Brasileirão Série A,12,2022-06-16,BRA006,BRA023,3,2,  Ressacada,H
7766,2022,Brasileirão Série A,13,2022-06-18,BRA019,BRA013,0,0,Arena Pantanal,D
7767,2022,Brasileirão Série A,13,2022-06-18,BRA040,BRA010,2,2,Estádio Urbano Caldeira,D
7768,2022,Brasileirão Série A,13,2022-06-19,BRA005,BRA021,2,0, Mineirão,H
7769,2022,Brasileirão Série A,13,2022-06-19,BRA016,BRA003,0,1, Couto Pereira,A
7770,2022,Brasileirão Série A,13,2022-06-19,BRA015,BRA024,1,0,Neo Química Arena,H
7771,2022,Brasileirão Série A,13,2022-06-19,BRA028,BRA009,2,3,Estádio José Pinheiro Borda,A
7772,2022,Brasileirão Série A,13,2022-06-19,BRA023,BRA001,1,0,Arena Castelão,H
7773,2022,Brasileirão Série A,13,2022-06-19,BRA004,BRA031,3,1,Estádio Antônio Accioly,H
7774,2022,Brasileirão Série A,13,2022-06-19,BRA022,BRA006,2,0, Maracanã,H
7775,2022,Brasileirão Série A,13,2022-06-20,BRA042,BRA033,1,2, Morumbi,A
7776,2022,Brasileirão Série A,14,2022-06-24,BRA028,BRA016,3,0,Estádio José Pinheiro Borda,H
7777,2022,Brasileirão Série A,14,2022-06-25,BRA003,BRA010,4,2,Estádio Joaquim Américo Guimarães,H
7778,2022,Brasileirão Série A,14,2022-06-25,BRA021,BRA001,3,0, Maracanã,H
7779,2022,Brasileirão Série A,14,2022-06-25,BRA015,BRA040,0,0,Neo Química Arena,D
7780,2022,Brasileirão Série A,14,2022-06-25,BRA005,BRA023,3,2, Mineirão,H
7781,2022,Brasileirão Série A,14,2022-06-26,BRA006,BRA033,2,2,  Ressacada,D
7782,2022,Brasileirão Série A,14,2022-06-26,BRA009,BRA022,0,1,Estádio Nilton Santos,A
7783,2022,Brasileirão Série A,14,2022-06-26,BRA024,BRA019,1,0,Estádio da Serrinha,H
7784,2022,Brasileirão Série A,14,2022-06-26,BRA013,BRA004,1,1,Arena Castelão,D
7785,2022,Brasileirão Série A,14,2022-06-26,BRA042,BRA031,0,0, Morumbi,D
7786,2022,Brasileirão Série A,15,2022-07-02,BRA031,BRA005,1,2, Alfredo Jaconi,A
7787,2022,Brasileirão Série A,15,2022-07-02,BRA022,BRA015,4,0, Maracanã,H
7788,2022,Brasileirão Série A,15,2022-07-02,BRA040,BRA021,1,2,Estádio Urbano Caldeira,A
7789,2022,Brasileirão Série A,15,2022-07-02,BRA013,BRA028,1,1,Arena Castelão,D
7790,2022,Brasileirão Série A,15,2022-07-02,BRA033,BRA003,0,2,Allianz Parque,A
7791,2022,Brasileirão Série A,15,2022-07-03,BRA006,BRA019,1,2,  Ressacada,A
7792,2022,Brasileirão Série A,15,2022-07-03,BRA004,BRA042,1,2,Estádio Antônio Accioly,A
7793,2022,Brasileirão Série A,15,2022-07-03,BRA001,BRA024,1,0,Estádio Raimundo Sampaio,H
7794,2022,Brasileirão Série A,15,2022-07-03,BRA016,BRA023,2,1, Couto Pereira,H
7795,2022,Brasileirão Série A,15,2022-07-04,BRA010,BRA009,0,1,Nabizão,A
7796,2022,Brasileirão Série A,16,2022-07-09,BRA010,BRA006,4,0,Nabizão,H
7797,2022,Brasileirão Série A,16,2022-07-09,BRA022,BRA013,2,1, Maracanã,H
7798,2022,Brasileirão Série A,16,2022-07-09,BRA024,BRA003,2,1,Estádio da Serrinha,H
7799,2022,Brasileirão Série A,16,2022-07-10,BRA016,BRA031,2,2, Couto Pereira,D
7800,2022,Brasileirão Série A,16,2022-07-10,BRA015,BRA021,1,0,Neo Química Arena,H
7801,2022,Brasileirão Série A,16,2022-07-10,BRA040,BRA004,1,0,Estádio Urbano Caldeira,H
7802,2022,Brasileirão Série A,16,2022-07-10,BRA023,BRA033,0,0,Arena Castelão,D
7803,2022,Brasileirão Série A,16,2022-07-10,BRA005,BRA042,0,0, Mineirão,D
7804,2022,Brasileirão Série A,16,2022-07-10,BRA019,BRA009,2,0,Arena Pantanal,H
7805,2022,Brasileirão Série A,16,2022-07-11,BRA028,BRA001,1,0,Estádio José Pinheiro Borda,H
7806,2022,Brasileirão Série A,17,2022-07-16,BRA003,BRA028,0,0,Estádio Joaquim Américo Guimarães,D
7807,2022,Brasileirão Série A,17,2022-07-16,BRA021,BRA016,2,0,Estádio Nacional de Brasília,H
7808,2022,Brasileirão Série A,17,2022-07-16,BRA006,BRA040,1,0,  Ressacada,H
7809,2022,Brasileirão Série A,17,2022-07-16,BRA013,BRA015,3,1,Arena Castelão,H
7810,2022,Brasileirão Série A,17,2022-07-17,BRA031,BRA024,0,0, Alfredo Jaconi,D
7811,2022,Brasileirão Série A,17,2022-07-17,BRA042,BRA022,2,2, Morumbi,D
7812,2022,Brasileirão Série A,17,2022-07-17,BRA009,BRA005,0,1,Estádio Nilton Santos,A
7813,2022,Brasileirão Série A,17,2022-07-17,BRA004,BRA023,0,1,Estádio Antônio Accioly,A
7814,2022,Brasileirão Série A,17,2022-07-17,BRA001,BRA010,0,3,Estádio Raimundo Sampaio,A
7815,2022,Brasileirão Série A,17,2022-07-18,BRA033,BRA019,1,0,Allianz Parque,H
7816,2022,Brasileirão Série A,18,2022-07-19,BRA013,BRA006,1,0,Arena Castelão,H
7817,2022,Brasileirão Série A,18,2022-07-20,BRA010,BRA023,2,1,Nabizão,H
7818,2022,Brasileirão Série A,18,2022-07-20,BRA024,BRA022,2,3,Estádio da Serrinha,A
7819,2022,Brasileirão Série A,18,2022-07-20,BRA003,BRA004,4,1,Estádio Joaquim Américo Guimarães,H
7820,2022,Brasileirão Série A,18,2022-07-20,BRA021,BRA031,4,0,Estádio Nacional de Brasília,H
7821,2022,Brasileirão Série A,18,2022-07-20,BRA028,BRA042,3,3,Estádio José Pinheiro Borda,D
7822,2022,Brasileirão Série A,18,2022-07-20,BRA040,BRA009,2,0,Estádio Urbano Caldeira,H
7823,2022,Brasileirão Série A,18,2022-07-20,BRA015,BRA016,3,1,Neo Química Arena,H
7824,2022,Brasileirão Série A,18,2022-07-21,BRA019,BRA005,1,1,Arena Pantanal,D
7825,2022,Brasileirão Série A,18,2022-07-21,BRA001,BRA033,0,1,Estádio Raimundo Sampaio,A
7826,2022,Brasileirão Série A,19,2022-07-23,BRA042,BRA024,3,3, Morumbi,D
7827,2022,Brasileirão Série A,19,2022-07-23,BRA009,BRA003,2,0,Estádio Nilton Santos,H
7828,2022,Brasileirão Série A,19,2022-07-24,BRA006,BRA021,1,2,  Ressacada,A
7829,2022,Brasileirão Série A,19,2022-07-24,BRA022,BRA010,2,1,Estádio Municipal General Raulino de Oliveira,H
7830,2022,Brasileirão Série A,19,2022-07-24,BRA033,BRA028,2,1,Allianz Parque,H
7831,2022,Brasileirão Série A,19,2022-07-24,BRA031,BRA013,1,0, Alfredo Jaconi,H
7832,2022,Brasileirão Série A,19,2022-07-24,BRA005,BRA015,1,2, Mineirão,A
7833,2022,Brasileirão Série A,19,2022-07-24,BRA004,BRA001,0,1,Estádio Antônio Accioly,A
7834,2022,Brasileirão Série A,19,2022-07-24,BRA023,BRA040,0,0,Arena Castelão,D
7835,2022,Brasileirão Série A,19,2022-07-25,BRA016,BRA019,1,0, Couto Pereira,H
7836,2022,Brasileirão Série A,20,2022-07-30,BRA024,BRA016,1,0,Estádio da Serrinha,H
7837,2022,Brasileirão Série A,20,2022-07-30,BRA013,BRA033,1,2,Arena Castelão,A
7838,2022,Brasileirão Série A,20,2022-07-30,BRA015,BRA009,1,0,Neo Química Arena,H
7839,2022,Brasileirão Série A,20,2022-07-30,BRA021,BRA004,4,1, Maracanã,H
7840,2022,Brasileirão Série A,20,2022-07-31,BRA003,BRA042,1,0,Estádio Joaquim Américo Guimarães,H
7841,2022,Brasileirão Série A,20,2022-07-31,BRA028,BRA005,3,0,Estádio José Pinheiro Borda,H
7842,2022,Brasileirão Série A,20,2022-07-31,BRA019,BRA023,0,1,Arena Pantanal,A
7843,2022,Brasileirão Série A,20,2022-07-31,BRA001,BRA006,3,1,Estádio Raimundo Sampaio,H
7844,2022,Brasileirão Série A,20,2022-07-31,BRA010,BRA031,1,0,Nabizão,H
7845,2022,Brasileirão Série A,20,2022-08-01,BRA040,BRA022,2,2,Estádio Urbano Caldeira,D
7846,2022,Brasileirão Série A,21,2022-08-06,BRA031,BRA001,0,1, Alfredo Jaconi,A
7847,2022,Brasileirão Série A,21,2022-08-06,BRA009,BRA013,1,1,Estádio Nilton Santos,D
7848,2022,Brasileirão Série A,21,2022-08-06,BRA006,BRA015,1,1,  Ressacada,D
7849,2022,Brasileirão Série A,21,2022-08-06,BRA004,BRA010,2,1,Estádio Antônio Accioly,H
7850,2022,Brasileirão Série A,21,2022-08-06,BRA042,BRA021,0,2, Morumbi,A
7851,2022,Brasileirão Série A,21,2022-08-07,BRA022,BRA019,1,0, Maracanã,H
7852,2022,Brasileirão Série A,21,2022-08-07,BRA033,BRA024,3,0,Allianz Parque,H
7853,2022,Brasileirão Série A,21,2022-08-07,BRA023,BRA028,3,0,Arena Castelão,H
7854,2022,Brasileirão Série A,21,2022-08-07,BRA005,BRA003,2,3, Mineirão,A
7855,2022,Brasileirão Série A,21,2022-08-08,BRA016,BRA040,1,2, Couto Pereira,A
7856,2022,Brasileirão Série A,22,2022-08-13,BRA024,BRA006,1,1,Estádio da Serrinha,D
7857,2022,Brasileirão Série A,22,2022-08-13,BRA015,BRA033,0,1,Neo Química Arena,A
7858,2022,Brasileirão Série A,22,2022-08-13,BRA019,BRA031,1,0,Arena Pantanal,H
7859,2022,Brasileirão Série A,22,2022-08-13,BRA009,BRA004,0,0,Estádio Nilton Santos,D
7860,2022,Brasileirão Série A,22,2022-08-14,BRA016,BRA005,0,1, Couto Pereira,A
7861,2022,Brasileirão Série A,22,2022-08-14,BRA013,BRA023,0,1,Arena Castelão,A
7862,2022,Brasileirão Série A,22,2022-08-14,BRA021,BRA003,5,0, Maracanã,H
7863,2022,Brasileirão Série A,22,2022-08-14,BRA042,BRA010,3,0, Morumbi,H
7864,2022,Brasileirão Série A,22,2022-08-14,BRA001,BRA040,1,0,Estádio Raimundo Sampaio,H
7865,2022,Brasileirão Série A,22,2022-08-14,BRA028,BRA022,3,0,Estádio José Pinheiro Borda,H
7866,2022,Brasileirão Série A,23,2022-08-20,BRA005,BRA024,0,1, Mineirão,A
7867,2022,Brasileirão Série A,23,2022-08-20,BRA022,BRA016,5,2, Maracanã,H
7868,2022,Brasileirão Série A,23,2022-08-21,BRA031,BRA009,2,2, Alfredo Jaconi,D
7869,2022,Brasileirão Série A,23,2022-08-21,BRA033,BRA021,1,1,Allianz Parque,D
7870,2022,Brasileirão Série A,23,2022-08-21,BRA003,BRA001,1,1,Estádio Joaquim Américo Guimarães,D
7871,2022,Brasileirão Série A,23,2022-08-21,BRA004,BRA019,1,1,Estádio Antônio Accioly,D
7872,2022,Brasileirão Série A,23,2022-08-21,BRA023,BRA015,1,0,Arena Castelão,H
7873,2022,Brasileirão Série A,23,2022-08-21,BRA010,BRA013,1,1,Nabizão,D
7874,2022,Brasileirão Série A,23,2022-08-21,BRA040,BRA042,1,0,Estádio Urbano Caldeira,H
7875,2022,Brasileirão Série A,23,2022-08-22,BRA006,BRA028,0,1,  Ressacada,A
7876,2022,Brasileirão Série A,24,2022-08-27,BRA024,BRA004,2,1,Estádio da Serrinha,H
7877,2022,Brasileirão Série A,24,2022-08-27,BRA016,BRA006,1,0, Couto Pereira,H
7878,2022,Brasileirão Série A,24,2022-08-27,BRA022,BRA033,1,1, Maracanã,D
7879,2022,Brasileirão Série A,24,2022-08-27,BRA013,BRA003,0,0,Arena Castelão,D
7880,2022,Brasileirão Série A,24,2022-08-28,BRA042,BRA023,0,1, Morumbi,A
7881,2022,Brasileirão Série A,24,2022-08-28,BRA001,BRA005,1,1,Estádio Raimundo Sampaio,D
7882,2022,Brasileirão Série A,24,2022-08-28,BRA009,BRA021,0,1,Estádio Nilton Santos,A
7883,2022,Brasileirão Série A,24,2022-08-28,BRA019,BRA040,0,0,Arena Pantanal,D
7884,2022,Brasileirão Série A,24,2022-08-29,BRA028,BRA031,4,0,Estádio José Pinheiro Borda,H
7885,2022,Brasileirão Série A,24,2022-08-29,BRA015,BRA010,1,0,Neo Química Arena,H
7886,2022,Brasileirão Série A,25,2022-09-03,BRA031,BRA006,1,1, Alfredo Jaconi,D
7887,2022,Brasileirão Série A,25,2022-09-03,BRA010,BRA033,2,2,Nabizão,D
7888,2022,Brasileirão Série A,25,2022-09-03,BRA003,BRA022,1,0,Estádio Joaquim Américo Guimarães,H
7889,2022,Brasileirão Série A,25,2022-09-03,BRA001,BRA016,2,0,Estádio Raimundo Sampaio,H
7890,2022,Brasileirão Série A,25,2022-09-04,BRA021,BRA013,1,1, Maracanã,D
7891,2022,Brasileirão Série A,25,2022-09-04,BRA015,BRA028,2,2,Neo Química Arena,D
7892,2022,Brasileirão Série A,25,2022-09-04,BRA023,BRA009,1,3,Arena Castelão,A
7893,2022,Brasileirão Série A,25,2022-09-04,BRA004,BRA005,0,2,Estádio Antônio Accioly,A
7894,2022,Brasileirão Série A,25,2022-09-04,BRA019,BRA042,1,1,Arena Pantanal,D
7895,2022,Brasileirão Série A,25,2022-09-05,BRA040,BRA024,1,2,Estádio Urbano Caldeira,A
7896,2022,Brasileirão Série A,26,2022-09-07,BRA005,BRA010,1,1, Mineirão,D
7897,2022,Brasileirão Série A,26,2022-09-10,BRA028,BRA019,1,0,Estádio José Pinheiro Borda,H
7898,2022,Brasileirão Série A,26,2022-09-10,BRA013,BRA040,2,1,Arena Castelão,H
7899,2022,Brasileirão Série A,26,2022-09-10,BRA022,BRA023,2,1, Maracanã,H
7900,2022,Brasileirão Série A,26,2022-09-10,BRA033,BRA031,2,1,Allianz Parque,H
7901,2022,Brasileirão Série A,26,2022-09-11,BRA006,BRA003,1,1,  Ressacada,D
7902,2022,Brasileirão Série A,26,2022-09-11,BRA009,BRA001,0,0,Estádio Nilton Santos,D
7903,2022,Brasileirão Série A,26,2022-09-11,BRA042,BRA015,1,1, Morumbi,D
7904,2022,Brasileirão Série A,26,2022-09-11,BRA016,BRA004,2,0, Couto Pereira,H
7905,2022,Brasileirão Série A,26,2022-09-11,BRA024,BRA021,1,1,Estádio da Serrinha,D
7906,2022,Brasileirão Série A,27,2022-09-17,BRA006,BRA005,1,0,  Ressacada,H
7907,2022,Brasileirão Série A,27,2022-09-17,BRA009,BRA016,2,0,Estádio Nilton Santos,H
7908,2022,Brasileirão Série A,27,2022-09-18,BRA010,BRA024,1,1,Nabizão,D
7909,2022,Brasileirão Série A,27,2022-09-18,BRA021,BRA022,1,2, Maracanã,A
7910,2022,Brasileirão Série A,27,2022-09-18,BRA013,BRA042,0,2,Arena Castelão,A
7911,2022,Brasileirão Série A,27,2022-09-18,BRA001,BRA015,1,0,Estádio Raimundo Sampaio,H
7912,2022,Brasileirão Série A,27,2022-09-18,BRA031,BRA023,1,1, Alfredo Jaconi,D
7913,2022,Brasileirão Série A,27,2022-09-18,BRA033,BRA040,1,0,Allianz Parque,H
7914,2022,Brasileirão Série A,27,2022-09-18,BRA003,BRA019,2,2,Estádio Joaquim Américo Guimarães,D
7915,2022,Brasileirão Série A,27,2022-09-19,BRA004,BRA028,1,2,Estádio Antônio Accioly,A
7916,2022,Brasileirão Série A,28,2022-09-25,BRA042,BRA006,4,0, Morumbi,H
7917,2022,Brasileirão Série A,28,2022-09-27,BRA040,BRA003,2,0,Estádio Urbano Caldeira,H
7918,2022,Brasileirão Série A,28,2022-09-28,BRA016,BRA013,1,0, Couto Pereira,H
7919,2022,Brasileirão Série A,28,2022-09-28,BRA015,BRA004,2,1,Neo Química Arena,H
7920,2022,Brasileirão Série A,28,2022-09-28,BRA022,BRA031,4,0, Maracanã,H
7921,2022,Brasileirão Série A,28,2022-09-28,BRA023,BRA021,3,2,Arena Castelão,H
7922,2022,Brasileirão Série A,28,2022-09-28,BRA019,BRA001,2,1,Arena Pantanal,H
7923,2022,Brasileirão Série A,28,2022-09-28,BRA028,BRA010,0,0,Estádio José Pinheiro Borda,D
7924,2022,Brasileirão Série A,28,2022-09-28,BRA005,BRA033,0,1, Mineirão,A
7925,2022,Brasileirão Série A,28,2022-09-28,BRA024,BRA009,0,1,Estádio da Serrinha,A
7926,2022,Brasileirão Série A,29,2022-10-01,BRA005,BRA022,2,0, Mineirão,H
7927,2022,Brasileirão Série A,29,2022-10-01,BRA028,BRA040,1,0,Estádio José Pinheiro Borda,H
7928,2022,Brasileirão Série A,29,2022-10-01,BRA013,BRA001,1,2,Arena Castelão,A
7929,2022,Brasileirão Série A,29,2022-10-01,BRA006,BRA004,1,2,  Ressacada,A
7930,2022,Brasileirão Série A,29,2022-10-01,BRA003,BRA031,2,0,Estádio Joaquim Américo Guimarães,H
7931,2022,Brasileirão Série A,29,2022-10-01,BRA021,BRA010,4,1, Maracanã,H
7932,2022,Brasileirão Série A,29,2022-10-01,BRA024,BRA023,0,1,Estádio da Serrinha,A
7933,2022,Brasileirão Série A,29,2022-10-01,BRA015,BRA019,2,0,Neo Química Arena,H
7934,2022,Brasileirão Série A,29,2022-10-03,BRA009,BRA033,1,3,Estádio Nilton Santos,A
7936,2022,Brasileirão Série A,30,2022-10-04,BRA031,BRA015,2,2, Alfredo Jaconi,D
7937,2022,Brasileirão Série A,30,2022-10-05,BRA004,BRA022,3,2,Estádio Antônio Accioly,H
7938,2022,Brasileirão Série A,30,2022-10-05,BRA013,BRA024,1,1,Arena Castelão,D
7939,2022,Brasileirão Série A,30,2022-10-05,BRA010,BRA019,2,1,Nabizão,H
7940,2022,Brasileirão Série A,30,2022-10-05,BRA003,BRA023,1,1,Estádio Joaquim Américo Guimarães,D
7941,2022,Brasileirão Série A,30,2022-10-05,BRA021,BRA028,0,0, Maracanã,D
7942,2022,Brasileirão Série A,30,2022-10-05,BRA040,BRA005,1,2,Estádio Urbano Caldeira,A
7943,2022,Brasileirão Série A,30,2022-10-06,BRA033,BRA016,4,0,Allianz Parque,H
7944,2022,Brasileirão Série A,30,2022-10-06,BRA001,BRA042,1,2,Estádio Raimundo Sampaio,A
7945,2022,Brasileirão Série A,30,2022-10-06,BRA006,BRA009,1,2,  Ressacada,A
7946,2022,Brasileirão Série A,31,2022-10-08,BRA019,BRA021,1,2,Arena Pantanal,A
7947,2022,Brasileirão Série A,31,2022-10-08,BRA015,BRA003,2,1,Neo Química Arena,H
7948,2022,Brasileirão Série A,31,2022-10-09,BRA028,BRA024,4,2,Estádio José Pinheiro Borda,H
7949,2022,Brasileirão Série A,31,2022-10-09,BRA042,BRA009,0,1, Morumbi,A
7950,2022,Brasileirão Série A,31,2022-10-09,BRA023,BRA006,2,0,Arena Castelão,H
7951,2022,Brasileirão Série A,31,2022-10-09,BRA016,BRA010,2,1, Couto Pereira,H
7952,2022,Brasileirão Série A,31,2022-10-09,BRA005,BRA013,0,0, Mineirão,D
7953,2022,Brasileirão Série A,31,2022-10-09,BRA022,BRA001,0,2, Maracanã,A
7954,2022,Brasileirão Série A,31,2022-10-10,BRA004,BRA033,1,1,Estádio Antônio Accioly,D
7955,2022,Brasileirão Série A,31,2022-10-10,BRA040,BRA031,4,1,Estádio Urbano Caldeira,H
7956,2022,Brasileirão Série A,32,2022-10-15,BRA021,BRA005,1,0, Maracanã,H
7957,2022,Brasileirão Série A,32,2022-10-15,BRA001,BRA023,1,2,Estádio Raimundo Sampaio,A
7958,2022,Brasileirão Série A,32,2022-10-16,BRA013,BRA019,1,1,Arena Castelão,D
7959,2022,Brasileirão Série A,32,2022-10-16,BRA033,BRA042,0,0,Allianz Parque,D
7960,2022,Brasileirão Série A,32,2022-10-16,BRA031,BRA004,1,1, Alfredo Jaconi,D
7961,2022,Brasileirão Série A,32,2022-10-16,BRA009,BRA028,0,1,Estádio Nilton Santos,A
7962,2022,Brasileirão Série A,32,2022-10-16,BRA006,BRA022,0,3,  Ressacada,A
7963,2022,Brasileirão Série A,32,2022-10-16,BRA003,BRA016,1,0,Estádio Joaquim Américo Guimarães,H
7964,2022,Brasileirão Série A,32,2022-10-17,BRA010,BRA040,0,2,Nabizão,A
7935,2022,Brasileirão Série A,29,2022-10-20,BRA042,BRA016,3,1, Morumbi,H
7966,2022,Brasileirão Série A,33,2022-10-22,BRA010,BRA003,4,2,Nabizão,H
7967,2022,Brasileirão Série A,33,2022-10-22,BRA001,BRA021,1,2,Estádio Raimundo Sampaio,A
7968,2022,Brasileirão Série A,33,2022-10-22,BRA040,BRA015,0,1,Estádio Urbano Caldeira,A
7969,2022,Brasileirão Série A,33,2022-10-22,BRA033,BRA006,3,0,Allianz Parque,H
7970,2022,Brasileirão Série A,33,2022-10-23,BRA022,BRA009,2,2, Maracanã,D
7971,2022,Brasileirão Série A,33,2022-10-23,BRA031,BRA042,1,2, Alfredo Jaconi,A
7972,2022,Brasileirão Série A,33,2022-10-23,BRA016,BRA028,1,1, Couto Pereira,D
7973,2022,Brasileirão Série A,33,2022-10-23,BRA004,BRA013,1,0,Estádio Antônio Accioly,H
7974,2022,Brasileirão Série A,33,2022-10-23,BRA019,BRA024,1,2,Arena Pantanal,A
7975,2022,Brasileirão Série A,33,2022-10-24,BRA023,BRA005,0,0,Arena Castelão,D
7976,2022,Brasileirão Série A,34,2022-10-25,BRA021,BRA040,3,2, Maracanã,H
7977,2022,Brasileirão Série A,34,2022-10-25,BRA003,BRA033,1,3,Estádio Joaquim Américo Guimarães,A
7978,2022,Brasileirão Série A,34,2022-10-26,BRA009,BRA010,2,1,Estádio Nilton Santos,H
7979,2022,Brasileirão Série A,34,2022-10-26,BRA015,BRA022,0,2,Neo Química Arena,A
7980,2022,Brasileirão Série A,34,2022-10-26,BRA028,BRA013,2,1,Estádio José Pinheiro Borda,H
7981,2022,Brasileirão Série A,34,2022-10-26,BRA024,BRA001,2,2,Estádio da Serrinha,D
7982,2022,Brasileirão Série A,34,2022-10-27,BRA023,BRA016,3,1,Arena Castelão,H
7983,2022,Brasileirão Série A,34,2022-10-27,BRA042,BRA004,2,1, Morumbi,H
7984,2022,Brasileirão Série A,34,2022-10-27,BRA005,BRA031,1,0, Mineirão,H
7985,2022,Brasileirão Série A,34,2022-10-27,BRA019,BRA006,1,0,Arena Pantanal,H
7965,2022,Brasileirão Série A,32,2022-10-29,BRA024,BRA015,0,0,Estádio da Serrinha,D
7986,2022,Brasileirão Série A,35,2022-10-31,BRA013,BRA022,0,1,Arena Castelão,A
7987,2022,Brasileirão Série A,35,2022-11-01,BRA009,BRA019,0,2,Estádio Nilton Santos,A
7988,2022,Brasileirão Série A,35,2022-11-01,BRA042,BRA005,2,2, Morumbi,D
7989,2022,Brasileirão Série A,35,2022-11-02,BRA003,BRA024,3,2,Estádio Joaquim Américo Guimarães,H
7990,2022,Brasileirão Série A,35,2022-11-02,BRA001,BRA028,1,0,Estádio Raimundo Sampaio,H
7991,2022,Brasileirão Série A,35,2022-11-02,BRA031,BRA016,0,1, Alfredo Jaconi,A
7992,2022,Brasileirão Série A,35,2022-11-02,BRA006,BRA010,1,2,  Ressacada,A
7993,2022,Brasileirão Série A,35,2022-11-02,BRA004,BRA040,2,3,Estádio Antônio Accioly,A
7994,2022,Brasileirão Série A,35,2022-11-02,BRA033,BRA023,4,0,Allianz Parque,H
7995,2022,Brasileirão Série A,35,2022-11-02,BRA021,BRA015,1,2, Maracanã,A
7996,2022,Brasileirão Série A,36,2022-11-05,BRA040,BRA006,1,1,Arena Barueri,D
7997,2022,Brasileirão Série A,36,2022-11-05,BRA022,BRA042,3,1, Maracanã,H
7998,2022,Brasileirão Série A,36,2022-11-05,BRA010,BRA001,1,4,Nabizão,A
7999,2022,Brasileirão Série A,36,2022-11-05,BRA024,BRA031,1,0,Estádio da Serrinha,H
8000,2022,Brasileirão Série A,36,2022-11-05,BRA015,BRA013,1,0,Neo Química Arena,H
8001,2022,Brasileirão Série A,36,2022-11-05,BRA028,BRA003,2,0,Estádio José Pinheiro Borda,H
8002,2022,Brasileirão Série A,36,2022-11-06,BRA023,BRA004,1,1,Arena Castelão,D
8003,2022,Brasileirão Série A,36,2022-11-06,BRA016,BRA021,1,0, Couto Pereira,H
8004,2022,Brasileirão Série A,36,2022-11-06,BRA019,BRA033,1,1,Arena Pantanal,D
8005,2022,Brasileirão Série A,36,2022-11-07,BRA005,BRA009,0,2, Mineirão,A
8006,2022,Brasileirão Série A,37,2022-11-08,BRA042,BRA028,0,1, Morumbi,A
8007,2022,Brasileirão Série A,37,2022-11-09,BRA016,BRA015,2,2, Couto Pereira,D
8008,2022,Brasileirão Série A,37,2022-11-09,BRA022,BRA024,3,0, Maracanã,H
8009,2022,Brasileirão Série A,37,2022-11-09,BRA006,BRA013,2,0,  Ressacada,H
8010,2022,Brasileirão Série A,37,2022-11-09,BRA023,BRA010,6,0,Arena Castelão,H
8011,2022,Brasileirão Série A,37,2022-11-09,BRA031,BRA021,2,2, Alfredo Jaconi,D
8012,2022,Brasileirão Série A,37,2022-11-09,BRA033,BRA001,2,1,Allianz Parque,H
8013,2022,Brasileirão Série A,37,2022-11-09,BRA004,BRA003,1,1,Estádio Antônio Accioly,D
8014,2022,Brasileirão Série A,37,2022-11-10,BRA009,BRA040,3,0,Estádio Nilton Santos,H
8015,2022,Brasileirão Série A,37,2022-11-10,BRA005,BRA019,3,0, Mineirão,H
8016,2022,Brasileirão Série A,38,2022-11-12,BRA021,BRA006,1,2, Maracanã,A
8017,2022,Brasileirão Série A,38,2022-11-13,BRA003,BRA009,3,0,Estádio Joaquim Américo Guimarães,H
8018,2022,Brasileirão Série A,38,2022-11-13,BRA013,BRA031,4,1,Arena Castelão,H
8019,2022,Brasileirão Série A,38,2022-11-13,BRA001,BRA004,1,1,Estádio Raimundo Sampaio,D
8020,2022,Brasileirão Série A,38,2022-11-13,BRA040,BRA023,0,2,Estádio Urbano Caldeira,A
8021,2022,Brasileirão Série A,38,2022-11-13,BRA019,BRA016,2,1,Arena Pantanal,H
8022,2022,Brasileirão Série A,38,2022-11-13,BRA010,BRA022,0,1,Nabizão,A
8023,2022,Brasileirão Série A,38,2022-11-13,BRA015,BRA005,0,1,Neo Química Arena,A
8024,2022,Brasileirão Série A,38,2022-11-13,BRA028,BRA033,3,0,Estádio José Pinheiro Borda,H
8025,2022,Brasileirão Série A,38,2022-11-13,BRA024,BRA042,0,4,Estádio da Serrinha,A
8026,2023,Brasileirão Série A,1,2023-04-15,BRA033,BRA019,2,1,Allianz Parque,H
8027,2023,Brasileirão Série A,1,2023-04-15,BRA001,BRA022,0,3,Estádio Raimundo Sampaio,A
8028,2023,Brasileirão Série A,1,2023-04-15,BRA009,BRA042,2,1,Estádio Nilton Santos,H
8029,2023,Brasileirão Série A,1,2023-04-15,BRA010,BRA007,2,1,Nabizão,H
8030,2023,Brasileirão Série A,1,2023-04-15,BRA003,BRA024,2,0,Ligga Arena,H
8031,2023,Brasileirão Série A,1,2023-04-15,BRA023,BRA028,1,1,Arena Castelão,D
8032,2023,Brasileirão Série A,1,2023-04-15,BRA005,BRA044,1,2, Mineirão,A
8033,2023,Brasileirão Série A,1,2023-04-16,BRA015,BRA018,2,1,Neo Química Arena,H
8034,2023,Brasileirão Série A,1,2023-04-16,BRA021,BRA016,3,0, Maracanã,H
8035,2023,Brasileirão Série A,1,2023-04-16,BRA025,BRA040,1,0, Alfredo Jaconi,H
8036,2023,Brasileirão Série A,2,2023-04-22,BRA022,BRA003,2,0, Maracanã,H
8037,2023,Brasileirão Série A,2,2023-04-22,BRA042,BRA001,3,0, Morumbi,H
8038,2023,Brasileirão Série A,2,2023-04-22,BRA019,BRA010,1,1,Arena Pantanal,D
8039,2023,Brasileirão Série A,2,2023-04-22,BRA018,BRA025,1,0,Estádio Raimundo Sampaio,H
8040,2023,Brasileirão Série A,2,2023-04-23,BRA028,BRA021,2,1,Estádio Beira-Rio,H
8041,2023,Brasileirão Série A,2,2023-04-23,BRA040,BRA005,0,0,Estádio Urbano Caldeira,D
8042,2023,Brasileirão Série A,2,2023-04-23,BRA044,BRA033,2,2, Maracanã,D
8043,2023,Brasileirão Série A,2,2023-04-23,BRA016,BRA023,0,3, Couto Pereira,A
8044,2023,Brasileirão Série A,2,2023-04-23,BRA024,BRA015,3,1,Estádio Hailé Pinheiro - Serrinha,H
8045,2023,Brasileirão Série A,2,2023-04-24,BRA007,BRA009,1,2,Itaipava Arena Fonte Nova,A
8046,2023,Brasileirão Série A,3,2023-04-29,BRA023,BRA022,4,2,Arena Castelão,H
8047,2023,Brasileirão Série A,3,2023-04-29,BRA016,BRA042,1,1, Couto Pereira,D
8048,2023,Brasileirão Série A,3,2023-04-29,BRA033,BRA015,2,1,Allianz Parque,H
8049,2023,Brasileirão Série A,3,2023-04-29,BRA040,BRA001,3,2,Estádio Urbano Caldeira,H
8050,2023,Brasileirão Série A,3,2023-04-29,BRA010,BRA018,0,3,Nabizão,A
8051,2023,Brasileirão Série A,3,2023-04-29,BRA005,BRA003,2,1,Estádio Raimundo Sampaio,H
8052,2023,Brasileirão Série A,3,2023-04-30,BRA021,BRA009,2,3, Maracanã,A
8053,2023,Brasileirão Série A,3,2023-04-30,BRA019,BRA025,1,2,Arena Pantanal,A
8054,2023,Brasileirão Série A,3,2023-04-30,BRA028,BRA024,1,0,Estádio Beira-Rio,H
8055,2023,Brasileirão Série A,3,2023-05-01,BRA044,BRA007,0,1,Estádio São Januário,A
8056,2023,Brasileirão Série A,4,2023-05-06,BRA018,BRA040,2,1,Estádio Raimundo Sampaio,H
8057,2023,Brasileirão Série A,4,2023-05-06,BRA022,BRA044,1,1, Maracanã,D
8058,2023,Brasileirão Série A,4,2023-05-07,BRA001,BRA019,1,2,Estádio Raimundo Sampaio,A
8059,2023,Brasileirão Série A,4,2023-05-07,BRA007,BRA016,3,1,Itaipava Arena Fonte Nova,H
8060,2023,Brasileirão Série A,4,2023-05-07,BRA042,BRA028,2,0, Morumbi,H
8061,2023,Brasileirão Série A,4,2023-05-07,BRA003,BRA021,2,1,Ligga Arena,H
8062,2023,Brasileirão Série A,4,2023-05-07,BRA025,BRA010,3,3,Arena do Grêmio,D
8063,2023,Brasileirão Série A,4,2023-05-07,BRA009,BRA005,2,0,Estádio Nilton Santos,H
8064,2023,Brasileirão Série A,4,2023-05-07,BRA024,BRA033,0,5,Estádio Hailé Pinheiro - Serrinha,A
8065,2023,Brasileirão Série A,4,2023-05-08,BRA015,BRA023,1,1,Neo Química Arena,D
8066,2023,Brasileirão Série A,5,2023-05-10,BRA028,BRA003,0,2,Estádio Beira-Rio,A
8067,2023,Brasileirão Série A,5,2023-05-10,BRA040,BRA007,3,0,Estádio Urbano Caldeira,H
8068,2023,Brasileirão Série A,5,2023-05-10,BRA010,BRA001,2,2,Nabizão,D
8069,2023,Brasileirão Série A,5,2023-05-10,BRA019,BRA005,0,4,Arena Pantanal,A
8070,2023,Brasileirão Série A,5,2023-05-10,BRA021,BRA024,2,0, Maracanã,H
8071,2023,Brasileirão Série A,5,2023-05-10,BRA018,BRA022,0,2, Mineirão,A
8072,2023,Brasileirão Série A,5,2023-05-10,BRA033,BRA025,4,1,Allianz Parque,H
8073,2023,Brasileirão Série A,5,2023-05-11,BRA016,BRA044,1,1, Couto Pereira,D
8074,2023,Brasileirão Série A,5,2023-05-11,BRA009,BRA015,3,0,Estádio Nilton Santos,H
8075,2023,Brasileirão Série A,5,2023-05-11,BRA023,BRA042,0,0,Arena Castelão,D
8076,2023,Brasileirão Série A,6,2023-05-13,BRA007,BRA021,2,3,Itaipava Arena Fonte Nova,A
8077,2023,Brasileirão Série A,6,2023-05-13,BRA022,BRA019,2,0, Maracanã,H
8078,2023,Brasileirão Série A,6,2023-05-13,BRA033,BRA010,1,1,Allianz Parque,D
8079,2023,Brasileirão Série A,6,2023-05-13,BRA005,BRA028,2,0, Mineirão,H
8080,2023,Brasileirão Série A,6,2023-05-14,BRA025,BRA023,0,0,Arena do Grêmio,D
8081,2023,Brasileirão Série A,6,2023-05-14,BRA044,BRA040,0,1,Estádio São Januário,A
8082,2023,Brasileirão Série A,6,2023-05-14,BRA015,BRA042,1,1,Neo Química Arena,D
8083,2023,Brasileirão Série A,6,2023-05-14,BRA003,BRA016,3,2,Ligga Arena,H
8084,2023,Brasileirão Série A,6,2023-05-14,BRA024,BRA009,2,1,Estádio Hailé Pinheiro - Serrinha,H
8085,2023,Brasileirão Série A,6,2023-05-14,BRA001,BRA018,0,4,Estádio Raimundo Sampaio,A
8086,2023,Brasileirão Série A,7,2023-05-20,BRA007,BRA024,1,1,Itaipava Arena Fonte Nova,D
8087,2023,Brasileirão Série A,7,2023-05-20,BRA010,BRA003,2,0,Nabizão,H
8088,2023,Brasileirão Série A,7,2023-05-20,BRA042,BRA044,4,2, Morumbi,H
8089,2023,Brasileirão Série A,7,2023-05-20,BRA016,BRA005,1,2, Couto Pereira,A
8090,2023,Brasileirão Série A,7,2023-05-20,BRA001,BRA023,2,1,Estádio Raimundo Sampaio,H
8091,2023,Brasileirão Série A,7,2023-05-20,BRA009,BRA022,1,0,Estádio Nilton Santos,H
8092,2023,Brasileirão Série A,7,2023-05-20,BRA040,BRA033,0,0,Estádio Urbano Caldeira,D
8093,2023,Brasileirão Série A,7,2023-05-21,BRA021,BRA015,1,0, Maracanã,H
8094,2023,Brasileirão Série A,7,2023-05-21,BRA025,BRA028,3,1,Arena do Grêmio,H
8095,2023,Brasileirão Série A,7,2023-05-22,BRA018,BRA019,0,1,Estádio Joaquim Henrique Nogueira-Arena do jacaré,A
8096,2023,Brasileirão Série A,8,2023-05-27,BRA003,BRA025,1,2,Ligga Arena,A
8097,2023,Brasileirão Série A,8,2023-05-27,BRA023,BRA044,2,0,Arena Castelão,H
8098,2023,Brasileirão Série A,8,2023-05-27,BRA021,BRA018,1,1, Maracanã,D
8099,2023,Brasileirão Série A,8,2023-05-27,BRA019,BRA016,1,1,Arena Pantanal,D
8100,2023,Brasileirão Série A,8,2023-05-27,BRA042,BRA024,2,1, Morumbi,H
8101,2023,Brasileirão Série A,8,2023-05-28,BRA015,BRA022,2,0,Neo Química Arena,H
8102,2023,Brasileirão Série A,8,2023-05-28,BRA028,BRA007,2,0,Estádio Beira-Rio,H
8103,2023,Brasileirão Série A,8,2023-05-28,BRA005,BRA033,1,1, Mineirão,D
8104,2023,Brasileirão Série A,8,2023-05-28,BRA010,BRA040,2,0,Nabizão,H
8105,2023,Brasileirão Série A,8,2023-05-28,BRA009,BRA001,2,0,Estádio Nilton Santos,H
8106,2023,Brasileirão Série A,9,2023-06-03,BRA023,BRA007,0,0,Arena Castelão,D
8107,2023,Brasileirão Série A,9,2023-06-03,BRA003,BRA009,1,0,Ligga Arena,H
8108,2023,Brasileirão Série A,9,2023-06-03,BRA018,BRA005,0,1,Estádio Municipal Parque do Sabiá,A
8109,2023,Brasileirão Série A,9,2023-06-03,BRA001,BRA015,2,0,Estádio Raimundo Sampaio,H
8110,2023,Brasileirão Série A,9,2023-06-03,BRA040,BRA028,1,1,Estádio Urbano Caldeira,D
8111,2023,Brasileirão Série A,9,2023-06-04,BRA022,BRA010,2,1, Maracanã,H
8112,2023,Brasileirão Série A,9,2023-06-04,BRA025,BRA042,2,1,Arena do Grêmio,H
8113,2023,Brasileirão Série A,9,2023-06-04,BRA024,BRA019,0,1,Estádio Hailé Pinheiro - Serrinha,A
8114,2023,Brasileirão Série A,9,2023-06-04,BRA033,BRA016,3,1,Allianz Parque,H
8115,2023,Brasileirão Série A,9,2023-06-05,BRA044,BRA021,1,4, Maracanã,A
8116,2023,Brasileirão Série A,10,2023-06-10,BRA016,BRA040,0,0, Couto Pereira,D
8117,2023,Brasileirão Série A,10,2023-06-10,BRA007,BRA018,2,2,Itaipava Arena Fonte Nova,D
8118,2023,Brasileirão Série A,10,2023-06-10,BRA015,BRA019,1,1,Neo Química Arena,D
8119,2023,Brasileirão Série A,10,2023-06-10,BRA005,BRA010,1,1, Mineirão,D
8120,2023,Brasileirão Série A,10,2023-06-10,BRA009,BRA023,2,0,Estádio Nilton Santos,H
8121,2023,Brasileirão Série A,10,2023-06-11,BRA001,BRA003,2,2, Mineirão,D
8122,2023,Brasileirão Série A,10,2023-06-11,BRA042,BRA033,0,2, Morumbi,A
8123,2023,Brasileirão Série A,10,2023-06-11,BRA028,BRA044,2,1,Estádio Beira-Rio,H
8124,2023,Brasileirão Série A,10,2023-06-11,BRA021,BRA025,3,0, Maracanã,H
8125,2023,Brasileirão Série A,10,2023-06-11,BRA024,BRA022,2,2,Estádio Hailé Pinheiro - Serrinha,D
8126,2023,Brasileirão Série A,11,2023-06-21,BRA018,BRA023,0,1, Mineirão,A
8127,2023,Brasileirão Série A,11,2023-06-21,BRA042,BRA003,2,1, Morumbi,H
8128,2023,Brasileirão Série A,11,2023-06-21,BRA040,BRA015,0,2,Estádio Urbano Caldeira,A
8129,2023,Brasileirão Série A,11,2023-06-21,BRA022,BRA005,1,1,Estádio Municipal General Raulino de Oliveira,D
8130,2023,Brasileirão Série A,11,2023-06-21,BRA007,BRA033,1,0,Itaipava Arena Fonte Nova,H
8131,2023,Brasileirão Série A,11,2023-06-22,BRA025,BRA001,3,1,Arena do Grêmio,H
8132,2023,Brasileirão Série A,11,2023-06-22,BRA016,BRA028,0,1, Couto Pereira,A
8133,2023,Brasileirão Série A,11,2023-06-22,BRA019,BRA009,0,1,Arena Pantanal,A
8134,2023,Brasileirão Série A,11,2023-06-22,BRA044,BRA024,0,1,Estádio São Januário,A
8135,2023,Brasileirão Série A,11,2023-06-22,BRA010,BRA021,4,0,Nabizão,H
8136,2023,Brasileirão Série A,12,2023-06-24,BRA003,BRA015,1,0,Ligga Arena,H
8137,2023,Brasileirão Série A,12,2023-06-24,BRA022,BRA007,2,1, Maracanã,H
8138,2023,Brasileirão Série A,12,2023-06-24,BRA023,BRA005,2,1,Arena Castelão,H
8139,2023,Brasileirão Série A,12,2023-06-24,BRA018,BRA042,1,0,Estádio Raimundo Sampaio,H
8140,2023,Brasileirão Série A,12,2023-06-25,BRA033,BRA009,0,1,Allianz Parque,A
8141,2023,Brasileirão Série A,12,2023-06-25,BRA025,BRA016,5,1,Arena do Grêmio,H
8142,2023,Brasileirão Série A,12,2023-06-25,BRA001,BRA028,1,2,Estádio Raimundo Sampaio,A
8143,2023,Brasileirão Série A,12,2023-06-25,BRA040,BRA021,2,3,Estádio Urbano Caldeira,A
8144,2023,Brasileirão Série A,12,2023-06-25,BRA010,BRA024,2,0,Nabizão,H
8145,2023,Brasileirão Série A,12,2023-06-26,BRA044,BRA019,1,0,Luso-Brasileiro,H
8146,2023,Brasileirão Série A,13,2023-07-01,BRA042,BRA022,1,0, Morumbi,H
8147,2023,Brasileirão Série A,13,2023-07-01,BRA021,BRA023,2,0, Maracanã,H
8148,2023,Brasileirão Série A,13,2023-07-01,BRA007,BRA025,1,2,Itaipava Arena Fonte Nova,A
8149,2023,Brasileirão Série A,13,2023-07-01,BRA028,BRA018,0,0,Estádio Beira-Rio,D
8150,2023,Brasileirão Série A,13,2023-07-02,BRA015,BRA010,0,1,Neo Química Arena,A
8151,2023,Brasileirão Série A,13,2023-07-02,BRA009,BRA044,2,0,Estádio Nilton Santos,H
8152,2023,Brasileirão Série A,13,2023-07-02,BRA005,BRA001,2,2, Mineirão,D
8153,2023,Brasileirão Série A,13,2023-07-02,BRA003,BRA033,2,2,Ligga Arena,D
8154,2023,Brasileirão Série A,13,2023-07-02,BRA019,BRA040,3,0,Arena Pantanal,H
8155,2023,Brasileirão Série A,13,2023-07-03,BRA024,BRA016,1,2,Estádio Hailé Pinheiro - Serrinha,A
8156,2023,Brasileirão Série A,14,2023-07-08,BRA019,BRA007,1,1,Arena Pantanal,D
8157,2023,Brasileirão Série A,14,2023-07-08,BRA044,BRA018,0,1,Estádio São Januário,A
8158,2023,Brasileirão Série A,14,2023-07-08,BRA005,BRA015,0,1, Mineirão,A
8159,2023,Brasileirão Série A,14,2023-07-08,BRA016,BRA001,3,1, Couto Pereira,H
8160,2023,Brasileirão Série A,14,2023-07-08,BRA033,BRA021,1,1,Allianz Parque,D
8161,2023,Brasileirão Série A,14,2023-07-09,BRA040,BRA024,4,3,Estádio Urbano Caldeira,H
8162,2023,Brasileirão Série A,14,2023-07-09,BRA022,BRA028,2,0, Maracanã,H
8163,2023,Brasileirão Série A,14,2023-07-09,BRA010,BRA042,0,0,Nabizão,D
8164,2023,Brasileirão Série A,14,2023-07-09,BRA023,BRA003,1,0,Arena Castelão,H
8165,2023,Brasileirão Série A,14,2023-07-09,BRA025,BRA009,0,2,Arena do Grêmio,A
8166,2023,Brasileirão Série A,15,2023-07-15,BRA009,BRA010,2,0,Estádio Nilton Santos,H
8167,2023,Brasileirão Série A,15,2023-07-16,BRA018,BRA016,0,0,Estádio Raimundo Sampaio,D
8168,2023,Brasileirão Série A,15,2023-07-16,BRA023,BRA019,0,1,Arena Castelão,A
8169,2023,Brasileirão Série A,15,2023-07-16,BRA022,BRA021,0,0, Maracanã,D
8170,2023,Brasileirão Série A,15,2023-07-16,BRA042,BRA040,4,1, Morumbi,H
8171,2023,Brasileirão Série A,15,2023-07-16,BRA003,BRA007,2,0,Ligga Arena,H
8172,2023,Brasileirão Série A,15,2023-07-16,BRA028,BRA033,0,0,Estádio Beira-Rio,D
8173,2023,Brasileirão Série A,15,2023-07-17,BRA024,BRA005,0,0,Estádio Hailé Pinheiro - Serrinha,D
8176,2023,Brasileirão Série A,16,2023-07-22,BRA033,BRA023,3,1,Allianz Parque,H
8177,2023,Brasileirão Série A,16,2023-07-22,BRA021,BRA001,1,1, Maracanã,D
8178,2023,Brasileirão Série A,16,2023-07-22,BRA019,BRA042,2,1,Arena Pantanal,H
8179,2023,Brasileirão Série A,16,2023-07-22,BRA007,BRA015,0,0,Itaipava Arena Fonte Nova,D
8180,2023,Brasileirão Série A,16,2023-07-22,BRA025,BRA005,1,0,Arena do Grêmio,H
8181,2023,Brasileirão Série A,16,2023-07-23,BRA010,BRA028,0,0,Nabizão,D
8182,2023,Brasileirão Série A,16,2023-07-23,BRA040,BRA009,2,2,Estádio Urbano Caldeira,D
8183,2023,Brasileirão Série A,16,2023-07-23,BRA018,BRA024,0,1,Estádio Raimundo Sampaio,A
8184,2023,Brasileirão Série A,16,2023-07-23,BRA044,BRA003,0,2,Estádio São Januário,A
8185,2023,Brasileirão Série A,16,2023-07-24,BRA016,BRA022,2,0, Couto Pereira,H
8186,2023,Brasileirão Série A,17,2023-07-29,BRA022,BRA040,1,0, Maracanã,H
8187,2023,Brasileirão Série A,17,2023-07-29,BRA003,BRA018,3,3,Ligga Arena,D
8188,2023,Brasileirão Série A,17,2023-07-29,BRA028,BRA019,1,2,Estádio Beira-Rio,A
8189,2023,Brasileirão Série A,17,2023-07-29,BRA015,BRA044,3,1,Neo Química Arena,H
8190,2023,Brasileirão Série A,17,2023-07-29,BRA023,BRA010,0,3,Arena Castelão,A
8191,2023,Brasileirão Série A,17,2023-07-29,BRA005,BRA021,1,2,Estádio Raimundo Sampaio,A
8192,2023,Brasileirão Série A,17,2023-07-30,BRA042,BRA007,0,0, Morumbi,D
8193,2023,Brasileirão Série A,17,2023-07-30,BRA001,BRA033,1,4,Estádio Raimundo Sampaio,A
8194,2023,Brasileirão Série A,17,2023-07-30,BRA009,BRA016,4,1,Estádio Nilton Santos,H
8195,2023,Brasileirão Série A,17,2023-07-30,BRA024,BRA025,1,1,Estádio Hailé Pinheiro - Serrinha,D
8196,2023,Brasileirão Série A,18,2023-08-05,BRA040,BRA003,1,1,Estádio Urbano Caldeira,D
8197,2023,Brasileirão Série A,18,2023-08-05,BRA024,BRA023,1,0,Estádio Hailé Pinheiro - Serrinha,H
8198,2023,Brasileirão Série A,18,2023-08-05,BRA028,BRA015,2,2,Estádio Beira-Rio,D
8199,2023,Brasileirão Série A,18,2023-08-05,BRA022,BRA033,2,1, Maracanã,H
8200,2023,Brasileirão Série A,18,2023-08-06,BRA044,BRA025,1,0,Estádio São Januário,H
8201,2023,Brasileirão Série A,18,2023-08-06,BRA042,BRA005,0,2, Morumbi,A
8202,2023,Brasileirão Série A,18,2023-08-06,BRA016,BRA010,0,1, Couto Pereira,A
8203,2023,Brasileirão Série A,18,2023-08-06,BRA007,BRA001,3,1,Itaipava Arena Fonte Nova,H
8204,2023,Brasileirão Série A,18,2023-08-06,BRA018,BRA009,0,0, Mineirão,D
8205,2023,Brasileirão Série A,18,2023-08-06,BRA019,BRA021,3,0,Arena Pantanal,H
8206,2023,Brasileirão Série A,19,2023-08-12,BRA009,BRA028,3,1,Estádio Nilton Santos,H
8207,2023,Brasileirão Série A,19,2023-08-13,BRA005,BRA007,1,0, Mineirão,H
8208,2023,Brasileirão Série A,19,2023-08-13,BRA001,BRA024,0,1,Estádio Raimundo Sampaio,A
8209,2023,Brasileirão Série A,19,2023-08-13,BRA015,BRA016,3,1,Neo Química Arena,H
8210,2023,Brasileirão Série A,19,2023-08-13,BRA025,BRA022,2,1,Arena do Grêmio,H
8211,2023,Brasileirão Série A,19,2023-08-13,BRA023,BRA040,4,0,Arena Castelão,H
8212,2023,Brasileirão Série A,19,2023-08-13,BRA021,BRA042,1,1, Maracanã,D
8213,2023,Brasileirão Série A,19,2023-08-14,BRA033,BRA018,1,0,Allianz Parque,H
8214,2023,Brasileirão Série A,19,2023-08-14,BRA010,BRA044,1,1,Nabizão,D
8215,2023,Brasileirão Série A,19,2023-08-15,BRA003,BRA019,2,0,Ligga Arena,H
8216,2023,Brasileirão Série A,20,2023-08-19,BRA042,BRA009,0,0, Morumbi,D
8217,2023,Brasileirão Série A,20,2023-08-19,BRA028,BRA023,0,1,Estádio Beira-Rio,A
8218,2023,Brasileirão Série A,20,2023-08-19,BRA019,BRA033,0,2,Arena Pantanal,A
8219,2023,Brasileirão Série A,20,2023-08-19,BRA022,BRA001,3,1, Maracanã,H
8220,2023,Brasileirão Série A,20,2023-08-19,BRA018,BRA015,1,1, Mineirão,D
8221,2023,Brasileirão Série A,20,2023-08-20,BRA044,BRA005,1,0, Maracanã,H
8222,2023,Brasileirão Série A,20,2023-08-20,BRA016,BRA021,2,3, Couto Pereira,A
8223,2023,Brasileirão Série A,20,2023-08-20,BRA007,BRA010,4,0,Itaipava Arena Fonte Nova,H
8224,2023,Brasileirão Série A,20,2023-08-20,BRA040,BRA025,2,1,Estádio Urbano Caldeira,H
8225,2023,Brasileirão Série A,20,2023-08-21,BRA024,BRA003,1,1,Estádio Hailé Pinheiro - Serrinha,D
8226,2023,Brasileirão Série A,21,2023-08-26,BRA021,BRA028,0,0, Maracanã,D
8227,2023,Brasileirão Série A,21,2023-08-26,BRA015,BRA024,1,1,Neo Química Arena,D
8228,2023,Brasileirão Série A,21,2023-08-27,BRA010,BRA019,2,0,Nabizão,H
8229,2023,Brasileirão Série A,21,2023-08-27,BRA009,BRA007,3,0,Estádio Nilton Santos,H
8230,2023,Brasileirão Série A,21,2023-08-27,BRA005,BRA040,2,0,Arena MRV,H
8231,2023,Brasileirão Série A,21,2023-08-27,BRA001,BRA042,2,1,Estádio Raimundo Sampaio,H
8232,2023,Brasileirão Série A,21,2023-08-27,BRA033,BRA044,1,0,Allianz Parque,H
8233,2023,Brasileirão Série A,21,2023-08-27,BRA023,BRA016,3,1,Estádio Presidente Vargas,H
8234,2023,Brasileirão Série A,21,2023-08-27,BRA003,BRA022,2,2,Ligga Arena,D
8235,2023,Brasileirão Série A,21,2023-08-27,BRA025,BRA018,3,0,Arena do Grêmio,H
8236,2023,Brasileirão Série A,22,2023-09-02,BRA024,BRA028,0,0,Estádio Hailé Pinheiro - Serrinha,D
8237,2023,Brasileirão Série A,22,2023-09-02,BRA003,BRA005,1,1,Ligga Arena,D
8238,2023,Brasileirão Série A,22,2023-09-02,BRA009,BRA021,1,2,Estádio Nilton Santos,A
8239,2023,Brasileirão Série A,22,2023-09-03,BRA025,BRA019,2,0,Arena do Grêmio,H
8240,2023,Brasileirão Série A,22,2023-09-03,BRA015,BRA033,0,0,Neo Química Arena,D
8241,2023,Brasileirão Série A,22,2023-09-03,BRA022,BRA023,1,0,Estádio Municipal General Raulino de Oliveira,H
8242,2023,Brasileirão Série A,22,2023-09-03,BRA007,BRA044,1,1,Itaipava Arena Fonte Nova,D
8243,2023,Brasileirão Série A,22,2023-09-03,BRA018,BRA010,0,0, Mineirão,D
8244,2023,Brasileirão Série A,22,2023-09-03,BRA001,BRA040,2,0,Estádio Raimundo Sampaio,H
8246,2023,Brasileirão Série A,23,2023-09-13,BRA021,BRA003,0,3,Kléber Andrade,A
8247,2023,Brasileirão Série A,23,2023-09-13,BRA028,BRA042,2,1,Estádio Beira-Rio,H
8248,2023,Brasileirão Série A,23,2023-09-14,BRA040,BRA018,0,3,Estádio Urbano Caldeira,A
8249,2023,Brasileirão Série A,23,2023-09-14,BRA023,BRA015,2,1,Arena Castelão,H
8250,2023,Brasileirão Série A,23,2023-09-14,BRA016,BRA007,2,4, Couto Pereira,A
8251,2023,Brasileirão Série A,23,2023-09-14,BRA010,BRA025,2,0,Nabizão,H
8252,2023,Brasileirão Série A,23,2023-09-15,BRA019,BRA001,2,2,Arena Pantanal,D
8253,2023,Brasileirão Série A,23,2023-09-15,BRA033,BRA024,1,0,Allianz Parque,H
8254,2023,Brasileirão Série A,23,2023-09-16,BRA044,BRA022,4,2,Estádio Nilton Santos,H
8255,2023,Brasileirão Série A,23,2023-09-16,BRA005,BRA009,1,0,Arena MRV,H
8174,2023,Brasileirão Série A,15,2023-09-18,BRA015,BRA025,4,4,Neo Química Arena,D
8256,2023,Brasileirão Série A,24,2023-09-18,BRA007,BRA040,1,2,Itaipava Arena Fonte Nova,A
8257,2023,Brasileirão Série A,24,2023-09-19,BRA001,BRA010,0,2,Estádio Raimundo Sampaio,A
8258,2023,Brasileirão Série A,24,2023-09-20,BRA024,BRA021,0,0,Estádio Hailé Pinheiro - Serrinha,D
8259,2023,Brasileirão Série A,24,2023-09-20,BRA022,BRA018,1,0, Maracanã,H
8260,2023,Brasileirão Série A,24,2023-09-20,BRA042,BRA023,1,2, Morumbi,A
8261,2023,Brasileirão Série A,24,2023-09-21,BRA044,BRA016,5,1,Estádio São Januário,H
8262,2023,Brasileirão Série A,24,2023-09-21,BRA003,BRA028,2,1,Ligga Arena,H
8263,2023,Brasileirão Série A,24,2023-09-21,BRA025,BRA033,1,0,Arena do Grêmio,H
8264,2023,Brasileirão Série A,24,2023-09-22,BRA015,BRA009,1,0,Neo Química Arena,H
8265,2023,Brasileirão Série A,24,2023-09-23,BRA005,BRA019,1,0,Arena MRV,H
8175,2023,Brasileirão Série A,15,2023-09-25,BRA001,BRA044,0,1,Estádio Raimundo Sampaio,A
8245,2023,Brasileirão Série A,22,2023-09-27,BRA042,BRA016,2,1, Morumbi,H
8266,2023,Brasileirão Série A,25,2023-09-30,BRA021,BRA007,1,0, Maracanã,H
8267,2023,Brasileirão Série A,25,2023-09-30,BRA023,BRA025,1,1,Arena Castelão,D
8268,2023,Brasileirão Série A,25,2023-09-30,BRA042,BRA015,2,1, Morumbi,H
8269,2023,Brasileirão Série A,25,2023-09-30,BRA019,BRA022,3,0,Arena Pantanal,H
8270,2023,Brasileirão Série A,25,2023-09-30,BRA028,BRA005,0,2,Estádio Beira-Rio,A
8271,2023,Brasileirão Série A,25,2023-10-01,BRA018,BRA001,1,1, Mineirão,D
8272,2023,Brasileirão Série A,25,2023-10-01,BRA016,BRA003,2,0, Couto Pereira,H
8273,2023,Brasileirão Série A,25,2023-10-01,BRA040,BRA044,4,1,Estádio Urbano Caldeira,H
8274,2023,Brasileirão Série A,25,2023-10-01,BRA010,BRA033,2,1,Nabizão,H
8275,2023,Brasileirão Série A,25,2023-10-02,BRA009,BRA024,1,1,Estádio Nilton Santos,D
8276,2023,Brasileirão Série A,26,2023-10-07,BRA024,BRA007,4,6,Estádio Hailé Pinheiro - Serrinha,A
8277,2023,Brasileirão Série A,26,2023-10-07,BRA044,BRA042,0,0,Estádio São Januário,D
8278,2023,Brasileirão Série A,26,2023-10-07,BRA015,BRA021,1,1,Neo Química Arena,D
8279,2023,Brasileirão Série A,26,2023-10-08,BRA028,BRA025,3,2,Estádio Beira-Rio,H
8280,2023,Brasileirão Série A,26,2023-10-08,BRA033,BRA040,1,2,Arena Barueri,A
8281,2023,Brasileirão Série A,26,2023-10-08,BRA022,BRA009,0,2, Maracanã,A
8282,2023,Brasileirão Série A,26,2023-10-08,BRA003,BRA010,1,1,Ligga Arena,D
8283,2023,Brasileirão Série A,26,2023-10-08,BRA005,BRA016,1,2,Arena MRV,A
8284,2023,Brasileirão Série A,26,2023-10-08,BRA023,BRA001,3,2,Arena Castelão,H
8285,2023,Brasileirão Série A,26,2023-10-14,BRA019,BRA018,0,0,Arena Pantanal,D
8286,2023,Brasileirão Série A,27,2023-10-18,BRA025,BRA003,1,2,Arena do Grêmio,A
8287,2023,Brasileirão Série A,27,2023-10-18,BRA016,BRA019,0,3, Couto Pereira,A
8288,2023,Brasileirão Série A,27,2023-10-18,BRA001,BRA009,1,2,Estádio Raimundo Sampaio,A
8289,2023,Brasileirão Série A,27,2023-10-18,BRA024,BRA042,2,0,Estádio Hailé Pinheiro - Serrinha,H
8290,2023,Brasileirão Série A,27,2023-10-18,BRA007,BRA028,1,0,Itaipava Arena Fonte Nova,H
8291,2023,Brasileirão Série A,27,2023-10-18,BRA044,BRA023,1,0,Estádio São Januário,H
8292,2023,Brasileirão Série A,27,2023-10-19,BRA033,BRA005,0,2,Allianz Parque,A
8293,2023,Brasileirão Série A,27,2023-10-19,BRA018,BRA021,0,2, Mineirão,A
8294,2023,Brasileirão Série A,27,2023-10-19,BRA040,BRA010,1,3,Estádio Urbano Caldeira,A
8295,2023,Brasileirão Série A,27,2023-10-19,BRA022,BRA015,3,3, Maracanã,D
8296,2023,Brasileirão Série A,28,2023-10-21,BRA019,BRA024,1,1,Arena Pantanal,D
8297,2023,Brasileirão Série A,28,2023-10-21,BRA042,BRA025,3,0, Morumbi,H
8298,2023,Brasileirão Série A,28,2023-10-21,BRA007,BRA023,2,0,Itaipava Arena Fonte Nova,H
8299,2023,Brasileirão Série A,28,2023-10-22,BRA009,BRA003,1,1,Estádio Nilton Santos,D
8300,2023,Brasileirão Série A,28,2023-10-22,BRA005,BRA018,0,1,Arena MRV,A
8301,2023,Brasileirão Série A,28,2023-10-22,BRA021,BRA044,1,0, Maracanã,H
8302,2023,Brasileirão Série A,28,2023-10-22,BRA028,BRA040,7,1,Estádio Beira-Rio,H
8303,2023,Brasileirão Série A,28,2023-10-22,BRA010,BRA022,1,0,Nabizão,H
8304,2023,Brasileirão Série A,28,2023-10-22,BRA016,BRA033,0,2, Couto Pereira,A
8305,2023,Brasileirão Série A,28,2023-10-22,BRA015,BRA001,1,1,Neo Química Arena,D
8306,2023,Brasileirão Série A,29,2023-10-25,BRA010,BRA005,1,2,Nabizão,A
8307,2023,Brasileirão Série A,29,2023-10-25,BRA003,BRA001,3,2,Ligga Arena,H
8308,2023,Brasileirão Série A,29,2023-10-25,BRA022,BRA024,5,3,Estádio Municipal General Raulino de Oliveira,H
8309,2023,Brasileirão Série A,29,2023-10-25,BRA018,BRA007,3,0, Mineirão,H
8310,2023,Brasileirão Série A,29,2023-10-25,BRA033,BRA042,5,0,Allianz Parque,H
8311,2023,Brasileirão Série A,29,2023-10-25,BRA025,BRA021,3,2,Arena do Grêmio,H
8312,2023,Brasileirão Série A,29,2023-10-25,BRA019,BRA015,0,1,Arena Pantanal,A
8313,2023,Brasileirão Série A,29,2023-10-26,BRA044,BRA028,1,2,Estádio São Januário,A
8314,2023,Brasileirão Série A,29,2023-10-26,BRA040,BRA016,2,1,Estádio Urbano Caldeira,H
8316,2023,Brasileirão Série A,30,2023-10-28,BRA033,BRA007,1,0,Allianz Parque,H
8317,2023,Brasileirão Série A,30,2023-10-28,BRA001,BRA025,3,4,Estádio Raimundo Sampaio,A
8318,2023,Brasileirão Série A,30,2023-10-28,BRA005,BRA022,2,0,Arena MRV,H
8319,2023,Brasileirão Série A,30,2023-10-29,BRA003,BRA042,1,1,Ligga Arena,D
8320,2023,Brasileirão Série A,30,2023-10-29,BRA024,BRA044,1,1,Estádio Hailé Pinheiro - Serrinha,D
8321,2023,Brasileirão Série A,30,2023-10-29,BRA028,BRA016,3,4,Estádio Beira-Rio,A
8322,2023,Brasileirão Série A,30,2023-10-29,BRA015,BRA040,1,1,Neo Química Arena,D
8323,2023,Brasileirão Série A,30,2023-10-29,BRA009,BRA019,0,1,Estádio Nilton Santos,A
8326,2023,Brasileirão Série A,31,2023-10-31,BRA007,BRA022,1,0,Itaipava Arena Fonte Nova,H
8327,2023,Brasileirão Série A,31,2023-11-01,BRA028,BRA001,1,1,Estádio Beira-Rio,D
8328,2023,Brasileirão Série A,31,2023-11-01,BRA015,BRA003,1,0,Neo Química Arena,H
8329,2023,Brasileirão Série A,31,2023-11-01,BRA016,BRA025,1,2, Couto Pereira,A
8330,2023,Brasileirão Série A,31,2023-11-01,BRA021,BRA040,1,2,Arena BRB Mané Garrincha,A
8331,2023,Brasileirão Série A,31,2023-11-01,BRA005,BRA023,3,1,Arena MRV,H
8332,2023,Brasileirão Série A,31,2023-11-01,BRA009,BRA033,3,4,Estádio Nilton Santos,A
8333,2023,Brasileirão Série A,31,2023-11-02,BRA019,BRA044,0,2,Arena Pantanal,A
8334,2023,Brasileirão Série A,31,2023-11-02,BRA024,BRA010,0,2,Estádio Hailé Pinheiro - Serrinha,A
8335,2023,Brasileirão Série A,31,2023-11-02,BRA042,BRA018,1,0, Morumbi,H
8336,2023,Brasileirão Série A,32,2023-11-04,BRA025,BRA007,1,0,Arena do Grêmio,H
8337,2023,Brasileirão Série A,32,2023-11-04,BRA001,BRA005,1,1,Estádio Municipal Parque do Sabiá,D
8338,2023,Brasileirão Série A,32,2023-11-04,BRA033,BRA003,1,0,Arena Barueri,H
8339,2023,Brasileirão Série A,32,2023-11-05,BRA018,BRA028,1,2, Mineirão,A
8340,2023,Brasileirão Série A,32,2023-11-05,BRA010,BRA015,1,0,Nabizão,H
8341,2023,Brasileirão Série A,32,2023-11-05,BRA023,BRA021,0,2,Arena Castelão,A
8342,2023,Brasileirão Série A,32,2023-11-05,BRA016,BRA024,0,1, Couto Pereira,A
8343,2023,Brasileirão Série A,32,2023-11-06,BRA044,BRA009,1,0,Estádio São Januário,H
8344,2023,Brasileirão Série A,32,2023-11-06,BRA040,BRA019,0,0,Estádio Urbano Caldeira,D
8346,2023,Brasileirão Série A,33,2023-11-08,BRA028,BRA022,0,0,Estádio Beira-Rio,D
8347,2023,Brasileirão Série A,33,2023-11-08,BRA001,BRA016,0,3,Estádio Raimundo Sampaio,A
8348,2023,Brasileirão Série A,33,2023-11-08,BRA003,BRA023,1,1,Ligga Arena,D
8349,2023,Brasileirão Série A,33,2023-11-08,BRA042,BRA010,1,0,Estádio Urbano Caldeira,H
8350,2023,Brasileirão Série A,33,2023-11-08,BRA021,BRA033,3,0, Maracanã,H
8351,2023,Brasileirão Série A,33,2023-11-09,BRA024,BRA040,0,1,Estádio Hailé Pinheiro - Serrinha,A
8352,2023,Brasileirão Série A,33,2023-11-09,BRA015,BRA005,1,1,Neo Química Arena,D
8353,2023,Brasileirão Série A,33,2023-11-09,BRA007,BRA019,0,3,Itaipava Arena Fonte Nova,A
8354,2023,Brasileirão Série A,33,2023-11-09,BRA009,BRA025,3,4,Estádio São Januário,A
8356,2023,Brasileirão Série A,34,2023-11-11,BRA016,BRA018,1,0,Vila Capanema,H
8357,2023,Brasileirão Série A,34,2023-11-11,BRA021,BRA022,1,1, Maracanã,D
8358,2023,Brasileirão Série A,34,2023-11-11,BRA033,BRA028,3,0,Arena Barueri,H
8359,2023,Brasileirão Série A,34,2023-11-12,BRA010,BRA009,2,2,Nabizão,D
8360,2023,Brasileirão Série A,34,2023-11-12,BRA025,BRA015,0,1,Arena do Grêmio,A
8361,2023,Brasileirão Série A,34,2023-11-12,BRA040,BRA042,0,0,Estádio Urbano Caldeira,D
8362,2023,Brasileirão Série A,34,2023-11-12,BRA044,BRA001,2,1,Estádio São Januário,H
8363,2023,Brasileirão Série A,34,2023-11-12,BRA005,BRA024,2,1,Arena MRV,H
8364,2023,Brasileirão Série A,34,2023-11-12,BRA007,BRA003,1,1,Itaipava Arena Fonte Nova,D
8365,2023,Brasileirão Série A,34,2023-11-12,BRA019,BRA023,2,1,Arena Pantanal,H
8324,2023,Brasileirão Série A,30,2023-11-18,BRA023,BRA018,0,1,Arena Castelão,A
8345,2023,Brasileirão Série A,32,2023-11-22,BRA022,BRA042,1,0, Maracanã,H
8355,2023,Brasileirão Série A,33,2023-11-22,BRA018,BRA044,2,2, Mineirão,D
8315,2023,Brasileirão Série A,29,2023-11-23,BRA023,BRA009,2,2,Arena Castelão,D
8325,2023,Brasileirão Série A,30,2023-11-23,BRA021,BRA010,1,0, Maracanã,H
8366,2023,Brasileirão Série A,35,2023-11-24,BRA015,BRA007,1,5,Neo Química Arena,A
8367,2023,Brasileirão Série A,35,2023-11-25,BRA003,BRA044,0,0,Ligga Arena,D
8368,2023,Brasileirão Série A,35,2023-11-25,BRA022,BRA016,2,1, Maracanã,H
8369,2023,Brasileirão Série A,35,2023-11-26,BRA005,BRA025,3,0,Arena MRV,H
8370,2023,Brasileirão Série A,35,2023-11-26,BRA009,BRA040,1,1,Estádio Nilton Santos,D
8371,2023,Brasileirão Série A,35,2023-11-26,BRA001,BRA021,0,3,Estádio Municipal Parque do Sabiá,A
8372,2023,Brasileirão Série A,35,2023-11-26,BRA042,BRA019,0,0, Morumbi,D
8373,2023,Brasileirão Série A,35,2023-11-26,BRA028,BRA010,1,0,Estádio Beira-Rio,H
8374,2023,Brasileirão Série A,35,2023-11-26,BRA023,BRA033,2,2,Arena Castelão,D
8375,2023,Brasileirão Série A,35,2023-11-27,BRA024,BRA018,0,1,Estádio Hailé Pinheiro - Serrinha,A
8376,2023,Brasileirão Série A,36,2023-11-28,BRA044,BRA015,2,4,Estádio São Januário,A
8377,2023,Brasileirão Série A,36,2023-11-29,BRA040,BRA022,0,3,Estádio Urbano Caldeira,A
8378,2023,Brasileirão Série A,36,2023-11-29,BRA021,BRA005,0,3, Maracanã,A
8379,2023,Brasileirão Série A,36,2023-11-29,BRA007,BRA042,0,1,Itaipava Arena Fonte Nova,A
8380,2023,Brasileirão Série A,36,2023-11-29,BRA019,BRA028,0,2,Arena Pantanal,A
8381,2023,Brasileirão Série A,36,2023-11-29,BRA016,BRA009,1,1, Couto Pereira,D
8382,2023,Brasileirão Série A,36,2023-11-29,BRA033,BRA001,4,0,Allianz Parque,H
8383,2023,Brasileirão Série A,36,2023-11-30,BRA025,BRA024,2,1,Arena do Grêmio,H
8384,2023,Brasileirão Série A,36,2023-11-30,BRA018,BRA003,1,1, Mineirão,D
8385,2023,Brasileirão Série A,36,2023-11-30,BRA010,BRA023,1,2,Nabizão,A
8386,2023,Brasileirão Série A,37,2023-12-02,BRA015,BRA028,1,2,Neo Química Arena,A
8387,2023,Brasileirão Série A,37,2023-12-02,BRA005,BRA042,2,1, Mineirão,H
8388,2023,Brasileirão Série A,37,2023-12-03,BRA021,BRA019,2,1, Maracanã,H
8389,2023,Brasileirão Série A,37,2023-12-03,BRA033,BRA022,1,0,Allianz Parque,H
8390,2023,Brasileirão Série A,37,2023-12-03,BRA009,BRA018,0,0,Estádio Nilton Santos,D
8391,2023,Brasileirão Série A,37,2023-12-03,BRA001,BRA007,3,2,Estádio Raimundo Sampaio,H
8392,2023,Brasileirão Série A,37,2023-12-03,BRA023,BRA024,1,0,Arena Castelão,H
8393,2023,Brasileirão Série A,37,2023-12-03,BRA010,BRA016,1,0,Nabizão,H
8394,2023,Brasileirão Série A,37,2023-12-03,BRA025,BRA044,1,0,Arena do Grêmio,H
8395,2023,Brasileirão Série A,37,2023-12-03,BRA003,BRA040,3,0,Ligga Arena,H
8396,2023,Brasileirão Série A,38,2023-12-06,BRA024,BRA001,1,0,Estádio Hailé Pinheiro - Serrinha,H
8397,2023,Brasileirão Série A,38,2023-12-06,BRA028,BRA009,3,1,Estádio Beira-Rio,H
8398,2023,Brasileirão Série A,38,2023-12-06,BRA016,BRA015,0,2, Couto Pereira,A
8399,2023,Brasileirão Série A,38,2023-12-06,BRA022,BRA025,2,3, Maracanã,A
8400,2023,Brasileirão Série A,38,2023-12-06,BRA018,BRA033,1,1, Mineirão,D
8401,2023,Brasileirão Série A,38,2023-12-06,BRA007,BRA005,4,1,Itaipava Arena Fonte Nova,H
8402,2023,Brasileirão Série A,38,2023-12-06,BRA019,BRA003,3,0,Arena Pantanal,H
8403,2023,Brasileirão Série A,38,2023-12-06,BRA040,BRA023,1,2,Estádio Urbano Caldeira,A
8404,2023,Brasileirão Série A,38,2023-12-06,BRA042,BRA021,1,0, Morumbi,H
8405,2023,Brasileirão Série A,38,2023-12-06,BRA044,BRA010,2,1,Estádio São Januário,H
8406,2024,Brasileirão Série A,1,2024-04-13,BRA028,BRA007,2,1,Estádio Beira-Rio,H
8407,2024,Brasileirão Série A,1,2024-04-13,BRA017,BRA031,1,1,Estádio Heriberto Hülse,D
8408,2024,Brasileirão Série A,1,2024-04-13,BRA022,BRA010,2,2, Maracanã,D
8409,2024,Brasileirão Série A,1,2024-04-13,BRA042,BRA023,1,2,MorumBIS,A
8410,2024,Brasileirão Série A,1,2024-04-14,BRA044,BRA025,2,1,Estádio São Januário,H
8411,2024,Brasileirão Série A,1,2024-04-14,BRA003,BRA019,4,0,Ligga Arena,H
8412,2024,Brasileirão Série A,1,2024-04-14,BRA004,BRA021,1,2,Estádio Serra Dourada,A
8413,2024,Brasileirão Série A,1,2024-04-14,BRA015,BRA005,0,0,Neo Química Arena,D
8414,2024,Brasileirão Série A,1,2024-04-14,BRA018,BRA009,3,2, Mineirão,H
8415,2024,Brasileirão Série A,1,2024-04-14,BRA045,BRA033,0,1, Barradão,A
8416,2024,Brasileirão Série A,2,2024-04-16,BRA007,BRA022,2,1,Arena Fonte Nova,H
8417,2024,Brasileirão Série A,2,2024-04-17,BRA010,BRA044,2,1,Nabizão,H
8418,2024,Brasileirão Série A,2,2024-04-17,BRA025,BRA003,2,0,Arena do Grêmio,H
8419,2024,Brasileirão Série A,2,2024-04-17,BRA023,BRA018,1,1,Arena Castelão,D
8420,2024,Brasileirão Série A,2,2024-04-17,BRA033,BRA028,0,1,Arena Barueri,A
8421,2024,Brasileirão Série A,2,2024-04-17,BRA005,BRA017,1,1,Arena MRV,D
8422,2024,Brasileirão Série A,2,2024-04-17,BRA031,BRA015,2,0, Alfredo Jaconi,H
8423,2024,Brasileirão Série A,2,2024-04-17,BRA021,BRA042,2,1, Maracanã,H
8424,2024,Brasileirão Série A,2,2024-04-18,BRA009,BRA004,1,0,Estádio Nilton Santos,H
8426,2024,Brasileirão Série A,3,2024-04-20,BRA022,BRA044,2,1, Maracanã,H
8427,2024,Brasileirão Série A,3,2024-04-20,BRA010,BRA015,1,0,Nabizão,H
8428,2024,Brasileirão Série A,3,2024-04-20,BRA025,BRA019,1,0,Arena do Grêmio,H
8429,2024,Brasileirão Série A,3,2024-04-20,BRA005,BRA018,3,0,Arena MRV,H
8430,2024,Brasileirão Série A,3,2024-04-21,BRA033,BRA021,0,0,Allianz Parque,D
8431,2024,Brasileirão Série A,3,2024-04-21,BRA045,BRA007,2,2, Barradão,D
8432,2024,Brasileirão Série A,3,2024-04-21,BRA003,BRA028,1,0,Ligga Arena,H
8433,2024,Brasileirão Série A,3,2024-04-21,BRA009,BRA031,5,1,Estádio Nilton Santos,H
8434,2024,Brasileirão Série A,3,2024-04-21,BRA004,BRA042,0,3,Estádio Antônio Accioly - Atlético Goianiense,A
8436,2024,Brasileirão Série A,4,2024-04-27,BRA044,BRA017,0,4,Estádio São Januário,A
8437,2024,Brasileirão Série A,4,2024-04-27,BRA019,BRA005,0,3,Arena Pantanal,A
8438,2024,Brasileirão Série A,4,2024-04-27,BRA007,BRA025,1,0,Arena Fonte Nova,H
8439,2024,Brasileirão Série A,4,2024-04-28,BRA021,BRA009,0,2, Maracanã,A
8440,2024,Brasileirão Série A,4,2024-04-28,BRA015,BRA022,3,0,Neo Química Arena,H
8441,2024,Brasileirão Série A,4,2024-04-28,BRA018,BRA045,3,1, Mineirão,H
8442,2024,Brasileirão Série A,4,2024-04-28,BRA023,BRA010,1,1,Arena Castelão,D
8443,2024,Brasileirão Série A,4,2024-04-28,BRA031,BRA003,1,1, Alfredo Jaconi,D
8444,2024,Brasileirão Série A,4,2024-04-28,BRA028,BRA004,1,1,Estádio Beira-Rio,D
8445,2024,Brasileirão Série A,4,2024-04-29,BRA042,BRA033,0,0,MorumBIS,D
8446,2024,Brasileirão Série A,5,2024-05-04,BRA022,BRA005,2,2,Kléber Andrade,D
8447,2024,Brasileirão Série A,5,2024-05-04,BRA010,BRA021,1,1,Nabizão,D
8448,2024,Brasileirão Série A,5,2024-05-04,BRA015,BRA023,0,0,Neo Química Arena,D
8449,2024,Brasileirão Série A,5,2024-05-05,BRA003,BRA044,1,0,Ligga Arena,H
8450,2024,Brasileirão Série A,5,2024-05-05,BRA045,BRA042,1,3, Barradão,A
8451,2024,Brasileirão Série A,5,2024-05-05,BRA009,BRA007,1,2,Estádio Nilton Santos,A
8452,2024,Brasileirão Série A,5,2024-05-05,BRA019,BRA033,0,2,Arena Pantanal,A
8456,2024,Brasileirão Série A,6,2024-05-11,BRA021,BRA015,2,0, Maracanã,H
8457,2024,Brasileirão Série A,6,2024-05-12,BRA033,BRA003,0,2,Arena Barueri,A
8458,2024,Brasileirão Série A,6,2024-05-12,BRA004,BRA018,0,1,Estádio Antônio Accioly - Atlético Goianiense,A
8459,2024,Brasileirão Série A,6,2024-05-12,BRA023,BRA009,1,1,Arena Castelão,D
8460,2024,Brasileirão Série A,6,2024-05-12,BRA044,BRA045,2,1,Estádio São Januário,H
8461,2024,Brasileirão Série A,6,2024-05-12,BRA007,BRA010,1,0,Arena Fonte Nova,H
8462,2024,Brasileirão Série A,6,2024-05-13,BRA042,BRA022,2,1,MorumBIS,H
8466,2024,Brasileirão Série A,7,2024-06-01,BRA025,BRA010,0,2, Couto Pereira,A
8467,2024,Brasileirão Série A,7,2024-06-01,BRA045,BRA004,0,2, Barradão,A
8468,2024,Brasileirão Série A,7,2024-06-01,BRA022,BRA031,1,1, Maracanã,D
8469,2024,Brasileirão Série A,7,2024-06-01,BRA019,BRA028,0,1,Arena Pantanal,A
8470,2024,Brasileirão Série A,7,2024-06-01,BRA015,BRA009,0,1,Neo Química Arena,A
8471,2024,Brasileirão Série A,7,2024-06-02,BRA044,BRA021,1,6, Maracanã,A
8472,2024,Brasileirão Série A,7,2024-06-02,BRA005,BRA007,1,1,Arena MRV,D
8473,2024,Brasileirão Série A,7,2024-06-02,BRA017,BRA033,1,2,Estádio Heriberto Hülse,A
8474,2024,Brasileirão Série A,7,2024-06-02,BRA042,BRA018,2,0,MorumBIS,H
8475,2024,Brasileirão Série A,7,2024-06-02,BRA023,BRA003,1,0,Estádio Presidente Vargas,H
8425,2024,Brasileirão Série A,2,2024-06-05,BRA019,BRA045,0,0,Arena Pantanal,D
8453,2024,Brasileirão Série A,5,2024-06-05,BRA031,BRA004,1,0, Alfredo Jaconi,H
8463,2024,Brasileirão Série A,6,2024-06-09,BRA017,BRA019,2,5,Estádio Heriberto Hülse,A
8476,2024,Brasileirão Série A,8,2024-06-11,BRA004,BRA015,2,2,Estádio Antônio Accioly - Atlético Goianiense,D
8477,2024,Brasileirão Série A,8,2024-06-11,BRA031,BRA045,1,1, Alfredo Jaconi,D
8478,2024,Brasileirão Série A,8,2024-06-11,BRA009,BRA022,1,0,Estádio Nilton Santos,H
8479,2024,Brasileirão Série A,8,2024-06-11,BRA010,BRA005,1,2,Nabizão,A
8480,2024,Brasileirão Série A,8,2024-06-13,BRA018,BRA019,2,1, Mineirão,H
8481,2024,Brasileirão Série A,8,2024-06-13,BRA003,BRA017,3,1,Ligga Arena,H
8482,2024,Brasileirão Série A,8,2024-06-13,BRA028,BRA042,0,0,Estádio Heriberto Hülse,D
8483,2024,Brasileirão Série A,8,2024-06-13,BRA021,BRA025,2,1, Maracanã,H
8484,2024,Brasileirão Série A,8,2024-06-13,BRA007,BRA023,1,0,Arena Fonte Nova,H
8485,2024,Brasileirão Série A,8,2024-06-13,BRA033,BRA044,2,0,Allianz Parque,H
8486,2024,Brasileirão Série A,9,2024-06-15,BRA010,BRA031,2,1,Nabizão,H
8487,2024,Brasileirão Série A,9,2024-06-15,BRA022,BRA004,1,2, Maracanã,A
8488,2024,Brasileirão Série A,9,2024-06-16,BRA015,BRA042,2,2,Neo Química Arena,D
8489,2024,Brasileirão Série A,9,2024-06-16,BRA045,BRA028,2,1, Barradão,H
8490,2024,Brasileirão Série A,9,2024-06-16,BRA003,BRA021,1,1,Ligga Arena,D
8491,2024,Brasileirão Série A,9,2024-06-16,BRA044,BRA018,0,0,Estádio São Januário,D
8492,2024,Brasileirão Série A,9,2024-06-16,BRA017,BRA007,2,2,Estádio Heriberto Hülse,D
8493,2024,Brasileirão Série A,9,2024-06-16,BRA025,BRA009,1,2,Kléber Andrade,A
8494,2024,Brasileirão Série A,9,2024-06-16,BRA019,BRA023,5,0,Arena Pantanal,H
8495,2024,Brasileirão Série A,9,2024-06-17,BRA005,BRA033,0,4,Arena MRV,A
8496,2024,Brasileirão Série A,10,2024-06-19,BRA009,BRA003,1,1,Estádio Nilton Santos,D
8497,2024,Brasileirão Série A,10,2024-06-19,BRA004,BRA017,1,2,Estádio Antônio Accioly - Atlético Goianiense,A
8498,2024,Brasileirão Série A,10,2024-06-19,BRA042,BRA019,0,1,MorumBIS,A
8499,2024,Brasileirão Série A,10,2024-06-19,BRA031,BRA044,2,0, Alfredo Jaconi,H
8500,2024,Brasileirão Série A,10,2024-06-19,BRA023,BRA025,1,0,Arena Castelão,H
8501,2024,Brasileirão Série A,10,2024-06-19,BRA018,BRA022,2,0, Mineirão,H
8502,2024,Brasileirão Série A,10,2024-06-19,BRA028,BRA015,1,0, Orlando Scarpelli,H
8503,2024,Brasileirão Série A,10,2024-06-20,BRA045,BRA005,4,2, Barradão,H
8504,2024,Brasileirão Série A,10,2024-06-20,BRA021,BRA007,2,1, Maracanã,H
8505,2024,Brasileirão Série A,10,2024-06-20,BRA033,BRA010,2,1,Allianz Parque,H
8506,2024,Brasileirão Série A,11,2024-06-22,BRA017,BRA009,2,1,Estádio Heriberto Hülse,H
8507,2024,Brasileirão Série A,11,2024-06-22,BRA025,BRA028,0,1, Couto Pereira,A
8508,2024,Brasileirão Série A,11,2024-06-22,BRA019,BRA004,0,0,Arena Pantanal,D
8509,2024,Brasileirão Série A,11,2024-06-22,BRA044,BRA042,4,1,Estádio São Januário,H
8510,2024,Brasileirão Série A,11,2024-06-23,BRA007,BRA018,4,1,Arena Fonte Nova,H
8511,2024,Brasileirão Série A,11,2024-06-23,BRA003,BRA015,1,1,Ligga Arena,D
8512,2024,Brasileirão Série A,11,2024-06-23,BRA022,BRA021,0,1, Maracanã,A
8513,2024,Brasileirão Série A,11,2024-06-23,BRA010,BRA045,2,1,Nabizão,H
8514,2024,Brasileirão Série A,11,2024-06-23,BRA005,BRA023,1,1,Arena MRV,D
8515,2024,Brasileirão Série A,11,2024-06-23,BRA033,BRA031,3,1,Allianz Parque,H
8516,2024,Brasileirão Série A,12,2024-06-26,BRA009,BRA010,2,1,Estádio Nilton Santos,H
8517,2024,Brasileirão Série A,12,2024-06-26,BRA018,BRA003,2,0, Mineirão,H
8518,2024,Brasileirão Série A,12,2024-06-26,BRA004,BRA025,1,1,Estádio Antônio Accioly - Atlético Goianiense,D
8519,2024,Brasileirão Série A,12,2024-06-26,BRA015,BRA019,1,1,Neo Química Arena,D
8520,2024,Brasileirão Série A,12,2024-06-26,BRA031,BRA021,2,1, Alfredo Jaconi,H
8521,2024,Brasileirão Série A,12,2024-06-26,BRA007,BRA044,2,1,Arena Fonte Nova,H
8522,2024,Brasileirão Série A,12,2024-06-26,BRA028,BRA005,1,2,Estádio Heriberto Hülse,A
8523,2024,Brasileirão Série A,12,2024-06-26,BRA023,BRA033,3,0,Arena Castelão,H
8524,2024,Brasileirão Série A,12,2024-06-27,BRA022,BRA045,0,1, Maracanã,A
8525,2024,Brasileirão Série A,12,2024-06-27,BRA042,BRA017,2,1,MorumBIS,H
8526,2024,Brasileirão Série A,13,2024-06-29,BRA044,BRA009,1,1,Estádio São Januário,D
8527,2024,Brasileirão Série A,13,2024-06-29,BRA019,BRA010,1,1,Arena Pantanal,D
8528,2024,Brasileirão Série A,13,2024-06-30,BRA005,BRA004,1,1,Arena MRV,D
8529,2024,Brasileirão Série A,13,2024-06-30,BRA025,BRA022,1,0,Estádio Francisco Stédile | Centenário,H
8530,2024,Brasileirão Série A,13,2024-06-30,BRA042,BRA007,3,1,MorumBIS,H
8531,2024,Brasileirão Série A,13,2024-06-30,BRA023,BRA031,2,1,Arena Castelão,H
8532,2024,Brasileirão Série A,13,2024-06-30,BRA017,BRA028,1,1,Estádio Heriberto Hülse,D
8533,2024,Brasileirão Série A,13,2024-06-30,BRA045,BRA003,0,1, Barradão,A
8534,2024,Brasileirão Série A,13,2024-06-30,BRA021,BRA018,2,1, Maracanã,H
8535,2024,Brasileirão Série A,13,2024-07-01,BRA033,BRA015,2,0,Allianz Parque,H
8536,2024,Brasileirão Série A,14,2024-07-03,BRA019,BRA009,1,2,Arena Pantanal,A
8537,2024,Brasileirão Série A,14,2024-07-03,BRA017,BRA018,1,0,Estádio Heriberto Hülse,H
8538,2024,Brasileirão Série A,14,2024-07-03,BRA044,BRA023,2,0,Estádio São Januário,H
8539,2024,Brasileirão Série A,14,2024-07-03,BRA003,BRA042,1,2,Ligga Arena,A
8540,2024,Brasileirão Série A,14,2024-07-03,BRA005,BRA021,2,4,Arena MRV,A
8541,2024,Brasileirão Série A,14,2024-07-03,BRA010,BRA004,3,1,Nabizão,H
8542,2024,Brasileirão Série A,14,2024-07-04,BRA025,BRA033,2,2,Estádio Francisco Stédile | Centenário,D
8543,2024,Brasileirão Série A,14,2024-07-04,BRA007,BRA031,2,0,Arena Fonte Nova,H
8544,2024,Brasileirão Série A,14,2024-07-04,BRA022,BRA028,1,1, Maracanã,D
8545,2024,Brasileirão Série A,14,2024-07-04,BRA015,BRA045,3,2,Neo Química Arena,H
8546,2024,Brasileirão Série A,15,2024-07-06,BRA042,BRA010,2,0,MorumBIS,H
8547,2024,Brasileirão Série A,15,2024-07-06,BRA021,BRA019,1,1, Maracanã,D
8548,2024,Brasileirão Série A,15,2024-07-07,BRA023,BRA022,1,0,Arena Castelão,H
8549,2024,Brasileirão Série A,15,2024-07-07,BRA031,BRA025,3,0, Alfredo Jaconi,H
8550,2024,Brasileirão Série A,15,2024-07-07,BRA018,BRA015,3,0, Mineirão,H
8551,2024,Brasileirão Série A,15,2024-07-07,BRA028,BRA044,1,2,Estádio Beira-Rio,A
8552,2024,Brasileirão Série A,15,2024-07-07,BRA045,BRA017,2,1, Barradão,H
8553,2024,Brasileirão Série A,15,2024-07-07,BRA004,BRA003,1,2,Estádio Antônio Accioly - Atlético Goianiense,A
8554,2024,Brasileirão Série A,15,2024-07-07,BRA033,BRA007,2,0,Allianz Parque,H
8555,2024,Brasileirão Série A,15,2024-07-07,BRA009,BRA005,3,0,Estádio Nilton Santos,H
8556,2024,Brasileirão Série A,16,2024-07-10,BRA025,BRA018,0,2,Estádio Francisco Stédile | Centenário,A
8557,2024,Brasileirão Série A,16,2024-07-10,BRA044,BRA015,2,0,Estádio São Januário,H
8558,2024,Brasileirão Série A,16,2024-07-10,BRA003,BRA007,1,3,Ligga Arena,A
8559,2024,Brasileirão Série A,16,2024-07-11,BRA033,BRA004,3,1,Allianz Parque,H
8560,2024,Brasileirão Série A,16,2024-07-11,BRA017,BRA022,1,1,Estádio Heriberto Hülse,D
8561,2024,Brasileirão Série A,16,2024-07-11,BRA021,BRA023,1,2, Maracanã,A
8562,2024,Brasileirão Série A,16,2024-07-11,BRA005,BRA042,2,1,Arena MRV,H
8563,2024,Brasileirão Série A,16,2024-07-11,BRA045,BRA009,0,1, Barradão,A
8566,2024,Brasileirão Série A,17,2024-07-13,BRA007,BRA019,1,2,Arena Fonte Nova,A
8567,2024,Brasileirão Série A,17,2024-07-13,BRA018,BRA010,2,1,Estádio Independência,H
8568,2024,Brasileirão Série A,17,2024-07-16,BRA031,BRA005,1,1,Arena BRB Mané Garrincha,D
8569,2024,Brasileirão Série A,17,2024-07-16,BRA015,BRA017,2,1,Neo Química Arena,H
8570,2024,Brasileirão Série A,17,2024-07-17,BRA004,BRA044,0,1,Estádio Antônio Accioly - Atlético Goianiense,A
8571,2024,Brasileirão Série A,17,2024-07-17,BRA042,BRA025,1,0,MorumBIS,H
8572,2024,Brasileirão Série A,17,2024-07-17,BRA009,BRA033,1,0,Estádio Nilton Santos,H
8573,2024,Brasileirão Série A,17,2024-07-17,BRA023,BRA045,3,1,Arena Castelão,H
8576,2024,Brasileirão Série A,18,2024-07-20,BRA021,BRA017,2,1,Arena BRB Mané Garrincha,H
8577,2024,Brasileirão Série A,18,2024-07-20,BRA009,BRA028,1,0,Estádio Nilton Santos,H
8578,2024,Brasileirão Série A,18,2024-07-20,BRA033,BRA018,2,0,Allianz Parque,H
8579,2024,Brasileirão Série A,18,2024-07-21,BRA025,BRA045,2,0,Estádio Francisco Stédile | Centenário,H
8580,2024,Brasileirão Série A,18,2024-07-21,BRA005,BRA044,2,0,Arena MRV,H
8581,2024,Brasileirão Série A,18,2024-07-21,BRA007,BRA015,0,1,Arena Fonte Nova,A
8582,2024,Brasileirão Série A,18,2024-07-21,BRA010,BRA003,1,0,Nabizão,H
8583,2024,Brasileirão Série A,18,2024-07-21,BRA031,BRA042,0,0,Arena BRB Mané Garrincha,D
8584,2024,Brasileirão Série A,18,2024-07-21,BRA023,BRA004,3,1,Arena Castelão,H
8585,2024,Brasileirão Série A,18,2024-07-21,BRA019,BRA022,0,1,Arena Pantanal,A
8435,2024,Brasileirão Série A,3,2024-07-24,BRA017,BRA023,1,1,Estádio Heriberto Hülse,D
8586,2024,Brasileirão Série A,19,2024-07-24,BRA018,BRA031,2,0, Mineirão,H
8587,2024,Brasileirão Série A,19,2024-07-24,BRA042,BRA009,2,2,MorumBIS,D
8588,2024,Brasileirão Série A,19,2024-07-24,BRA045,BRA021,1,2, Barradão,A
8589,2024,Brasileirão Série A,19,2024-07-24,BRA004,BRA007,1,1,Estádio Antônio Accioly - Atlético Goianiense,D
8590,2024,Brasileirão Série A,19,2024-07-24,BRA022,BRA033,1,0, Maracanã,H
8591,2024,Brasileirão Série A,19,2024-07-25,BRA015,BRA025,2,2,Neo Química Arena,D
8596,2024,Brasileirão Série A,20,2024-07-27,BRA033,BRA045,0,2,Allianz Parque,A
8597,2024,Brasileirão Série A,20,2024-07-27,BRA031,BRA017,1,2, Alfredo Jaconi,A
8598,2024,Brasileirão Série A,20,2024-07-27,BRA007,BRA028,1,1,Arena Fonte Nova,D
8599,2024,Brasileirão Série A,20,2024-07-27,BRA023,BRA042,1,0,Arena Castelão,H
8600,2024,Brasileirão Série A,20,2024-07-27,BRA009,BRA018,0,3,Estádio Nilton Santos,A
8601,2024,Brasileirão Série A,20,2024-07-28,BRA010,BRA022,0,1,Nabizão,A
8602,2024,Brasileirão Série A,20,2024-07-28,BRA021,BRA004,2,0, Maracanã,H
8603,2024,Brasileirão Série A,20,2024-07-28,BRA019,BRA003,1,2,Arena Pantanal,A
8604,2024,Brasileirão Série A,20,2024-07-28,BRA025,BRA044,1,0,Arena Condá,H
8605,2024,Brasileirão Série A,20,2024-07-28,BRA005,BRA015,2,1,Arena MRV,H
8606,2024,Brasileirão Série A,21,2024-08-03,BRA045,BRA019,1,0, Barradão,H
8607,2024,Brasileirão Série A,21,2024-08-03,BRA044,BRA010,2,2,Estádio São Januário,D
8608,2024,Brasileirão Série A,21,2024-08-03,BRA017,BRA005,2,1,Estádio Heriberto Hülse,H
8609,2024,Brasileirão Série A,21,2024-08-03,BRA004,BRA009,1,4,Estádio Antônio Accioly - Atlético Goianiense,A
8610,2024,Brasileirão Série A,21,2024-08-03,BRA042,BRA021,1,0,MorumBIS,H
8611,2024,Brasileirão Série A,21,2024-08-04,BRA015,BRA031,1,1,Neo Química Arena,D
8612,2024,Brasileirão Série A,21,2024-08-04,BRA022,BRA007,1,0, Maracanã,H
8613,2024,Brasileirão Série A,21,2024-08-04,BRA003,BRA025,0,2,Ligga Arena,A
8614,2024,Brasileirão Série A,21,2024-08-04,BRA028,BRA033,1,1,Estádio Beira-Rio,D
8615,2024,Brasileirão Série A,21,2024-08-05,BRA018,BRA023,1,2,Kléber Andrade,A
8616,2024,Brasileirão Série A,22,2024-08-10,BRA023,BRA017,1,0,Arena Castelão,H
8617,2024,Brasileirão Série A,22,2024-08-10,BRA019,BRA025,1,3,Arena Pantanal,A
8618,2024,Brasileirão Série A,22,2024-08-10,BRA018,BRA005,0,0, Mineirão,D
8619,2024,Brasileirão Série A,22,2024-08-10,BRA015,BRA010,1,1,Neo Química Arena,D
8620,2024,Brasileirão Série A,22,2024-08-10,BRA044,BRA022,2,0,Estádio Nilton Santos,H
8621,2024,Brasileirão Série A,22,2024-08-11,BRA031,BRA009,3,2, Alfredo Jaconi,H
8622,2024,Brasileirão Série A,22,2024-08-11,BRA007,BRA045,2,0,Arena Fonte Nova,H
8623,2024,Brasileirão Série A,22,2024-08-11,BRA042,BRA004,1,0,MorumBIS,H
8624,2024,Brasileirão Série A,22,2024-08-11,BRA021,BRA033,1,1, Maracanã,D
8625,2024,Brasileirão Série A,22,2024-08-11,BRA028,BRA003,2,2,Estádio Beira-Rio,D
8464,2024,Brasileirão Série A,6,2024-08-14,BRA028,BRA031,2,1,Estádio Beira-Rio,H
8626,2024,Brasileirão Série A,23,2024-08-17,BRA025,BRA007,0,2, Alfredo Jaconi,A
8627,2024,Brasileirão Série A,23,2024-08-17,BRA005,BRA019,1,1,Arena MRV,D
8628,2024,Brasileirão Série A,23,2024-08-17,BRA010,BRA023,1,2,Nabizão,A
8629,2024,Brasileirão Série A,23,2024-08-17,BRA022,BRA015,0,0, Maracanã,D
8630,2024,Brasileirão Série A,23,2024-08-18,BRA004,BRA028,1,0,Estádio Antônio Accioly - Atlético Goianiense,H
8631,2024,Brasileirão Série A,23,2024-08-18,BRA017,BRA044,2,2,Estádio Heriberto Hülse,D
8632,2024,Brasileirão Série A,23,2024-08-18,BRA033,BRA042,2,1,Allianz Parque,H
8633,2024,Brasileirão Série A,23,2024-08-18,BRA003,BRA031,1,2,Ligga Arena,A
8634,2024,Brasileirão Série A,23,2024-08-18,BRA009,BRA021,4,1,Estádio Nilton Santos,H
8635,2024,Brasileirão Série A,23,2024-08-19,BRA045,BRA018,2,2, Barradão,D
8636,2024,Brasileirão Série A,24,2024-08-24,BRA004,BRA031,2,1,Estádio Antônio Accioly - Atlético Goianiense,H
8637,2024,Brasileirão Série A,24,2024-08-24,BRA033,BRA019,5,0,Estádio Brinco de Ouro,H
8638,2024,Brasileirão Série A,24,2024-08-24,BRA005,BRA022,0,2, Mineirão,A
8639,2024,Brasileirão Série A,24,2024-08-25,BRA007,BRA009,0,0,Arena Fonte Nova,D
8640,2024,Brasileirão Série A,24,2024-08-25,BRA017,BRA025,0,1,Estádio Heriberto Hülse,A
8641,2024,Brasileirão Série A,24,2024-08-25,BRA023,BRA015,1,0,Arena Castelão,H
8642,2024,Brasileirão Série A,24,2024-08-25,BRA042,BRA045,2,1,MorumBIS,H
8643,2024,Brasileirão Série A,24,2024-08-25,BRA028,BRA018,1,0,Estádio Beira-Rio,H
8644,2024,Brasileirão Série A,24,2024-08-25,BRA021,BRA010,2,1, Maracanã,H
8645,2024,Brasileirão Série A,24,2024-08-26,BRA044,BRA003,2,1,Estádio São Januário,H
8454,2024,Brasileirão Série A,5,2024-08-28,BRA018,BRA028,0,0, Mineirão,D
8592,2024,Brasileirão Série A,19,2024-08-28,BRA017,BRA010,1,0,Estádio Heriberto Hülse,H
8646,2024,Brasileirão Série A,25,2024-08-31,BRA019,BRA017,2,1,Arena Pantanal,H
8647,2024,Brasileirão Série A,25,2024-08-31,BRA009,BRA023,2,0,Estádio Nilton Santos,H
8648,2024,Brasileirão Série A,25,2024-09-01,BRA025,BRA005,2,3,Arena do Grêmio,A
8649,2024,Brasileirão Série A,25,2024-09-01,BRA018,BRA004,3,1, Mineirão,H
8650,2024,Brasileirão Série A,25,2024-09-01,BRA015,BRA021,2,1,Neo Química Arena,H
8651,2024,Brasileirão Série A,25,2024-09-01,BRA010,BRA007,2,1,Nabizão,H
8652,2024,Brasileirão Série A,25,2024-09-01,BRA022,BRA042,2,0, Maracanã,H
8653,2024,Brasileirão Série A,25,2024-09-01,BRA003,BRA033,0,2,Ligga Arena,A
8654,2024,Brasileirão Série A,25,2024-09-01,BRA031,BRA028,1,3, Alfredo Jaconi,A
8655,2024,Brasileirão Série A,25,2024-09-01,BRA045,BRA044,0,1, Barradão,A
8564,2024,Brasileirão Série A,16,2024-09-05,BRA019,BRA031,0,0,Arena Pantanal,D
8593,2024,Brasileirão Série A,19,2024-09-11,BRA028,BRA023,2,1,Estádio Beira-Rio,H
8656,2024,Brasileirão Série A,26,2024-09-14,BRA004,BRA045,0,2,Estádio Antônio Accioly - Atlético Goianiense,A
8657,2024,Brasileirão Série A,26,2024-09-14,BRA003,BRA023,1,1,Ligga Arena,D
8658,2024,Brasileirão Série A,26,2024-09-14,BRA009,BRA015,2,1,Estádio Nilton Santos,H
8659,2024,Brasileirão Série A,26,2024-09-15,BRA010,BRA025,2,2,Nabizão,D
8660,2024,Brasileirão Série A,26,2024-09-15,BRA033,BRA017,5,0,Allianz Parque,H
8661,2024,Brasileirão Série A,26,2024-09-15,BRA031,BRA022,2,1, Alfredo Jaconi,H
8662,2024,Brasileirão Série A,26,2024-09-15,BRA007,BRA005,3,0,Arena Fonte Nova,H
8663,2024,Brasileirão Série A,26,2024-09-15,BRA021,BRA044,1,1, Maracanã,D
8664,2024,Brasileirão Série A,26,2024-09-15,BRA018,BRA042,0,1, Mineirão,A
8665,2024,Brasileirão Série A,26,2024-09-16,BRA028,BRA019,3,0,Estádio Beira-Rio,H
8666,2024,Brasileirão Série A,27,2024-09-21,BRA015,BRA004,3,0,Neo Química Arena,H
8667,2024,Brasileirão Série A,27,2024-09-21,BRA045,BRA031,1,0, Barradão,H
8668,2024,Brasileirão Série A,27,2024-09-21,BRA022,BRA009,0,1, Maracanã,A
8669,2024,Brasileirão Série A,27,2024-09-21,BRA023,BRA007,4,1,Arena Castelão,H
8670,2024,Brasileirão Série A,27,2024-09-22,BRA005,BRA010,3,0,Arena MRV,H
8671,2024,Brasileirão Série A,27,2024-09-22,BRA044,BRA033,0,1,Arena BRB Mané Garrincha,A
8672,2024,Brasileirão Série A,27,2024-09-22,BRA025,BRA021,3,2,Arena do Grêmio,H
8673,2024,Brasileirão Série A,27,2024-09-22,BRA019,BRA018,0,0,Arena Pantanal,D
8674,2024,Brasileirão Série A,27,2024-09-22,BRA042,BRA028,1,3,MorumBIS,A
8675,2024,Brasileirão Série A,27,2024-09-22,BRA017,BRA003,0,0,Estádio Heriberto Hülse,D
8455,2024,Brasileirão Série A,5,2024-09-25,BRA025,BRA017,1,2,Arena do Grêmio,A
8565,2024,Brasileirão Série A,16,2024-09-25,BRA010,BRA028,2,2,Nabizão,D
8676,2024,Brasileirão Série A,28,2024-09-28,BRA033,BRA005,2,1,Estádio Brinco de Ouro,H
8677,2024,Brasileirão Série A,28,2024-09-28,BRA009,BRA025,0,0,Arena BRB Mané Garrincha,D
8678,2024,Brasileirão Série A,28,2024-09-29,BRA031,BRA010,1,1, Alfredo Jaconi,D
8679,2024,Brasileirão Série A,28,2024-09-29,BRA042,BRA015,3,1,Arena BRB Mané Garrincha,H
8680,2024,Brasileirão Série A,28,2024-09-29,BRA023,BRA019,1,0,Arena Castelão,H
8681,2024,Brasileirão Série A,28,2024-09-29,BRA004,BRA022,1,0,Estádio Antônio Accioly - Atlético Goianiense,H
8682,2024,Brasileirão Série A,28,2024-09-29,BRA018,BRA044,1,1, Mineirão,D
8683,2024,Brasileirão Série A,28,2024-09-29,BRA028,BRA045,3,1,Estádio Beira-Rio,H
8684,2024,Brasileirão Série A,28,2024-09-29,BRA007,BRA017,1,0,Arena Fonte Nova,H
8685,2024,Brasileirão Série A,28,2024-09-29,BRA021,BRA003,1,0, Maracanã,H
8686,2024,Brasileirão Série A,29,2024-10-03,BRA017,BRA004,2,0,Estádio Heriberto Hülse,H
8687,2024,Brasileirão Série A,29,2024-10-03,BRA022,BRA018,1,0, Maracanã,H
8688,2024,Brasileirão Série A,29,2024-10-04,BRA025,BRA023,3,1,Arena do Grêmio,H
8689,2024,Brasileirão Série A,29,2024-10-05,BRA003,BRA009,0,1,Ligga Arena,A
8690,2024,Brasileirão Série A,29,2024-10-05,BRA005,BRA045,2,2,Arena MRV,D
8691,2024,Brasileirão Série A,29,2024-10-05,BRA010,BRA033,0,0,Nabizão,D
8692,2024,Brasileirão Série A,29,2024-10-05,BRA007,BRA021,0,2,Arena Fonte Nova,A
8693,2024,Brasileirão Série A,29,2024-10-05,BRA019,BRA042,2,0,Arena Pantanal,H
8694,2024,Brasileirão Série A,29,2024-10-05,BRA015,BRA028,2,2,Neo Química Arena,D
8695,2024,Brasileirão Série A,29,2024-10-05,BRA044,BRA031,1,1,Estádio São Januário,D
8465,2024,Brasileirão Série A,6,2024-10-09,BRA005,BRA025,2,1,Arena MRV,H
8696,2024,Brasileirão Série A,30,2024-10-16,BRA042,BRA044,3,0,Estádio Brinco de Ouro,H
8697,2024,Brasileirão Série A,30,2024-10-16,BRA023,BRA005,1,1,Arena Castelão,D
8698,2024,Brasileirão Série A,30,2024-10-17,BRA015,BRA003,5,2,Neo Química Arena,H
8699,2024,Brasileirão Série A,30,2024-10-17,BRA021,BRA022,0,2, Maracanã,A
8700,2024,Brasileirão Série A,30,2024-10-18,BRA004,BRA019,0,0,Estádio Antônio Accioly - Atlético Goianiense,D
8701,2024,Brasileirão Série A,30,2024-10-18,BRA009,BRA017,1,1, Maracanã,D
8702,2024,Brasileirão Série A,30,2024-10-18,BRA018,BRA007,1,1, Mineirão,D
8703,2024,Brasileirão Série A,30,2024-10-19,BRA028,BRA025,1,0,Estádio Beira-Rio,H
8704,2024,Brasileirão Série A,30,2024-10-19,BRA045,BRA010,1,0, Barradão,H
8705,2024,Brasileirão Série A,30,2024-10-20,BRA031,BRA033,3,5, Alfredo Jaconi,A
8574,2024,Brasileirão Série A,17,2024-10-22,BRA022,BRA003,1,0, Maracanã,H
8594,2024,Brasileirão Série A,19,2024-10-24,BRA044,BRA019,1,0,Estádio São Januário,H
8706,2024,Brasileirão Série A,31,2024-10-26,BRA033,BRA023,2,2,Allianz Parque,D
8707,2024,Brasileirão Série A,31,2024-10-26,BRA021,BRA031,4,2, Maracanã,H
8708,2024,Brasileirão Série A,31,2024-10-26,BRA025,BRA004,3,1,Arena do Grêmio,H
8709,2024,Brasileirão Série A,31,2024-10-26,BRA045,BRA022,2,1, Barradão,H
8710,2024,Brasileirão Série A,31,2024-10-26,BRA003,BRA018,3,0,Ligga Arena,H
8711,2024,Brasileirão Série A,31,2024-10-26,BRA010,BRA009,0,1,Nabizão,A
8712,2024,Brasileirão Série A,31,2024-10-26,BRA005,BRA028,1,3,Arena MRV,A
8713,2024,Brasileirão Série A,31,2024-10-26,BRA017,BRA042,1,1,Estádio Heriberto Hülse,D
8714,2024,Brasileirão Série A,31,2024-10-28,BRA019,BRA015,0,1,Arena Pantanal,A
8715,2024,Brasileirão Série A,31,2024-10-28,BRA044,BRA007,3,2,Estádio São Januário,H
8575,2024,Brasileirão Série A,17,2024-10-30,BRA028,BRA021,1,1,Estádio Beira-Rio,D
8716,2024,Brasileirão Série A,32,2024-11-01,BRA022,BRA025,2,2, Maracanã,D
8717,2024,Brasileirão Série A,32,2024-11-02,BRA010,BRA019,0,0,Nabizão,D
8718,2024,Brasileirão Série A,32,2024-11-02,BRA031,BRA023,0,3, Alfredo Jaconi,A
8719,2024,Brasileirão Série A,32,2024-11-02,BRA003,BRA045,1,2,Ligga Arena,A
8720,2024,Brasileirão Série A,32,2024-11-04,BRA015,BRA033,2,0,Neo Química Arena,H
8721,2024,Brasileirão Série A,32,2024-11-05,BRA007,BRA042,0,3,Arena Fonte Nova,A
8722,2024,Brasileirão Série A,32,2024-11-05,BRA028,BRA017,2,0,Estádio Beira-Rio,H
8723,2024,Brasileirão Série A,32,2024-11-05,BRA009,BRA044,3,0,Estádio Nilton Santos,H
8724,2024,Brasileirão Série A,32,2024-11-06,BRA018,BRA021,0,1,Estádio Independência,A
8725,2024,Brasileirão Série A,32,2024-11-06,BRA004,BRA005,1,0,Estádio Antônio Accioly - Atlético Goianiense,H
8726,2024,Brasileirão Série A,33,2024-11-08,BRA028,BRA022,2,0,Estádio Beira-Rio,H
8727,2024,Brasileirão Série A,33,2024-11-08,BRA033,BRA025,1,0,Allianz Parque,H
8728,2024,Brasileirão Série A,33,2024-11-09,BRA045,BRA015,1,2, Barradão,A
8729,2024,Brasileirão Série A,33,2024-11-09,BRA009,BRA019,0,0,Estádio Nilton Santos,D
8730,2024,Brasileirão Série A,33,2024-11-09,BRA018,BRA017,2,1, Mineirão,H
8731,2024,Brasileirão Série A,33,2024-11-09,BRA031,BRA007,2,1, Alfredo Jaconi,H
8732,2024,Brasileirão Série A,33,2024-11-09,BRA023,BRA044,3,0,Arena Castelão,H
8733,2024,Brasileirão Série A,33,2024-11-09,BRA004,BRA010,0,0,Estádio Antônio Accioly - Atlético Goianiense,D
8734,2024,Brasileirão Série A,33,2024-11-09,BRA042,BRA003,2,1,MorumBIS,H
8735,2024,Brasileirão Série A,33,2024-11-13,BRA021,BRA005,0,0, Maracanã,D
8595,2024,Brasileirão Série A,19,2024-11-16,BRA003,BRA005,1,0,Ligga Arena,H
8736,2024,Brasileirão Série A,34,2024-11-20,BRA015,BRA018,2,1,Neo Química Arena,H
8737,2024,Brasileirão Série A,34,2024-11-20,BRA010,BRA042,1,1,Nabizão,D
8738,2024,Brasileirão Série A,34,2024-11-20,BRA003,BRA004,2,0,Ligga Arena,H
8739,2024,Brasileirão Série A,34,2024-11-20,BRA017,BRA045,0,1,Estádio Heriberto Hülse,A
8740,2024,Brasileirão Série A,34,2024-11-20,BRA007,BRA033,1,2,Arena Fonte Nova,A
8741,2024,Brasileirão Série A,34,2024-11-20,BRA025,BRA031,2,2,Arena do Grêmio,D
8742,2024,Brasileirão Série A,34,2024-11-20,BRA019,BRA021,1,2,Arena Pantanal,A
8743,2024,Brasileirão Série A,34,2024-11-20,BRA005,BRA009,0,0,Estádio Independência,D
8744,2024,Brasileirão Série A,34,2024-11-21,BRA044,BRA028,0,1,Estádio São Januário,A
8745,2024,Brasileirão Série A,34,2024-11-22,BRA022,BRA023,2,2, Maracanã,D
8746,2024,Brasileirão Série A,35,2024-11-23,BRA031,BRA019,1,1, Alfredo Jaconi,D
8747,2024,Brasileirão Série A,35,2024-11-23,BRA009,BRA045,1,1,Estádio Nilton Santos,D
8748,2024,Brasileirão Série A,35,2024-11-23,BRA004,BRA033,0,1,Estádio Antônio Accioly - Atlético Goianiense,A
8749,2024,Brasileirão Série A,35,2024-11-23,BRA042,BRA005,2,2,MorumBIS,D
8750,2024,Brasileirão Série A,35,2024-11-24,BRA015,BRA044,3,1,Neo Química Arena,H
8751,2024,Brasileirão Série A,35,2024-11-24,BRA028,BRA010,4,1,Estádio Beira-Rio,H
8752,2024,Brasileirão Série A,35,2024-11-24,BRA007,BRA003,1,1,Arena Fonte Nova,D
8753,2024,Brasileirão Série A,35,2024-11-26,BRA022,BRA017,0,0, Maracanã,D
8754,2024,Brasileirão Série A,35,2024-11-26,BRA023,BRA021,0,0,Arena Castelão,D
8756,2024,Brasileirão Série A,36,2024-11-26,BRA033,BRA009,1,3,Allianz Parque,A
8757,2024,Brasileirão Série A,36,2024-11-26,BRA005,BRA031,2,3,Estádio Independência,A
8755,2024,Brasileirão Série A,35,2024-11-27,BRA018,BRA025,1,1, Mineirão,D
8758,2024,Brasileirão Série A,36,2024-11-30,BRA017,BRA015,2,4,Estádio Heriberto Hülse,A
8759,2024,Brasileirão Série A,36,2024-11-30,BRA019,BRA007,1,2,Arena Pantanal,A
8760,2024,Brasileirão Série A,36,2024-11-30,BRA044,BRA004,2,2,Estádio São Januário,D
8761,2024,Brasileirão Série A,36,2024-12-01,BRA025,BRA042,2,1,Arena do Grêmio,H
8762,2024,Brasileirão Série A,36,2024-12-01,BRA021,BRA028,3,2, Maracanã,H
8763,2024,Brasileirão Série A,36,2024-12-01,BRA010,BRA018,1,1,Nabizão,D
8764,2024,Brasileirão Série A,36,2024-12-01,BRA003,BRA022,1,1,Ligga Arena,D
8765,2024,Brasileirão Série A,36,2024-12-01,BRA045,BRA023,2,0, Barradão,H
8766,2024,Brasileirão Série A,37,2024-12-03,BRA015,BRA007,3,0,Neo Química Arena,H
8767,2024,Brasileirão Série A,37,2024-12-04,BRA044,BRA005,2,0,Estádio São Januário,H
8768,2024,Brasileirão Série A,37,2024-12-04,BRA045,BRA025,1,1, Barradão,D
8769,2024,Brasileirão Série A,37,2024-12-04,BRA017,BRA021,0,3,Estádio Heriberto Hülse,A
8770,2024,Brasileirão Série A,37,2024-12-04,BRA042,BRA031,1,2,MorumBIS,A
8771,2024,Brasileirão Série A,37,2024-12-04,BRA004,BRA023,3,1,Estádio Antônio Accioly - Atlético Goianiense,H
8772,2024,Brasileirão Série A,37,2024-12-04,BRA028,BRA009,0,1,Estádio Beira-Rio,A
8773,2024,Brasileirão Série A,37,2024-12-04,BRA018,BRA033,1,2, Mineirão,A
8774,2024,Brasileirão Série A,37,2024-12-05,BRA022,BRA019,1,0, Maracanã,H
8775,2024,Brasileirão Série A,37,2024-12-05,BRA003,BRA010,1,2,Ligga Arena,A
8776,2024,Brasileirão Série A,38,2024-12-08,BRA023,BRA028,3,0,Arena Castelão,H
8777,2024,Brasileirão Série A,38,2024-12-08,BRA031,BRA018,0,1, Alfredo Jaconi,A
8778,2024,Brasileirão Série A,38,2024-12-08,BRA007,BRA004,2,0,Arena Fonte Nova,H
8779,2024,Brasileirão Série A,38,2024-12-08,BRA021,BRA045,2,2, Maracanã,D
8780,2024,Brasileirão Série A,38,2024-12-08,BRA010,BRA017,5,1,Nabizão,H
8781,2024,Brasileirão Série A,38,2024-12-08,BRA005,BRA003,1,0,Arena MRV,H
8782,2024,Brasileirão Série A,38,2024-12-08,BRA009,BRA042,2,1,Estádio Nilton Santos,H
8783,2024,Brasileirão Série A,38,2024-12-08,BRA019,BRA044,1,2,Arena Pantanal,A
8784,2024,Brasileirão Série A,38,2024-12-08,BRA033,BRA022,0,1,Allianz Parque,A
8785,2024,Brasileirão Série A,38,2024-12-08,BRA025,BRA015,0,3,Arena do Grêmio,A
