match_id,round,chutes,chutes_no_alvo,posse_de_bola,passes,precisao_passes,faltas,cartao_amarelo,cartao_vermelho,impedimentos,escanteios,team_id
1,1,0,0,,0,,0,0,0,0,0,BRA044
1,1,0,0,,0,,0,0,0,0,0,BRA027
2,1,0,0,,0,,0,0,0,0,0,BRA003
2,1,0,0,,0,,0,0,0,0,0,BRA025
3,1,0,0,,0,,0,0,0,0,0,BRA021
3,1,0,0,,0,,0,0,0,0,0,BRA016
4,1,0,0,,0,,0,0,0,0,0,BRA024
4,1,0,0,,0,,0,0,0,0,0,BRA035
5,1,0,0,,0,,0,0,0,0,0,BRA028
5,1,0,0,,0,,0,0,0,0,0,BRA036
6,1,0,0,,0,,0,0,0,0,0,BRA022
6,1,0,0,,0,,0,0,0,0,0,BRA017
7,1,0,0,,0,,0,0,0,0,0,BRA042
7,1,0,0,,0,,0,0,0,0,0,BRA031
8,1,0,0,,0,,0,0,0,0,0,BRA007
8,1,0,0,,0,,0,0,0,0,0,BRA023
9,1,0,0,,0,,0,0,0,0,0,BRA018
9,1,0,0,,0,,0,0,0,0,0,BRA041
10,1,0,0,,0,,0,0,0,0,0,BRA045
10,1,0,0,,0,,0,0,0,0,0,BRA020
11,1,0,0,,0,,0,0,0,0,0,BRA040
11,1,0,0,,0,,0,0,0,0,0,BRA034
12,1,0,0,,0,,0,0,0,0,0,BRA005
12,1,0,0,,0,,0,0,0,0,0,BRA015
13,2,0,0,,0,,0,0,0,0,0,BRA023
13,2,0,0,,0,,0,0,0,0,0,BRA022
14,2,0,0,,0,,0,0,0,0,0,BRA040
14,2,0,0,,0,,0,0,0,0,0,BRA005
15,2,0,0,,0,,0,0,0,0,0,BRA016
15,2,0,0,,0,,0,0,0,0,0,BRA028
16,2,0,0,,0,,0,0,0,0,0,BRA027
16,2,0,0,,0,,0,0,0,0,0,BRA025
17,2,0,0,,0,,0,0,0,0,0,BRA007
17,2,0,0,,0,,0,0,0,0,0,BRA021
18,2,0,0,,0,,0,0,0,0,0,BRA020
18,2,0,0,,0,,0,0,0,0,0,BRA015
19,2,0,0,,0,,0,0,0,0,0,BRA035
19,2,0,0,,0,,0,0,0,0,0,BRA045
20,2,0,0,,0,,0,0,0,0,0,BRA031
20,2,0,0,,0,,0,0,0,0,0,BRA036
21,2,0,0,,0,,0,0,0,0,0,BRA034
21,2,0,0,,0,,0,0,0,0,0,BRA003
22,2,0,0,,0,,0,0,0,0,0,BRA041
22,2,0,0,,0,,0,0,0,0,0,BRA017
23,2,0,0,,0,,0,0,0,0,0,BRA042
23,2,0,0,,0,,0,0,0,0,0,BRA018
24,2,0,0,,0,,0,0,0,0,0,BRA044
24,2,0,0,,0,,0,0,0,0,0,BRA024
25,4,0,0,,0,,0,0,0,0,0,BRA040
25,4,0,0,,0,,0,0,0,0,0,BRA035
37,3,0,0,,0,,0,0,0,0,0,BRA007
37,3,0,0,,0,,0,0,0,0,0,BRA028
38,3,0,0,,0,,0,0,0,0,0,BRA020
38,3,0,0,,0,,0,0,0,0,0,BRA040
39,3,0,0,,0,,0,0,0,0,0,BRA003
39,3,0,0,,0,,0,0,0,0,0,BRA005
40,3,0,0,,0,,0,0,0,0,0,BRA035
40,3,0,0,,0,,0,0,0,0,0,BRA015
41,3,0,0,,0,,0,0,0,0,0,BRA044
41,3,0,0,,0,,0,0,0,0,0,BRA045
42,3,0,0,,0,,0,0,0,0,0,BRA017
42,3,0,0,,0,,0,0,0,0,0,BRA042
43,3,0,0,,0,,0,0,0,0,0,BRA023
43,3,0,0,,0,,0,0,0,0,0,BRA041
44,3,0,0,,0,,0,0,0,0,0,BRA016
44,3,0,0,,0,,0,0,0,0,0,BRA031
45,3,0,0,,0,,0,0,0,0,0,BRA027
45,3,0,0,,0,,0,0,0,0,0,BRA034
46,3,0,0,,0,,0,0,0,0,0,BRA025
46,3,0,0,,0,,0,0,0,0,0,BRA024
47,3,0,0,,0,,0,0,0,0,0,BRA036
47,3,0,0,,0,,0,0,0,0,0,BRA018
48,3,0,0,,0,,0,0,0,0,0,BRA022
48,3,0,0,,0,,0,0,0,0,0,BRA021
26,4,0,0,,0,,0,0,0,0,0,BRA007
26,4,0,0,,0,,0,0,0,0,0,BRA031
27,4,0,0,,0,,0,0,0,0,0,BRA025
27,4,0,0,,0,,0,0,0,0,0,BRA045
28,4,0,0,,0,,0,0,0,0,0,BRA005
28,4,0,0,,0,,0,0,0,0,0,BRA027
29,4,0,0,,0,,0,0,0,0,0,BRA003
29,4,0,0,,0,,0,0,0,0,0,BRA020
30,4,0,0,,0,,0,0,0,0,0,BRA036
30,4,0,0,,0,,0,0,0,0,0,BRA017
31,4,0,0,,0,,0,0,0,0,0,BRA041
31,4,0,0,,0,,0,0,0,0,0,BRA021
32,4,0,0,,0,,0,0,0,0,0,BRA044
32,4,0,0,,0,,0,0,0,0,0,BRA015
33,4,0,0,,0,,0,0,0,0,0,BRA016
33,4,0,0,,0,,0,0,0,0,0,BRA018
34,4,0,0,,0,,0,0,0,0,0,BRA022
34,4,0,0,,0,,0,0,0,0,0,BRA028
35,4,0,0,,0,,0,0,0,0,0,BRA042
35,4,0,0,,0,,0,0,0,0,0,BRA023
36,4,0,0,,0,,0,0,0,0,0,BRA024
36,4,0,0,,0,,0,0,0,0,0,BRA034
144,12,0,0,,0,,0,0,0,0,0,BRA021
144,12,0,0,,0,,0,0,0,0,0,BRA018
49,5,0,0,,0,,0,0,0,0,0,BRA007
49,5,0,0,,0,,0,0,0,0,0,BRA005
50,5,0,0,,0,,0,0,0,0,0,BRA041
50,5,0,0,,0,,0,0,0,0,0,BRA025
51,5,0,0,,0,,0,0,0,0,0,BRA040
51,5,0,0,,0,,0,0,0,0,0,BRA021
52,5,0,0,,0,,0,0,0,0,0,BRA044
52,5,0,0,,0,,0,0,0,0,0,BRA042
53,5,0,0,,0,,0,0,0,0,0,BRA015
53,5,0,0,,0,,0,0,0,0,0,BRA028
54,5,0,0,,0,,0,0,0,0,0,BRA017
54,5,0,0,,0,,0,0,0,0,0,BRA027
55,5,0,0,,0,,0,0,0,0,0,BRA031
55,5,0,0,,0,,0,0,0,0,0,BRA045
56,5,0,0,,0,,0,0,0,0,0,BRA023
56,5,0,0,,0,,0,0,0,0,0,BRA003
57,5,0,0,,0,,0,0,0,0,0,BRA036
57,5,0,0,,0,,0,0,0,0,0,BRA035
58,5,0,0,,0,,0,0,0,0,0,BRA018
58,5,0,0,,0,,0,0,0,0,0,BRA024
59,5,0,0,,0,,0,0,0,0,0,BRA022
59,5,0,0,,0,,0,0,0,0,0,BRA034
60,5,0,0,,0,,0,0,0,0,0,BRA016
60,5,0,0,,0,,0,0,0,0,0,BRA020
61,6,0,0,,0,,0,0,0,0,0,BRA005
61,6,0,0,,0,,0,0,0,0,0,BRA016
62,6,0,0,,0,,0,0,0,0,0,BRA034
62,6,0,0,,0,,0,0,0,0,0,BRA007
63,6,0,0,,0,,0,0,0,0,0,BRA045
63,6,0,0,,0,,0,0,0,0,0,BRA028
64,6,0,0,,0,,0,0,0,0,0,BRA027
64,6,0,0,,0,,0,0,0,0,0,BRA018
65,6,0,0,,0,,0,0,0,0,0,BRA015
65,6,0,0,,0,,0,0,0,0,0,BRA021
66,6,0,0,,0,,0,0,0,0,0,BRA031
66,6,0,0,,0,,0,0,0,0,0,BRA024
67,6,0,0,,0,,0,0,0,0,0,BRA036
67,6,0,0,,0,,0,0,0,0,0,BRA020
68,6,0,0,,0,,0,0,0,0,0,BRA023
68,6,0,0,,0,,0,0,0,0,0,BRA040
69,6,0,0,,0,,0,0,0,0,0,BRA025
69,6,0,0,,0,,0,0,0,0,0,BRA022
70,6,0,0,,0,,0,0,0,0,0,BRA017
70,6,0,0,,0,,0,0,0,0,0,BRA003
71,6,0,0,,0,,0,0,0,0,0,BRA035
71,6,0,0,,0,,0,0,0,0,0,BRA042
72,6,0,0,,0,,0,0,0,0,0,BRA044
72,6,0,0,,0,,0,0,0,0,0,BRA041
73,7,0,0,,0,,0,0,0,0,0,BRA045
73,7,0,0,,0,,0,0,0,0,0,BRA021
74,7,0,0,,0,,0,0,0,0,0,BRA025
74,7,0,0,,0,,0,0,0,0,0,BRA007
75,7,0,0,,0,,0,0,0,0,0,BRA018
75,7,0,0,,0,,0,0,0,0,0,BRA003
76,7,0,0,,0,,0,0,0,0,0,BRA023
76,7,0,0,,0,,0,0,0,0,0,BRA015
77,7,0,0,,0,,0,0,0,0,0,BRA020
77,7,0,0,,0,,0,0,0,0,0,BRA042
78,7,0,0,,0,,0,0,0,0,0,BRA041
78,7,0,0,,0,,0,0,0,0,0,BRA035
79,7,0,0,,0,,0,0,0,0,0,BRA024
79,7,0,0,,0,,0,0,0,0,0,BRA028
80,7,0,0,,0,,0,0,0,0,0,BRA005
80,7,0,0,,0,,0,0,0,0,0,BRA036
81,7,0,0,,0,,0,0,0,0,0,BRA031
81,7,0,0,,0,,0,0,0,0,0,BRA027
82,7,0,0,,0,,0,0,0,0,0,BRA016
82,7,0,0,,0,,0,0,0,0,0,BRA034
83,7,0,0,,0,,0,0,0,0,0,BRA040
83,7,0,0,,0,,0,0,0,0,0,BRA017
84,7,0,0,,0,,0,0,0,0,0,BRA022
84,7,0,0,,0,,0,0,0,0,0,BRA044
85,8,0,0,,0,,0,0,0,0,0,BRA024
85,8,0,0,,0,,0,0,0,0,0,BRA021
86,8,0,0,,0,,0,0,0,0,0,BRA018
86,8,0,0,,0,,0,0,0,0,0,BRA040
87,8,0,0,,0,,0,0,0,0,0,BRA036
87,8,0,0,,0,,0,0,0,0,0,BRA034
88,8,0,0,,0,,0,0,0,0,0,BRA017
88,8,0,0,,0,,0,0,0,0,0,BRA015
89,8,0,0,,0,,0,0,0,0,0,BRA044
89,8,0,0,,0,,0,0,0,0,0,BRA007
90,8,0,0,,0,,0,0,0,0,0,BRA035
90,8,0,0,,0,,0,0,0,0,0,BRA022
91,8,0,0,,0,,0,0,0,0,0,BRA005
91,8,0,0,,0,,0,0,0,0,0,BRA042
92,8,0,0,,0,,0,0,0,0,0,BRA023
92,8,0,0,,0,,0,0,0,0,0,BRA045
93,8,0,0,,0,,0,0,0,0,0,BRA027
93,8,0,0,,0,,0,0,0,0,0,BRA028
94,8,0,0,,0,,0,0,0,0,0,BRA031
94,8,0,0,,0,,0,0,0,0,0,BRA003
95,8,0,0,,0,,0,0,0,0,0,BRA020
95,8,0,0,,0,,0,0,0,0,0,BRA041
96,8,0,0,,0,,0,0,0,0,0,BRA016
96,8,0,0,,0,,0,0,0,0,0,BRA025
97,9,0,0,,0,,0,0,0,0,0,BRA020
97,9,0,0,,0,,0,0,0,0,0,BRA022
98,9,0,0,,0,,0,0,0,0,0,BRA041
98,9,0,0,,0,,0,0,0,0,0,BRA005
99,9,0,0,,0,,0,0,0,0,0,BRA031
99,9,0,0,,0,,0,0,0,0,0,BRA040
100,9,0,0,,0,,0,0,0,0,0,BRA007
100,9,0,0,,0,,0,0,0,0,0,BRA035
101,9,0,0,,0,,0,0,0,0,0,BRA003
101,9,0,0,,0,,0,0,0,0,0,BRA028
102,9,0,0,,0,,0,0,0,0,0,BRA016
102,9,0,0,,0,,0,0,0,0,0,BRA044
103,9,0,0,,0,,0,0,0,0,0,BRA018
103,9,0,0,,0,,0,0,0,0,0,BRA015
104,9,0,0,,0,,0,0,0,0,0,BRA023
104,9,0,0,,0,,0,0,0,0,0,BRA024
105,9,0,0,,0,,0,0,0,0,0,BRA025
105,9,0,0,,0,,0,0,0,0,0,BRA036
106,9,0,0,,0,,0,0,0,0,0,BRA045
106,9,0,0,,0,,0,0,0,0,0,BRA017
107,9,0,0,,0,,0,0,0,0,0,BRA021
107,9,0,0,,0,,0,0,0,0,0,BRA027
108,9,0,0,,0,,0,0,0,0,0,BRA042
108,9,0,0,,0,,0,0,0,0,0,BRA034
109,10,0,0,,0,,0,0,0,0,0,BRA005
109,10,0,0,,0,,0,0,0,0,0,BRA022
110,10,0,0,,0,,0,0,0,0,0,BRA034
110,10,0,0,,0,,0,0,0,0,0,BRA041
111,10,0,0,,0,,0,0,0,0,0,BRA031
111,10,0,0,,0,,0,0,0,0,0,BRA015
112,10,0,0,,0,,0,0,0,0,0,BRA036
112,10,0,0,,0,,0,0,0,0,0,BRA044
113,10,0,0,,0,,0,0,0,0,0,BRA003
113,10,0,0,,0,,0,0,0,0,0,BRA021
114,10,0,0,,0,,0,0,0,0,0,BRA016
114,10,0,0,,0,,0,0,0,0,0,BRA035
115,10,0,0,,0,,0,0,0,0,0,BRA017
115,10,0,0,,0,,0,0,0,0,0,BRA024
116,10,0,0,,0,,0,0,0,0,0,BRA042
116,10,0,0,,0,,0,0,0,0,0,BRA025
117,10,0,0,,0,,0,0,0,0,0,BRA027
117,10,0,0,,0,,0,0,0,0,0,BRA023
118,10,0,0,,0,,0,0,0,0,0,BRA007
118,10,0,0,,0,,0,0,0,0,0,BRA020
119,10,0,0,,0,,0,0,0,0,0,BRA018
119,10,0,0,,0,,0,0,0,0,0,BRA045
120,10,0,0,,0,,0,0,0,0,0,BRA028
120,10,0,0,,0,,0,0,0,0,0,BRA040
121,11,0,0,,0,,0,0,0,0,0,BRA022
121,11,0,0,,0,,0,0,0,0,0,BRA003
122,11,0,0,,0,,0,0,0,0,0,BRA018
122,11,0,0,,0,,0,0,0,0,0,BRA017
123,11,0,0,,0,,0,0,0,0,0,BRA016
123,11,0,0,,0,,0,0,0,0,0,BRA027
124,11,0,0,,0,,0,0,0,0,0,BRA041
124,11,0,0,,0,,0,0,0,0,0,BRA036
125,11,0,0,,0,,0,0,0,0,0,BRA035
125,11,0,0,,0,,0,0,0,0,0,BRA028
126,11,0,0,,0,,0,0,0,0,0,BRA034
126,11,0,0,,0,,0,0,0,0,0,BRA021
127,11,0,0,,0,,0,0,0,0,0,BRA024
127,11,0,0,,0,,0,0,0,0,0,BRA007
128,11,0,0,,0,,0,0,0,0,0,BRA023
128,11,0,0,,0,,0,0,0,0,0,BRA031
129,11,0,0,,0,,0,0,0,0,0,BRA020
129,11,0,0,,0,,0,0,0,0,0,BRA025
130,11,0,0,,0,,0,0,0,0,0,BRA042
130,11,0,0,,0,,0,0,0,0,0,BRA040
131,11,0,0,,0,,0,0,0,0,0,BRA015
131,11,0,0,,0,,0,0,0,0,0,BRA045
132,11,0,0,,0,,0,0,0,0,0,BRA005
132,11,0,0,,0,,0,0,0,0,0,BRA044
133,12,0,0,,0,,0,0,0,0,0,BRA022
133,12,0,0,,0,,0,0,0,0,0,BRA045
134,12,0,0,,0,,0,0,0,0,0,BRA027
134,12,0,0,,0,,0,0,0,0,0,BRA040
135,12,0,0,,0,,0,0,0,0,0,BRA023
135,12,0,0,,0,,0,0,0,0,0,BRA025
136,12,0,0,,0,,0,0,0,0,0,BRA005
136,12,0,0,,0,,0,0,0,0,0,BRA020
137,12,0,0,,0,,0,0,0,0,0,BRA034
137,12,0,0,,0,,0,0,0,0,0,BRA035
138,12,0,0,,0,,0,0,0,0,0,BRA044
138,12,0,0,,0,,0,0,0,0,0,BRA031
139,12,0,0,,0,,0,0,0,0,0,BRA003
139,12,0,0,,0,,0,0,0,0,0,BRA036
140,12,0,0,,0,,0,0,0,0,0,BRA016
140,12,0,0,,0,,0,0,0,0,0,BRA024
141,12,0,0,,0,,0,0,0,0,0,BRA015
141,12,0,0,,0,,0,0,0,0,0,BRA041
142,12,0,0,,0,,0,0,0,0,0,BRA028
142,12,0,0,,0,,0,0,0,0,0,BRA017
143,12,0,0,,0,,0,0,0,0,0,BRA007
143,12,0,0,,0,,0,0,0,0,0,BRA042
145,13,0,0,,0,,0,0,0,0,0,BRA022
145,13,0,0,,0,,0,0,0,0,0,BRA024
146,13,0,0,,0,,0,0,0,0,0,BRA027
146,13,0,0,,0,,0,0,0,0,0,BRA036
147,13,0,0,,0,,0,0,0,0,0,BRA016
147,13,0,0,,0,,0,0,0,0,0,BRA003
148,13,0,0,,0,,0,0,0,0,0,BRA042
148,13,0,0,,0,,0,0,0,0,0,BRA015
149,13,0,0,,0,,0,0,0,0,0,BRA035
149,13,0,0,,0,,0,0,0,0,0,BRA023
150,13,0,0,,0,,0,0,0,0,0,BRA034
150,13,0,0,,0,,0,0,0,0,0,BRA031
151,13,0,0,,0,,0,0,0,0,0,BRA025
151,13,0,0,,0,,0,0,0,0,0,BRA028
152,13,0,0,,0,,0,0,0,0,0,BRA041
152,13,0,0,,0,,0,0,0,0,0,BRA040
153,13,0,0,,0,,0,0,0,0,0,BRA020
153,13,0,0,,0,,0,0,0,0,0,BRA017
154,13,0,0,,0,,0,0,0,0,0,BRA045
154,13,0,0,,0,,0,0,0,0,0,BRA007
155,13,0,0,,0,,0,0,0,0,0,BRA044
155,13,0,0,,0,,0,0,0,0,0,BRA021
156,13,0,0,,0,,0,0,0,0,0,BRA018
156,13,0,0,,0,,0,0,0,0,0,BRA005
157,14,0,0,,0,,0,0,0,0,0,BRA007
157,14,0,0,,0,,0,0,0,0,0,BRA016
158,14,0,0,,0,,0,0,0,0,0,BRA017
158,14,0,0,,0,,0,0,0,0,0,BRA044
159,14,0,0,,0,,0,0,0,0,0,BRA005
159,14,0,0,,0,,0,0,0,0,0,BRA025
160,14,0,0,,0,,0,0,0,0,0,BRA028
160,14,0,0,,0,,0,0,0,0,0,BRA034
161,14,0,0,,0,,0,0,0,0,0,BRA024
161,14,0,0,,0,,0,0,0,0,0,BRA042
162,14,0,0,,0,,0,0,0,0,0,BRA021
162,14,0,0,,0,,0,0,0,0,0,BRA035
163,14,0,0,,0,,0,0,0,0,0,BRA036
163,14,0,0,,0,,0,0,0,0,0,BRA015
164,14,0,0,,0,,0,0,0,0,0,BRA045
164,14,0,0,,0,,0,0,0,0,0,BRA041
165,14,0,0,,0,,0,0,0,0,0,BRA020
165,14,0,0,,0,,0,0,0,0,0,BRA023
166,14,0,0,,0,,0,0,0,0,0,BRA018
166,14,0,0,,0,,0,0,0,0,0,BRA031
167,14,0,0,,0,,0,0,0,0,0,BRA027
167,14,0,0,,0,,0,0,0,0,0,BRA022
168,15,0,0,,0,,0,0,0,0,0,BRA044
168,15,0,0,,0,,0,0,0,0,0,BRA023
169,15,0,0,,0,,0,0,0,0,0,BRA016
169,15,0,0,,0,,0,0,0,0,0,BRA041
170,15,0,0,,0,,0,0,0,0,0,BRA031
170,15,0,0,,0,,0,0,0,0,0,BRA025
171,15,0,0,,0,,0,0,0,0,0,BRA040
171,15,0,0,,0,,0,0,0,0,0,BRA007
172,15,0,0,,0,,0,0,0,0,0,BRA020
172,15,0,0,,0,,0,0,0,0,0,BRA021
173,15,0,0,,0,,0,0,0,0,0,BRA015
173,15,0,0,,0,,0,0,0,0,0,BRA022
174,15,0,0,,0,,0,0,0,0,0,BRA027
174,15,0,0,,0,,0,0,0,0,0,BRA042
175,15,0,0,,0,,0,0,0,0,0,BRA035
175,15,0,0,,0,,0,0,0,0,0,BRA017
176,15,0,0,,0,,0,0,0,0,0,BRA003
176,15,0,0,,0,,0,0,0,0,0,BRA045
177,15,0,0,,0,,0,0,0,0,0,BRA018
177,15,0,0,,0,,0,0,0,0,0,BRA028
178,15,0,0,,0,,0,0,0,0,0,BRA034
178,15,0,0,,0,,0,0,0,0,0,BRA005
181,16,0,0,,0,,0,0,0,0,0,BRA044
181,16,0,0,,0,,0,0,0,0,0,BRA034
182,16,0,0,,0,,0,0,0,0,0,BRA042
182,16,0,0,,0,,0,0,0,0,0,BRA041
183,16,0,0,,0,,0,0,0,0,0,BRA020
183,16,0,0,,0,,0,0,0,0,0,BRA018
184,16,0,0,,0,,0,0,0,0,0,BRA005
184,16,0,0,,0,,0,0,0,0,0,BRA035
185,16,0,0,,0,,0,0,0,0,0,BRA021
185,16,0,0,,0,,0,0,0,0,0,BRA025
186,16,0,0,,0,,0,0,0,0,0,BRA024
186,16,0,0,,0,,0,0,0,0,0,BRA027
187,16,0,0,,0,,0,0,0,0,0,BRA003
187,16,0,0,,0,,0,0,0,0,0,BRA015
188,16,0,0,,0,,0,0,0,0,0,BRA028
188,16,0,0,,0,,0,0,0,0,0,BRA031
189,16,0,0,,0,,0,0,0,0,0,BRA017
189,16,0,0,,0,,0,0,0,0,0,BRA023
190,16,0,0,,0,,0,0,0,0,0,BRA045
190,16,0,0,,0,,0,0,0,0,0,BRA036
191,16,0,0,,0,,0,0,0,0,0,BRA040
191,16,0,0,,0,,0,0,0,0,0,BRA016
192,16,0,0,,0,,0,0,0,0,0,BRA022
192,16,0,0,,0,,0,0,0,0,0,BRA007
193,17,0,0,,0,,0,0,0,0,0,BRA041
193,17,0,0,,0,,0,0,0,0,0,BRA003
194,17,0,0,,0,,0,0,0,0,0,BRA015
194,17,0,0,,0,,0,0,0,0,0,BRA040
195,17,0,0,,0,,0,0,0,0,0,BRA018
195,17,0,0,,0,,0,0,0,0,0,BRA023
196,17,0,0,,0,,0,0,0,0,0,BRA027
196,17,0,0,,0,,0,0,0,0,0,BRA007
197,17,0,0,,0,,0,0,0,0,0,BRA035
197,17,0,0,,0,,0,0,0,0,0,BRA020
198,17,0,0,,0,,0,0,0,0,0,BRA024
198,17,0,0,,0,,0,0,0,0,0,BRA045
199,17,0,0,,0,,0,0,0,0,0,BRA031
199,17,0,0,,0,,0,0,0,0,0,BRA021
200,17,0,0,,0,,0,0,0,0,0,BRA044
200,17,0,0,,0,,0,0,0,0,0,BRA028
201,17,0,0,,0,,0,0,0,0,0,BRA016
201,17,0,0,,0,,0,0,0,0,0,BRA042
202,17,0,0,,0,,0,0,0,0,0,BRA022
202,17,0,0,,0,,0,0,0,0,0,BRA036
203,17,0,0,,0,,0,0,0,0,0,BRA005
203,17,0,0,,0,,0,0,0,0,0,BRA017
204,17,0,0,,0,,0,0,0,0,0,BRA034
204,17,0,0,,0,,0,0,0,0,0,BRA025
205,18,0,0,,0,,0,0,0,0,0,BRA024
205,18,0,0,,0,,0,0,0,0,0,BRA003
206,18,0,0,,0,,0,0,0,0,0,BRA028
206,18,0,0,,0,,0,0,0,0,0,BRA023
207,18,0,0,,0,,0,0,0,0,0,BRA044
207,18,0,0,,0,,0,0,0,0,0,BRA035
208,18,0,0,,0,,0,0,0,0,0,BRA021
208,18,0,0,,0,,0,0,0,0,0,BRA005
209,18,0,0,,0,,0,0,0,0,0,BRA007
209,18,0,0,,0,,0,0,0,0,0,BRA036
210,18,0,0,,0,,0,0,0,0,0,BRA016
210,18,0,0,,0,,0,0,0,0,0,BRA015
211,18,0,0,,0,,0,0,0,0,0,BRA017
211,18,0,0,,0,,0,0,0,0,0,BRA031
212,18,0,0,,0,,0,0,0,0,0,BRA034
212,18,0,0,,0,,0,0,0,0,0,BRA020
213,18,0,0,,0,,0,0,0,0,0,BRA027
213,18,0,0,,0,,0,0,0,0,0,BRA041
214,18,0,0,,0,,0,0,0,0,0,BRA022
214,18,0,0,,0,,0,0,0,0,0,BRA042
215,18,0,0,,0,,0,0,0,0,0,BRA018
215,18,0,0,,0,,0,0,0,0,0,BRA025
216,18,0,0,,0,,0,0,0,0,0,BRA045
216,18,0,0,,0,,0,0,0,0,0,BRA040
217,19,0,0,,0,,0,0,0,0,0,BRA023
217,19,0,0,,0,,0,0,0,0,0,BRA021
218,19,0,0,,0,,0,0,0,0,0,BRA020
218,19,0,0,,0,,0,0,0,0,0,BRA031
219,19,0,0,,0,,0,0,0,0,0,BRA041
219,19,0,0,,0,,0,0,0,0,0,BRA007
220,19,0,0,,0,,0,0,0,0,0,BRA016
220,19,0,0,,0,,0,0,0,0,0,BRA022
221,19,0,0,,0,,0,0,0,0,0,BRA027
221,19,0,0,,0,,0,0,0,0,0,BRA045
222,19,0,0,,0,,0,0,0,0,0,BRA028
222,19,0,0,,0,,0,0,0,0,0,BRA005
223,19,0,0,,0,,0,0,0,0,0,BRA036
223,19,0,0,,0,,0,0,0,0,0,BRA040
224,19,0,0,,0,,0,0,0,0,0,BRA044
224,19,0,0,,0,,0,0,0,0,0,BRA018
225,19,0,0,,0,,0,0,0,0,0,BRA015
225,19,0,0,,0,,0,0,0,0,0,BRA024
226,19,0,0,,0,,0,0,0,0,0,BRA035
226,19,0,0,,0,,0,0,0,0,0,BRA025
227,19,0,0,,0,,0,0,0,0,0,BRA042
227,19,0,0,,0,,0,0,0,0,0,BRA003
229,20,0,0,,0,,0,0,0,0,0,BRA022
229,20,0,0,,0,,0,0,0,0,0,BRA040
230,20,0,0,,0,,0,0,0,0,0,BRA027
230,20,0,0,,0,,0,0,0,0,0,BRA015
231,20,0,0,,0,,0,0,0,0,0,BRA005
231,20,0,0,,0,,0,0,0,0,0,BRA023
232,20,0,0,,0,,0,0,0,0,0,BRA028
232,20,0,0,,0,,0,0,0,0,0,BRA020
233,20,0,0,,0,,0,0,0,0,0,BRA035
233,20,0,0,,0,,0,0,0,0,0,BRA031
234,20,0,0,,0,,0,0,0,0,0,BRA007
234,20,0,0,,0,,0,0,0,0,0,BRA003
235,20,0,0,,0,,0,0,0,0,0,BRA036
235,20,0,0,,0,,0,0,0,0,0,BRA016
236,20,0,0,,0,,0,0,0,0,0,BRA021
236,20,0,0,,0,,0,0,0,0,0,BRA017
237,20,0,0,,0,,0,0,0,0,0,BRA041
237,20,0,0,,0,,0,0,0,0,0,BRA024
238,20,0,0,,0,,0,0,0,0,0,BRA045
238,20,0,0,,0,,0,0,0,0,0,BRA042
239,20,0,0,,0,,0,0,0,0,0,BRA034
239,20,0,0,,0,,0,0,0,0,0,BRA018
240,20,0,0,,0,,0,0,0,0,0,BRA025
240,20,0,0,,0,,0,0,0,0,0,BRA044
241,21,0,0,,0,,0,0,0,0,0,BRA034
241,21,0,0,,0,,0,0,0,0,0,BRA023
242,21,0,0,,0,,0,0,0,0,0,BRA005
242,21,0,0,,0,,0,0,0,0,0,BRA031
243,21,0,0,,0,,0,0,0,0,0,BRA035
243,21,0,0,,0,,0,0,0,0,0,BRA018
244,21,0,0,,0,,0,0,0,0,0,BRA027
244,21,0,0,,0,,0,0,0,0,0,BRA003
245,21,0,0,,0,,0,0,0,0,0,BRA044
245,21,0,0,,0,,0,0,0,0,0,BRA020
246,21,0,0,,0,,0,0,0,0,0,BRA024
246,21,0,0,,0,,0,0,0,0,0,BRA040
247,21,0,0,,0,,0,0,0,0,0,BRA015
247,21,0,0,,0,,0,0,0,0,0,BRA007
248,21,0,0,,0,,0,0,0,0,0,BRA016
248,21,0,0,,0,,0,0,0,0,0,BRA045
249,21,0,0,,0,,0,0,0,0,0,BRA017
249,21,0,0,,0,,0,0,0,0,0,BRA025
250,21,0,0,,0,,0,0,0,0,0,BRA028
250,21,0,0,,0,,0,0,0,0,0,BRA021
251,21,0,0,,0,,0,0,0,0,0,BRA041
251,21,0,0,,0,,0,0,0,0,0,BRA022
252,21,0,0,,0,,0,0,0,0,0,BRA036
252,21,0,0,,0,,0,0,0,0,0,BRA042
253,22,0,0,,0,,0,0,0,0,0,BRA040
253,22,0,0,,0,,0,0,0,0,0,BRA044
254,22,0,0,,0,,0,0,0,0,0,BRA024
254,22,0,0,,0,,0,0,0,0,0,BRA005
255,22,0,0,,0,,0,0,0,0,0,BRA003
255,22,0,0,,0,,0,0,0,0,0,BRA035
256,22,0,0,,0,,0,0,0,0,0,BRA023
256,22,0,0,,0,,0,0,0,0,0,BRA036
257,22,0,0,,0,,0,0,0,0,0,BRA031
257,22,0,0,,0,,0,0,0,0,0,BRA022
258,22,0,0,,0,,0,0,0,0,0,BRA021
258,22,0,0,,0,,0,0,0,0,0,BRA042
259,22,0,0,,0,,0,0,0,0,0,BRA017
259,22,0,0,,0,,0,0,0,0,0,BRA016
260,22,0,0,,0,,0,0,0,0,0,BRA027
260,22,0,0,,0,,0,0,0,0,0,BRA020
261,22,0,0,,0,,0,0,0,0,0,BRA045
261,22,0,0,,0,,0,0,0,0,0,BRA034
262,22,0,0,,0,,0,0,0,0,0,BRA015
262,22,0,0,,0,,0,0,0,0,0,BRA025
263,22,0,0,,0,,0,0,0,0,0,BRA018
263,22,0,0,,0,,0,0,0,0,0,BRA007
264,22,0,0,,0,,0,0,0,0,0,BRA041
264,22,0,0,,0,,0,0,0,0,0,BRA028
179,15,0,0,,0,,0,0,0,0,0,BRA040
179,15,0,0,,0,,0,0,0,0,0,BRA003
180,15,0,0,,0,,0,0,0,0,0,BRA024
180,15,0,0,,0,,0,0,0,0,0,BRA036
228,19,0,0,,0,,0,0,0,0,0,BRA017
228,19,0,0,,0,,0,0,0,0,0,BRA034
265,23,0,0,,0,,0,0,0,0,0,BRA018
265,23,0,0,,0,,0,0,0,0,0,BRA022
266,23,0,0,,0,,0,0,0,0,0,BRA025
266,23,0,0,,0,,0,0,0,0,0,BRA040
267,23,0,0,,0,,0,0,0,0,0,BRA042
267,23,0,0,,0,,0,0,0,0,0,BRA028
268,23,0,0,,0,,0,0,0,0,0,BRA031
268,23,0,0,,0,,0,0,0,0,0,BRA041
269,23,0,0,,0,,0,0,0,0,0,BRA020
269,23,0,0,,0,,0,0,0,0,0,BRA024
270,23,0,0,,0,,0,0,0,0,0,BRA034
270,23,0,0,,0,,0,0,0,0,0,BRA015
271,23,0,0,,0,,0,0,0,0,0,BRA027
271,23,0,0,,0,,0,0,0,0,0,BRA035
272,23,0,0,,0,,0,0,0,0,0,BRA016
272,23,0,0,,0,,0,0,0,0,0,BRA023
273,23,0,0,,0,,0,0,0,0,0,BRA017
273,23,0,0,,0,,0,0,0,0,0,BRA007
274,23,0,0,,0,,0,0,0,0,0,BRA036
274,23,0,0,,0,,0,0,0,0,0,BRA021
275,23,0,0,,0,,0,0,0,0,0,BRA044
275,23,0,0,,0,,0,0,0,0,0,BRA003
276,23,0,0,,0,,0,0,0,0,0,BRA005
276,23,0,0,,0,,0,0,0,0,0,BRA045
277,24,0,0,,0,,0,0,0,0,0,BRA045
277,24,0,0,,0,,0,0,0,0,0,BRA035
278,24,0,0,,0,,0,0,0,0,0,BRA003
278,24,0,0,,0,,0,0,0,0,0,BRA034
279,24,0,0,,0,,0,0,0,0,0,BRA041
279,24,0,0,,0,,0,0,0,0,0,BRA017
280,24,0,0,,0,,0,0,0,0,0,BRA023
280,24,0,0,,0,,0,0,0,0,0,BRA022
281,24,0,0,,0,,0,0,0,0,0,BRA031
281,24,0,0,,0,,0,0,0,0,0,BRA036
282,24,0,0,,0,,0,0,0,0,0,BRA040
282,24,0,0,,0,,0,0,0,0,0,BRA005
283,24,0,0,,0,,0,0,0,0,0,BRA024
283,24,0,0,,0,,0,0,0,0,0,BRA044
284,24,0,0,,0,,0,0,0,0,0,BRA018
284,24,0,0,,0,,0,0,0,0,0,BRA042
288,24,0,0,,0,,0,0,0,0,0,BRA028
288,24,0,0,,0,,0,0,0,0,0,BRA016
285,24,0,0,,0,,0,0,0,0,0,BRA007
285,24,0,0,,0,,0,0,0,0,0,BRA021
286,24,0,0,,0,,0,0,0,0,0,BRA015
286,24,0,0,,0,,0,0,0,0,0,BRA020
287,24,0,0,,0,,0,0,0,0,0,BRA025
287,24,0,0,,0,,0,0,0,0,0,BRA027
289,25,0,0,,0,,0,0,0,0,0,BRA017
289,25,0,0,,0,,0,0,0,0,0,BRA022
290,25,0,0,,0,,0,0,0,0,0,BRA018
290,25,0,0,,0,,0,0,0,0,0,BRA041
291,25,0,0,,0,,0,0,0,0,0,BRA034
291,25,0,0,,0,,0,0,0,0,0,BRA040
292,25,0,0,,0,,0,0,0,0,0,BRA042
292,25,0,0,,0,,0,0,0,0,0,BRA031
293,25,0,0,,0,,0,0,0,0,0,BRA035
293,25,0,0,,0,,0,0,0,0,0,BRA024
294,25,0,0,,0,,0,0,0,0,0,BRA028
294,25,0,0,,0,,0,0,0,0,0,BRA036
295,25,0,0,,0,,0,0,0,0,0,BRA021
295,25,0,0,,0,,0,0,0,0,0,BRA016
296,25,0,0,,0,,0,0,0,0,0,BRA005
296,25,0,0,,0,,0,0,0,0,0,BRA015
297,25,0,0,,0,,0,0,0,0,0,BRA020
297,25,0,0,,0,,0,0,0,0,0,BRA045
298,25,0,0,,0,,0,0,0,0,0,BRA023
298,25,0,0,,0,,0,0,0,0,0,BRA007
299,25,0,0,,0,,0,0,0,0,0,BRA044
299,25,0,0,,0,,0,0,0,0,0,BRA027
300,25,0,0,,0,,0,0,0,0,0,BRA003
300,25,0,0,,0,,0,0,0,0,0,BRA025
301,26,0,0,,0,,0,0,0,0,0,BRA045
301,26,0,0,,0,,0,0,0,0,0,BRA044
302,26,0,0,,0,,0,0,0,0,0,BRA007
302,26,0,0,,0,,0,0,0,0,0,BRA028
303,26,0,0,,0,,0,0,0,0,0,BRA020
303,26,0,0,,0,,0,0,0,0,0,BRA040
304,26,0,0,,0,,0,0,0,0,0,BRA031
304,26,0,0,,0,,0,0,0,0,0,BRA016
305,26,0,0,,0,,0,0,0,0,0,BRA003
305,26,0,0,,0,,0,0,0,0,0,BRA005
306,26,0,0,,0,,0,0,0,0,0,BRA042
306,26,0,0,,0,,0,0,0,0,0,BRA017
307,26,0,0,,0,,0,0,0,0,0,BRA015
307,26,0,0,,0,,0,0,0,0,0,BRA035
308,26,0,0,,0,,0,0,0,0,0,BRA023
308,26,0,0,,0,,0,0,0,0,0,BRA041
309,26,0,0,,0,,0,0,0,0,0,BRA018
309,26,0,0,,0,,0,0,0,0,0,BRA036
310,26,0,0,,0,,0,0,0,0,0,BRA027
310,26,0,0,,0,,0,0,0,0,0,BRA034
311,26,0,0,,0,,0,0,0,0,0,BRA025
311,26,0,0,,0,,0,0,0,0,0,BRA024
312,26,0,0,,0,,0,0,0,0,0,BRA022
312,26,0,0,,0,,0,0,0,0,0,BRA021
313,27,0,0,,0,,0,0,0,0,0,BRA021
313,27,0,0,,0,,0,0,0,0,0,BRA041
314,27,0,0,,0,,0,0,0,0,0,BRA034
314,27,0,0,,0,,0,0,0,0,0,BRA024
315,27,0,0,,0,,0,0,0,0,0,BRA007
315,27,0,0,,0,,0,0,0,0,0,BRA031
316,27,0,0,,0,,0,0,0,0,0,BRA016
316,27,0,0,,0,,0,0,0,0,0,BRA018
317,27,0,0,,0,,0,0,0,0,0,BRA003
317,27,0,0,,0,,0,0,0,0,0,BRA020
318,27,0,0,,0,,0,0,0,0,0,BRA025
318,27,0,0,,0,,0,0,0,0,0,BRA045
319,27,0,0,,0,,0,0,0,0,0,BRA035
319,27,0,0,,0,,0,0,0,0,0,BRA040
320,27,0,0,,0,,0,0,0,0,0,BRA042
320,27,0,0,,0,,0,0,0,0,0,BRA023
321,27,0,0,,0,,0,0,0,0,0,BRA044
321,27,0,0,,0,,0,0,0,0,0,BRA015
322,27,0,0,,0,,0,0,0,0,0,BRA028
322,27,0,0,,0,,0,0,0,0,0,BRA022
323,27,0,0,,0,,0,0,0,0,0,BRA005
323,27,0,0,,0,,0,0,0,0,0,BRA027
324,27,0,0,,0,,0,0,0,0,0,BRA036
324,27,0,0,,0,,0,0,0,0,0,BRA017
325,28,0,0,,0,,0,0,0,0,0,BRA040
325,28,0,0,,0,,0,0,0,0,0,BRA021
326,28,0,0,,0,,0,0,0,0,0,BRA023
326,28,0,0,,0,,0,0,0,0,0,BRA003
327,28,0,0,,0,,0,0,0,0,0,BRA018
327,28,0,0,,0,,0,0,0,0,0,BRA024
328,28,0,0,,0,,0,0,0,0,0,BRA041
328,28,0,0,,0,,0,0,0,0,0,BRA025
329,28,0,0,,0,,0,0,0,0,0,BRA042
329,28,0,0,,0,,0,0,0,0,0,BRA044
330,28,0,0,,0,,0,0,0,0,0,BRA035
330,28,0,0,,0,,0,0,0,0,0,BRA036
331,28,0,0,,0,,0,0,0,0,0,BRA034
331,28,0,0,,0,,0,0,0,0,0,BRA022
332,28,0,0,,0,,0,0,0,0,0,BRA031
332,28,0,0,,0,,0,0,0,0,0,BRA045
333,28,0,0,,0,,0,0,0,0,0,BRA017
333,28,0,0,,0,,0,0,0,0,0,BRA027
334,28,0,0,,0,,0,0,0,0,0,BRA020
334,28,0,0,,0,,0,0,0,0,0,BRA016
335,28,0,0,,0,,0,0,0,0,0,BRA015
335,28,0,0,,0,,0,0,0,0,0,BRA028
336,28,0,0,,0,,0,0,0,0,0,BRA007
336,28,0,0,,0,,0,0,0,0,0,BRA005
337,29,0,0,,0,,0,0,0,0,0,BRA025
337,29,0,0,,0,,0,0,0,0,0,BRA022
338,29,0,0,,0,,0,0,0,0,0,BRA040
338,29,0,0,,0,,0,0,0,0,0,BRA023
339,29,0,0,,0,,0,0,0,0,0,BRA045
339,29,0,0,,0,,0,0,0,0,0,BRA028
340,29,0,0,,0,,0,0,0,0,0,BRA027
340,29,0,0,,0,,0,0,0,0,0,BRA018
341,29,0,0,,0,,0,0,0,0,0,BRA035
341,29,0,0,,0,,0,0,0,0,0,BRA042
342,29,0,0,,0,,0,0,0,0,0,BRA044
342,29,0,0,,0,,0,0,0,0,0,BRA041
343,29,0,0,,0,,0,0,0,0,0,BRA024
343,29,0,0,,0,,0,0,0,0,0,BRA031
344,29,0,0,,0,,0,0,0,0,0,BRA021
344,29,0,0,,0,,0,0,0,0,0,BRA015
345,29,0,0,,0,,0,0,0,0,0,BRA007
345,29,0,0,,0,,0,0,0,0,0,BRA034
346,29,0,0,,0,,0,0,0,0,0,BRA036
346,29,0,0,,0,,0,0,0,0,0,BRA020
347,29,0,0,,0,,0,0,0,0,0,BRA003
347,29,0,0,,0,,0,0,0,0,0,BRA017
348,29,0,0,,0,,0,0,0,0,0,BRA005
348,29,0,0,,0,,0,0,0,0,0,BRA016
349,30,0,0,,0,,0,0,0,0,0,BRA040
349,30,0,0,,0,,0,0,0,0,0,BRA017
350,30,0,0,,0,,0,0,0,0,0,BRA018
350,30,0,0,,0,,0,0,0,0,0,BRA003
351,30,0,0,,0,,0,0,0,0,0,BRA025
351,30,0,0,,0,,0,0,0,0,0,BRA007
352,30,0,0,,0,,0,0,0,0,0,BRA023
352,30,0,0,,0,,0,0,0,0,0,BRA015
353,30,0,0,,0,,0,0,0,0,0,BRA045
353,30,0,0,,0,,0,0,0,0,0,BRA021
354,30,0,0,,0,,0,0,0,0,0,BRA020
354,30,0,0,,0,,0,0,0,0,0,BRA042
355,30,0,0,,0,,0,0,0,0,0,BRA024
355,30,0,0,,0,,0,0,0,0,0,BRA028
356,30,0,0,,0,,0,0,0,0,0,BRA035
356,30,0,0,,0,,0,0,0,0,0,BRA041
357,30,0,0,,0,,0,0,0,0,0,BRA027
357,30,0,0,,0,,0,0,0,0,0,BRA031
358,30,0,0,,0,,0,0,0,0,0,BRA016
358,30,0,0,,0,,0,0,0,0,0,BRA034
359,30,0,0,,0,,0,0,0,0,0,BRA044
359,30,0,0,,0,,0,0,0,0,0,BRA022
360,30,0,0,,0,,0,0,0,0,0,BRA005
360,30,0,0,,0,,0,0,0,0,0,BRA036
361,31,0,0,,0,,0,0,0,0,0,BRA040
361,31,0,0,,0,,0,0,0,0,0,BRA018
362,31,0,0,,0,,0,0,0,0,0,BRA016
362,31,0,0,,0,,0,0,0,0,0,BRA025
363,31,0,0,,0,,0,0,0,0,0,BRA036
363,31,0,0,,0,,0,0,0,0,0,BRA034
364,31,0,0,,0,,0,0,0,0,0,BRA022
364,31,0,0,,0,,0,0,0,0,0,BRA035
365,31,0,0,,0,,0,0,0,0,0,BRA028
365,31,0,0,,0,,0,0,0,0,0,BRA027
366,31,0,0,,0,,0,0,0,0,0,BRA007
366,31,0,0,,0,,0,0,0,0,0,BRA044
367,31,0,0,,0,,0,0,0,0,0,BRA017
367,31,0,0,,0,,0,0,0,0,0,BRA015
368,31,0,0,,0,,0,0,0,0,0,BRA045
368,31,0,0,,0,,0,0,0,0,0,BRA023
369,31,0,0,,0,,0,0,0,0,0,BRA003
369,31,0,0,,0,,0,0,0,0,0,BRA031
370,31,0,0,,0,,0,0,0,0,0,BRA020
370,31,0,0,,0,,0,0,0,0,0,BRA041
371,31,0,0,,0,,0,0,0,0,0,BRA005
371,31,0,0,,0,,0,0,0,0,0,BRA042
372,31,0,0,,0,,0,0,0,0,0,BRA024
372,31,0,0,,0,,0,0,0,0,0,BRA021
373,32,0,0,,0,,0,0,0,0,0,BRA003
373,32,0,0,,0,,0,0,0,0,0,BRA028
374,32,0,0,,0,,0,0,0,0,0,BRA025
374,32,0,0,,0,,0,0,0,0,0,BRA036
375,32,0,0,,0,,0,0,0,0,0,BRA023
375,32,0,0,,0,,0,0,0,0,0,BRA024
376,32,0,0,,0,,0,0,0,0,0,BRA035
376,32,0,0,,0,,0,0,0,0,0,BRA007
377,32,0,0,,0,,0,0,0,0,0,BRA045
377,32,0,0,,0,,0,0,0,0,0,BRA017
378,32,0,0,,0,,0,0,0,0,0,BRA027
378,32,0,0,,0,,0,0,0,0,0,BRA021
379,32,0,0,,0,,0,0,0,0,0,BRA034
379,32,0,0,,0,,0,0,0,0,0,BRA042
380,32,0,0,,0,,0,0,0,0,0,BRA031
380,32,0,0,,0,,0,0,0,0,0,BRA040
381,32,0,0,,0,,0,0,0,0,0,BRA018
381,32,0,0,,0,,0,0,0,0,0,BRA015
382,32,0,0,,0,,0,0,0,0,0,BRA020
382,32,0,0,,0,,0,0,0,0,0,BRA022
383,32,0,0,,0,,0,0,0,0,0,BRA016
383,32,0,0,,0,,0,0,0,0,0,BRA044
384,32,0,0,,0,,0,0,0,0,0,BRA041
384,32,0,0,,0,,0,0,0,0,0,BRA005
385,33,0,0,,0,,0,0,0,0,0,BRA040
385,33,0,0,,0,,0,0,0,0,0,BRA028
386,33,0,0,,0,,0,0,0,0,0,BRA042
386,33,0,0,,0,,0,0,0,0,0,BRA025
387,33,0,0,,0,,0,0,0,0,0,BRA003
387,33,0,0,,0,,0,0,0,0,0,BRA021
388,33,0,0,,0,,0,0,0,0,0,BRA045
388,33,0,0,,0,,0,0,0,0,0,BRA018
389,33,0,0,,0,,0,0,0,0,0,BRA007
389,33,0,0,,0,,0,0,0,0,0,BRA020
390,33,0,0,,0,,0,0,0,0,0,BRA024
390,33,0,0,,0,,0,0,0,0,0,BRA017
391,33,0,0,,0,,0,0,0,0,0,BRA027
391,33,0,0,,0,,0,0,0,0,0,BRA023
392,33,0,0,,0,,0,0,0,0,0,BRA031
392,33,0,0,,0,,0,0,0,0,0,BRA015
393,33,0,0,,0,,0,0,0,0,0,BRA036
393,33,0,0,,0,,0,0,0,0,0,BRA044
394,33,0,0,,0,,0,0,0,0,0,BRA034
394,33,0,0,,0,,0,0,0,0,0,BRA041
395,33,0,0,,0,,0,0,0,0,0,BRA022
395,33,0,0,,0,,0,0,0,0,0,BRA005
396,33,0,0,,0,,0,0,0,0,0,BRA016
396,33,0,0,,0,,0,0,0,0,0,BRA035
397,34,0,0,,0,,0,0,0,0,0,BRA022
397,34,0,0,,0,,0,0,0,0,0,BRA003
398,34,0,0,,0,,0,0,0,0,0,BRA035
398,34,0,0,,0,,0,0,0,0,0,BRA028
399,34,0,0,,0,,0,0,0,0,0,BRA041
399,34,0,0,,0,,0,0,0,0,0,BRA036
400,34,0,0,,0,,0,0,0,0,0,BRA020
400,34,0,0,,0,,0,0,0,0,0,BRA025
401,34,0,0,,0,,0,0,0,0,0,BRA042
401,34,0,0,,0,,0,0,0,0,0,BRA040
402,34,0,0,,0,,0,0,0,0,0,BRA015
402,34,0,0,,0,,0,0,0,0,0,BRA045
403,34,0,0,,0,,0,0,0,0,0,BRA024
403,34,0,0,,0,,0,0,0,0,0,BRA007
404,34,0,0,,0,,0,0,0,0,0,BRA044
404,34,0,0,,0,,0,0,0,0,0,BRA005
405,34,0,0,,0,,0,0,0,0,0,BRA023
405,34,0,0,,0,,0,0,0,0,0,BRA031
406,34,0,0,,0,,0,0,0,0,0,BRA016
406,34,0,0,,0,,0,0,0,0,0,BRA027
407,34,0,0,,0,,0,0,0,0,0,BRA034
407,34,0,0,,0,,0,0,0,0,0,BRA021
408,34,0,0,,0,,0,0,0,0,0,BRA018
408,34,0,0,,0,,0,0,0,0,0,BRA017
409,35,0,0,,0,,0,0,0,0,0,BRA044
409,35,0,0,,0,,0,0,0,0,0,BRA031
410,35,0,0,,0,,0,0,0,0,0,BRA025
410,35,0,0,,0,,0,0,0,0,0,BRA023
411,35,0,0,,0,,0,0,0,0,0,BRA041
411,35,0,0,,0,,0,0,0,0,0,BRA015
412,35,0,0,,0,,0,0,0,0,0,BRA024
412,35,0,0,,0,,0,0,0,0,0,BRA016
413,35,0,0,,0,,0,0,0,0,0,BRA003
413,35,0,0,,0,,0,0,0,0,0,BRA036
414,35,0,0,,0,,0,0,0,0,0,BRA040
414,35,0,0,,0,,0,0,0,0,0,BRA027
415,35,0,0,,0,,0,0,0,0,0,BRA007
415,35,0,0,,0,,0,0,0,0,0,BRA042
416,35,0,0,,0,,0,0,0,0,0,BRA021
416,35,0,0,,0,,0,0,0,0,0,BRA018
417,35,0,0,,0,,0,0,0,0,0,BRA034
417,35,0,0,,0,,0,0,0,0,0,BRA035
418,35,0,0,,0,,0,0,0,0,0,BRA028
418,35,0,0,,0,,0,0,0,0,0,BRA017
419,35,0,0,,0,,0,0,0,0,0,BRA022
419,35,0,0,,0,,0,0,0,0,0,BRA045
420,35,0,0,,0,,0,0,0,0,0,BRA005
420,35,0,0,,0,,0,0,0,0,0,BRA020
421,36,0,0,,0,,0,0,0,0,0,BRA016
421,36,0,0,,0,,0,0,0,0,0,BRA003
422,36,0,0,,0,,0,0,0,0,0,BRA036
422,36,0,0,,0,,0,0,0,0,0,BRA027
423,36,0,0,,0,,0,0,0,0,0,BRA041
423,36,0,0,,0,,0,0,0,0,0,BRA040
424,36,0,0,,0,,0,0,0,0,0,BRA018
424,36,0,0,,0,,0,0,0,0,0,BRA005
425,36,0,0,,0,,0,0,0,0,0,BRA017
425,36,0,0,,0,,0,0,0,0,0,BRA020
426,36,0,0,,0,,0,0,0,0,0,BRA042
426,36,0,0,,0,,0,0,0,0,0,BRA015
427,36,0,0,,0,,0,0,0,0,0,BRA045
427,36,0,0,,0,,0,0,0,0,0,BRA007
428,36,0,0,,0,,0,0,0,0,0,BRA022
428,36,0,0,,0,,0,0,0,0,0,BRA024
429,36,0,0,,0,,0,0,0,0,0,BRA034
429,36,0,0,,0,,0,0,0,0,0,BRA031
430,36,0,0,,0,,0,0,0,0,0,BRA044
430,36,0,0,,0,,0,0,0,0,0,BRA021
431,36,0,0,,0,,0,0,0,0,0,BRA025
431,36,0,0,,0,,0,0,0,0,0,BRA028
432,36,0,0,,0,,0,0,0,0,0,BRA035
432,36,0,0,,0,,0,0,0,0,0,BRA023
433,37,0,0,,0,,0,0,0,0,0,BRA024
433,37,0,0,,0,,0,0,0,0,0,BRA042
434,37,0,0,,0,,0,0,0,0,0,BRA022
434,37,0,0,,0,,0,0,0,0,0,BRA027
435,37,0,0,,0,,0,0,0,0,0,BRA021
435,37,0,0,,0,,0,0,0,0,0,BRA035
436,37,0,0,,0,,0,0,0,0,0,BRA025
436,37,0,0,,0,,0,0,0,0,0,BRA005
437,37,0,0,,0,,0,0,0,0,0,BRA007
437,37,0,0,,0,,0,0,0,0,0,BRA016
438,37,0,0,,0,,0,0,0,0,0,BRA028
438,37,0,0,,0,,0,0,0,0,0,BRA034
439,37,0,0,,0,,0,0,0,0,0,BRA040
439,37,0,0,,0,,0,0,0,0,0,BRA003
440,37,0,0,,0,,0,0,0,0,0,BRA017
440,37,0,0,,0,,0,0,0,0,0,BRA044
441,37,0,0,,0,,0,0,0,0,0,BRA023
441,37,0,0,,0,,0,0,0,0,0,BRA020
442,37,0,0,,0,,0,0,0,0,0,BRA041
442,37,0,0,,0,,0,0,0,0,0,BRA045
443,37,0,0,,0,,0,0,0,0,0,BRA015
443,37,0,0,,0,,0,0,0,0,0,BRA036
444,37,0,0,,0,,0,0,0,0,0,BRA018
444,37,0,0,,0,,0,0,0,0,0,BRA031
445,38,0,0,,0,,0,0,0,0,0,BRA036
445,38,0,0,,0,,0,0,0,0,0,BRA024
446,38,0,0,,0,,0,0,0,0,0,BRA016
446,38,0,0,,0,,0,0,0,0,0,BRA041
447,38,0,0,,0,,0,0,0,0,0,BRA045
447,38,0,0,,0,,0,0,0,0,0,BRA003
448,38,0,0,,0,,0,0,0,0,0,BRA020
448,38,0,0,,0,,0,0,0,0,0,BRA021
449,38,0,0,,0,,0,0,0,0,0,BRA015
449,38,0,0,,0,,0,0,0,0,0,BRA022
450,38,0,0,,0,,0,0,0,0,0,BRA018
450,38,0,0,,0,,0,0,0,0,0,BRA028
451,38,0,0,,0,,0,0,0,0,0,BRA040
451,38,0,0,,0,,0,0,0,0,0,BRA007
453,38,0,0,,0,,0,0,0,0,0,BRA027
453,38,0,0,,0,,0,0,0,0,0,BRA042
454,38,0,0,,0,,0,0,0,0,0,BRA005
454,38,0,0,,0,,0,0,0,0,0,BRA034
455,38,0,0,,0,,0,0,0,0,0,BRA031
455,38,0,0,,0,,0,0,0,0,0,BRA025
456,38,0,0,,0,,0,0,0,0,0,BRA044
456,38,0,0,,0,,0,0,0,0,0,BRA023
452,38,0,0,,0,,0,0,0,0,0,BRA017
452,38,0,0,,0,,0,0,0,0,0,BRA035
457,39,0,0,,0,,0,0,0,0,0,BRA040
457,39,0,0,,0,,0,0,0,0,0,BRA016
458,39,0,0,,0,,0,0,0,0,0,BRA022
458,39,0,0,,0,,0,0,0,0,0,BRA007
459,39,0,0,,0,,0,0,0,0,0,BRA045
459,39,0,0,,0,,0,0,0,0,0,BRA036
460,39,0,0,,0,,0,0,0,0,0,BRA018
460,39,0,0,,0,,0,0,0,0,0,BRA020
461,39,0,0,,0,,0,0,0,0,0,BRA041
461,39,0,0,,0,,0,0,0,0,0,BRA042
462,39,0,0,,0,,0,0,0,0,0,BRA044
462,39,0,0,,0,,0,0,0,0,0,BRA034
463,39,0,0,,0,,0,0,0,0,0,BRA024
463,39,0,0,,0,,0,0,0,0,0,BRA027
464,39,0,0,,0,,0,0,0,0,0,BRA023
464,39,0,0,,0,,0,0,0,0,0,BRA017
465,39,0,0,,0,,0,0,0,0,0,BRA015
465,39,0,0,,0,,0,0,0,0,0,BRA003
466,39,0,0,,0,,0,0,0,0,0,BRA005
466,39,0,0,,0,,0,0,0,0,0,BRA035
467,39,0,0,,0,,0,0,0,0,0,BRA025
467,39,0,0,,0,,0,0,0,0,0,BRA021
468,39,0,0,,0,,0,0,0,0,0,BRA031
468,39,0,0,,0,,0,0,0,0,0,BRA028
469,40,0,0,,0,,0,0,0,0,0,BRA027
469,40,0,0,,0,,0,0,0,0,0,BRA007
470,40,0,0,,0,,0,0,0,0,0,BRA041
470,40,0,0,,0,,0,0,0,0,0,BRA003
471,40,0,0,,0,,0,0,0,0,0,BRA034
471,40,0,0,,0,,0,0,0,0,0,BRA025
472,40,0,0,,0,,0,0,0,0,0,BRA036
472,40,0,0,,0,,0,0,0,0,0,BRA022
473,40,0,0,,0,,0,0,0,0,0,BRA005
473,40,0,0,,0,,0,0,0,0,0,BRA017
474,40,0,0,,0,,0,0,0,0,0,BRA015
474,40,0,0,,0,,0,0,0,0,0,BRA040
475,40,0,0,,0,,0,0,0,0,0,BRA031
475,40,0,0,,0,,0,0,0,0,0,BRA021
476,40,0,0,,0,,0,0,0,0,0,BRA018
476,40,0,0,,0,,0,0,0,0,0,BRA023
477,40,0,0,,0,,0,0,0,0,0,BRA035
477,40,0,0,,0,,0,0,0,0,0,BRA020
478,40,0,0,,0,,0,0,0,0,0,BRA024
478,40,0,0,,0,,0,0,0,0,0,BRA045
479,40,0,0,,0,,0,0,0,0,0,BRA044
479,40,0,0,,0,,0,0,0,0,0,BRA028
480,40,0,0,,0,,0,0,0,0,0,BRA016
480,40,0,0,,0,,0,0,0,0,0,BRA042
481,41,0,0,,0,,0,0,0,0,0,BRA020
481,41,0,0,,0,,0,0,0,0,0,BRA034
482,41,0,0,,0,,0,0,0,0,0,BRA023
482,41,0,0,,0,,0,0,0,0,0,BRA028
483,41,0,0,,0,,0,0,0,0,0,BRA031
483,41,0,0,,0,,0,0,0,0,0,BRA017
484,41,0,0,,0,,0,0,0,0,0,BRA044
484,41,0,0,,0,,0,0,0,0,0,BRA035
485,41,0,0,,0,,0,0,0,0,0,BRA042
485,41,0,0,,0,,0,0,0,0,0,BRA022
486,41,0,0,,0,,0,0,0,0,0,BRA015
486,41,0,0,,0,,0,0,0,0,0,BRA016
487,41,0,0,,0,,0,0,0,0,0,BRA045
487,41,0,0,,0,,0,0,0,0,0,BRA040
488,41,0,0,,0,,0,0,0,0,0,BRA018
488,41,0,0,,0,,0,0,0,0,0,BRA025
490,41,0,0,,0,,0,0,0,0,0,BRA024
490,41,0,0,,0,,0,0,0,0,0,BRA003
492,41,0,0,,0,,0,0,0,0,0,BRA041
492,41,0,0,,0,,0,0,0,0,0,BRA027
489,41,0,0,,0,,0,0,0,0,0,BRA007
489,41,0,0,,0,,0,0,0,0,0,BRA036
491,41,0,0,,0,,0,0,0,0,0,BRA021
491,41,0,0,,0,,0,0,0,0,0,BRA005
493,42,0,0,,0,,0,0,0,0,0,BRA016
493,42,0,0,,0,,0,0,0,0,0,BRA022
494,42,0,0,,0,,0,0,0,0,0,BRA035
494,42,0,0,,0,,0,0,0,0,0,BRA025
495,42,0,0,,0,,0,0,0,0,0,BRA017
495,42,0,0,,0,,0,0,0,0,0,BRA034
496,42,0,0,,0,,0,0,0,0,0,BRA036
496,42,0,0,,0,,0,0,0,0,0,BRA040
497,42,0,0,,0,,0,0,0,0,0,BRA044
497,42,0,0,,0,,0,0,0,0,0,BRA018
498,42,0,0,,0,,0,0,0,0,0,BRA021
498,42,0,0,,0,,0,0,0,0,0,BRA023
499,42,0,0,,0,,0,0,0,0,0,BRA003
499,42,0,0,,0,,0,0,0,0,0,BRA042
500,42,0,0,,0,,0,0,0,0,0,BRA007
500,42,0,0,,0,,0,0,0,0,0,BRA041
501,42,0,0,,0,,0,0,0,0,0,BRA020
501,42,0,0,,0,,0,0,0,0,0,BRA031
502,42,0,0,,0,,0,0,0,0,0,BRA027
502,42,0,0,,0,,0,0,0,0,0,BRA045
503,42,0,0,,0,,0,0,0,0,0,BRA015
503,42,0,0,,0,,0,0,0,0,0,BRA024
504,42,0,0,,0,,0,0,0,0,0,BRA028
504,42,0,0,,0,,0,0,0,0,0,BRA005
505,43,0,0,,0,,0,0,0,0,0,BRA020
505,43,0,0,,0,,0,0,0,0,0,BRA028
506,43,0,0,,0,,0,0,0,0,0,BRA023
506,43,0,0,,0,,0,0,0,0,0,BRA005
507,43,0,0,,0,,0,0,0,0,0,BRA016
507,43,0,0,,0,,0,0,0,0,0,BRA036
508,43,0,0,,0,,0,0,0,0,0,BRA025
508,43,0,0,,0,,0,0,0,0,0,BRA044
509,43,0,0,,0,,0,0,0,0,0,BRA021
509,43,0,0,,0,,0,0,0,0,0,BRA017
510,43,0,0,,0,,0,0,0,0,0,BRA022
510,43,0,0,,0,,0,0,0,0,0,BRA040
511,43,0,0,,0,,0,0,0,0,0,BRA034
511,43,0,0,,0,,0,0,0,0,0,BRA018
512,43,0,0,,0,,0,0,0,0,0,BRA041
512,43,0,0,,0,,0,0,0,0,0,BRA024
513,43,0,0,,0,,0,0,0,0,0,BRA007
513,43,0,0,,0,,0,0,0,0,0,BRA003
514,43,0,0,,0,,0,0,0,0,0,BRA042
514,43,0,0,,0,,0,0,0,0,0,BRA045
515,43,0,0,,0,,0,0,0,0,0,BRA015
515,43,0,0,,0,,0,0,0,0,0,BRA027
516,43,0,0,,0,,0,0,0,0,0,BRA035
516,43,0,0,,0,,0,0,0,0,0,BRA031
517,44,0,0,,0,,0,0,0,0,0,BRA044
517,44,0,0,,0,,0,0,0,0,0,BRA020
518,44,0,0,,0,,0,0,0,0,0,BRA005
518,44,0,0,,0,,0,0,0,0,0,BRA031
519,44,0,0,,0,,0,0,0,0,0,BRA003
519,44,0,0,,0,,0,0,0,0,0,BRA027
520,44,0,0,,0,,0,0,0,0,0,BRA041
520,44,0,0,,0,,0,0,0,0,0,BRA022
521,44,0,0,,0,,0,0,0,0,0,BRA028
521,44,0,0,,0,,0,0,0,0,0,BRA021
522,44,0,0,,0,,0,0,0,0,0,BRA024
522,44,0,0,,0,,0,0,0,0,0,BRA040
523,44,0,0,,0,,0,0,0,0,0,BRA034
523,44,0,0,,0,,0,0,0,0,0,BRA023
524,44,0,0,,0,,0,0,0,0,0,BRA017
524,44,0,0,,0,,0,0,0,0,0,BRA025
528,44,0,0,,0,,0,0,0,0,0,BRA035
528,44,0,0,,0,,0,0,0,0,0,BRA018
525,44,0,0,,0,,0,0,0,0,0,BRA016
525,44,0,0,,0,,0,0,0,0,0,BRA045
526,44,0,0,,0,,0,0,0,0,0,BRA036
526,44,0,0,,0,,0,0,0,0,0,BRA042
527,44,0,0,,0,,0,0,0,0,0,BRA007
527,44,0,0,,0,,0,0,0,0,0,BRA015
529,45,0,0,,0,,0,0,0,0,0,BRA045
529,45,0,0,,0,,0,0,0,0,0,BRA005
530,45,0,0,,0,,0,0,0,0,0,BRA020
530,45,0,0,,0,,0,0,0,0,0,BRA024
531,45,0,0,,0,,0,0,0,0,0,BRA044
531,45,0,0,,0,,0,0,0,0,0,BRA003
532,45,0,0,,0,,0,0,0,0,0,BRA034
532,45,0,0,,0,,0,0,0,0,0,BRA015
533,45,0,0,,0,,0,0,0,0,0,BRA018
533,45,0,0,,0,,0,0,0,0,0,BRA022
534,45,0,0,,0,,0,0,0,0,0,BRA027
534,45,0,0,,0,,0,0,0,0,0,BRA035
535,45,0,0,,0,,0,0,0,0,0,BRA025
535,45,0,0,,0,,0,0,0,0,0,BRA040
536,45,0,0,,0,,0,0,0,0,0,BRA021
536,45,0,0,,0,,0,0,0,0,0,BRA036
537,45,0,0,,0,,0,0,0,0,0,BRA007
537,45,0,0,,0,,0,0,0,0,0,BRA017
538,45,0,0,,0,,0,0,0,0,0,BRA016
538,45,0,0,,0,,0,0,0,0,0,BRA023
539,45,0,0,,0,,0,0,0,0,0,BRA042
539,45,0,0,,0,,0,0,0,0,0,BRA028
540,45,0,0,,0,,0,0,0,0,0,BRA031
540,45,0,0,,0,,0,0,0,0,0,BRA041
541,46,0,0,,0,,0,0,0,0,0,BRA045
541,46,0,0,,0,,0,0,0,0,0,BRA034
542,46,0,0,,0,,0,0,0,0,0,BRA017
542,46,0,0,,0,,0,0,0,0,0,BRA016
543,46,0,0,,0,,0,0,0,0,0,BRA024
543,46,0,0,,0,,0,0,0,0,0,BRA005
544,46,0,0,,0,,0,0,0,0,0,BRA027
544,46,0,0,,0,,0,0,0,0,0,BRA020
545,46,0,0,,0,,0,0,0,0,0,BRA028
545,46,0,0,,0,,0,0,0,0,0,BRA041
546,46,0,0,,0,,0,0,0,0,0,BRA015
546,46,0,0,,0,,0,0,0,0,0,BRA025
547,46,0,0,,0,,0,0,0,0,0,BRA036
547,46,0,0,,0,,0,0,0,0,0,BRA023
548,46,0,0,,0,,0,0,0,0,0,BRA007
548,46,0,0,,0,,0,0,0,0,0,BRA018
549,46,0,0,,0,,0,0,0,0,0,BRA031
549,46,0,0,,0,,0,0,0,0,0,BRA022
550,46,0,0,,0,,0,0,0,0,0,BRA003
550,46,0,0,,0,,0,0,0,0,0,BRA035
551,46,0,0,,0,,0,0,0,0,0,BRA040
551,46,0,0,,0,,0,0,0,0,0,BRA044
552,46,0,0,,0,,0,0,0,0,0,BRA021
552,46,0,0,,0,,0,0,0,0,0,BRA042
553,1,0,0,,0,,0,0,0,0,0,BRA009
553,1,0,0,,0,,0,0,0,0,0,BRA024
554,1,0,0,,0,,0,0,0,0,0,BRA020
554,1,0,0,,0,,0,0,0,0,0,BRA028
555,1,0,0,,0,,0,0,0,0,0,BRA041
555,1,0,0,,0,,0,0,0,0,0,BRA045
556,1,0,0,,0,,0,0,0,0,0,BRA018
556,1,0,0,,0,,0,0,0,0,0,BRA031
557,1,0,0,,0,,0,0,0,0,0,BRA033
557,1,0,0,,0,,0,0,0,0,0,BRA005
558,1,0,0,,0,,0,0,0,0,0,BRA025
558,1,0,0,,0,,0,0,0,0,0,BRA021
559,1,0,0,,0,,0,0,0,0,0,BRA015
559,1,0,0,,0,,0,0,0,0,0,BRA036
560,1,0,0,,0,,0,0,0,0,0,BRA034
560,1,0,0,,0,,0,0,0,0,0,BRA040
561,1,0,0,,0,,0,0,0,0,0,BRA027
561,1,0,0,,0,,0,0,0,0,0,BRA016
562,1,0,0,,0,,0,0,0,0,0,BRA044
562,1,0,0,,0,,0,0,0,0,0,BRA017
563,1,0,0,,0,,0,0,0,0,0,BRA035
563,1,0,0,,0,,0,0,0,0,0,BRA022
564,1,0,0,,0,,0,0,0,0,0,BRA042
564,1,0,0,,0,,0,0,0,0,0,BRA003
565,2,0,0,,0,,0,0,0,0,0,BRA021
565,2,0,0,,0,,0,0,0,0,0,BRA036
566,2,0,0,,0,,0,0,0,0,0,BRA024
566,2,0,0,,0,,0,0,0,0,0,BRA018
567,2,0,0,,0,,0,0,0,0,0,BRA031
567,2,0,0,,0,,0,0,0,0,0,BRA025
568,2,0,0,,0,,0,0,0,0,0,BRA028
568,2,0,0,,0,,0,0,0,0,0,BRA033
569,2,0,0,,0,,0,0,0,0,0,BRA005
569,2,0,0,,0,,0,0,0,0,0,BRA044
570,2,0,0,,0,,0,0,0,0,0,BRA022
570,2,0,0,,0,,0,0,0,0,0,BRA016
571,2,0,0,,0,,0,0,0,0,0,BRA035
571,2,0,0,,0,,0,0,0,0,0,BRA015
572,2,0,0,,0,,0,0,0,0,0,BRA027
572,2,0,0,,0,,0,0,0,0,0,BRA041
573,2,0,0,,0,,0,0,0,0,0,BRA003
573,2,0,0,,0,,0,0,0,0,0,BRA020
574,2,0,0,,0,,0,0,0,0,0,BRA045
574,2,0,0,,0,,0,0,0,0,0,BRA034
575,2,0,0,,0,,0,0,0,0,0,BRA017
575,2,0,0,,0,,0,0,0,0,0,BRA042
576,2,0,0,,0,,0,0,0,0,0,BRA040
576,2,0,0,,0,,0,0,0,0,0,BRA009
577,3,0,0,,0,,0,0,0,0,0,BRA009
577,3,0,0,,0,,0,0,0,0,0,BRA005
578,3,0,0,,0,,0,0,0,0,0,BRA016
578,3,0,0,,0,,0,0,0,0,0,BRA028
579,3,0,0,,0,,0,0,0,0,0,BRA035
579,3,0,0,,0,,0,0,0,0,0,BRA003
580,3,0,0,,0,,0,0,0,0,0,BRA018
580,3,0,0,,0,,0,0,0,0,0,BRA017
581,3,0,0,,0,,0,0,0,0,0,BRA024
581,3,0,0,,0,,0,0,0,0,0,BRA036
582,3,0,0,,0,,0,0,0,0,0,BRA015
582,3,0,0,,0,,0,0,0,0,0,BRA025
583,3,0,0,,0,,0,0,0,0,0,BRA020
583,3,0,0,,0,,0,0,0,0,0,BRA040
584,3,0,0,,0,,0,0,0,0,0,BRA042
584,3,0,0,,0,,0,0,0,0,0,BRA022
585,3,0,0,,0,,0,0,0,0,0,BRA034
585,3,0,0,,0,,0,0,0,0,0,BRA021
586,3,0,0,,0,,0,0,0,0,0,BRA044
586,3,0,0,,0,,0,0,0,0,0,BRA027
587,3,0,0,,0,,0,0,0,0,0,BRA033
587,3,0,0,,0,,0,0,0,0,0,BRA045
589,4,0,0,,0,,0,0,0,0,0,BRA028
589,4,0,0,,0,,0,0,0,0,0,BRA035
590,4,0,0,,0,,0,0,0,0,0,BRA017
590,4,0,0,,0,,0,0,0,0,0,BRA009
591,4,0,0,,0,,0,0,0,0,0,BRA005
591,4,0,0,,0,,0,0,0,0,0,BRA036
592,4,0,0,,0,,0,0,0,0,0,BRA024
592,4,0,0,,0,,0,0,0,0,0,BRA025
593,4,0,0,,0,,0,0,0,0,0,BRA021
593,4,0,0,,0,,0,0,0,0,0,BRA041
594,4,0,0,,0,,0,0,0,0,0,BRA040
594,4,0,0,,0,,0,0,0,0,0,BRA018
595,4,0,0,,0,,0,0,0,0,0,BRA022
595,4,0,0,,0,,0,0,0,0,0,BRA044
596,4,0,0,,0,,0,0,0,0,0,BRA033
596,4,0,0,,0,,0,0,0,0,0,BRA015
597,4,0,0,,0,,0,0,0,0,0,BRA034
597,4,0,0,,0,,0,0,0,0,0,BRA031
598,4,0,0,,0,,0,0,0,0,0,BRA045
598,4,0,0,,0,,0,0,0,0,0,BRA020
599,4,0,0,,0,,0,0,0,0,0,BRA027
599,4,0,0,,0,,0,0,0,0,0,BRA042
600,4,0,0,,0,,0,0,0,0,0,BRA003
600,4,0,0,,0,,0,0,0,0,0,BRA016
601,5,0,0,,0,,0,0,0,0,0,BRA031
601,5,0,0,,0,,0,0,0,0,0,BRA040
602,5,0,0,,0,,0,0,0,0,0,BRA034
602,5,0,0,,0,,0,0,0,0,0,BRA018
603,5,0,0,,0,,0,0,0,0,0,BRA027
603,5,0,0,,0,,0,0,0,0,0,BRA003
604,5,0,0,,0,,0,0,0,0,0,BRA017
604,5,0,0,,0,,0,0,0,0,0,BRA041
605,5,0,0,,0,,0,0,0,0,0,BRA044
605,5,0,0,,0,,0,0,0,0,0,BRA025
606,5,0,0,,0,,0,0,0,0,0,BRA036
606,5,0,0,,0,,0,0,0,0,0,BRA033
607,5,0,0,,0,,0,0,0,0,0,BRA022
607,5,0,0,,0,,0,0,0,0,0,BRA028
608,5,0,0,,0,,0,0,0,0,0,BRA015
608,5,0,0,,0,,0,0,0,0,0,BRA005
609,5,0,0,,0,,0,0,0,0,0,BRA009
609,5,0,0,,0,,0,0,0,0,0,BRA035
610,5,0,0,,0,,0,0,0,0,0,BRA020
610,5,0,0,,0,,0,0,0,0,0,BRA024
611,5,0,0,,0,,0,0,0,0,0,BRA045
611,5,0,0,,0,,0,0,0,0,0,BRA021
612,5,0,0,,0,,0,0,0,0,0,BRA016
612,5,0,0,,0,,0,0,0,0,0,BRA042
613,6,0,0,,0,,0,0,0,0,0,BRA044
613,6,0,0,,0,,0,0,0,0,0,BRA035
614,6,0,0,,0,,0,0,0,0,0,BRA040
614,6,0,0,,0,,0,0,0,0,0,BRA003
615,6,0,0,,0,,0,0,0,0,0,BRA033
615,6,0,0,,0,,0,0,0,0,0,BRA018
616,6,0,0,,0,,0,0,0,0,0,BRA028
616,6,0,0,,0,,0,0,0,0,0,BRA021
617,6,0,0,,0,,0,0,0,0,0,BRA041
617,6,0,0,,0,,0,0,0,0,0,BRA020
618,6,0,0,,0,,0,0,0,0,0,BRA024
618,6,0,0,,0,,0,0,0,0,0,BRA017
619,6,0,0,,0,,0,0,0,0,0,BRA005
619,6,0,0,,0,,0,0,0,0,0,BRA031
620,6,0,0,,0,,0,0,0,0,0,BRA036
620,6,0,0,,0,,0,0,0,0,0,BRA016
621,6,0,0,,0,,0,0,0,0,0,BRA025
621,6,0,0,,0,,0,0,0,0,0,BRA009
622,6,0,0,,0,,0,0,0,0,0,BRA034
622,6,0,0,,0,,0,0,0,0,0,BRA042
623,6,0,0,,0,,0,0,0,0,0,BRA022
623,6,0,0,,0,,0,0,0,0,0,BRA045
624,6,0,0,,0,,0,0,0,0,0,BRA027
624,6,0,0,,0,,0,0,0,0,0,BRA015
625,7,0,0,,0,,0,0,0,0,0,BRA009
625,7,0,0,,0,,0,0,0,0,0,BRA020
626,7,0,0,,0,,0,0,0,0,0,BRA035
626,7,0,0,,0,,0,0,0,0,0,BRA025
627,7,0,0,,0,,0,0,0,0,0,BRA024
627,7,0,0,,0,,0,0,0,0,0,BRA028
628,7,0,0,,0,,0,0,0,0,0,BRA005
628,7,0,0,,0,,0,0,0,0,0,BRA016
629,7,0,0,,0,,0,0,0,0,0,BRA033
629,7,0,0,,0,,0,0,0,0,0,BRA040
630,7,0,0,,0,,0,0,0,0,0,BRA022
630,7,0,0,,0,,0,0,0,0,0,BRA021
631,7,0,0,,0,,0,0,0,0,0,BRA044
631,7,0,0,,0,,0,0,0,0,0,BRA041
632,7,0,0,,0,,0,0,0,0,0,BRA036
632,7,0,0,,0,,0,0,0,0,0,BRA034
633,7,0,0,,0,,0,0,0,0,0,BRA017
633,7,0,0,,0,,0,0,0,0,0,BRA045
634,7,0,0,,0,,0,0,0,0,0,BRA027
634,7,0,0,,0,,0,0,0,0,0,BRA031
635,7,0,0,,0,,0,0,0,0,0,BRA015
635,7,0,0,,0,,0,0,0,0,0,BRA003
636,7,0,0,,0,,0,0,0,0,0,BRA042
636,7,0,0,,0,,0,0,0,0,0,BRA018
637,8,0,0,,0,,0,0,0,0,0,BRA022
637,8,0,0,,0,,0,0,0,0,0,BRA017
638,8,0,0,,0,,0,0,0,0,0,BRA031
638,8,0,0,,0,,0,0,0,0,0,BRA036
639,8,0,0,,0,,0,0,0,0,0,BRA035
639,8,0,0,,0,,0,0,0,0,0,BRA020
640,8,0,0,,0,,0,0,0,0,0,BRA033
640,8,0,0,,0,,0,0,0,0,0,BRA016
641,8,0,0,,0,,0,0,0,0,0,BRA045
641,8,0,0,,0,,0,0,0,0,0,BRA028
642,8,0,0,,0,,0,0,0,0,0,BRA040
642,8,0,0,,0,,0,0,0,0,0,BRA005
643,8,0,0,,0,,0,0,0,0,0,BRA044
643,8,0,0,,0,,0,0,0,0,0,BRA009
644,8,0,0,,0,,0,0,0,0,0,BRA015
644,8,0,0,,0,,0,0,0,0,0,BRA042
645,8,0,0,,0,,0,0,0,0,0,BRA027
645,8,0,0,,0,,0,0,0,0,0,BRA034
646,8,0,0,,0,,0,0,0,0,0,BRA024
646,8,0,0,,0,,0,0,0,0,0,BRA021
647,8,0,0,,0,,0,0,0,0,0,BRA018
647,8,0,0,,0,,0,0,0,0,0,BRA003
648,8,0,0,,0,,0,0,0,0,0,BRA041
648,8,0,0,,0,,0,0,0,0,0,BRA025
649,9,0,0,,0,,0,0,0,0,0,BRA027
649,9,0,0,,0,,0,0,0,0,0,BRA022
650,9,0,0,,0,,0,0,0,0,0,BRA034
650,9,0,0,,0,,0,0,0,0,0,BRA009
651,9,0,0,,0,,0,0,0,0,0,BRA005
651,9,0,0,,0,,0,0,0,0,0,BRA028
652,9,0,0,,0,,0,0,0,0,0,BRA042
652,9,0,0,,0,,0,0,0,0,0,BRA025
653,9,0,0,,0,,0,0,0,0,0,BRA015
653,9,0,0,,0,,0,0,0,0,0,BRA024
654,9,0,0,,0,,0,0,0,0,0,BRA033
654,9,0,0,,0,,0,0,0,0,0,BRA044
655,9,0,0,,0,,0,0,0,0,0,BRA035
655,9,0,0,,0,,0,0,0,0,0,BRA018
656,9,0,0,,0,,0,0,0,0,0,BRA016
656,9,0,0,,0,,0,0,0,0,0,BRA041
657,9,0,0,,0,,0,0,0,0,0,BRA017
657,9,0,0,,0,,0,0,0,0,0,BRA031
658,9,0,0,,0,,0,0,0,0,0,BRA036
658,9,0,0,,0,,0,0,0,0,0,BRA020
659,9,0,0,,0,,0,0,0,0,0,BRA003
659,9,0,0,,0,,0,0,0,0,0,BRA021
660,9,0,0,,0,,0,0,0,0,0,BRA045
660,9,0,0,,0,,0,0,0,0,0,BRA040
661,10,0,0,,0,,0,0,0,0,0,BRA025
661,10,0,0,,0,,0,0,0,0,0,BRA016
662,10,0,0,,0,,0,0,0,0,0,BRA045
662,10,0,0,,0,,0,0,0,0,0,BRA003
663,10,0,0,,0,,0,0,0,0,0,BRA044
663,10,0,0,,0,,0,0,0,0,0,BRA034
664,10,0,0,,0,,0,0,0,0,0,BRA018
664,10,0,0,,0,,0,0,0,0,0,BRA020
665,10,0,0,,0,,0,0,0,0,0,BRA041
665,10,0,0,,0,,0,0,0,0,0,BRA033
666,10,0,0,,0,,0,0,0,0,0,BRA015
666,10,0,0,,0,,0,0,0,0,0,BRA021
667,10,0,0,,0,,0,0,0,0,0,BRA036
667,10,0,0,,0,,0,0,0,0,0,BRA009
668,10,0,0,,0,,0,0,0,0,0,BRA035
668,10,0,0,,0,,0,0,0,0,0,BRA042
669,10,0,0,,0,,0,0,0,0,0,BRA017
669,10,0,0,,0,,0,0,0,0,0,BRA027
670,10,0,0,,0,,0,0,0,0,0,BRA031
670,10,0,0,,0,,0,0,0,0,0,BRA024
671,10,0,0,,0,,0,0,0,0,0,BRA040
671,10,0,0,,0,,0,0,0,0,0,BRA028
672,10,0,0,,0,,0,0,0,0,0,BRA022
672,10,0,0,,0,,0,0,0,0,0,BRA005
588,3,0,0,,0,,0,0,0,0,0,BRA031
588,3,0,0,,0,,0,0,0,0,0,BRA041
673,11,0,0,,0,,0,0,0,0,0,BRA017
673,11,0,0,,0,,0,0,0,0,0,BRA025
674,11,0,0,,0,,0,0,0,0,0,BRA034
674,11,0,0,,0,,0,0,0,0,0,BRA016
675,11,0,0,,0,,0,0,0,0,0,BRA021
675,11,0,0,,0,,0,0,0,0,0,BRA020
676,11,0,0,,0,,0,0,0,0,0,BRA027
676,11,0,0,,0,,0,0,0,0,0,BRA040
677,11,0,0,,0,,0,0,0,0,0,BRA028
677,11,0,0,,0,,0,0,0,0,0,BRA044
678,11,0,0,,0,,0,0,0,0,0,BRA031
678,11,0,0,,0,,0,0,0,0,0,BRA015
679,11,0,0,,0,,0,0,0,0,0,BRA009
679,11,0,0,,0,,0,0,0,0,0,BRA022
680,11,0,0,,0,,0,0,0,0,0,BRA033
680,11,0,0,,0,,0,0,0,0,0,BRA042
681,11,0,0,,0,,0,0,0,0,0,BRA035
681,11,0,0,,0,,0,0,0,0,0,BRA045
682,11,0,0,,0,,0,0,0,0,0,BRA041
682,11,0,0,,0,,0,0,0,0,0,BRA024
683,11,0,0,,0,,0,0,0,0,0,BRA036
683,11,0,0,,0,,0,0,0,0,0,BRA018
684,11,0,0,,0,,0,0,0,0,0,BRA003
684,11,0,0,,0,,0,0,0,0,0,BRA005
685,12,0,0,,0,,0,0,0,0,0,BRA028
685,12,0,0,,0,,0,0,0,0,0,BRA017
686,12,0,0,,0,,0,0,0,0,0,BRA042
686,12,0,0,,0,,0,0,0,0,0,BRA036
687,12,0,0,,0,,0,0,0,0,0,BRA031
687,12,0,0,,0,,0,0,0,0,0,BRA003
688,12,0,0,,0,,0,0,0,0,0,BRA020
688,12,0,0,,0,,0,0,0,0,0,BRA044
689,12,0,0,,0,,0,0,0,0,0,BRA024
689,12,0,0,,0,,0,0,0,0,0,BRA045
690,12,0,0,,0,,0,0,0,0,0,BRA005
690,12,0,0,,0,,0,0,0,0,0,BRA027
691,12,0,0,,0,,0,0,0,0,0,BRA025
691,12,0,0,,0,,0,0,0,0,0,BRA022
692,12,0,0,,0,,0,0,0,0,0,BRA033
692,12,0,0,,0,,0,0,0,0,0,BRA034
693,12,0,0,,0,,0,0,0,0,0,BRA041
693,12,0,0,,0,,0,0,0,0,0,BRA009
694,12,0,0,,0,,0,0,0,0,0,BRA015
694,12,0,0,,0,,0,0,0,0,0,BRA040
695,12,0,0,,0,,0,0,0,0,0,BRA021
695,12,0,0,,0,,0,0,0,0,0,BRA035
696,12,0,0,,0,,0,0,0,0,0,BRA018
696,12,0,0,,0,,0,0,0,0,0,BRA016
697,13,0,0,,0,,0,0,0,0,0,BRA005
697,13,0,0,,0,,0,0,0,0,0,BRA042
698,13,0,0,,0,,0,0,0,0,0,BRA022
698,13,0,0,,0,,0,0,0,0,0,BRA024
699,13,0,0,,0,,0,0,0,0,0,BRA020
699,13,0,0,,0,,0,0,0,0,0,BRA025
700,13,0,0,,0,,0,0,0,0,0,BRA044
700,13,0,0,,0,,0,0,0,0,0,BRA045
701,13,0,0,,0,,0,0,0,0,0,BRA028
701,13,0,0,,0,,0,0,0,0,0,BRA009
702,13,0,0,,0,,0,0,0,0,0,BRA003
702,13,0,0,,0,,0,0,0,0,0,BRA034
703,13,0,0,,0,,0,0,0,0,0,BRA027
703,13,0,0,,0,,0,0,0,0,0,BRA018
704,13,0,0,,0,,0,0,0,0,0,BRA033
704,13,0,0,,0,,0,0,0,0,0,BRA031
705,13,0,0,,0,,0,0,0,0,0,BRA035
705,13,0,0,,0,,0,0,0,0,0,BRA041
706,13,0,0,,0,,0,0,0,0,0,BRA021
706,13,0,0,,0,,0,0,0,0,0,BRA017
707,13,0,0,,0,,0,0,0,0,0,BRA036
707,13,0,0,,0,,0,0,0,0,0,BRA040
708,13,0,0,,0,,0,0,0,0,0,BRA016
708,13,0,0,,0,,0,0,0,0,0,BRA015
709,14,0,0,,0,,0,0,0,0,0,BRA036
709,14,0,0,,0,,0,0,0,0,0,BRA027
710,14,0,0,,0,,0,0,0,0,0,BRA025
710,14,0,0,,0,,0,0,0,0,0,BRA028
711,14,0,0,,0,,0,0,0,0,0,BRA042
711,14,0,0,,0,,0,0,0,0,0,BRA040
712,14,0,0,,0,,0,0,0,0,0,BRA009
712,14,0,0,,0,,0,0,0,0,0,BRA045
713,14,0,0,,0,,0,0,0,0,0,BRA021
713,14,0,0,,0,,0,0,0,0,0,BRA044
714,14,0,0,,0,,0,0,0,0,0,BRA016
714,14,0,0,,0,,0,0,0,0,0,BRA031
715,14,0,0,,0,,0,0,0,0,0,BRA035
715,14,0,0,,0,,0,0,0,0,0,BRA024
716,14,0,0,,0,,0,0,0,0,0,BRA034
716,14,0,0,,0,,0,0,0,0,0,BRA015
717,14,0,0,,0,,0,0,0,0,0,BRA003
717,14,0,0,,0,,0,0,0,0,0,BRA033
718,14,0,0,,0,,0,0,0,0,0,BRA020
718,14,0,0,,0,,0,0,0,0,0,BRA017
719,14,0,0,,0,,0,0,0,0,0,BRA041
719,14,0,0,,0,,0,0,0,0,0,BRA022
720,14,0,0,,0,,0,0,0,0,0,BRA018
720,14,0,0,,0,,0,0,0,0,0,BRA005
721,15,0,0,,0,,0,0,0,0,0,BRA045
721,15,0,0,,0,,0,0,0,0,0,BRA005
722,15,0,0,,0,,0,0,0,0,0,BRA017
722,15,0,0,,0,,0,0,0,0,0,BRA015
723,15,0,0,,0,,0,0,0,0,0,BRA031
723,15,0,0,,0,,0,0,0,0,0,BRA022
724,15,0,0,,0,,0,0,0,0,0,BRA018
724,15,0,0,,0,,0,0,0,0,0,BRA025
725,15,0,0,,0,,0,0,0,0,0,BRA028
725,15,0,0,,0,,0,0,0,0,0,BRA027
726,15,0,0,,0,,0,0,0,0,0,BRA034
726,15,0,0,,0,,0,0,0,0,0,BRA020
727,15,0,0,,0,,0,0,0,0,0,BRA036
727,15,0,0,,0,,0,0,0,0,0,BRA035
728,15,0,0,,0,,0,0,0,0,0,BRA024
728,15,0,0,,0,,0,0,0,0,0,BRA003
729,15,0,0,,0,,0,0,0,0,0,BRA044
729,15,0,0,,0,,0,0,0,0,0,BRA016
730,15,0,0,,0,,0,0,0,0,0,BRA042
730,15,0,0,,0,,0,0,0,0,0,BRA041
731,15,0,0,,0,,0,0,0,0,0,BRA033
731,15,0,0,,0,,0,0,0,0,0,BRA009
732,15,0,0,,0,,0,0,0,0,0,BRA040
732,15,0,0,,0,,0,0,0,0,0,BRA021
733,16,0,0,,0,,0,0,0,0,0,BRA009
733,16,0,0,,0,,0,0,0,0,0,BRA018
734,16,0,0,,0,,0,0,0,0,0,BRA003
734,16,0,0,,0,,0,0,0,0,0,BRA028
735,16,0,0,,0,,0,0,0,0,0,BRA025
735,16,0,0,,0,,0,0,0,0,0,BRA033
736,16,0,0,,0,,0,0,0,0,0,BRA015
736,16,0,0,,0,,0,0,0,0,0,BRA045
737,16,0,0,,0,,0,0,0,0,0,BRA034
737,16,0,0,,0,,0,0,0,0,0,BRA041
738,16,0,0,,0,,0,0,0,0,0,BRA027
738,16,0,0,,0,,0,0,0,0,0,BRA024
739,16,0,0,,0,,0,0,0,0,0,BRA031
739,16,0,0,,0,,0,0,0,0,0,BRA021
740,16,0,0,,0,,0,0,0,0,0,BRA022
740,16,0,0,,0,,0,0,0,0,0,BRA040
741,16,0,0,,0,,0,0,0,0,0,BRA005
741,16,0,0,,0,,0,0,0,0,0,BRA017
742,16,0,0,,0,,0,0,0,0,0,BRA035
742,16,0,0,,0,,0,0,0,0,0,BRA016
743,16,0,0,,0,,0,0,0,0,0,BRA044
743,16,0,0,,0,,0,0,0,0,0,BRA036
744,16,0,0,,0,,0,0,0,0,0,BRA020
744,16,0,0,,0,,0,0,0,0,0,BRA042
745,17,0,0,,0,,0,0,0,0,0,BRA034
745,17,0,0,,0,,0,0,0,0,0,BRA025
746,17,0,0,,0,,0,0,0,0,0,BRA028
746,17,0,0,,0,,0,0,0,0,0,BRA015
747,17,0,0,,0,,0,0,0,0,0,BRA045
747,17,0,0,,0,,0,0,0,0,0,BRA031
748,17,0,0,,0,,0,0,0,0,0,BRA024
748,17,0,0,,0,,0,0,0,0,0,BRA005
749,17,0,0,,0,,0,0,0,0,0,BRA021
749,17,0,0,,0,,0,0,0,0,0,BRA027
750,17,0,0,,0,,0,0,0,0,0,BRA016
750,17,0,0,,0,,0,0,0,0,0,BRA020
751,17,0,0,,0,,0,0,0,0,0,BRA033
751,17,0,0,,0,,0,0,0,0,0,BRA035
752,17,0,0,,0,,0,0,0,0,0,BRA036
752,17,0,0,,0,,0,0,0,0,0,BRA041
753,17,0,0,,0,,0,0,0,0,0,BRA044
753,17,0,0,,0,,0,0,0,0,0,BRA018
754,17,0,0,,0,,0,0,0,0,0,BRA009
754,17,0,0,,0,,0,0,0,0,0,BRA042
755,17,0,0,,0,,0,0,0,0,0,BRA022
755,17,0,0,,0,,0,0,0,0,0,BRA003
756,17,0,0,,0,,0,0,0,0,0,BRA040
756,17,0,0,,0,,0,0,0,0,0,BRA017
757,18,0,0,,0,,0,0,0,0,0,BRA015
757,18,0,0,,0,,0,0,0,0,0,BRA022
758,18,0,0,,0,,0,0,0,0,0,BRA031
758,18,0,0,,0,,0,0,0,0,0,BRA028
759,18,0,0,,0,,0,0,0,0,0,BRA044
759,18,0,0,,0,,0,0,0,0,0,BRA042
760,18,0,0,,0,,0,0,0,0,0,BRA016
760,18,0,0,,0,,0,0,0,0,0,BRA009
761,18,0,0,,0,,0,0,0,0,0,BRA003
761,18,0,0,,0,,0,0,0,0,0,BRA017
762,18,0,0,,0,,0,0,0,0,0,BRA027
762,18,0,0,,0,,0,0,0,0,0,BRA045
763,18,0,0,,0,,0,0,0,0,0,BRA021
763,18,0,0,,0,,0,0,0,0,0,BRA005
764,18,0,0,,0,,0,0,0,0,0,BRA018
764,18,0,0,,0,,0,0,0,0,0,BRA041
765,18,0,0,,0,,0,0,0,0,0,BRA040
765,18,0,0,,0,,0,0,0,0,0,BRA024
766,18,0,0,,0,,0,0,0,0,0,BRA033
766,18,0,0,,0,,0,0,0,0,0,BRA020
767,18,0,0,,0,,0,0,0,0,0,BRA025
767,18,0,0,,0,,0,0,0,0,0,BRA036
768,18,0,0,,0,,0,0,0,0,0,BRA035
768,18,0,0,,0,,0,0,0,0,0,BRA034
769,19,0,0,,0,,0,0,0,0,0,BRA021
769,19,0,0,,0,,0,0,0,0,0,BRA009
770,19,0,0,,0,,0,0,0,0,0,BRA015
770,19,0,0,,0,,0,0,0,0,0,BRA018
771,19,0,0,,0,,0,0,0,0,0,BRA003
771,19,0,0,,0,,0,0,0,0,0,BRA036
772,19,0,0,,0,,0,0,0,0,0,BRA045
772,19,0,0,,0,,0,0,0,0,0,BRA025
773,19,0,0,,0,,0,0,0,0,0,BRA017
773,19,0,0,,0,,0,0,0,0,0,BRA035
774,19,0,0,,0,,0,0,0,0,0,BRA022
774,19,0,0,,0,,0,0,0,0,0,BRA020
775,19,0,0,,0,,0,0,0,0,0,BRA033
775,19,0,0,,0,,0,0,0,0,0,BRA027
776,19,0,0,,0,,0,0,0,0,0,BRA042
776,19,0,0,,0,,0,0,0,0,0,BRA031
777,19,0,0,,0,,0,0,0,0,0,BRA024
777,19,0,0,,0,,0,0,0,0,0,BRA044
778,19,0,0,,0,,0,0,0,0,0,BRA028
778,19,0,0,,0,,0,0,0,0,0,BRA041
779,19,0,0,,0,,0,0,0,0,0,BRA005
779,19,0,0,,0,,0,0,0,0,0,BRA034
780,19,0,0,,0,,0,0,0,0,0,BRA040
780,19,0,0,,0,,0,0,0,0,0,BRA016
781,20,0,0,,0,,0,0,0,0,0,BRA018
781,20,0,0,,0,,0,0,0,0,0,BRA022
782,20,0,0,,0,,0,0,0,0,0,BRA025
782,20,0,0,,0,,0,0,0,0,0,BRA003
783,20,0,0,,0,,0,0,0,0,0,BRA033
783,20,0,0,,0,,0,0,0,0,0,BRA021
784,20,0,0,,0,,0,0,0,0,0,BRA044
784,20,0,0,,0,,0,0,0,0,0,BRA031
785,20,0,0,,0,,0,0,0,0,0,BRA036
785,20,0,0,,0,,0,0,0,0,0,BRA017
786,20,0,0,,0,,0,0,0,0,0,BRA015
786,20,0,0,,0,,0,0,0,0,0,BRA041
787,20,0,0,,0,,0,0,0,0,0,BRA035
787,20,0,0,,0,,0,0,0,0,0,BRA040
788,20,0,0,,0,,0,0,0,0,0,BRA020
788,20,0,0,,0,,0,0,0,0,0,BRA005
789,20,0,0,,0,,0,0,0,0,0,BRA034
789,20,0,0,,0,,0,0,0,0,0,BRA024
790,20,0,0,,0,,0,0,0,0,0,BRA016
790,20,0,0,,0,,0,0,0,0,0,BRA045
791,20,0,0,,0,,0,0,0,0,0,BRA042
791,20,0,0,,0,,0,0,0,0,0,BRA028
792,20,0,0,,0,,0,0,0,0,0,BRA027
792,20,0,0,,0,,0,0,0,0,0,BRA009
793,21,0,0,,0,,0,0,0,0,0,BRA022
793,21,0,0,,0,,0,0,0,0,0,BRA036
794,21,0,0,,0,,0,0,0,0,0,BRA024
794,21,0,0,,0,,0,0,0,0,0,BRA033
795,21,0,0,,0,,0,0,0,0,0,BRA027
795,21,0,0,,0,,0,0,0,0,0,BRA020
796,21,0,0,,0,,0,0,0,0,0,BRA041
796,21,0,0,,0,,0,0,0,0,0,BRA003
797,21,0,0,,0,,0,0,0,0,0,BRA005
797,21,0,0,,0,,0,0,0,0,0,BRA035
798,21,0,0,,0,,0,0,0,0,0,BRA017
798,21,0,0,,0,,0,0,0,0,0,BRA034
799,21,0,0,,0,,0,0,0,0,0,BRA044
799,21,0,0,,0,,0,0,0,0,0,BRA015
800,21,0,0,,0,,0,0,0,0,0,BRA021
800,21,0,0,,0,,0,0,0,0,0,BRA016
801,21,0,0,,0,,0,0,0,0,0,BRA025
801,21,0,0,,0,,0,0,0,0,0,BRA040
802,21,0,0,,0,,0,0,0,0,0,BRA009
802,21,0,0,,0,,0,0,0,0,0,BRA031
803,21,0,0,,0,,0,0,0,0,0,BRA018
803,21,0,0,,0,,0,0,0,0,0,BRA028
804,21,0,0,,0,,0,0,0,0,0,BRA045
804,21,0,0,,0,,0,0,0,0,0,BRA042
805,22,0,0,,0,,0,0,0,0,0,BRA034
805,22,0,0,,0,,0,0,0,0,0,BRA022
806,22,0,0,,0,,0,0,0,0,0,BRA041
806,22,0,0,,0,,0,0,0,0,0,BRA040
807,22,0,0,,0,,0,0,0,0,0,BRA016
807,22,0,0,,0,,0,0,0,0,0,BRA024
808,22,0,0,,0,,0,0,0,0,0,BRA025
808,22,0,0,,0,,0,0,0,0,0,BRA005
809,22,0,0,,0,,0,0,0,0,0,BRA042
809,22,0,0,,0,,0,0,0,0,0,BRA021
810,22,0,0,,0,,0,0,0,0,0,BRA009
810,22,0,0,,0,,0,0,0,0,0,BRA015
811,22,0,0,,0,,0,0,0,0,0,BRA036
811,22,0,0,,0,,0,0,0,0,0,BRA028
812,22,0,0,,0,,0,0,0,0,0,BRA027
812,22,0,0,,0,,0,0,0,0,0,BRA035
813,22,0,0,,0,,0,0,0,0,0,BRA020
813,22,0,0,,0,,0,0,0,0,0,BRA031
814,22,0,0,,0,,0,0,0,0,0,BRA018
814,22,0,0,,0,,0,0,0,0,0,BRA045
815,22,0,0,,0,,0,0,0,0,0,BRA017
815,22,0,0,,0,,0,0,0,0,0,BRA033
816,22,0,0,,0,,0,0,0,0,0,BRA044
816,22,0,0,,0,,0,0,0,0,0,BRA003
817,23,0,0,,0,,0,0,0,0,0,BRA024
817,23,0,0,,0,,0,0,0,0,0,BRA042
818,23,0,0,,0,,0,0,0,0,0,BRA028
818,23,0,0,,0,,0,0,0,0,0,BRA034
819,23,0,0,,0,,0,0,0,0,0,BRA045
819,23,0,0,,0,,0,0,0,0,0,BRA036
820,23,0,0,,0,,0,0,0,0,0,BRA025
820,23,0,0,,0,,0,0,0,0,0,BRA027
821,23,0,0,,0,,0,0,0,0,0,BRA031
821,23,0,0,,0,,0,0,0,0,0,BRA035
822,23,0,0,,0,,0,0,0,0,0,BRA015
822,23,0,0,,0,,0,0,0,0,0,BRA020
823,23,0,0,,0,,0,0,0,0,0,BRA018
823,23,0,0,,0,,0,0,0,0,0,BRA021
824,23,0,0,,0,,0,0,0,0,0,BRA040
824,23,0,0,,0,,0,0,0,0,0,BRA044
825,23,0,0,,0,,0,0,0,0,0,BRA003
825,23,0,0,,0,,0,0,0,0,0,BRA009
826,23,0,0,,0,,0,0,0,0,0,BRA041
826,23,0,0,,0,,0,0,0,0,0,BRA005
827,23,0,0,,0,,0,0,0,0,0,BRA017
827,23,0,0,,0,,0,0,0,0,0,BRA016
828,23,0,0,,0,,0,0,0,0,0,BRA022
828,23,0,0,,0,,0,0,0,0,0,BRA033
829,24,0,0,,0,,0,0,0,0,0,BRA020
829,24,0,0,,0,,0,0,0,0,0,BRA028
830,24,0,0,,0,,0,0,0,0,0,BRA031
830,24,0,0,,0,,0,0,0,0,0,BRA018
831,24,0,0,,0,,0,0,0,0,0,BRA025
831,24,0,0,,0,,0,0,0,0,0,BRA021
832,24,0,0,,0,,0,0,0,0,0,BRA036
832,24,0,0,,0,,0,0,0,0,0,BRA015
833,24,0,0,,0,,0,0,0,0,0,BRA017
833,24,0,0,,0,,0,0,0,0,0,BRA044
834,24,0,0,,0,,0,0,0,0,0,BRA005
834,24,0,0,,0,,0,0,0,0,0,BRA033
835,24,0,0,,0,,0,0,0,0,0,BRA035
835,24,0,0,,0,,0,0,0,0,0,BRA022
836,24,0,0,,0,,0,0,0,0,0,BRA009
836,24,0,0,,0,,0,0,0,0,0,BRA024
837,24,0,0,,0,,0,0,0,0,0,BRA027
837,24,0,0,,0,,0,0,0,0,0,BRA016
838,24,0,0,,0,,0,0,0,0,0,BRA041
838,24,0,0,,0,,0,0,0,0,0,BRA045
839,24,0,0,,0,,0,0,0,0,0,BRA034
839,24,0,0,,0,,0,0,0,0,0,BRA040
840,24,0,0,,0,,0,0,0,0,0,BRA042
840,24,0,0,,0,,0,0,0,0,0,BRA003
841,25,0,0,,0,,0,0,0,0,0,BRA031
841,25,0,0,,0,,0,0,0,0,0,BRA025
842,25,0,0,,0,,0,0,0,0,0,BRA003
842,25,0,0,,0,,0,0,0,0,0,BRA020
843,25,0,0,,0,,0,0,0,0,0,BRA041
843,25,0,0,,0,,0,0,0,0,0,BRA027
844,25,0,0,,0,,0,0,0,0,0,BRA018
844,25,0,0,,0,,0,0,0,0,0,BRA024
845,25,0,0,,0,,0,0,0,0,0,BRA028
845,25,0,0,,0,,0,0,0,0,0,BRA033
846,25,0,0,,0,,0,0,0,0,0,BRA045
846,25,0,0,,0,,0,0,0,0,0,BRA034
847,25,0,0,,0,,0,0,0,0,0,BRA040
847,25,0,0,,0,,0,0,0,0,0,BRA009
848,25,0,0,,0,,0,0,0,0,0,BRA015
848,25,0,0,,0,,0,0,0,0,0,BRA035
849,25,0,0,,0,,0,0,0,0,0,BRA021
849,25,0,0,,0,,0,0,0,0,0,BRA036
850,25,0,0,,0,,0,0,0,0,0,BRA022
850,25,0,0,,0,,0,0,0,0,0,BRA016
851,25,0,0,,0,,0,0,0,0,0,BRA005
851,25,0,0,,0,,0,0,0,0,0,BRA044
852,25,0,0,,0,,0,0,0,0,0,BRA017
852,25,0,0,,0,,0,0,0,0,0,BRA042
853,26,0,0,,0,,0,0,0,0,0,BRA034
853,26,0,0,,0,,0,0,0,0,0,BRA021
854,26,0,0,,0,,0,0,0,0,0,BRA015
854,26,0,0,,0,,0,0,0,0,0,BRA025
855,26,0,0,,0,,0,0,0,0,0,BRA020
855,26,0,0,,0,,0,0,0,0,0,BRA040
856,26,0,0,,0,,0,0,0,0,0,BRA042
856,26,0,0,,0,,0,0,0,0,0,BRA022
857,26,0,0,,0,,0,0,0,0,0,BRA044
857,26,0,0,,0,,0,0,0,0,0,BRA027
858,26,0,0,,0,,0,0,0,0,0,BRA017
858,26,0,0,,0,,0,0,0,0,0,BRA018
859,26,0,0,,0,,0,0,0,0,0,BRA016
859,26,0,0,,0,,0,0,0,0,0,BRA028
860,26,0,0,,0,,0,0,0,0,0,BRA035
860,26,0,0,,0,,0,0,0,0,0,BRA003
861,26,0,0,,0,,0,0,0,0,0,BRA036
861,26,0,0,,0,,0,0,0,0,0,BRA024
862,26,0,0,,0,,0,0,0,0,0,BRA031
862,26,0,0,,0,,0,0,0,0,0,BRA041
863,26,0,0,,0,,0,0,0,0,0,BRA033
863,26,0,0,,0,,0,0,0,0,0,BRA045
864,26,0,0,,0,,0,0,0,0,0,BRA005
864,26,0,0,,0,,0,0,0,0,0,BRA009
865,27,0,0,,0,,0,0,0,0,0,BRA017
865,27,0,0,,0,,0,0,0,0,0,BRA009
866,27,0,0,,0,,0,0,0,0,0,BRA031
866,27,0,0,,0,,0,0,0,0,0,BRA034
867,27,0,0,,0,,0,0,0,0,0,BRA042
867,27,0,0,,0,,0,0,0,0,0,BRA027
868,27,0,0,,0,,0,0,0,0,0,BRA025
868,27,0,0,,0,,0,0,0,0,0,BRA024
869,27,0,0,,0,,0,0,0,0,0,BRA028
869,27,0,0,,0,,0,0,0,0,0,BRA035
870,27,0,0,,0,,0,0,0,0,0,BRA041
870,27,0,0,,0,,0,0,0,0,0,BRA021
871,27,0,0,,0,,0,0,0,0,0,BRA015
871,27,0,0,,0,,0,0,0,0,0,BRA033
872,27,0,0,,0,,0,0,0,0,0,BRA022
872,27,0,0,,0,,0,0,0,0,0,BRA044
873,27,0,0,,0,,0,0,0,0,0,BRA003
873,27,0,0,,0,,0,0,0,0,0,BRA016
874,27,0,0,,0,,0,0,0,0,0,BRA020
874,27,0,0,,0,,0,0,0,0,0,BRA045
875,27,0,0,,0,,0,0,0,0,0,BRA005
875,27,0,0,,0,,0,0,0,0,0,BRA036
876,27,0,0,,0,,0,0,0,0,0,BRA018
876,27,0,0,,0,,0,0,0,0,0,BRA040
877,28,0,0,,0,,0,0,0,0,0,BRA028
877,28,0,0,,0,,0,0,0,0,0,BRA022
878,28,0,0,,0,,0,0,0,0,0,BRA016
878,28,0,0,,0,,0,0,0,0,0,BRA042
879,28,0,0,,0,,0,0,0,0,0,BRA034
879,28,0,0,,0,,0,0,0,0,0,BRA018
880,28,0,0,,0,,0,0,0,0,0,BRA020
880,28,0,0,,0,,0,0,0,0,0,BRA024
881,28,0,0,,0,,0,0,0,0,0,BRA017
881,28,0,0,,0,,0,0,0,0,0,BRA041
882,28,0,0,,0,,0,0,0,0,0,BRA005
882,28,0,0,,0,,0,0,0,0,0,BRA015
883,28,0,0,,0,,0,0,0,0,0,BRA036
883,28,0,0,,0,,0,0,0,0,0,BRA033
884,28,0,0,,0,,0,0,0,0,0,BRA031
884,28,0,0,,0,,0,0,0,0,0,BRA040
885,28,0,0,,0,,0,0,0,0,0,BRA021
885,28,0,0,,0,,0,0,0,0,0,BRA045
886,28,0,0,,0,,0,0,0,0,0,BRA003
886,28,0,0,,0,,0,0,0,0,0,BRA027
887,28,0,0,,0,,0,0,0,0,0,BRA035
887,28,0,0,,0,,0,0,0,0,0,BRA009
888,28,0,0,,0,,0,0,0,0,0,BRA044
888,28,0,0,,0,,0,0,0,0,0,BRA025
889,29,0,0,,0,,0,0,0,0,0,BRA035
889,29,0,0,,0,,0,0,0,0,0,BRA044
890,29,0,0,,0,,0,0,0,0,0,BRA018
890,29,0,0,,0,,0,0,0,0,0,BRA033
891,29,0,0,,0,,0,0,0,0,0,BRA034
891,29,0,0,,0,,0,0,0,0,0,BRA042
892,29,0,0,,0,,0,0,0,0,0,BRA031
892,29,0,0,,0,,0,0,0,0,0,BRA005
893,29,0,0,,0,,0,0,0,0,0,BRA024
893,29,0,0,,0,,0,0,0,0,0,BRA017
894,29,0,0,,0,,0,0,0,0,0,BRA020
894,29,0,0,,0,,0,0,0,0,0,BRA041
895,29,0,0,,0,,0,0,0,0,0,BRA040
895,29,0,0,,0,,0,0,0,0,0,BRA003
896,29,0,0,,0,,0,0,0,0,0,BRA028
896,29,0,0,,0,,0,0,0,0,0,BRA021
897,29,0,0,,0,,0,0,0,0,0,BRA015
897,29,0,0,,0,,0,0,0,0,0,BRA027
898,29,0,0,,0,,0,0,0,0,0,BRA022
898,29,0,0,,0,,0,0,0,0,0,BRA045
899,29,0,0,,0,,0,0,0,0,0,BRA009
899,29,0,0,,0,,0,0,0,0,0,BRA025
900,29,0,0,,0,,0,0,0,0,0,BRA016
900,29,0,0,,0,,0,0,0,0,0,BRA036
901,30,0,0,,0,,0,0,0,0,0,BRA042
901,30,0,0,,0,,0,0,0,0,0,BRA018
902,30,0,0,,0,,0,0,0,0,0,BRA044
902,30,0,0,,0,,0,0,0,0,0,BRA041
903,30,0,0,,0,,0,0,0,0,0,BRA027
903,30,0,0,,0,,0,0,0,0,0,BRA031
904,30,0,0,,0,,0,0,0,0,0,BRA028
904,30,0,0,,0,,0,0,0,0,0,BRA024
905,30,0,0,,0,,0,0,0,0,0,BRA021
905,30,0,0,,0,,0,0,0,0,0,BRA022
906,30,0,0,,0,,0,0,0,0,0,BRA033
906,30,0,0,,0,,0,0,0,0,0,BRA040
907,30,0,0,,0,,0,0,0,0,0,BRA009
907,30,0,0,,0,,0,0,0,0,0,BRA020
908,30,0,0,,0,,0,0,0,0,0,BRA003
908,30,0,0,,0,,0,0,0,0,0,BRA015
909,30,0,0,,0,,0,0,0,0,0,BRA036
909,30,0,0,,0,,0,0,0,0,0,BRA034
910,30,0,0,,0,,0,0,0,0,0,BRA017
910,30,0,0,,0,,0,0,0,0,0,BRA045
911,30,0,0,,0,,0,0,0,0,0,BRA035
911,30,0,0,,0,,0,0,0,0,0,BRA025
912,30,0,0,,0,,0,0,0,0,0,BRA005
912,30,0,0,,0,,0,0,0,0,0,BRA016
913,31,0,0,,0,,0,0,0,0,0,BRA025
913,31,0,0,,0,,0,0,0,0,0,BRA041
914,31,0,0,,0,,0,0,0,0,0,BRA027
914,31,0,0,,0,,0,0,0,0,0,BRA034
915,31,0,0,,0,,0,0,0,0,0,BRA040
915,31,0,0,,0,,0,0,0,0,0,BRA005
916,31,0,0,,0,,0,0,0,0,0,BRA022
916,31,0,0,,0,,0,0,0,0,0,BRA017
917,31,0,0,,0,,0,0,0,0,0,BRA024
917,31,0,0,,0,,0,0,0,0,0,BRA021
918,31,0,0,,0,,0,0,0,0,0,BRA042
918,31,0,0,,0,,0,0,0,0,0,BRA015
919,31,0,0,,0,,0,0,0,0,0,BRA045
919,31,0,0,,0,,0,0,0,0,0,BRA028
920,31,0,0,,0,,0,0,0,0,0,BRA044
920,31,0,0,,0,,0,0,0,0,0,BRA009
921,31,0,0,,0,,0,0,0,0,0,BRA031
921,31,0,0,,0,,0,0,0,0,0,BRA036
922,31,0,0,,0,,0,0,0,0,0,BRA035
922,31,0,0,,0,,0,0,0,0,0,BRA020
923,31,0,0,,0,,0,0,0,0,0,BRA018
923,31,0,0,,0,,0,0,0,0,0,BRA003
924,31,0,0,,0,,0,0,0,0,0,BRA016
924,31,0,0,,0,,0,0,0,0,0,BRA033
925,32,0,0,,0,,0,0,0,0,0,BRA036
925,32,0,0,,0,,0,0,0,0,0,BRA020
926,32,0,0,,0,,0,0,0,0,0,BRA035
926,32,0,0,,0,,0,0,0,0,0,BRA018
927,32,0,0,,0,,0,0,0,0,0,BRA028
927,32,0,0,,0,,0,0,0,0,0,BRA005
928,32,0,0,,0,,0,0,0,0,0,BRA016
928,32,0,0,,0,,0,0,0,0,0,BRA041
929,32,0,0,,0,,0,0,0,0,0,BRA027
929,32,0,0,,0,,0,0,0,0,0,BRA022
930,32,0,0,,0,,0,0,0,0,0,BRA042
930,32,0,0,,0,,0,0,0,0,0,BRA025
931,32,0,0,,0,,0,0,0,0,0,BRA033
931,32,0,0,,0,,0,0,0,0,0,BRA044
932,32,0,0,,0,,0,0,0,0,0,BRA003
932,32,0,0,,0,,0,0,0,0,0,BRA021
933,32,0,0,,0,,0,0,0,0,0,BRA024
933,32,0,0,,0,,0,0,0,0,0,BRA015
934,32,0,0,,0,,0,0,0,0,0,BRA017
934,32,0,0,,0,,0,0,0,0,0,BRA031
935,32,0,0,,0,,0,0,0,0,0,BRA034
935,32,0,0,,0,,0,0,0,0,0,BRA009
936,32,0,0,,0,,0,0,0,0,0,BRA040
936,32,0,0,,0,,0,0,0,0,0,BRA045
937,33,0,0,,0,,0,0,0,0,0,BRA035
937,33,0,0,,0,,0,0,0,0,0,BRA042
938,33,0,0,,0,,0,0,0,0,0,BRA016
938,33,0,0,,0,,0,0,0,0,0,BRA025
939,33,0,0,,0,,0,0,0,0,0,BRA022
939,33,0,0,,0,,0,0,0,0,0,BRA005
940,33,0,0,,0,,0,0,0,0,0,BRA020
940,33,0,0,,0,,0,0,0,0,0,BRA018
941,33,0,0,,0,,0,0,0,0,0,BRA033
941,33,0,0,,0,,0,0,0,0,0,BRA041
942,33,0,0,,0,,0,0,0,0,0,BRA044
942,33,0,0,,0,,0,0,0,0,0,BRA034
943,33,0,0,,0,,0,0,0,0,0,BRA027
943,33,0,0,,0,,0,0,0,0,0,BRA017
944,33,0,0,,0,,0,0,0,0,0,BRA045
944,33,0,0,,0,,0,0,0,0,0,BRA003
945,33,0,0,,0,,0,0,0,0,0,BRA031
945,33,0,0,,0,,0,0,0,0,0,BRA024
946,33,0,0,,0,,0,0,0,0,0,BRA040
946,33,0,0,,0,,0,0,0,0,0,BRA028
947,33,0,0,,0,,0,0,0,0,0,BRA009
947,33,0,0,,0,,0,0,0,0,0,BRA036
948,33,0,0,,0,,0,0,0,0,0,BRA015
948,33,0,0,,0,,0,0,0,0,0,BRA021
949,34,0,0,,0,,0,0,0,0,0,BRA028
949,34,0,0,,0,,0,0,0,0,0,BRA044
950,34,0,0,,0,,0,0,0,0,0,BRA033
950,34,0,0,,0,,0,0,0,0,0,BRA042
951,34,0,0,,0,,0,0,0,0,0,BRA022
951,34,0,0,,0,,0,0,0,0,0,BRA009
952,34,0,0,,0,,0,0,0,0,0,BRA003
952,34,0,0,,0,,0,0,0,0,0,BRA005
953,34,0,0,,0,,0,0,0,0,0,BRA024
953,34,0,0,,0,,0,0,0,0,0,BRA041
954,34,0,0,,0,,0,0,0,0,0,BRA021
954,34,0,0,,0,,0,0,0,0,0,BRA020
955,34,0,0,,0,,0,0,0,0,0,BRA045
955,34,0,0,,0,,0,0,0,0,0,BRA035
956,34,0,0,,0,,0,0,0,0,0,BRA036
956,34,0,0,,0,,0,0,0,0,0,BRA018
957,34,0,0,,0,,0,0,0,0,0,BRA040
957,34,0,0,,0,,0,0,0,0,0,BRA027
958,34,0,0,,0,,0,0,0,0,0,BRA017
958,34,0,0,,0,,0,0,0,0,0,BRA025
959,34,0,0,,0,,0,0,0,0,0,BRA034
959,34,0,0,,0,,0,0,0,0,0,BRA016
960,34,0,0,,0,,0,0,0,0,0,BRA031
960,34,0,0,,0,,0,0,0,0,0,BRA015
961,35,0,0,,0,,0,0,0,0,0,BRA016
961,35,0,0,,0,,0,0,0,0,0,BRA018
962,35,0,0,,0,,0,0,0,0,0,BRA044
962,35,0,0,,0,,0,0,0,0,0,BRA020
963,35,0,0,,0,,0,0,0,0,0,BRA028
963,35,0,0,,0,,0,0,0,0,0,BRA017
964,35,0,0,,0,,0,0,0,0,0,BRA024
964,35,0,0,,0,,0,0,0,0,0,BRA045
965,35,0,0,,0,,0,0,0,0,0,BRA025
965,35,0,0,,0,,0,0,0,0,0,BRA022
966,35,0,0,,0,,0,0,0,0,0,BRA042
966,35,0,0,,0,,0,0,0,0,0,BRA036
967,35,0,0,,0,,0,0,0,0,0,BRA015
967,35,0,0,,0,,0,0,0,0,0,BRA040
968,35,0,0,,0,,0,0,0,0,0,BRA027
968,35,0,0,,0,,0,0,0,0,0,BRA005
969,35,0,0,,0,,0,0,0,0,0,BRA033
969,35,0,0,,0,,0,0,0,0,0,BRA034
970,35,0,0,,0,,0,0,0,0,0,BRA035
970,35,0,0,,0,,0,0,0,0,0,BRA021
971,35,0,0,,0,,0,0,0,0,0,BRA031
971,35,0,0,,0,,0,0,0,0,0,BRA003
972,35,0,0,,0,,0,0,0,0,0,BRA009
972,35,0,0,,0,,0,0,0,0,0,BRA041
973,36,0,0,,0,,0,0,0,0,0,BRA016
973,36,0,0,,0,,0,0,0,0,0,BRA015
974,36,0,0,,0,,0,0,0,0,0,BRA020
974,36,0,0,,0,,0,0,0,0,0,BRA025
975,36,0,0,,0,,0,0,0,0,0,BRA045
975,36,0,0,,0,,0,0,0,0,0,BRA044
976,36,0,0,,0,,0,0,0,0,0,BRA022
976,36,0,0,,0,,0,0,0,0,0,BRA024
977,36,0,0,,0,,0,0,0,0,0,BRA040
977,36,0,0,,0,,0,0,0,0,0,BRA036
978,36,0,0,,0,,0,0,0,0,0,BRA005
978,36,0,0,,0,,0,0,0,0,0,BRA042
979,36,0,0,,0,,0,0,0,0,0,BRA028
979,36,0,0,,0,,0,0,0,0,0,BRA009
980,36,0,0,,0,,0,0,0,0,0,BRA035
980,36,0,0,,0,,0,0,0,0,0,BRA041
981,36,0,0,,0,,0,0,0,0,0,BRA027
981,36,0,0,,0,,0,0,0,0,0,BRA018
982,36,0,0,,0,,0,0,0,0,0,BRA003
982,36,0,0,,0,,0,0,0,0,0,BRA034
983,36,0,0,,0,,0,0,0,0,0,BRA021
983,36,0,0,,0,,0,0,0,0,0,BRA017
984,36,0,0,,0,,0,0,0,0,0,BRA033
984,36,0,0,,0,,0,0,0,0,0,BRA031
985,37,0,0,,0,,0,0,0,0,0,BRA018
985,37,0,0,,0,,0,0,0,0,0,BRA005
986,37,0,0,,0,,0,0,0,0,0,BRA025
986,37,0,0,,0,,0,0,0,0,0,BRA028
987,37,0,0,,0,,0,0,0,0,0,BRA016
987,37,0,0,,0,,0,0,0,0,0,BRA031
988,37,0,0,,0,,0,0,0,0,0,BRA035
988,37,0,0,,0,,0,0,0,0,0,BRA024
989,37,0,0,,0,,0,0,0,0,0,BRA009
989,37,0,0,,0,,0,0,0,0,0,BRA045
990,37,0,0,,0,,0,0,0,0,0,BRA033
990,37,0,0,,0,,0,0,0,0,0,BRA003
991,37,0,0,,0,,0,0,0,0,0,BRA042
991,37,0,0,,0,,0,0,0,0,0,BRA040
992,37,0,0,,0,,0,0,0,0,0,BRA044
992,37,0,0,,0,,0,0,0,0,0,BRA021
993,37,0,0,,0,,0,0,0,0,0,BRA041
993,37,0,0,,0,,0,0,0,0,0,BRA022
994,37,0,0,,0,,0,0,0,0,0,BRA017
994,37,0,0,,0,,0,0,0,0,0,BRA020
995,37,0,0,,0,,0,0,0,0,0,BRA034
995,37,0,0,,0,,0,0,0,0,0,BRA015
996,37,0,0,,0,,0,0,0,0,0,BRA036
996,37,0,0,,0,,0,0,0,0,0,BRA027
997,38,0,0,,0,,0,0,0,0,0,BRA033
997,38,0,0,,0,,0,0,0,0,0,BRA009
998,38,0,0,,0,,0,0,0,0,0,BRA024
998,38,0,0,,0,,0,0,0,0,0,BRA003
999,38,0,0,,0,,0,0,0,0,0,BRA025
999,38,0,0,,0,,0,0,0,0,0,BRA018
1000,38,0,0,,0,,0,0,0,0,0,BRA045
1000,38,0,0,,0,,0,0,0,0,0,BRA005
1001,38,0,0,,0,,0,0,0,0,0,BRA028
1001,38,0,0,,0,,0,0,0,0,0,BRA027
1002,38,0,0,,0,,0,0,0,0,0,BRA034
1002,38,0,0,,0,,0,0,0,0,0,BRA020
1003,38,0,0,,0,,0,0,0,0,0,BRA022
1003,38,0,0,,0,,0,0,0,0,0,BRA031
1004,38,0,0,,0,,0,0,0,0,0,BRA036
1004,38,0,0,,0,,0,0,0,0,0,BRA035
1005,38,0,0,,0,,0,0,0,0,0,BRA044
1005,38,0,0,,0,,0,0,0,0,0,BRA016
1006,38,0,0,,0,,0,0,0,0,0,BRA040
1006,38,0,0,,0,,0,0,0,0,0,BRA021
1007,38,0,0,,0,,0,0,0,0,0,BRA017
1007,38,0,0,,0,,0,0,0,0,0,BRA015
1009,39,0,0,,0,,0,0,0,0,0,BRA022
1009,39,0,0,,0,,0,0,0,0,0,BRA040
1010,39,0,0,,0,,0,0,0,0,0,BRA027
1010,39,0,0,,0,,0,0,0,0,0,BRA024
1011,39,0,0,,0,,0,0,0,0,0,BRA016
1011,39,0,0,,0,,0,0,0,0,0,BRA035
1012,39,0,0,,0,,0,0,0,0,0,BRA009
1012,39,0,0,,0,,0,0,0,0,0,BRA018
1013,39,0,0,,0,,0,0,0,0,0,BRA031
1013,39,0,0,,0,,0,0,0,0,0,BRA021
1014,39,0,0,,0,,0,0,0,0,0,BRA033
1014,39,0,0,,0,,0,0,0,0,0,BRA025
1015,39,0,0,,0,,0,0,0,0,0,BRA015
1015,39,0,0,,0,,0,0,0,0,0,BRA045
1016,39,0,0,,0,,0,0,0,0,0,BRA020
1016,39,0,0,,0,,0,0,0,0,0,BRA042
1017,39,0,0,,0,,0,0,0,0,0,BRA003
1017,39,0,0,,0,,0,0,0,0,0,BRA028
1018,39,0,0,,0,,0,0,0,0,0,BRA005
1018,39,0,0,,0,,0,0,0,0,0,BRA017
1019,39,0,0,,0,,0,0,0,0,0,BRA036
1019,39,0,0,,0,,0,0,0,0,0,BRA044
1008,38,0,0,,0,,0,0,0,0,0,BRA041
1008,38,0,0,,0,,0,0,0,0,0,BRA042
1021,40,0,0,,0,,0,0,0,0,0,BRA033
1021,40,0,0,,0,,0,0,0,0,0,BRA035
1022,40,0,0,,0,,0,0,0,0,0,BRA024
1022,40,0,0,,0,,0,0,0,0,0,BRA005
1023,40,0,0,,0,,0,0,0,0,0,BRA021
1023,40,0,0,,0,,0,0,0,0,0,BRA027
1024,40,0,0,,0,,0,0,0,0,0,BRA025
1024,40,0,0,,0,,0,0,0,0,0,BRA034
1025,40,0,0,,0,,0,0,0,0,0,BRA040
1025,40,0,0,,0,,0,0,0,0,0,BRA017
1026,40,0,0,,0,,0,0,0,0,0,BRA015
1026,40,0,0,,0,,0,0,0,0,0,BRA028
1027,40,0,0,,0,,0,0,0,0,0,BRA022
1027,40,0,0,,0,,0,0,0,0,0,BRA003
1028,40,0,0,,0,,0,0,0,0,0,BRA018
1028,40,0,0,,0,,0,0,0,0,0,BRA044
1029,40,0,0,,0,,0,0,0,0,0,BRA016
1029,40,0,0,,0,,0,0,0,0,0,BRA020
1030,40,0,0,,0,,0,0,0,0,0,BRA031
1030,40,0,0,,0,,0,0,0,0,0,BRA045
1031,40,0,0,,0,,0,0,0,0,0,BRA009
1031,40,0,0,,0,,0,0,0,0,0,BRA042
1032,40,0,0,,0,,0,0,0,0,0,BRA041
1032,40,0,0,,0,,0,0,0,0,0,BRA036
1020,39,0,0,,0,,0,0,0,0,0,BRA034
1020,39,0,0,,0,,0,0,0,0,0,BRA041
1033,41,0,0,,0,,0,0,0,0,0,BRA016
1033,41,0,0,,0,,0,0,0,0,0,BRA009
1034,41,0,0,,0,,0,0,0,0,0,BRA018
1034,41,0,0,,0,,0,0,0,0,0,BRA041
1035,41,0,0,,0,,0,0,0,0,0,BRA036
1035,41,0,0,,0,,0,0,0,0,0,BRA025
1036,41,0,0,,0,,0,0,0,0,0,BRA015
1036,41,0,0,,0,,0,0,0,0,0,BRA022
1037,41,0,0,,0,,0,0,0,0,0,BRA044
1037,41,0,0,,0,,0,0,0,0,0,BRA042
1038,41,0,0,,0,,0,0,0,0,0,BRA040
1038,41,0,0,,0,,0,0,0,0,0,BRA024
1039,41,0,0,,0,,0,0,0,0,0,BRA005
1039,41,0,0,,0,,0,0,0,0,0,BRA021
1040,41,0,0,,0,,0,0,0,0,0,BRA017
1040,41,0,0,,0,,0,0,0,0,0,BRA003
1041,41,0,0,,0,,0,0,0,0,0,BRA027
1041,41,0,0,,0,,0,0,0,0,0,BRA045
1042,41,0,0,,0,,0,0,0,0,0,BRA034
1042,41,0,0,,0,,0,0,0,0,0,BRA035
1043,41,0,0,,0,,0,0,0,0,0,BRA033
1043,41,0,0,,0,,0,0,0,0,0,BRA020
1044,41,0,0,,0,,0,0,0,0,0,BRA031
1044,41,0,0,,0,,0,0,0,0,0,BRA028
1045,42,0,0,,0,,0,0,0,0,0,BRA022
1045,42,0,0,,0,,0,0,0,0,0,BRA020
1046,42,0,0,,0,,0,0,0,0,0,BRA005
1046,42,0,0,,0,,0,0,0,0,0,BRA034
1047,42,0,0,,0,,0,0,0,0,0,BRA033
1047,42,0,0,,0,,0,0,0,0,0,BRA027
1048,42,0,0,,0,,0,0,0,0,0,BRA025
1048,42,0,0,,0,,0,0,0,0,0,BRA045
1049,42,0,0,,0,,0,0,0,0,0,BRA024
1049,42,0,0,,0,,0,0,0,0,0,BRA044
1050,42,0,0,,0,,0,0,0,0,0,BRA003
1050,42,0,0,,0,,0,0,0,0,0,BRA036
1051,42,0,0,,0,,0,0,0,0,0,BRA021
1051,42,0,0,,0,,0,0,0,0,0,BRA009
1052,42,0,0,,0,,0,0,0,0,0,BRA015
1052,42,0,0,,0,,0,0,0,0,0,BRA018
1053,42,0,0,,0,,0,0,0,0,0,BRA040
1053,42,0,0,,0,,0,0,0,0,0,BRA016
1054,42,0,0,,0,,0,0,0,0,0,BRA017
1054,42,0,0,,0,,0,0,0,0,0,BRA035
1055,42,0,0,,0,,0,0,0,0,0,BRA041
1055,42,0,0,,0,,0,0,0,0,0,BRA028
1056,42,0,0,,0,,0,0,0,0,0,BRA031
1056,42,0,0,,0,,0,0,0,0,0,BRA042
1057,43,0,0,,0,,0,0,0,0,0,BRA005
1057,43,0,0,,0,,0,0,0,0,0,BRA020
1058,43,0,0,,0,,0,0,0,0,0,BRA027
1058,43,0,0,,0,,0,0,0,0,0,BRA009
1059,43,0,0,,0,,0,0,0,0,0,BRA034
1059,43,0,0,,0,,0,0,0,0,0,BRA024
1060,43,0,0,,0,,0,0,0,0,0,BRA018
1060,43,0,0,,0,,0,0,0,0,0,BRA022
1061,43,0,0,,0,,0,0,0,0,0,BRA028
1061,43,0,0,,0,,0,0,0,0,0,BRA042
1062,43,0,0,,0,,0,0,0,0,0,BRA035
1062,43,0,0,,0,,0,0,0,0,0,BRA040
1063,43,0,0,,0,,0,0,0,0,0,BRA021
1063,43,0,0,,0,,0,0,0,0,0,BRA033
1064,43,0,0,,0,,0,0,0,0,0,BRA036
1064,43,0,0,,0,,0,0,0,0,0,BRA017
1065,43,0,0,,0,,0,0,0,0,0,BRA015
1065,43,0,0,,0,,0,0,0,0,0,BRA041
1066,43,0,0,,0,,0,0,0,0,0,BRA016
1066,43,0,0,,0,,0,0,0,0,0,BRA045
1067,43,0,0,,0,,0,0,0,0,0,BRA003
1067,43,0,0,,0,,0,0,0,0,0,BRA025
1068,43,0,0,,0,,0,0,0,0,0,BRA044
1068,43,0,0,,0,,0,0,0,0,0,BRA031
1069,44,0,0,,0,,0,0,0,0,0,BRA022
1069,44,0,0,,0,,0,0,0,0,0,BRA036
1070,44,0,0,,0,,0,0,0,0,0,BRA020
1070,44,0,0,,0,,0,0,0,0,0,BRA027
1071,44,0,0,,0,,0,0,0,0,0,BRA017
1071,44,0,0,,0,,0,0,0,0,0,BRA034
1072,44,0,0,,0,,0,0,0,0,0,BRA035
1072,44,0,0,,0,,0,0,0,0,0,BRA005
1073,44,0,0,,0,,0,0,0,0,0,BRA024
1073,44,0,0,,0,,0,0,0,0,0,BRA033
1074,44,0,0,,0,,0,0,0,0,0,BRA015
1074,44,0,0,,0,,0,0,0,0,0,BRA044
1075,44,0,0,,0,,0,0,0,0,0,BRA042
1075,44,0,0,,0,,0,0,0,0,0,BRA045
1076,44,0,0,,0,,0,0,0,0,0,BRA025
1076,44,0,0,,0,,0,0,0,0,0,BRA040
1077,44,0,0,,0,,0,0,0,0,0,BRA031
1077,44,0,0,,0,,0,0,0,0,0,BRA009
1078,44,0,0,,0,,0,0,0,0,0,BRA041
1078,44,0,0,,0,,0,0,0,0,0,BRA003
1079,44,0,0,,0,,0,0,0,0,0,BRA018
1079,44,0,0,,0,,0,0,0,0,0,BRA028
1080,44,0,0,,0,,0,0,0,0,0,BRA021
1080,44,0,0,,0,,0,0,0,0,0,BRA016
1081,45,0,0,,0,,0,0,0,0,0,BRA005
1081,45,0,0,,0,,0,0,0,0,0,BRA025
1082,45,0,0,,0,,0,0,0,0,0,BRA027
1082,45,0,0,,0,,0,0,0,0,0,BRA035
1083,45,0,0,,0,,0,0,0,0,0,BRA017
1083,45,0,0,,0,,0,0,0,0,0,BRA033
1084,45,0,0,,0,,0,0,0,0,0,BRA034
1084,45,0,0,,0,,0,0,0,0,0,BRA022
1085,45,0,0,,0,,0,0,0,0,0,BRA021
1085,45,0,0,,0,,0,0,0,0,0,BRA042
1086,45,0,0,,0,,0,0,0,0,0,BRA041
1086,45,0,0,,0,,0,0,0,0,0,BRA040
1087,45,0,0,,0,,0,0,0,0,0,BRA009
1087,45,0,0,,0,,0,0,0,0,0,BRA015
1088,45,0,0,,0,,0,0,0,0,0,BRA003
1088,45,0,0,,0,,0,0,0,0,0,BRA044
1089,45,0,0,,0,,0,0,0,0,0,BRA016
1089,45,0,0,,0,,0,0,0,0,0,BRA024
1090,45,0,0,,0,,0,0,0,0,0,BRA020
1090,45,0,0,,0,,0,0,0,0,0,BRA031
1091,45,0,0,,0,,0,0,0,0,0,BRA018
1091,45,0,0,,0,,0,0,0,0,0,BRA045
1092,45,0,0,,0,,0,0,0,0,0,BRA028
1092,45,0,0,,0,,0,0,0,0,0,BRA036
1093,46,0,0,,0,,0,0,0,0,0,BRA022
1093,46,0,0,,0,,0,0,0,0,0,BRA033
1094,46,0,0,,0,,0,0,0,0,0,BRA045
1094,46,0,0,,0,,0,0,0,0,0,BRA036
1095,46,0,0,,0,,0,0,0,0,0,BRA016
1095,46,0,0,,0,,0,0,0,0,0,BRA017
1096,46,0,0,,0,,0,0,0,0,0,BRA025
1096,46,0,0,,0,,0,0,0,0,0,BRA027
1097,46,0,0,,0,,0,0,0,0,0,BRA042
1097,46,0,0,,0,,0,0,0,0,0,BRA024
1098,46,0,0,,0,,0,0,0,0,0,BRA041
1098,46,0,0,,0,,0,0,0,0,0,BRA005
1099,46,0,0,,0,,0,0,0,0,0,BRA018
1099,46,0,0,,0,,0,0,0,0,0,BRA021
1100,46,0,0,,0,,0,0,0,0,0,BRA020
1100,46,0,0,,0,,0,0,0,0,0,BRA015
1101,46,0,0,,0,,0,0,0,0,0,BRA034
1101,46,0,0,,0,,0,0,0,0,0,BRA028
1102,46,0,0,,0,,0,0,0,0,0,BRA035
1102,46,0,0,,0,,0,0,0,0,0,BRA031
1103,46,0,0,,0,,0,0,0,0,0,BRA009
1103,46,0,0,,0,,0,0,0,0,0,BRA003
1104,46,0,0,,0,,0,0,0,0,0,BRA040
1104,46,0,0,,0,,0,0,0,0,0,BRA044
1105,1,0,0,,0,,0,0,0,0,0,BRA024
1105,1,0,0,,0,,0,0,0,0,0,BRA034
1106,1,0,0,,0,,0,0,0,0,0,BRA005
1106,1,0,0,,0,,0,0,0,0,0,BRA020
1107,1,0,0,,0,,0,0,0,0,0,BRA033
1107,1,0,0,,0,,0,0,0,0,0,BRA041
1108,1,0,0,,0,,0,0,0,0,0,BRA021
1108,1,0,0,,0,,0,0,0,0,0,BRA018
1109,1,0,0,,0,,0,0,0,0,0,BRA028
1109,1,0,0,,0,,0,0,0,0,0,BRA009
1110,1,0,0,,0,,0,0,0,0,0,BRA023
1110,1,0,0,,0,,0,0,0,0,0,BRA016
1111,1,0,0,,0,,0,0,0,0,0,BRA042
1111,1,0,0,,0,,0,0,0,0,0,BRA022
1112,1,0,0,,0,,0,0,0,0,0,BRA031
1112,1,0,0,,0,,0,0,0,0,0,BRA015
1113,1,0,0,,0,,0,0,0,0,0,BRA003
1113,1,0,0,,0,,0,0,0,0,0,BRA036
1114,1,0,0,,0,,0,0,0,0,0,BRA011
1114,1,0,0,,0,,0,0,0,0,0,BRA044
1115,1,0,0,,0,,0,0,0,0,0,BRA040
1115,1,0,0,,0,,0,0,0,0,0,BRA035
1116,2,0,0,,0,,0,0,0,0,0,BRA041
1116,2,0,0,,0,,0,0,0,0,0,BRA024
1117,2,0,0,,0,,0,0,0,0,0,BRA044
1117,2,0,0,,0,,0,0,0,0,0,BRA023
1118,2,0,0,,0,,0,0,0,0,0,BRA011
1118,2,0,0,,0,,0,0,0,0,0,BRA033
1119,2,0,0,,0,,0,0,0,0,0,BRA005
1119,2,0,0,,0,,0,0,0,0,0,BRA036
1120,2,0,0,,0,,0,0,0,0,0,BRA034
1120,2,0,0,,0,,0,0,0,0,0,BRA042
1121,2,0,0,,0,,0,0,0,0,0,BRA018
1121,2,0,0,,0,,0,0,0,0,0,BRA028
1122,2,0,0,,0,,0,0,0,0,0,BRA031
1122,2,0,0,,0,,0,0,0,0,0,BRA003
1123,2,0,0,,0,,0,0,0,0,0,BRA020
1123,2,0,0,,0,,0,0,0,0,0,BRA021
1124,2,0,0,,0,,0,0,0,0,0,BRA009
1124,2,0,0,,0,,0,0,0,0,0,BRA015
1125,2,0,0,,0,,0,0,0,0,0,BRA016
1125,2,0,0,,0,,0,0,0,0,0,BRA040
1126,2,0,0,,0,,0,0,0,0,0,BRA035
1126,2,0,0,,0,,0,0,0,0,0,BRA022
1127,3,0,0,,0,,0,0,0,0,0,BRA034
1127,3,0,0,,0,,0,0,0,0,0,BRA031
1128,3,0,0,,0,,0,0,0,0,0,BRA024
1128,3,0,0,,0,,0,0,0,0,0,BRA020
1129,3,0,0,,0,,0,0,0,0,0,BRA036
1129,3,0,0,,0,,0,0,0,0,0,BRA035
1130,3,0,0,,0,,0,0,0,0,0,BRA040
1130,3,0,0,,0,,0,0,0,0,0,BRA003
1131,3,0,0,,0,,0,0,0,0,0,BRA028
1131,3,0,0,,0,,0,0,0,0,0,BRA021
1132,3,0,0,,0,,0,0,0,0,0,BRA033
1132,3,0,0,,0,,0,0,0,0,0,BRA016
1133,3,0,0,,0,,0,0,0,0,0,BRA042
1133,3,0,0,,0,,0,0,0,0,0,BRA015
1134,3,0,0,,0,,0,0,0,0,0,BRA022
1134,3,0,0,,0,,0,0,0,0,0,BRA018
1135,3,0,0,,0,,0,0,0,0,0,BRA023
1135,3,0,0,,0,,0,0,0,0,0,BRA041
1136,3,0,0,,0,,0,0,0,0,0,BRA005
1136,3,0,0,,0,,0,0,0,0,0,BRA011
1138,4,0,0,,0,,0,0,0,0,0,BRA023
1138,4,0,0,,0,,0,0,0,0,0,BRA036
1139,4,0,0,,0,,0,0,0,0,0,BRA009
1139,4,0,0,,0,,0,0,0,0,0,BRA005
1140,4,0,0,,0,,0,0,0,0,0,BRA016
1140,4,0,0,,0,,0,0,0,0,0,BRA042
1141,4,0,0,,0,,0,0,0,0,0,BRA020
1141,4,0,0,,0,,0,0,0,0,0,BRA028
1142,4,0,0,,0,,0,0,0,0,0,BRA018
1142,4,0,0,,0,,0,0,0,0,0,BRA024
1143,4,0,0,,0,,0,0,0,0,0,BRA044
1143,4,0,0,,0,,0,0,0,0,0,BRA031
1144,4,0,0,,0,,0,0,0,0,0,BRA015
1144,4,0,0,,0,,0,0,0,0,0,BRA003
1145,4,0,0,,0,,0,0,0,0,0,BRA035
1145,4,0,0,,0,,0,0,0,0,0,BRA041
1146,4,0,0,,0,,0,0,0,0,0,BRA033
1146,4,0,0,,0,,0,0,0,0,0,BRA034
1147,4,0,0,,0,,0,0,0,0,0,BRA040
1147,4,0,0,,0,,0,0,0,0,0,BRA021
1148,4,0,0,,0,,0,0,0,0,0,BRA022
1148,4,0,0,,0,,0,0,0,0,0,BRA011
1149,5,0,0,,0,,0,0,0,0,0,BRA036
1149,5,0,0,,0,,0,0,0,0,0,BRA034
1150,5,0,0,,0,,0,0,0,0,0,BRA035
1150,5,0,0,,0,,0,0,0,0,0,BRA031
1151,5,0,0,,0,,0,0,0,0,0,BRA023
1151,5,0,0,,0,,0,0,0,0,0,BRA011
1152,5,0,0,,0,,0,0,0,0,0,BRA022
1152,5,0,0,,0,,0,0,0,0,0,BRA016
1153,5,0,0,,0,,0,0,0,0,0,BRA024
1153,5,0,0,,0,,0,0,0,0,0,BRA009
1154,5,0,0,,0,,0,0,0,0,0,BRA040
1154,5,0,0,,0,,0,0,0,0,0,BRA005
1155,5,0,0,,0,,0,0,0,0,0,BRA021
1155,5,0,0,,0,,0,0,0,0,0,BRA041
1156,5,0,0,,0,,0,0,0,0,0,BRA044
1156,5,0,0,,0,,0,0,0,0,0,BRA042
1157,5,0,0,,0,,0,0,0,0,0,BRA003
1157,5,0,0,,0,,0,0,0,0,0,BRA028
1158,5,0,0,,0,,0,0,0,0,0,BRA020
1158,5,0,0,,0,,0,0,0,0,0,BRA015
1159,5,0,0,,0,,0,0,0,0,0,BRA033
1159,5,0,0,,0,,0,0,0,0,0,BRA018
1160,6,0,0,,0,,0,0,0,0,0,BRA035
1160,6,0,0,,0,,0,0,0,0,0,BRA024
1161,6,0,0,,0,,0,0,0,0,0,BRA042
1161,6,0,0,,0,,0,0,0,0,0,BRA018
1162,6,0,0,,0,,0,0,0,0,0,BRA020
1162,6,0,0,,0,,0,0,0,0,0,BRA041
1163,6,0,0,,0,,0,0,0,0,0,BRA033
1163,6,0,0,,0,,0,0,0,0,0,BRA040
1164,6,0,0,,0,,0,0,0,0,0,BRA022
1164,6,0,0,,0,,0,0,0,0,0,BRA021
1165,6,0,0,,0,,0,0,0,0,0,BRA044
1165,6,0,0,,0,,0,0,0,0,0,BRA036
1166,6,0,0,,0,,0,0,0,0,0,BRA015
1166,6,0,0,,0,,0,0,0,0,0,BRA005
1167,6,0,0,,0,,0,0,0,0,0,BRA034
1167,6,0,0,,0,,0,0,0,0,0,BRA011
1168,6,0,0,,0,,0,0,0,0,0,BRA009
1168,6,0,0,,0,,0,0,0,0,0,BRA003
1169,6,0,0,,0,,0,0,0,0,0,BRA016
1169,6,0,0,,0,,0,0,0,0,0,BRA031
1170,6,0,0,,0,,0,0,0,0,0,BRA028
1170,6,0,0,,0,,0,0,0,0,0,BRA023
1171,7,0,0,,0,,0,0,0,0,0,BRA023
1171,7,0,0,,0,,0,0,0,0,0,BRA034
1172,7,0,0,,0,,0,0,0,0,0,BRA018
1172,7,0,0,,0,,0,0,0,0,0,BRA036
1173,7,0,0,,0,,0,0,0,0,0,BRA041
1173,7,0,0,,0,,0,0,0,0,0,BRA011
1174,7,0,0,,0,,0,0,0,0,0,BRA003
1174,7,0,0,,0,,0,0,0,0,0,BRA020
1175,7,0,0,,0,,0,0,0,0,0,BRA024
1175,7,0,0,,0,,0,0,0,0,0,BRA033
1176,7,0,0,,0,,0,0,0,0,0,BRA009
1176,7,0,0,,0,,0,0,0,0,0,BRA031
1177,7,0,0,,0,,0,0,0,0,0,BRA022
1177,7,0,0,,0,,0,0,0,0,0,BRA040
1178,7,0,0,,0,,0,0,0,0,0,BRA028
1178,7,0,0,,0,,0,0,0,0,0,BRA005
1179,7,0,0,,0,,0,0,0,0,0,BRA021
1179,7,0,0,,0,,0,0,0,0,0,BRA015
1180,7,0,0,,0,,0,0,0,0,0,BRA044
1180,7,0,0,,0,,0,0,0,0,0,BRA016
1181,7,0,0,,0,,0,0,0,0,0,BRA035
1181,7,0,0,,0,,0,0,0,0,0,BRA042
1182,8,0,0,,0,,0,0,0,0,0,BRA033
1182,8,0,0,,0,,0,0,0,0,0,BRA044
1183,8,0,0,,0,,0,0,0,0,0,BRA011
1183,8,0,0,,0,,0,0,0,0,0,BRA015
1184,8,0,0,,0,,0,0,0,0,0,BRA035
1184,8,0,0,,0,,0,0,0,0,0,BRA020
1185,8,0,0,,0,,0,0,0,0,0,BRA003
1185,8,0,0,,0,,0,0,0,0,0,BRA021
1186,8,0,0,,0,,0,0,0,0,0,BRA041
1186,8,0,0,,0,,0,0,0,0,0,BRA005
1187,8,0,0,,0,,0,0,0,0,0,BRA036
1187,8,0,0,,0,,0,0,0,0,0,BRA024
1188,8,0,0,,0,,0,0,0,0,0,BRA009
1188,8,0,0,,0,,0,0,0,0,0,BRA042
1189,8,0,0,,0,,0,0,0,0,0,BRA034
1189,8,0,0,,0,,0,0,0,0,0,BRA016
1190,8,0,0,,0,,0,0,0,0,0,BRA022
1190,8,0,0,,0,,0,0,0,0,0,BRA028
1191,8,0,0,,0,,0,0,0,0,0,BRA031
1191,8,0,0,,0,,0,0,0,0,0,BRA018
1192,8,0,0,,0,,0,0,0,0,0,BRA023
1192,8,0,0,,0,,0,0,0,0,0,BRA040
1193,9,0,0,,0,,0,0,0,0,0,BRA005
1193,9,0,0,,0,,0,0,0,0,0,BRA034
1194,9,0,0,,0,,0,0,0,0,0,BRA031
1194,9,0,0,,0,,0,0,0,0,0,BRA036
1195,9,0,0,,0,,0,0,0,0,0,BRA028
1195,9,0,0,,0,,0,0,0,0,0,BRA042
1196,9,0,0,,0,,0,0,0,0,0,BRA021
1196,9,0,0,,0,,0,0,0,0,0,BRA011
1197,9,0,0,,0,,0,0,0,0,0,BRA009
1197,9,0,0,,0,,0,0,0,0,0,BRA020
1198,9,0,0,,0,,0,0,0,0,0,BRA015
1198,9,0,0,,0,,0,0,0,0,0,BRA022
1199,9,0,0,,0,,0,0,0,0,0,BRA041
1199,9,0,0,,0,,0,0,0,0,0,BRA040
1200,9,0,0,,0,,0,0,0,0,0,BRA024
1200,9,0,0,,0,,0,0,0,0,0,BRA016
1201,9,0,0,,0,,0,0,0,0,0,BRA003
1201,9,0,0,,0,,0,0,0,0,0,BRA023
1202,9,0,0,,0,,0,0,0,0,0,BRA033
1202,9,0,0,,0,,0,0,0,0,0,BRA035
1203,9,0,0,,0,,0,0,0,0,0,BRA018
1203,9,0,0,,0,,0,0,0,0,0,BRA044
1204,10,0,0,,0,,0,0,0,0,0,BRA016
1204,10,0,0,,0,,0,0,0,0,0,BRA035
1205,10,0,0,,0,,0,0,0,0,0,BRA034
1205,10,0,0,,0,,0,0,0,0,0,BRA022
1206,10,0,0,,0,,0,0,0,0,0,BRA044
1206,10,0,0,,0,,0,0,0,0,0,BRA024
1207,10,0,0,,0,,0,0,0,0,0,BRA023
1207,10,0,0,,0,,0,0,0,0,0,BRA015
1208,10,0,0,,0,,0,0,0,0,0,BRA020
1208,10,0,0,,0,,0,0,0,0,0,BRA018
1209,10,0,0,,0,,0,0,0,0,0,BRA005
1209,10,0,0,,0,,0,0,0,0,0,BRA021
1210,10,0,0,,0,,0,0,0,0,0,BRA041
1210,10,0,0,,0,,0,0,0,0,0,BRA028
1211,10,0,0,,0,,0,0,0,0,0,BRA033
1211,10,0,0,,0,,0,0,0,0,0,BRA009
1212,10,0,0,,0,,0,0,0,0,0,BRA031
1212,10,0,0,,0,,0,0,0,0,0,BRA040
1213,10,0,0,,0,,0,0,0,0,0,BRA011
1213,10,0,0,,0,,0,0,0,0,0,BRA003
1215,11,0,0,,0,,0,0,0,0,0,BRA034
1215,11,0,0,,0,,0,0,0,0,0,BRA020
1216,11,0,0,,0,,0,0,0,0,0,BRA031
1216,11,0,0,,0,,0,0,0,0,0,BRA011
1217,11,0,0,,0,,0,0,0,0,0,BRA023
1217,11,0,0,,0,,0,0,0,0,0,BRA035
1218,11,0,0,,0,,0,0,0,0,0,BRA021
1218,11,0,0,,0,,0,0,0,0,0,BRA042
1219,11,0,0,,0,,0,0,0,0,0,BRA041
1219,11,0,0,,0,,0,0,0,0,0,BRA036
1220,11,0,0,,0,,0,0,0,0,0,BRA015
1220,11,0,0,,0,,0,0,0,0,0,BRA033
1221,11,0,0,,0,,0,0,0,0,0,BRA022
1221,11,0,0,,0,,0,0,0,0,0,BRA009
1222,11,0,0,,0,,0,0,0,0,0,BRA040
1222,11,0,0,,0,,0,0,0,0,0,BRA024
1223,11,0,0,,0,,0,0,0,0,0,BRA028
1223,11,0,0,,0,,0,0,0,0,0,BRA044
1224,11,0,0,,0,,0,0,0,0,0,BRA003
1224,11,0,0,,0,,0,0,0,0,0,BRA016
1225,11,0,0,,0,,0,0,0,0,0,BRA018
1225,11,0,0,,0,,0,0,0,0,0,BRA005
1226,12,0,0,,0,,0,0,0,0,0,BRA036
1226,12,0,0,,0,,0,0,0,0,0,BRA020
1227,12,0,0,,0,,0,0,0,0,0,BRA011
1227,12,0,0,,0,,0,0,0,0,0,BRA024
1228,12,0,0,,0,,0,0,0,0,0,BRA041
1228,12,0,0,,0,,0,0,0,0,0,BRA022
1229,12,0,0,,0,,0,0,0,0,0,BRA034
1229,12,0,0,,0,,0,0,0,0,0,BRA015
1230,12,0,0,,0,,0,0,0,0,0,BRA042
1230,12,0,0,,0,,0,0,0,0,0,BRA040
1231,12,0,0,,0,,0,0,0,0,0,BRA044
1231,12,0,0,,0,,0,0,0,0,0,BRA021
1232,12,0,0,,0,,0,0,0,0,0,BRA016
1232,12,0,0,,0,,0,0,0,0,0,BRA009
1233,12,0,0,,0,,0,0,0,0,0,BRA005
1233,12,0,0,,0,,0,0,0,0,0,BRA003
1234,12,0,0,,0,,0,0,0,0,0,BRA031
1234,12,0,0,,0,,0,0,0,0,0,BRA028
1235,12,0,0,,0,,0,0,0,0,0,BRA023
1235,12,0,0,,0,,0,0,0,0,0,BRA033
1237,13,0,0,,0,,0,0,0,0,0,BRA041
1237,13,0,0,,0,,0,0,0,0,0,BRA034
1238,13,0,0,,0,,0,0,0,0,0,BRA036
1238,13,0,0,,0,,0,0,0,0,0,BRA009
1239,13,0,0,,0,,0,0,0,0,0,BRA005
1239,13,0,0,,0,,0,0,0,0,0,BRA023
1240,13,0,0,,0,,0,0,0,0,0,BRA022
1240,13,0,0,,0,,0,0,0,0,0,BRA003
1241,13,0,0,,0,,0,0,0,0,0,BRA024
1241,13,0,0,,0,,0,0,0,0,0,BRA028
1242,13,0,0,,0,,0,0,0,0,0,BRA040
1242,13,0,0,,0,,0,0,0,0,0,BRA044
1243,13,0,0,,0,,0,0,0,0,0,BRA020
1243,13,0,0,,0,,0,0,0,0,0,BRA033
1244,13,0,0,,0,,0,0,0,0,0,BRA042
1244,13,0,0,,0,,0,0,0,0,0,BRA011
1245,13,0,0,,0,,0,0,0,0,0,BRA031
1245,13,0,0,,0,,0,0,0,0,0,BRA021
1246,13,0,0,,0,,0,0,0,0,0,BRA018
1246,13,0,0,,0,,0,0,0,0,0,BRA016
1247,13,0,0,,0,,0,0,0,0,0,BRA035
1247,13,0,0,,0,,0,0,0,0,0,BRA015
1248,14,0,0,,0,,0,0,0,0,0,BRA003
1248,14,0,0,,0,,0,0,0,0,0,BRA034
1249,14,0,0,,0,,0,0,0,0,0,BRA011
1249,14,0,0,,0,,0,0,0,0,0,BRA009
1250,14,0,0,,0,,0,0,0,0,0,BRA023
1250,14,0,0,,0,,0,0,0,0,0,BRA024
1251,14,0,0,,0,,0,0,0,0,0,BRA042
1251,14,0,0,,0,,0,0,0,0,0,BRA041
1252,14,0,0,,0,,0,0,0,0,0,BRA044
1252,14,0,0,,0,,0,0,0,0,0,BRA015
1253,14,0,0,,0,,0,0,0,0,0,BRA021
1253,14,0,0,,0,,0,0,0,0,0,BRA016
1254,14,0,0,,0,,0,0,0,0,0,BRA005
1254,14,0,0,,0,,0,0,0,0,0,BRA033
1255,14,0,0,,0,,0,0,0,0,0,BRA036
1255,14,0,0,,0,,0,0,0,0,0,BRA022
1256,14,0,0,,0,,0,0,0,0,0,BRA018
1256,14,0,0,,0,,0,0,0,0,0,BRA040
1257,14,0,0,,0,,0,0,0,0,0,BRA028
1257,14,0,0,,0,,0,0,0,0,0,BRA035
1259,15,0,0,,0,,0,0,0,0,0,BRA031
1259,15,0,0,,0,,0,0,0,0,0,BRA023
1260,15,0,0,,0,,0,0,0,0,0,BRA022
1260,15,0,0,,0,,0,0,0,0,0,BRA024
1261,15,0,0,,0,,0,0,0,0,0,BRA009
1261,15,0,0,,0,,0,0,0,0,0,BRA041
1262,15,0,0,,0,,0,0,0,0,0,BRA015
1262,15,0,0,,0,,0,0,0,0,0,BRA018
1263,15,0,0,,0,,0,0,0,0,0,BRA003
1263,15,0,0,,0,,0,0,0,0,0,BRA044
1264,15,0,0,,0,,0,0,0,0,0,BRA040
1264,15,0,0,,0,,0,0,0,0,0,BRA036
1265,15,0,0,,0,,0,0,0,0,0,BRA042
1265,15,0,0,,0,,0,0,0,0,0,BRA005
1266,15,0,0,,0,,0,0,0,0,0,BRA035
1266,15,0,0,,0,,0,0,0,0,0,BRA011
1267,15,0,0,,0,,0,0,0,0,0,BRA021
1267,15,0,0,,0,,0,0,0,0,0,BRA033
1268,15,0,0,,0,,0,0,0,0,0,BRA016
1268,15,0,0,,0,,0,0,0,0,0,BRA020
1269,15,0,0,,0,,0,0,0,0,0,BRA034
1269,15,0,0,,0,,0,0,0,0,0,BRA028
1270,16,0,0,,0,,0,0,0,0,0,BRA023
1270,16,0,0,,0,,0,0,0,0,0,BRA018
1271,16,0,0,,0,,0,0,0,0,0,BRA005
1271,16,0,0,,0,,0,0,0,0,0,BRA024
1272,16,0,0,,0,,0,0,0,0,0,BRA044
1272,16,0,0,,0,,0,0,0,0,0,BRA041
1273,16,0,0,,0,,0,0,0,0,0,BRA020
1273,16,0,0,,0,,0,0,0,0,0,BRA022
1274,16,0,0,,0,,0,0,0,0,0,BRA011
1274,16,0,0,,0,,0,0,0,0,0,BRA016
1275,16,0,0,,0,,0,0,0,0,0,BRA021
1275,16,0,0,,0,,0,0,0,0,0,BRA009
1276,16,0,0,,0,,0,0,0,0,0,BRA028
1276,16,0,0,,0,,0,0,0,0,0,BRA036
1277,16,0,0,,0,,0,0,0,0,0,BRA034
1277,16,0,0,,0,,0,0,0,0,0,BRA035
1278,16,0,0,,0,,0,0,0,0,0,BRA042
1278,16,0,0,,0,,0,0,0,0,0,BRA031
1279,16,0,0,,0,,0,0,0,0,0,BRA003
1279,16,0,0,,0,,0,0,0,0,0,BRA033
1281,17,0,0,,0,,0,0,0,0,0,BRA018
1281,17,0,0,,0,,0,0,0,0,0,BRA011
1282,17,0,0,,0,,0,0,0,0,0,BRA031
1282,17,0,0,,0,,0,0,0,0,0,BRA041
1283,17,0,0,,0,,0,0,0,0,0,BRA016
1283,17,0,0,,0,,0,0,0,0,0,BRA015
1284,17,0,0,,0,,0,0,0,0,0,BRA024
1284,17,0,0,,0,,0,0,0,0,0,BRA003
1285,17,0,0,,0,,0,0,0,0,0,BRA035
1285,17,0,0,,0,,0,0,0,0,0,BRA005
1286,17,0,0,,0,,0,0,0,0,0,BRA040
1286,17,0,0,,0,,0,0,0,0,0,BRA028
1287,17,0,0,,0,,0,0,0,0,0,BRA021
1287,17,0,0,,0,,0,0,0,0,0,BRA036
1288,17,0,0,,0,,0,0,0,0,0,BRA034
1288,17,0,0,,0,,0,0,0,0,0,BRA009
1289,17,0,0,,0,,0,0,0,0,0,BRA044
1289,17,0,0,,0,,0,0,0,0,0,BRA022
1290,17,0,0,,0,,0,0,0,0,0,BRA020
1290,17,0,0,,0,,0,0,0,0,0,BRA023
1291,17,0,0,,0,,0,0,0,0,0,BRA042
1291,17,0,0,,0,,0,0,0,0,0,BRA033
1292,18,0,0,,0,,0,0,0,0,0,BRA003
1292,18,0,0,,0,,0,0,0,0,0,BRA018
1293,18,0,0,,0,,0,0,0,0,0,BRA015
1293,18,0,0,,0,,0,0,0,0,0,BRA041
1294,18,0,0,,0,,0,0,0,0,0,BRA009
1294,18,0,0,,0,,0,0,0,0,0,BRA035
1295,18,0,0,,0,,0,0,0,0,0,BRA033
1295,18,0,0,,0,,0,0,0,0,0,BRA031
1296,18,0,0,,0,,0,0,0,0,0,BRA040
1296,18,0,0,,0,,0,0,0,0,0,BRA034
1297,18,0,0,,0,,0,0,0,0,0,BRA021
1297,18,0,0,,0,,0,0,0,0,0,BRA023
1298,18,0,0,,0,,0,0,0,0,0,BRA028
1298,18,0,0,,0,,0,0,0,0,0,BRA011
1299,18,0,0,,0,,0,0,0,0,0,BRA005
1299,18,0,0,,0,,0,0,0,0,0,BRA022
1300,18,0,0,,0,,0,0,0,0,0,BRA036
1300,18,0,0,,0,,0,0,0,0,0,BRA016
1301,18,0,0,,0,,0,0,0,0,0,BRA024
1301,18,0,0,,0,,0,0,0,0,0,BRA042
1303,19,0,0,,0,,0,0,0,0,0,BRA041
1303,19,0,0,,0,,0,0,0,0,0,BRA003
1304,19,0,0,,0,,0,0,0,0,0,BRA044
1304,19,0,0,,0,,0,0,0,0,0,BRA035
1305,19,0,0,,0,,0,0,0,0,0,BRA016
1305,19,0,0,,0,,0,0,0,0,0,BRA005
1306,19,0,0,,0,,0,0,0,0,0,BRA033
1306,19,0,0,,0,,0,0,0,0,0,BRA036
1307,19,0,0,,0,,0,0,0,0,0,BRA015
1307,19,0,0,,0,,0,0,0,0,0,BRA028
1308,19,0,0,,0,,0,0,0,0,0,BRA020
1308,19,0,0,,0,,0,0,0,0,0,BRA042
1309,19,0,0,,0,,0,0,0,0,0,BRA040
1309,19,0,0,,0,,0,0,0,0,0,BRA011
1310,19,0,0,,0,,0,0,0,0,0,BRA022
1310,19,0,0,,0,,0,0,0,0,0,BRA023
1311,19,0,0,,0,,0,0,0,0,0,BRA034
1311,19,0,0,,0,,0,0,0,0,0,BRA021
1312,19,0,0,,0,,0,0,0,0,0,BRA031
1312,19,0,0,,0,,0,0,0,0,0,BRA024
1314,20,0,0,,0,,0,0,0,0,0,BRA016
1314,20,0,0,,0,,0,0,0,0,0,BRA041
1315,20,0,0,,0,,0,0,0,0,0,BRA028
1315,20,0,0,,0,,0,0,0,0,0,BRA033
1316,20,0,0,,0,,0,0,0,0,0,BRA003
1316,20,0,0,,0,,0,0,0,0,0,BRA035
1317,20,0,0,,0,,0,0,0,0,0,BRA036
1317,20,0,0,,0,,0,0,0,0,0,BRA015
1318,20,0,0,,0,,0,0,0,0,0,BRA005
1318,20,0,0,,0,,0,0,0,0,0,BRA044
1319,20,0,0,,0,,0,0,0,0,0,BRA011
1319,20,0,0,,0,,0,0,0,0,0,BRA020
1320,20,0,0,,0,,0,0,0,0,0,BRA024
1320,20,0,0,,0,,0,0,0,0,0,BRA021
1321,20,0,0,,0,,0,0,0,0,0,BRA034
1321,20,0,0,,0,,0,0,0,0,0,BRA018
1322,20,0,0,,0,,0,0,0,0,0,BRA023
1322,20,0,0,,0,,0,0,0,0,0,BRA042
1323,20,0,0,,0,,0,0,0,0,0,BRA040
1323,20,0,0,,0,,0,0,0,0,0,BRA009
1325,21,0,0,,0,,0,0,0,0,0,BRA031
1325,21,0,0,,0,,0,0,0,0,0,BRA005
1326,21,0,0,,0,,0,0,0,0,0,BRA018
1326,21,0,0,,0,,0,0,0,0,0,BRA041
1327,21,0,0,,0,,0,0,0,0,0,BRA042
1327,21,0,0,,0,,0,0,0,0,0,BRA003
1328,21,0,0,,0,,0,0,0,0,0,BRA015
1328,21,0,0,,0,,0,0,0,0,0,BRA024
1329,21,0,0,,0,,0,0,0,0,0,BRA044
1329,21,0,0,,0,,0,0,0,0,0,BRA034
1330,21,0,0,,0,,0,0,0,0,0,BRA033
1330,21,0,0,,0,,0,0,0,0,0,BRA022
1331,21,0,0,,0,,0,0,0,0,0,BRA011
1331,21,0,0,,0,,0,0,0,0,0,BRA036
1332,21,0,0,,0,,0,0,0,0,0,BRA009
1332,21,0,0,,0,,0,0,0,0,0,BRA023
1333,21,0,0,,0,,0,0,0,0,0,BRA035
1333,21,0,0,,0,,0,0,0,0,0,BRA021
1334,21,0,0,,0,,0,0,0,0,0,BRA020
1334,21,0,0,,0,,0,0,0,0,0,BRA040
1336,22,0,0,,0,,0,0,0,0,0,BRA033
1336,22,0,0,,0,,0,0,0,0,0,BRA041
1337,22,0,0,,0,,0,0,0,0,0,BRA003
1337,22,0,0,,0,,0,0,0,0,0,BRA036
1338,22,0,0,,0,,0,0,0,0,0,BRA024
1338,22,0,0,,0,,0,0,0,0,0,BRA034
1339,22,0,0,,0,,0,0,0,0,0,BRA011
1339,22,0,0,,0,,0,0,0,0,0,BRA044
1340,22,0,0,,0,,0,0,0,0,0,BRA022
1340,22,0,0,,0,,0,0,0,0,0,BRA042
1341,22,0,0,,0,,0,0,0,0,0,BRA021
1341,22,0,0,,0,,0,0,0,0,0,BRA018
1342,22,0,0,,0,,0,0,0,0,0,BRA031
1342,22,0,0,,0,,0,0,0,0,0,BRA015
1343,22,0,0,,0,,0,0,0,0,0,BRA040
1343,22,0,0,,0,,0,0,0,0,0,BRA035
1344,22,0,0,,0,,0,0,0,0,0,BRA028
1344,22,0,0,,0,,0,0,0,0,0,BRA009
1345,22,0,0,,0,,0,0,0,0,0,BRA005
1345,22,0,0,,0,,0,0,0,0,0,BRA020
1346,22,0,0,,0,,0,0,0,0,0,BRA023
1346,22,0,0,,0,,0,0,0,0,0,BRA016
1347,23,0,0,,0,,0,0,0,0,0,BRA031
1347,23,0,0,,0,,0,0,0,0,0,BRA003
1348,23,0,0,,0,,0,0,0,0,0,BRA041
1348,23,0,0,,0,,0,0,0,0,0,BRA024
1349,23,0,0,,0,,0,0,0,0,0,BRA011
1349,23,0,0,,0,,0,0,0,0,0,BRA033
1350,23,0,0,,0,,0,0,0,0,0,BRA034
1350,23,0,0,,0,,0,0,0,0,0,BRA042
1351,23,0,0,,0,,0,0,0,0,0,BRA020
1351,23,0,0,,0,,0,0,0,0,0,BRA021
1352,23,0,0,,0,,0,0,0,0,0,BRA018
1352,23,0,0,,0,,0,0,0,0,0,BRA028
1353,23,0,0,,0,,0,0,0,0,0,BRA009
1353,23,0,0,,0,,0,0,0,0,0,BRA015
1354,23,0,0,,0,,0,0,0,0,0,BRA036
1354,23,0,0,,0,,0,0,0,0,0,BRA005
1355,23,0,0,,0,,0,0,0,0,0,BRA023
1355,23,0,0,,0,,0,0,0,0,0,BRA044
1356,23,0,0,,0,,0,0,0,0,0,BRA035
1356,23,0,0,,0,,0,0,0,0,0,BRA022
1357,23,0,0,,0,,0,0,0,0,0,BRA016
1357,23,0,0,,0,,0,0,0,0,0,BRA040
1358,24,0,0,,0,,0,0,0,0,0,BRA044
1358,24,0,0,,0,,0,0,0,0,0,BRA009
1359,24,0,0,,0,,0,0,0,0,0,BRA041
1359,24,0,0,,0,,0,0,0,0,0,BRA023
1360,24,0,0,,0,,0,0,0,0,0,BRA005
1360,24,0,0,,0,,0,0,0,0,0,BRA011
1361,24,0,0,,0,,0,0,0,0,0,BRA024
1361,24,0,0,,0,,0,0,0,0,0,BRA020
1362,24,0,0,,0,,0,0,0,0,0,BRA034
1362,24,0,0,,0,,0,0,0,0,0,BRA031
1363,24,0,0,,0,,0,0,0,0,0,BRA018
1363,24,0,0,,0,,0,0,0,0,0,BRA022
1364,24,0,0,,0,,0,0,0,0,0,BRA040
1364,24,0,0,,0,,0,0,0,0,0,BRA003
1365,24,0,0,,0,,0,0,0,0,0,BRA036
1365,24,0,0,,0,,0,0,0,0,0,BRA035
1366,24,0,0,,0,,0,0,0,0,0,BRA028
1366,24,0,0,,0,,0,0,0,0,0,BRA021
1367,24,0,0,,0,,0,0,0,0,0,BRA033
1367,24,0,0,,0,,0,0,0,0,0,BRA016
1369,25,0,0,,0,,0,0,0,0,0,BRA035
1369,25,0,0,,0,,0,0,0,0,0,BRA041
1370,25,0,0,,0,,0,0,0,0,0,BRA018
1370,25,0,0,,0,,0,0,0,0,0,BRA024
1371,25,0,0,,0,,0,0,0,0,0,BRA040
1371,25,0,0,,0,,0,0,0,0,0,BRA021
1372,25,0,0,,0,,0,0,0,0,0,BRA020
1372,25,0,0,,0,,0,0,0,0,0,BRA028
1373,25,0,0,,0,,0,0,0,0,0,BRA044
1373,25,0,0,,0,,0,0,0,0,0,BRA031
1374,25,0,0,,0,,0,0,0,0,0,BRA033
1374,25,0,0,,0,,0,0,0,0,0,BRA034
1375,25,0,0,,0,,0,0,0,0,0,BRA015
1375,25,0,0,,0,,0,0,0,0,0,BRA003
1376,25,0,0,,0,,0,0,0,0,0,BRA023
1376,25,0,0,,0,,0,0,0,0,0,BRA036
1377,25,0,0,,0,,0,0,0,0,0,BRA016
1377,25,0,0,,0,,0,0,0,0,0,BRA042
1378,25,0,0,,0,,0,0,0,0,0,BRA005
1378,25,0,0,,0,,0,0,0,0,0,BRA009
1380,26,0,0,,0,,0,0,0,0,0,BRA036
1380,26,0,0,,0,,0,0,0,0,0,BRA034
1381,26,0,0,,0,,0,0,0,0,0,BRA031
1381,26,0,0,,0,,0,0,0,0,0,BRA035
1382,26,0,0,,0,,0,0,0,0,0,BRA018
1382,26,0,0,,0,,0,0,0,0,0,BRA033
1383,26,0,0,,0,,0,0,0,0,0,BRA041
1383,26,0,0,,0,,0,0,0,0,0,BRA021
1384,26,0,0,,0,,0,0,0,0,0,BRA044
1384,26,0,0,,0,,0,0,0,0,0,BRA042
1385,26,0,0,,0,,0,0,0,0,0,BRA023
1385,26,0,0,,0,,0,0,0,0,0,BRA011
1386,26,0,0,,0,,0,0,0,0,0,BRA003
1386,26,0,0,,0,,0,0,0,0,0,BRA028
1387,26,0,0,,0,,0,0,0,0,0,BRA015
1387,26,0,0,,0,,0,0,0,0,0,BRA020
1388,26,0,0,,0,,0,0,0,0,0,BRA024
1388,26,0,0,,0,,0,0,0,0,0,BRA009
1389,26,0,0,,0,,0,0,0,0,0,BRA022
1389,26,0,0,,0,,0,0,0,0,0,BRA016
1390,26,0,0,,0,,0,0,0,0,0,BRA040
1390,26,0,0,,0,,0,0,0,0,0,BRA005
1391,27,0,0,,0,,0,0,0,0,0,BRA020
1391,27,0,0,,0,,0,0,0,0,0,BRA041
1392,27,0,0,,0,,0,0,0,0,0,BRA023
1392,27,0,0,,0,,0,0,0,0,0,BRA028
1393,27,0,0,,0,,0,0,0,0,0,BRA035
1393,27,0,0,,0,,0,0,0,0,0,BRA024
1394,27,0,0,,0,,0,0,0,0,0,BRA011
1394,27,0,0,,0,,0,0,0,0,0,BRA034
1395,27,0,0,,0,,0,0,0,0,0,BRA033
1395,27,0,0,,0,,0,0,0,0,0,BRA040
1396,27,0,0,,0,,0,0,0,0,0,BRA042
1396,27,0,0,,0,,0,0,0,0,0,BRA018
1397,27,0,0,,0,,0,0,0,0,0,BRA022
1397,27,0,0,,0,,0,0,0,0,0,BRA021
1398,27,0,0,,0,,0,0,0,0,0,BRA016
1398,27,0,0,,0,,0,0,0,0,0,BRA031
1399,27,0,0,,0,,0,0,0,0,0,BRA036
1399,27,0,0,,0,,0,0,0,0,0,BRA044
1400,27,0,0,,0,,0,0,0,0,0,BRA005
1400,27,0,0,,0,,0,0,0,0,0,BRA015
1401,27,0,0,,0,,0,0,0,0,0,BRA009
1401,27,0,0,,0,,0,0,0,0,0,BRA003
1402,28,0,0,,0,,0,0,0,0,0,BRA035
1402,28,0,0,,0,,0,0,0,0,0,BRA042
1403,28,0,0,,0,,0,0,0,0,0,BRA041
1403,28,0,0,,0,,0,0,0,0,0,BRA011
1404,28,0,0,,0,,0,0,0,0,0,BRA023
1404,28,0,0,,0,,0,0,0,0,0,BRA034
1405,28,0,0,,0,,0,0,0,0,0,BRA031
1405,28,0,0,,0,,0,0,0,0,0,BRA009
1406,28,0,0,,0,,0,0,0,0,0,BRA003
1406,28,0,0,,0,,0,0,0,0,0,BRA020
1407,28,0,0,,0,,0,0,0,0,0,BRA018
1407,28,0,0,,0,,0,0,0,0,0,BRA036
1408,28,0,0,,0,,0,0,0,0,0,BRA044
1408,28,0,0,,0,,0,0,0,0,0,BRA016
1409,28,0,0,,0,,0,0,0,0,0,BRA015
1409,28,0,0,,0,,0,0,0,0,0,BRA021
1410,28,0,0,,0,,0,0,0,0,0,BRA024
1410,28,0,0,,0,,0,0,0,0,0,BRA033
1411,28,0,0,,0,,0,0,0,0,0,BRA022
1411,28,0,0,,0,,0,0,0,0,0,BRA040
1412,28,0,0,,0,,0,0,0,0,0,BRA028
1412,28,0,0,,0,,0,0,0,0,0,BRA005
1413,29,0,0,,0,,0,0,0,0,0,BRA034
1413,29,0,0,,0,,0,0,0,0,0,BRA016
1414,29,0,0,,0,,0,0,0,0,0,BRA036
1414,29,0,0,,0,,0,0,0,0,0,BRA024
1415,29,0,0,,0,,0,0,0,0,0,BRA031
1415,29,0,0,,0,,0,0,0,0,0,BRA018
1416,29,0,0,,0,,0,0,0,0,0,BRA035
1416,29,0,0,,0,,0,0,0,0,0,BRA020
1417,29,0,0,,0,,0,0,0,0,0,BRA005
1417,29,0,0,,0,,0,0,0,0,0,BRA041
1418,29,0,0,,0,,0,0,0,0,0,BRA023
1418,29,0,0,,0,,0,0,0,0,0,BRA040
1419,29,0,0,,0,,0,0,0,0,0,BRA028
1419,29,0,0,,0,,0,0,0,0,0,BRA022
1420,29,0,0,,0,,0,0,0,0,0,BRA033
1420,29,0,0,,0,,0,0,0,0,0,BRA044
1421,29,0,0,,0,,0,0,0,0,0,BRA011
1421,29,0,0,,0,,0,0,0,0,0,BRA015
1422,29,0,0,,0,,0,0,0,0,0,BRA009
1422,29,0,0,,0,,0,0,0,0,0,BRA042
1423,29,0,0,,0,,0,0,0,0,0,BRA003
1423,29,0,0,,0,,0,0,0,0,0,BRA021
1424,30,0,0,,0,,0,0,0,0,0,BRA041
1424,30,0,0,,0,,0,0,0,0,0,BRA040
1425,30,0,0,,0,,0,0,0,0,0,BRA031
1425,30,0,0,,0,,0,0,0,0,0,BRA036
1426,30,0,0,,0,,0,0,0,0,0,BRA024
1426,30,0,0,,0,,0,0,0,0,0,BRA016
1427,30,0,0,,0,,0,0,0,0,0,BRA005
1427,30,0,0,,0,,0,0,0,0,0,BRA034
1428,30,0,0,,0,,0,0,0,0,0,BRA020
1428,30,0,0,,0,,0,0,0,0,0,BRA009
1429,30,0,0,,0,,0,0,0,0,0,BRA003
1429,30,0,0,,0,,0,0,0,0,0,BRA023
1430,30,0,0,,0,,0,0,0,0,0,BRA018
1430,30,0,0,,0,,0,0,0,0,0,BRA044
1431,30,0,0,,0,,0,0,0,0,0,BRA035
1431,30,0,0,,0,,0,0,0,0,0,BRA033
1432,30,0,0,,0,,0,0,0,0,0,BRA021
1432,30,0,0,,0,,0,0,0,0,0,BRA011
1433,30,0,0,,0,,0,0,0,0,0,BRA015
1433,30,0,0,,0,,0,0,0,0,0,BRA022
1434,30,0,0,,0,,0,0,0,0,0,BRA042
1434,30,0,0,,0,,0,0,0,0,0,BRA028
1435,31,0,0,,0,,0,0,0,0,0,BRA033
1435,31,0,0,,0,,0,0,0,0,0,BRA009
1436,31,0,0,,0,,0,0,0,0,0,BRA023
1436,31,0,0,,0,,0,0,0,0,0,BRA015
1437,31,0,0,,0,,0,0,0,0,0,BRA034
1437,31,0,0,,0,,0,0,0,0,0,BRA022
1438,31,0,0,,0,,0,0,0,0,0,BRA031
1438,31,0,0,,0,,0,0,0,0,0,BRA040
1439,31,0,0,,0,,0,0,0,0,0,BRA044
1439,31,0,0,,0,,0,0,0,0,0,BRA024
1440,31,0,0,,0,,0,0,0,0,0,BRA020
1440,31,0,0,,0,,0,0,0,0,0,BRA018
1441,31,0,0,,0,,0,0,0,0,0,BRA028
1441,31,0,0,,0,,0,0,0,0,0,BRA041
1442,31,0,0,,0,,0,0,0,0,0,BRA036
1442,31,0,0,,0,,0,0,0,0,0,BRA042
1443,31,0,0,,0,,0,0,0,0,0,BRA021
1443,31,0,0,,0,,0,0,0,0,0,BRA005
1444,31,0,0,,0,,0,0,0,0,0,BRA003
1444,31,0,0,,0,,0,0,0,0,0,BRA011
1445,31,0,0,,0,,0,0,0,0,0,BRA016
1445,31,0,0,,0,,0,0,0,0,0,BRA035
1302,18,0,0,,0,,0,0,0,0,0,BRA044
1302,18,0,0,,0,,0,0,0,0,0,BRA020
1313,19,0,0,,0,,0,0,0,0,0,BRA009
1313,19,0,0,,0,,0,0,0,0,0,BRA018
1324,20,0,0,,0,,0,0,0,0,0,BRA022
1324,20,0,0,,0,,0,0,0,0,0,BRA031
1280,16,0,0,,0,,0,0,0,0,0,BRA015
1280,16,0,0,,0,,0,0,0,0,0,BRA040
1446,32,0,0,,0,,0,0,0,0,0,BRA009
1446,32,0,0,,0,,0,0,0,0,0,BRA022
1447,32,0,0,,0,,0,0,0,0,0,BRA035
1447,32,0,0,,0,,0,0,0,0,0,BRA023
1448,32,0,0,,0,,0,0,0,0,0,BRA031
1448,32,0,0,,0,,0,0,0,0,0,BRA011
1449,32,0,0,,0,,0,0,0,0,0,BRA034
1449,32,0,0,,0,,0,0,0,0,0,BRA020
1450,32,0,0,,0,,0,0,0,0,0,BRA016
1450,32,0,0,,0,,0,0,0,0,0,BRA003
1451,32,0,0,,0,,0,0,0,0,0,BRA028
1451,32,0,0,,0,,0,0,0,0,0,BRA044
1452,32,0,0,,0,,0,0,0,0,0,BRA015
1452,32,0,0,,0,,0,0,0,0,0,BRA033
1453,32,0,0,,0,,0,0,0,0,0,BRA018
1453,32,0,0,,0,,0,0,0,0,0,BRA005
1454,32,0,0,,0,,0,0,0,0,0,BRA042
1454,32,0,0,,0,,0,0,0,0,0,BRA021
1455,32,0,0,,0,,0,0,0,0,0,BRA040
1455,32,0,0,,0,,0,0,0,0,0,BRA024
1456,32,0,0,,0,,0,0,0,0,0,BRA041
1456,32,0,0,,0,,0,0,0,0,0,BRA036
1137,3,0,0,,0,,0,0,0,0,0,BRA044
1137,3,0,0,,0,,0,0,0,0,0,BRA009
1214,10,0,0,,0,,0,0,0,0,0,BRA036
1214,10,0,0,,0,,0,0,0,0,0,BRA042
1236,12,0,0,,0,,0,0,0,0,0,BRA035
1236,12,0,0,,0,,0,0,0,0,0,BRA018
1258,14,0,0,,0,,0,0,0,0,0,BRA020
1258,14,0,0,,0,,0,0,0,0,0,BRA031
1457,33,0,0,,0,,0,0,0,0,0,BRA024
1457,33,0,0,,0,,0,0,0,0,0,BRA011
1458,33,0,0,,0,,0,0,0,0,0,BRA041
1458,33,0,0,,0,,0,0,0,0,0,BRA022
1459,33,0,0,,0,,0,0,0,0,0,BRA021
1459,33,0,0,,0,,0,0,0,0,0,BRA044
1460,33,0,0,,0,,0,0,0,0,0,BRA034
1460,33,0,0,,0,,0,0,0,0,0,BRA015
1461,33,0,0,,0,,0,0,0,0,0,BRA023
1461,33,0,0,,0,,0,0,0,0,0,BRA033
1462,33,0,0,,0,,0,0,0,0,0,BRA003
1462,33,0,0,,0,,0,0,0,0,0,BRA005
1463,33,0,0,,0,,0,0,0,0,0,BRA028
1463,33,0,0,,0,,0,0,0,0,0,BRA031
1464,33,0,0,,0,,0,0,0,0,0,BRA035
1464,33,0,0,,0,,0,0,0,0,0,BRA018
1465,33,0,0,,0,,0,0,0,0,0,BRA036
1465,33,0,0,,0,,0,0,0,0,0,BRA020
1466,33,0,0,,0,,0,0,0,0,0,BRA016
1466,33,0,0,,0,,0,0,0,0,0,BRA009
1467,33,0,0,,0,,0,0,0,0,0,BRA040
1467,33,0,0,,0,,0,0,0,0,0,BRA042
1368,24,0,0,,0,,0,0,0,0,0,BRA042
1368,24,0,0,,0,,0,0,0,0,0,BRA015
1379,25,0,0,,0,,0,0,0,0,0,BRA011
1379,25,0,0,,0,,0,0,0,0,0,BRA022
1468,34,0,0,,0,,0,0,0,0,0,BRA016
1468,34,0,0,,0,,0,0,0,0,0,BRA018
1469,34,0,0,,0,,0,0,0,0,0,BRA024
1469,34,0,0,,0,,0,0,0,0,0,BRA028
1470,34,0,0,,0,,0,0,0,0,0,BRA005
1470,34,0,0,,0,,0,0,0,0,0,BRA023
1471,34,0,0,,0,,0,0,0,0,0,BRA020
1471,34,0,0,,0,,0,0,0,0,0,BRA033
1472,34,0,0,,0,,0,0,0,0,0,BRA044
1472,34,0,0,,0,,0,0,0,0,0,BRA040
1473,34,0,0,,0,,0,0,0,0,0,BRA031
1473,34,0,0,,0,,0,0,0,0,0,BRA021
1474,34,0,0,,0,,0,0,0,0,0,BRA042
1474,34,0,0,,0,,0,0,0,0,0,BRA011
1475,34,0,0,,0,,0,0,0,0,0,BRA022
1475,34,0,0,,0,,0,0,0,0,0,BRA003
1476,34,0,0,,0,,0,0,0,0,0,BRA035
1476,34,0,0,,0,,0,0,0,0,0,BRA015
1477,34,0,0,,0,,0,0,0,0,0,BRA009
1477,34,0,0,,0,,0,0,0,0,0,BRA036
1335,21,0,0,,0,,0,0,0,0,0,BRA016
1335,21,0,0,,0,,0,0,0,0,0,BRA028
1478,34,0,0,,0,,0,0,0,0,0,BRA034
1478,34,0,0,,0,,0,0,0,0,0,BRA041
1479,35,0,0,,0,,0,0,0,0,0,BRA020
1479,35,0,0,,0,,0,0,0,0,0,BRA031
1480,35,0,0,,0,,0,0,0,0,0,BRA024
1480,35,0,0,,0,,0,0,0,0,0,BRA023
1481,35,0,0,,0,,0,0,0,0,0,BRA005
1481,35,0,0,,0,,0,0,0,0,0,BRA033
1482,35,0,0,,0,,0,0,0,0,0,BRA040
1482,35,0,0,,0,,0,0,0,0,0,BRA018
1483,35,0,0,,0,,0,0,0,0,0,BRA003
1483,35,0,0,,0,,0,0,0,0,0,BRA034
1484,35,0,0,,0,,0,0,0,0,0,BRA044
1484,35,0,0,,0,,0,0,0,0,0,BRA015
1485,35,0,0,,0,,0,0,0,0,0,BRA042
1485,35,0,0,,0,,0,0,0,0,0,BRA041
1486,35,0,0,,0,,0,0,0,0,0,BRA022
1486,35,0,0,,0,,0,0,0,0,0,BRA036
1487,35,0,0,,0,,0,0,0,0,0,BRA011
1487,35,0,0,,0,,0,0,0,0,0,BRA009
1488,35,0,0,,0,,0,0,0,0,0,BRA028
1488,35,0,0,,0,,0,0,0,0,0,BRA035
1489,35,0,0,,0,,0,0,0,0,0,BRA021
1489,35,0,0,,0,,0,0,0,0,0,BRA016
1490,36,0,0,,0,,0,0,0,0,0,BRA042
1490,36,0,0,,0,,0,0,0,0,0,BRA005
1491,36,0,0,,0,,0,0,0,0,0,BRA031
1491,36,0,0,,0,,0,0,0,0,0,BRA023
1492,36,0,0,,0,,0,0,0,0,0,BRA040
1492,36,0,0,,0,,0,0,0,0,0,BRA036
1493,36,0,0,,0,,0,0,0,0,0,BRA015
1493,36,0,0,,0,,0,0,0,0,0,BRA018
1494,36,0,0,,0,,0,0,0,0,0,BRA022
1494,36,0,0,,0,,0,0,0,0,0,BRA024
1495,36,0,0,,0,,0,0,0,0,0,BRA016
1495,36,0,0,,0,,0,0,0,0,0,BRA020
1496,36,0,0,,0,,0,0,0,0,0,BRA033
1496,36,0,0,,0,,0,0,0,0,0,BRA021
1497,36,0,0,,0,,0,0,0,0,0,BRA044
1497,36,0,0,,0,,0,0,0,0,0,BRA003
1498,36,0,0,,0,,0,0,0,0,0,BRA009
1498,36,0,0,,0,,0,0,0,0,0,BRA041
1499,36,0,0,,0,,0,0,0,0,0,BRA034
1499,36,0,0,,0,,0,0,0,0,0,BRA028
1500,36,0,0,,0,,0,0,0,0,0,BRA035
1500,36,0,0,,0,,0,0,0,0,0,BRA011
1501,37,0,0,,0,,0,0,0,0,0,BRA042
1501,37,0,0,,0,,0,0,0,0,0,BRA031
1502,37,0,0,,0,,0,0,0,0,0,BRA023
1502,37,0,0,,0,,0,0,0,0,0,BRA018
1503,37,0,0,,0,,0,0,0,0,0,BRA021
1503,37,0,0,,0,,0,0,0,0,0,BRA009
1504,37,0,0,,0,,0,0,0,0,0,BRA044
1504,37,0,0,,0,,0,0,0,0,0,BRA041
1505,37,0,0,,0,,0,0,0,0,0,BRA040
1505,37,0,0,,0,,0,0,0,0,0,BRA015
1506,37,0,0,,0,,0,0,0,0,0,BRA028
1506,37,0,0,,0,,0,0,0,0,0,BRA036
1507,37,0,0,,0,,0,0,0,0,0,BRA034
1507,37,0,0,,0,,0,0,0,0,0,BRA035
1508,37,0,0,,0,,0,0,0,0,0,BRA024
1508,37,0,0,,0,,0,0,0,0,0,BRA005
1509,37,0,0,,0,,0,0,0,0,0,BRA022
1509,37,0,0,,0,,0,0,0,0,0,BRA020
1510,37,0,0,,0,,0,0,0,0,0,BRA003
1510,37,0,0,,0,,0,0,0,0,0,BRA033
1511,37,0,0,,0,,0,0,0,0,0,BRA011
1511,37,0,0,,0,,0,0,0,0,0,BRA016
1512,38,0,0,,0,,0,0,0,0,0,BRA033
1512,38,0,0,,0,,0,0,0,0,0,BRA042
1513,38,0,0,,0,,0,0,0,0,0,BRA034
1513,38,0,0,,0,,0,0,0,0,0,BRA009
1514,38,0,0,,0,,0,0,0,0,0,BRA035
1514,38,0,0,,0,,0,0,0,0,0,BRA005
1515,38,0,0,,0,,0,0,0,0,0,BRA020
1515,38,0,0,,0,,0,0,0,0,0,BRA023
1516,38,0,0,,0,,0,0,0,0,0,BRA024
1516,38,0,0,,0,,0,0,0,0,0,BRA003
1517,38,0,0,,0,,0,0,0,0,0,BRA021
1517,38,0,0,,0,,0,0,0,0,0,BRA036
1518,38,0,0,,0,,0,0,0,0,0,BRA016
1518,38,0,0,,0,,0,0,0,0,0,BRA015
1519,38,0,0,,0,,0,0,0,0,0,BRA044
1519,38,0,0,,0,,0,0,0,0,0,BRA022
1520,38,0,0,,0,,0,0,0,0,0,BRA018
1520,38,0,0,,0,,0,0,0,0,0,BRA011
1521,38,0,0,,0,,0,0,0,0,0,BRA031
1521,38,0,0,,0,,0,0,0,0,0,BRA041
1522,38,0,0,,0,,0,0,0,0,0,BRA040
1522,38,0,0,,0,,0,0,0,0,0,BRA028
1523,39,0,0,,0,,0,0,0,0,0,BRA033
1523,39,0,0,,0,,0,0,0,0,0,BRA031
1524,39,0,0,,0,,0,0,0,0,0,BRA021
1524,39,0,0,,0,,0,0,0,0,0,BRA023
1525,39,0,0,,0,,0,0,0,0,0,BRA024
1525,39,0,0,,0,,0,0,0,0,0,BRA042
1526,39,0,0,,0,,0,0,0,0,0,BRA028
1526,39,0,0,,0,,0,0,0,0,0,BRA011
1527,39,0,0,,0,,0,0,0,0,0,BRA041
1527,39,0,0,,0,,0,0,0,0,0,BRA015
1528,39,0,0,,0,,0,0,0,0,0,BRA040
1528,39,0,0,,0,,0,0,0,0,0,BRA034
1529,39,0,0,,0,,0,0,0,0,0,BRA044
1529,39,0,0,,0,,0,0,0,0,0,BRA020
1530,39,0,0,,0,,0,0,0,0,0,BRA009
1530,39,0,0,,0,,0,0,0,0,0,BRA035
1531,39,0,0,,0,,0,0,0,0,0,BRA036
1531,39,0,0,,0,,0,0,0,0,0,BRA016
1532,39,0,0,,0,,0,0,0,0,0,BRA018
1532,39,0,0,,0,,0,0,0,0,0,BRA003
1533,39,0,0,,0,,0,0,0,0,0,BRA022
1533,39,0,0,,0,,0,0,0,0,0,BRA005
1534,40,0,0,,0,,0,0,0,0,0,BRA020
1534,40,0,0,,0,,0,0,0,0,0,BRA042
1535,40,0,0,,0,,0,0,0,0,0,BRA031
1535,40,0,0,,0,,0,0,0,0,0,BRA024
1536,40,0,0,,0,,0,0,0,0,0,BRA011
1536,40,0,0,,0,,0,0,0,0,0,BRA040
1537,40,0,0,,0,,0,0,0,0,0,BRA034
1537,40,0,0,,0,,0,0,0,0,0,BRA021
1538,40,0,0,,0,,0,0,0,0,0,BRA015
1538,40,0,0,,0,,0,0,0,0,0,BRA028
1539,40,0,0,,0,,0,0,0,0,0,BRA041
1539,40,0,0,,0,,0,0,0,0,0,BRA003
1540,40,0,0,,0,,0,0,0,0,0,BRA044
1540,40,0,0,,0,,0,0,0,0,0,BRA035
1541,40,0,0,,0,,0,0,0,0,0,BRA016
1541,40,0,0,,0,,0,0,0,0,0,BRA005
1542,40,0,0,,0,,0,0,0,0,0,BRA023
1542,40,0,0,,0,,0,0,0,0,0,BRA022
1543,40,0,0,,0,,0,0,0,0,0,BRA036
1543,40,0,0,,0,,0,0,0,0,0,BRA033
1544,40,0,0,,0,,0,0,0,0,0,BRA009
1544,40,0,0,,0,,0,0,0,0,0,BRA018
1545,41,0,0,,0,,0,0,0,0,0,BRA005
1545,41,0,0,,0,,0,0,0,0,0,BRA044
1546,41,0,0,,0,,0,0,0,0,0,BRA011
1546,41,0,0,,0,,0,0,0,0,0,BRA020
1547,41,0,0,,0,,0,0,0,0,0,BRA003
1547,41,0,0,,0,,0,0,0,0,0,BRA035
1548,41,0,0,,0,,0,0,0,0,0,BRA041
1548,41,0,0,,0,,0,0,0,0,0,BRA016
1549,41,0,0,,0,,0,0,0,0,0,BRA028
1549,41,0,0,,0,,0,0,0,0,0,BRA033
1550,41,0,0,,0,,0,0,0,0,0,BRA018
1550,41,0,0,,0,,0,0,0,0,0,BRA034
1551,41,0,0,,0,,0,0,0,0,0,BRA031
1551,41,0,0,,0,,0,0,0,0,0,BRA022
1552,41,0,0,,0,,0,0,0,0,0,BRA015
1552,41,0,0,,0,,0,0,0,0,0,BRA036
1553,41,0,0,,0,,0,0,0,0,0,BRA023
1553,41,0,0,,0,,0,0,0,0,0,BRA042
1554,41,0,0,,0,,0,0,0,0,0,BRA024
1554,41,0,0,,0,,0,0,0,0,0,BRA021
1555,41,0,0,,0,,0,0,0,0,0,BRA040
1555,41,0,0,,0,,0,0,0,0,0,BRA009
1556,42,0,0,,0,,0,0,0,0,0,BRA042
1556,42,0,0,,0,,0,0,0,0,0,BRA003
1557,42,0,0,,0,,0,0,0,0,0,BRA035
1557,42,0,0,,0,,0,0,0,0,0,BRA021
1558,42,0,0,,0,,0,0,0,0,0,BRA020
1558,42,0,0,,0,,0,0,0,0,0,BRA040
1559,42,0,0,,0,,0,0,0,0,0,BRA011
1559,42,0,0,,0,,0,0,0,0,0,BRA036
1560,42,0,0,,0,,0,0,0,0,0,BRA044
1560,42,0,0,,0,,0,0,0,0,0,BRA034
1561,42,0,0,,0,,0,0,0,0,0,BRA016
1561,42,0,0,,0,,0,0,0,0,0,BRA028
1562,42,0,0,,0,,0,0,0,0,0,BRA033
1562,42,0,0,,0,,0,0,0,0,0,BRA022
1563,42,0,0,,0,,0,0,0,0,0,BRA005
1563,42,0,0,,0,,0,0,0,0,0,BRA031
1564,42,0,0,,0,,0,0,0,0,0,BRA018
1564,42,0,0,,0,,0,0,0,0,0,BRA041
1565,42,0,0,,0,,0,0,0,0,0,BRA023
1565,42,0,0,,0,,0,0,0,0,0,BRA009
1566,42,0,0,,0,,0,0,0,0,0,BRA015
1566,42,0,0,,0,,0,0,0,0,0,BRA024
1567,1,0,0,,0,,0,0,0,0,0,BRA031
1567,1,0,0,,0,,0,0,0,0,0,BRA034
1568,1,0,0,,0,,0,0,0,0,0,BRA028
1568,1,0,0,,0,,0,0,0,0,0,BRA044
1569,1,0,0,,0,,0,0,0,0,0,BRA021
1569,1,0,0,,0,,0,0,0,0,0,BRA042
1570,1,0,0,,0,,0,0,0,0,0,BRA015
1570,1,0,0,,0,,0,0,0,0,0,BRA025
1571,1,0,0,,0,,0,0,0,0,0,BRA023
1571,1,0,0,,0,,0,0,0,0,0,BRA009
1572,1,0,0,,0,,0,0,0,0,0,BRA018
1572,1,0,0,,0,,0,0,0,0,0,BRA041
1573,1,0,0,,0,,0,0,0,0,0,BRA036
1573,1,0,0,,0,,0,0,0,0,0,BRA033
1574,1,0,0,,0,,0,0,0,0,0,BRA038
1574,1,0,0,,0,,0,0,0,0,0,BRA020
1575,1,0,0,,0,,0,0,0,0,0,BRA022
1575,1,0,0,,0,,0,0,0,0,0,BRA003
1576,1,0,0,,0,,0,0,0,0,0,BRA040
1576,1,0,0,,0,,0,0,0,0,0,BRA024
1577,2,0,0,,0,,0,0,0,0,0,BRA015
1577,2,0,0,,0,,0,0,0,0,0,BRA041
1578,2,0,0,,0,,0,0,0,0,0,BRA022
1578,2,0,0,,0,,0,0,0,0,0,BRA024
1579,2,0,0,,0,,0,0,0,0,0,BRA033
1579,2,0,0,,0,,0,0,0,0,0,BRA020
1580,2,0,0,,0,,0,0,0,0,0,BRA038
1580,2,0,0,,0,,0,0,0,0,0,BRA028
1581,2,0,0,,0,,0,0,0,0,0,BRA040
1581,2,0,0,,0,,0,0,0,0,0,BRA003
1582,2,0,0,,0,,0,0,0,0,0,BRA036
1582,2,0,0,,0,,0,0,0,0,0,BRA044
1583,2,0,0,,0,,0,0,0,0,0,BRA031
1583,2,0,0,,0,,0,0,0,0,0,BRA021
1584,2,0,0,,0,,0,0,0,0,0,BRA025
1584,2,0,0,,0,,0,0,0,0,0,BRA018
1585,2,0,0,,0,,0,0,0,0,0,BRA034
1585,2,0,0,,0,,0,0,0,0,0,BRA009
1586,2,0,0,,0,,0,0,0,0,0,BRA023
1586,2,0,0,,0,,0,0,0,0,0,BRA042
1587,3,0,0,,0,,0,0,0,0,0,BRA041
1587,3,0,0,,0,,0,0,0,0,0,BRA023
1588,3,0,0,,0,,0,0,0,0,0,BRA003
1588,3,0,0,,0,,0,0,0,0,0,BRA009
1589,3,0,0,,0,,0,0,0,0,0,BRA042
1589,3,0,0,,0,,0,0,0,0,0,BRA038
1590,3,0,0,,0,,0,0,0,0,0,BRA015
1590,3,0,0,,0,,0,0,0,0,0,BRA036
1591,3,0,0,,0,,0,0,0,0,0,BRA028
1591,3,0,0,,0,,0,0,0,0,0,BRA021
1592,3,0,0,,0,,0,0,0,0,0,BRA025
1592,3,0,0,,0,,0,0,0,0,0,BRA034
1593,3,0,0,,0,,0,0,0,0,0,BRA040
1593,3,0,0,,0,,0,0,0,0,0,BRA033
1594,3,0,0,,0,,0,0,0,0,0,BRA022
1594,3,0,0,,0,,0,0,0,0,0,BRA044
1595,3,0,0,,0,,0,0,0,0,0,BRA031
1595,3,0,0,,0,,0,0,0,0,0,BRA024
1596,3,0,0,,0,,0,0,0,0,0,BRA020
1596,3,0,0,,0,,0,0,0,0,0,BRA018
1597,4,0,0,,0,,0,0,0,0,0,BRA036
1597,4,0,0,,0,,0,0,0,0,0,BRA038
1598,4,0,0,,0,,0,0,0,0,0,BRA034
1598,4,0,0,,0,,0,0,0,0,0,BRA022
1599,4,0,0,,0,,0,0,0,0,0,BRA023
1599,4,0,0,,0,,0,0,0,0,0,BRA040
1600,4,0,0,,0,,0,0,0,0,0,BRA025
1600,4,0,0,,0,,0,0,0,0,0,BRA044
1601,4,0,0,,0,,0,0,0,0,0,BRA033
1601,4,0,0,,0,,0,0,0,0,0,BRA041
1602,4,0,0,,0,,0,0,0,0,0,BRA003
1602,4,0,0,,0,,0,0,0,0,0,BRA028
1603,4,0,0,,0,,0,0,0,0,0,BRA042
1603,4,0,0,,0,,0,0,0,0,0,BRA015
1604,4,0,0,,0,,0,0,0,0,0,BRA021
1604,4,0,0,,0,,0,0,0,0,0,BRA009
1605,4,0,0,,0,,0,0,0,0,0,BRA020
1605,4,0,0,,0,,0,0,0,0,0,BRA024
1606,4,0,0,,0,,0,0,0,0,0,BRA031
1606,4,0,0,,0,,0,0,0,0,0,BRA018
1607,5,0,0,,0,,0,0,0,0,0,BRA031
1607,5,0,0,,0,,0,0,0,0,0,BRA041
1608,5,0,0,,0,,0,0,0,0,0,BRA009
1608,5,0,0,,0,,0,0,0,0,0,BRA025
1609,5,0,0,,0,,0,0,0,0,0,BRA040
1609,5,0,0,,0,,0,0,0,0,0,BRA036
1610,5,0,0,,0,,0,0,0,0,0,BRA038
1610,5,0,0,,0,,0,0,0,0,0,BRA003
1611,5,0,0,,0,,0,0,0,0,0,BRA042
1611,5,0,0,,0,,0,0,0,0,0,BRA028
1612,5,0,0,,0,,0,0,0,0,0,BRA020
1612,5,0,0,,0,,0,0,0,0,0,BRA022
1613,5,0,0,,0,,0,0,0,0,0,BRA018
1613,5,0,0,,0,,0,0,0,0,0,BRA033
1614,5,0,0,,0,,0,0,0,0,0,BRA021
1614,5,0,0,,0,,0,0,0,0,0,BRA023
1615,5,0,0,,0,,0,0,0,0,0,BRA034
1615,5,0,0,,0,,0,0,0,0,0,BRA015
1616,5,0,0,,0,,0,0,0,0,0,BRA024
1616,5,0,0,,0,,0,0,0,0,0,BRA044
1617,6,0,0,,0,,0,0,0,0,0,BRA003
1617,6,0,0,,0,,0,0,0,0,0,BRA024
1618,6,0,0,,0,,0,0,0,0,0,BRA023
1618,6,0,0,,0,,0,0,0,0,0,BRA034
1619,6,0,0,,0,,0,0,0,0,0,BRA028
1619,6,0,0,,0,,0,0,0,0,0,BRA020
1620,6,0,0,,0,,0,0,0,0,0,BRA042
1620,6,0,0,,0,,0,0,0,0,0,BRA041
1621,6,0,0,,0,,0,0,0,0,0,BRA033
1621,6,0,0,,0,,0,0,0,0,0,BRA038
1622,6,0,0,,0,,0,0,0,0,0,BRA021
1622,6,0,0,,0,,0,0,0,0,0,BRA018
1623,6,0,0,,0,,0,0,0,0,0,BRA044
1623,6,0,0,,0,,0,0,0,0,0,BRA015
1624,6,0,0,,0,,0,0,0,0,0,BRA036
1624,6,0,0,,0,,0,0,0,0,0,BRA025
1625,6,0,0,,0,,0,0,0,0,0,BRA022
1625,6,0,0,,0,,0,0,0,0,0,BRA040
1626,6,0,0,,0,,0,0,0,0,0,BRA009
1626,6,0,0,,0,,0,0,0,0,0,BRA031
1627,7,0,0,,0,,0,0,0,0,0,BRA018
1627,7,0,0,,0,,0,0,0,0,0,BRA036
1628,7,0,0,,0,,0,0,0,0,0,BRA034
1628,7,0,0,,0,,0,0,0,0,0,BRA020
1629,7,0,0,,0,,0,0,0,0,0,BRA031
1629,7,0,0,,0,,0,0,0,0,0,BRA038
1630,7,0,0,,0,,0,0,0,0,0,BRA042
1630,7,0,0,,0,,0,0,0,0,0,BRA033
1631,7,0,0,,0,,0,0,0,0,0,BRA041
1631,7,0,0,,0,,0,0,0,0,0,BRA003
1632,7,0,0,,0,,0,0,0,0,0,BRA022
1632,7,0,0,,0,,0,0,0,0,0,BRA023
1633,7,0,0,,0,,0,0,0,0,0,BRA040
1633,7,0,0,,0,,0,0,0,0,0,BRA021
1634,7,0,0,,0,,0,0,0,0,0,BRA044
1634,7,0,0,,0,,0,0,0,0,0,BRA009
1635,7,0,0,,0,,0,0,0,0,0,BRA025
1635,7,0,0,,0,,0,0,0,0,0,BRA024
1636,7,0,0,,0,,0,0,0,0,0,BRA015
1636,7,0,0,,0,,0,0,0,0,0,BRA028
1637,8,0,0,,0,,0,0,0,0,0,BRA003
1637,8,0,0,,0,,0,0,0,0,0,BRA031
1638,8,0,0,,0,,0,0,0,0,0,BRA023
1638,8,0,0,,0,,0,0,0,0,0,BRA020
1639,8,0,0,,0,,0,0,0,0,0,BRA036
1639,8,0,0,,0,,0,0,0,0,0,BRA034
1640,8,0,0,,0,,0,0,0,0,0,BRA040
1640,8,0,0,,0,,0,0,0,0,0,BRA015
1641,8,0,0,,0,,0,0,0,0,0,BRA028
1641,8,0,0,,0,,0,0,0,0,0,BRA018
1642,8,0,0,,0,,0,0,0,0,0,BRA038
1642,8,0,0,,0,,0,0,0,0,0,BRA009
1643,8,0,0,,0,,0,0,0,0,0,BRA021
1643,8,0,0,,0,,0,0,0,0,0,BRA022
1644,8,0,0,,0,,0,0,0,0,0,BRA033
1644,8,0,0,,0,,0,0,0,0,0,BRA025
1645,8,0,0,,0,,0,0,0,0,0,BRA024
1645,8,0,0,,0,,0,0,0,0,0,BRA041
1646,8,0,0,,0,,0,0,0,0,0,BRA044
1646,8,0,0,,0,,0,0,0,0,0,BRA042
1647,9,0,0,,0,,0,0,0,0,0,BRA018
1647,9,0,0,,0,,0,0,0,0,0,BRA003
1648,9,0,0,,0,,0,0,0,0,0,BRA044
1648,9,0,0,,0,,0,0,0,0,0,BRA023
1649,9,0,0,,0,,0,0,0,0,0,BRA031
1649,9,0,0,,0,,0,0,0,0,0,BRA036
1650,9,0,0,,0,,0,0,0,0,0,BRA041
1650,9,0,0,,0,,0,0,0,0,0,BRA028
1651,9,0,0,,0,,0,0,0,0,0,BRA042
1651,9,0,0,,0,,0,0,0,0,0,BRA022
1652,9,0,0,,0,,0,0,0,0,0,BRA025
1652,9,0,0,,0,,0,0,0,0,0,BRA040
1653,9,0,0,,0,,0,0,0,0,0,BRA033
1653,9,0,0,,0,,0,0,0,0,0,BRA021
1654,9,0,0,,0,,0,0,0,0,0,BRA009
1654,9,0,0,,0,,0,0,0,0,0,BRA020
1655,9,0,0,,0,,0,0,0,0,0,BRA034
1655,9,0,0,,0,,0,0,0,0,0,BRA038
1656,9,0,0,,0,,0,0,0,0,0,BRA015
1656,9,0,0,,0,,0,0,0,0,0,BRA024
1657,10,0,0,,0,,0,0,0,0,0,BRA022
1657,10,0,0,,0,,0,0,0,0,0,BRA028
1658,10,0,0,,0,,0,0,0,0,0,BRA023
1658,10,0,0,,0,,0,0,0,0,0,BRA018
1659,10,0,0,,0,,0,0,0,0,0,BRA025
1659,10,0,0,,0,,0,0,0,0,0,BRA041
1660,10,0,0,,0,,0,0,0,0,0,BRA021
1660,10,0,0,,0,,0,0,0,0,0,BRA015
1661,10,0,0,,0,,0,0,0,0,0,BRA038
1661,10,0,0,,0,,0,0,0,0,0,BRA044
1662,10,0,0,,0,,0,0,0,0,0,BRA036
1662,10,0,0,,0,,0,0,0,0,0,BRA020
1663,10,0,0,,0,,0,0,0,0,0,BRA003
1663,10,0,0,,0,,0,0,0,0,0,BRA033
1664,10,0,0,,0,,0,0,0,0,0,BRA024
1664,10,0,0,,0,,0,0,0,0,0,BRA034
1665,10,0,0,,0,,0,0,0,0,0,BRA042
1665,10,0,0,,0,,0,0,0,0,0,BRA031
1666,10,0,0,,0,,0,0,0,0,0,BRA040
1666,10,0,0,,0,,0,0,0,0,0,BRA009
1667,11,0,0,,0,,0,0,0,0,0,BRA028
1667,11,0,0,,0,,0,0,0,0,0,BRA036
1668,11,0,0,,0,,0,0,0,0,0,BRA003
1668,11,0,0,,0,,0,0,0,0,0,BRA023
1669,11,0,0,,0,,0,0,0,0,0,BRA031
1669,11,0,0,,0,,0,0,0,0,0,BRA022
1670,11,0,0,,0,,0,0,0,0,0,BRA025
1670,11,0,0,,0,,0,0,0,0,0,BRA042
1671,11,0,0,,0,,0,0,0,0,0,BRA020
1671,11,0,0,,0,,0,0,0,0,0,BRA040
1672,11,0,0,,0,,0,0,0,0,0,BRA009
1672,11,0,0,,0,,0,0,0,0,0,BRA041
1673,11,0,0,,0,,0,0,0,0,0,BRA015
1673,11,0,0,,0,,0,0,0,0,0,BRA018
1674,11,0,0,,0,,0,0,0,0,0,BRA024
1674,11,0,0,,0,,0,0,0,0,0,BRA038
1675,11,0,0,,0,,0,0,0,0,0,BRA034
1675,11,0,0,,0,,0,0,0,0,0,BRA021
1676,11,0,0,,0,,0,0,0,0,0,BRA033
1676,11,0,0,,0,,0,0,0,0,0,BRA044
1677,12,0,0,,0,,0,0,0,0,0,BRA036
1677,12,0,0,,0,,0,0,0,0,0,BRA009
1678,12,0,0,,0,,0,0,0,0,0,BRA020
1678,12,0,0,,0,,0,0,0,0,0,BRA042
1679,12,0,0,,0,,0,0,0,0,0,BRA022
1679,12,0,0,,0,,0,0,0,0,0,BRA025
1680,12,0,0,,0,,0,0,0,0,0,BRA033
1680,12,0,0,,0,,0,0,0,0,0,BRA015
1681,12,0,0,,0,,0,0,0,0,0,BRA040
1681,12,0,0,,0,,0,0,0,0,0,BRA041
1682,12,0,0,,0,,0,0,0,0,0,BRA024
1682,12,0,0,,0,,0,0,0,0,0,BRA018
1683,12,0,0,,0,,0,0,0,0,0,BRA038
1683,12,0,0,,0,,0,0,0,0,0,BRA023
1684,12,0,0,,0,,0,0,0,0,0,BRA003
1684,12,0,0,,0,,0,0,0,0,0,BRA034
1685,12,0,0,,0,,0,0,0,0,0,BRA028
1685,12,0,0,,0,,0,0,0,0,0,BRA031
1686,12,0,0,,0,,0,0,0,0,0,BRA021
1686,12,0,0,,0,,0,0,0,0,0,BRA044
1687,13,0,0,,0,,0,0,0,0,0,BRA025
1687,13,0,0,,0,,0,0,0,0,0,BRA020
1688,13,0,0,,0,,0,0,0,0,0,BRA034
1688,13,0,0,,0,,0,0,0,0,0,BRA018
1689,13,0,0,,0,,0,0,0,0,0,BRA023
1689,13,0,0,,0,,0,0,0,0,0,BRA015
1690,13,0,0,,0,,0,0,0,0,0,BRA041
1690,13,0,0,,0,,0,0,0,0,0,BRA022
1691,13,0,0,,0,,0,0,0,0,0,BRA036
1691,13,0,0,,0,,0,0,0,0,0,BRA042
1692,13,0,0,,0,,0,0,0,0,0,BRA044
1692,13,0,0,,0,,0,0,0,0,0,BRA003
1693,13,0,0,,0,,0,0,0,0,0,BRA038
1693,13,0,0,,0,,0,0,0,0,0,BRA021
1694,13,0,0,,0,,0,0,0,0,0,BRA031
1694,13,0,0,,0,,0,0,0,0,0,BRA040
1695,13,0,0,,0,,0,0,0,0,0,BRA009
1695,13,0,0,,0,,0,0,0,0,0,BRA028
1696,13,0,0,,0,,0,0,0,0,0,BRA033
1696,13,0,0,,0,,0,0,0,0,0,BRA024
1697,14,0,0,,0,,0,0,0,0,0,BRA020
1697,14,0,0,,0,,0,0,0,0,0,BRA031
1698,14,0,0,,0,,0,0,0,0,0,BRA041
1698,14,0,0,,0,,0,0,0,0,0,BRA036
1699,14,0,0,,0,,0,0,0,0,0,BRA033
1699,14,0,0,,0,,0,0,0,0,0,BRA034
1700,14,0,0,,0,,0,0,0,0,0,BRA040
1700,14,0,0,,0,,0,0,0,0,0,BRA042
1701,14,0,0,,0,,0,0,0,0,0,BRA038
1701,14,0,0,,0,,0,0,0,0,0,BRA015
1702,14,0,0,,0,,0,0,0,0,0,BRA018
1702,14,0,0,,0,,0,0,0,0,0,BRA044
1703,14,0,0,,0,,0,0,0,0,0,BRA003
1703,14,0,0,,0,,0,0,0,0,0,BRA021
1704,14,0,0,,0,,0,0,0,0,0,BRA024
1704,14,0,0,,0,,0,0,0,0,0,BRA023
1705,14,0,0,,0,,0,0,0,0,0,BRA028
1705,14,0,0,,0,,0,0,0,0,0,BRA025
1706,14,0,0,,0,,0,0,0,0,0,BRA022
1706,14,0,0,,0,,0,0,0,0,0,BRA009
1707,15,0,0,,0,,0,0,0,0,0,BRA020
1707,15,0,0,,0,,0,0,0,0,0,BRA041
1708,15,0,0,,0,,0,0,0,0,0,BRA025
1708,15,0,0,,0,,0,0,0,0,0,BRA031
1709,15,0,0,,0,,0,0,0,0,0,BRA015
1709,15,0,0,,0,,0,0,0,0,0,BRA003
1710,15,0,0,,0,,0,0,0,0,0,BRA024
1710,15,0,0,,0,,0,0,0,0,0,BRA021
1711,15,0,0,,0,,0,0,0,0,0,BRA040
1711,15,0,0,,0,,0,0,0,0,0,BRA028
1712,15,0,0,,0,,0,0,0,0,0,BRA009
1712,15,0,0,,0,,0,0,0,0,0,BRA042
1713,15,0,0,,0,,0,0,0,0,0,BRA044
1713,15,0,0,,0,,0,0,0,0,0,BRA034
1714,15,0,0,,0,,0,0,0,0,0,BRA036
1714,15,0,0,,0,,0,0,0,0,0,BRA022
1715,15,0,0,,0,,0,0,0,0,0,BRA018
1715,15,0,0,,0,,0,0,0,0,0,BRA038
1716,15,0,0,,0,,0,0,0,0,0,BRA023
1716,15,0,0,,0,,0,0,0,0,0,BRA033
1717,16,0,0,,0,,0,0,0,0,0,BRA031
1717,16,0,0,,0,,0,0,0,0,0,BRA044
1718,16,0,0,,0,,0,0,0,0,0,BRA041
1718,16,0,0,,0,,0,0,0,0,0,BRA038
1719,16,0,0,,0,,0,0,0,0,0,BRA015
1719,16,0,0,,0,,0,0,0,0,0,BRA020
1720,16,0,0,,0,,0,0,0,0,0,BRA021
1720,16,0,0,,0,,0,0,0,0,0,BRA036
1721,16,0,0,,0,,0,0,0,0,0,BRA033
1721,16,0,0,,0,,0,0,0,0,0,BRA009
1722,16,0,0,,0,,0,0,0,0,0,BRA003
1722,16,0,0,,0,,0,0,0,0,0,BRA025
1723,16,0,0,,0,,0,0,0,0,0,BRA018
1723,16,0,0,,0,,0,0,0,0,0,BRA022
1724,16,0,0,,0,,0,0,0,0,0,BRA028
1724,16,0,0,,0,,0,0,0,0,0,BRA023
1725,16,0,0,,0,,0,0,0,0,0,BRA024
1725,16,0,0,,0,,0,0,0,0,0,BRA042
1726,16,0,0,,0,,0,0,0,0,0,BRA040
1726,16,0,0,,0,,0,0,0,0,0,BRA034
1727,17,0,0,,0,,0,0,0,0,0,BRA023
1727,17,0,0,,0,,0,0,0,0,0,BRA036
1728,17,0,0,,0,,0,0,0,0,0,BRA025
1728,17,0,0,,0,,0,0,0,0,0,BRA038
1729,17,0,0,,0,,0,0,0,0,0,BRA044
1729,17,0,0,,0,,0,0,0,0,0,BRA041
1730,17,0,0,,0,,0,0,0,0,0,BRA009
1730,17,0,0,,0,,0,0,0,0,0,BRA024
1731,17,0,0,,0,,0,0,0,0,0,BRA020
1731,17,0,0,,0,,0,0,0,0,0,BRA021
1732,17,0,0,,0,,0,0,0,0,0,BRA015
1732,17,0,0,,0,,0,0,0,0,0,BRA022
1733,17,0,0,,0,,0,0,0,0,0,BRA018
1733,17,0,0,,0,,0,0,0,0,0,BRA040
1734,17,0,0,,0,,0,0,0,0,0,BRA033
1734,17,0,0,,0,,0,0,0,0,0,BRA031
1737,18,0,0,,0,,0,0,0,0,0,BRA024
1737,18,0,0,,0,,0,0,0,0,0,BRA036
1738,18,0,0,,0,,0,0,0,0,0,BRA021
1738,18,0,0,,0,,0,0,0,0,0,BRA025
1739,18,0,0,,0,,0,0,0,0,0,BRA022
1739,18,0,0,,0,,0,0,0,0,0,BRA038
1740,18,0,0,,0,,0,0,0,0,0,BRA040
1740,18,0,0,,0,,0,0,0,0,0,BRA044
1741,18,0,0,,0,,0,0,0,0,0,BRA031
1741,18,0,0,,0,,0,0,0,0,0,BRA023
1742,18,0,0,,0,,0,0,0,0,0,BRA018
1742,18,0,0,,0,,0,0,0,0,0,BRA042
1743,18,0,0,,0,,0,0,0,0,0,BRA003
1743,18,0,0,,0,,0,0,0,0,0,BRA020
1744,18,0,0,,0,,0,0,0,0,0,BRA041
1744,18,0,0,,0,,0,0,0,0,0,BRA034
1745,18,0,0,,0,,0,0,0,0,0,BRA028
1745,18,0,0,,0,,0,0,0,0,0,BRA033
1746,18,0,0,,0,,0,0,0,0,0,BRA015
1746,18,0,0,,0,,0,0,0,0,0,BRA009
1747,19,0,0,,0,,0,0,0,0,0,BRA003
1747,19,0,0,,0,,0,0,0,0,0,BRA036
1748,19,0,0,,0,,0,0,0,0,0,BRA028
1748,19,0,0,,0,,0,0,0,0,0,BRA024
1749,19,0,0,,0,,0,0,0,0,0,BRA033
1749,19,0,0,,0,,0,0,0,0,0,BRA022
1750,19,0,0,,0,,0,0,0,0,0,BRA009
1750,19,0,0,,0,,0,0,0,0,0,BRA018
1751,19,0,0,,0,,0,0,0,0,0,BRA040
1751,19,0,0,,0,,0,0,0,0,0,BRA038
1752,19,0,0,,0,,0,0,0,0,0,BRA031
1752,19,0,0,,0,,0,0,0,0,0,BRA015
1753,19,0,0,,0,,0,0,0,0,0,BRA021
1753,19,0,0,,0,,0,0,0,0,0,BRA041
1754,19,0,0,,0,,0,0,0,0,0,BRA023
1754,19,0,0,,0,,0,0,0,0,0,BRA025
1755,19,0,0,,0,,0,0,0,0,0,BRA034
1755,19,0,0,,0,,0,0,0,0,0,BRA042
1756,19,0,0,,0,,0,0,0,0,0,BRA044
1756,19,0,0,,0,,0,0,0,0,0,BRA020
1757,20,0,0,,0,,0,0,0,0,0,BRA022
1757,20,0,0,,0,,0,0,0,0,0,BRA003
1758,20,0,0,,0,,0,0,0,0,0,BRA040
1758,20,0,0,,0,,0,0,0,0,0,BRA024
1759,20,0,0,,0,,0,0,0,0,0,BRA018
1759,20,0,0,,0,,0,0,0,0,0,BRA041
1760,20,0,0,,0,,0,0,0,0,0,BRA042
1760,20,0,0,,0,,0,0,0,0,0,BRA021
1761,20,0,0,,0,,0,0,0,0,0,BRA015
1761,20,0,0,,0,,0,0,0,0,0,BRA025
1762,20,0,0,,0,,0,0,0,0,0,BRA028
1762,20,0,0,,0,,0,0,0,0,0,BRA044
1763,20,0,0,,0,,0,0,0,0,0,BRA031
1763,20,0,0,,0,,0,0,0,0,0,BRA034
1764,20,0,0,,0,,0,0,0,0,0,BRA036
1764,20,0,0,,0,,0,0,0,0,0,BRA033
1765,20,0,0,,0,,0,0,0,0,0,BRA020
1765,20,0,0,,0,,0,0,0,0,0,BRA038
1766,20,0,0,,0,,0,0,0,0,0,BRA023
1766,20,0,0,,0,,0,0,0,0,0,BRA009
1767,21,0,0,,0,,0,0,0,0,0,BRA025
1767,21,0,0,,0,,0,0,0,0,0,BRA018
1768,21,0,0,,0,,0,0,0,0,0,BRA022
1768,21,0,0,,0,,0,0,0,0,0,BRA024
1769,21,0,0,,0,,0,0,0,0,0,BRA028
1769,21,0,0,,0,,0,0,0,0,0,BRA038
1770,21,0,0,,0,,0,0,0,0,0,BRA033
1770,21,0,0,,0,,0,0,0,0,0,BRA020
1771,21,0,0,,0,,0,0,0,0,0,BRA021
1771,21,0,0,,0,,0,0,0,0,0,BRA031
1772,21,0,0,,0,,0,0,0,0,0,BRA015
1772,21,0,0,,0,,0,0,0,0,0,BRA041
1773,21,0,0,,0,,0,0,0,0,0,BRA003
1773,21,0,0,,0,,0,0,0,0,0,BRA040
1774,21,0,0,,0,,0,0,0,0,0,BRA034
1774,21,0,0,,0,,0,0,0,0,0,BRA009
1775,21,0,0,,0,,0,0,0,0,0,BRA023
1775,21,0,0,,0,,0,0,0,0,0,BRA042
1776,21,0,0,,0,,0,0,0,0,0,BRA036
1776,21,0,0,,0,,0,0,0,0,0,BRA044
1777,22,0,0,,0,,0,0,0,0,0,BRA020
1777,22,0,0,,0,,0,0,0,0,0,BRA018
1778,22,0,0,,0,,0,0,0,0,0,BRA028
1778,22,0,0,,0,,0,0,0,0,0,BRA021
1779,22,0,0,,0,,0,0,0,0,0,BRA040
1779,22,0,0,,0,,0,0,0,0,0,BRA033
1780,22,0,0,,0,,0,0,0,0,0,BRA034
1780,22,0,0,,0,,0,0,0,0,0,BRA025
1781,22,0,0,,0,,0,0,0,0,0,BRA041
1781,22,0,0,,0,,0,0,0,0,0,BRA023
1782,22,0,0,,0,,0,0,0,0,0,BRA009
1782,22,0,0,,0,,0,0,0,0,0,BRA003
1783,22,0,0,,0,,0,0,0,0,0,BRA031
1783,22,0,0,,0,,0,0,0,0,0,BRA024
1784,22,0,0,,0,,0,0,0,0,0,BRA022
1784,22,0,0,,0,,0,0,0,0,0,BRA044
1785,22,0,0,,0,,0,0,0,0,0,BRA042
1785,22,0,0,,0,,0,0,0,0,0,BRA038
1786,22,0,0,,0,,0,0,0,0,0,BRA015
1786,22,0,0,,0,,0,0,0,0,0,BRA036
1787,23,0,0,,0,,0,0,0,0,0,BRA038
1787,23,0,0,,0,,0,0,0,0,0,BRA036
1788,23,0,0,,0,,0,0,0,0,0,BRA025
1788,23,0,0,,0,,0,0,0,0,0,BRA044
1789,23,0,0,,0,,0,0,0,0,0,BRA033
1789,23,0,0,,0,,0,0,0,0,0,BRA041
1790,23,0,0,,0,,0,0,0,0,0,BRA031
1790,23,0,0,,0,,0,0,0,0,0,BRA018
1791,23,0,0,,0,,0,0,0,0,0,BRA042
1791,23,0,0,,0,,0,0,0,0,0,BRA015
1792,23,0,0,,0,,0,0,0,0,0,BRA034
1792,23,0,0,,0,,0,0,0,0,0,BRA022
1793,23,0,0,,0,,0,0,0,0,0,BRA024
1793,23,0,0,,0,,0,0,0,0,0,BRA020
1794,23,0,0,,0,,0,0,0,0,0,BRA003
1794,23,0,0,,0,,0,0,0,0,0,BRA028
1795,23,0,0,,0,,0,0,0,0,0,BRA021
1795,23,0,0,,0,,0,0,0,0,0,BRA009
1796,23,0,0,,0,,0,0,0,0,0,BRA040
1796,23,0,0,,0,,0,0,0,0,0,BRA023
1797,24,0,0,,0,,0,0,0,0,0,BRA038
1797,24,0,0,,0,,0,0,0,0,0,BRA003
1798,24,0,0,,0,,0,0,0,0,0,BRA044
1798,24,0,0,,0,,0,0,0,0,0,BRA024
1799,24,0,0,,0,,0,0,0,0,0,BRA034
1799,24,0,0,,0,,0,0,0,0,0,BRA015
1800,24,0,0,,0,,0,0,0,0,0,BRA018
1800,24,0,0,,0,,0,0,0,0,0,BRA033
1801,24,0,0,,0,,0,0,0,0,0,BRA042
1801,24,0,0,,0,,0,0,0,0,0,BRA028
1802,24,0,0,,0,,0,0,0,0,0,BRA025
1802,24,0,0,,0,,0,0,0,0,0,BRA009
1803,24,0,0,,0,,0,0,0,0,0,BRA031
1803,24,0,0,,0,,0,0,0,0,0,BRA041
1804,24,0,0,,0,,0,0,0,0,0,BRA020
1804,24,0,0,,0,,0,0,0,0,0,BRA022
1805,24,0,0,,0,,0,0,0,0,0,BRA040
1805,24,0,0,,0,,0,0,0,0,0,BRA036
1806,24,0,0,,0,,0,0,0,0,0,BRA021
1806,24,0,0,,0,,0,0,0,0,0,BRA023
1807,25,0,0,,0,,0,0,0,0,0,BRA036
1807,25,0,0,,0,,0,0,0,0,0,BRA025
1808,25,0,0,,0,,0,0,0,0,0,BRA028
1808,25,0,0,,0,,0,0,0,0,0,BRA020
1809,25,0,0,,0,,0,0,0,0,0,BRA009
1809,25,0,0,,0,,0,0,0,0,0,BRA031
1810,25,0,0,,0,,0,0,0,0,0,BRA023
1810,25,0,0,,0,,0,0,0,0,0,BRA034
1811,25,0,0,,0,,0,0,0,0,0,BRA024
1811,25,0,0,,0,,0,0,0,0,0,BRA003
1812,25,0,0,,0,,0,0,0,0,0,BRA022
1812,25,0,0,,0,,0,0,0,0,0,BRA040
1813,25,0,0,,0,,0,0,0,0,0,BRA042
1813,25,0,0,,0,,0,0,0,0,0,BRA041
1814,25,0,0,,0,,0,0,0,0,0,BRA044
1814,25,0,0,,0,,0,0,0,0,0,BRA015
1815,25,0,0,,0,,0,0,0,0,0,BRA021
1815,25,0,0,,0,,0,0,0,0,0,BRA018
1816,25,0,0,,0,,0,0,0,0,0,BRA038
1816,25,0,0,,0,,0,0,0,0,0,BRA033
1817,26,0,0,,0,,0,0,0,0,0,BRA022
1817,26,0,0,,0,,0,0,0,0,0,BRA023
1818,26,0,0,,0,,0,0,0,0,0,BRA041
1818,26,0,0,,0,,0,0,0,0,0,BRA003
1819,26,0,0,,0,,0,0,0,0,0,BRA040
1819,26,0,0,,0,,0,0,0,0,0,BRA021
1820,26,0,0,,0,,0,0,0,0,0,BRA033
1820,26,0,0,,0,,0,0,0,0,0,BRA042
1821,26,0,0,,0,,0,0,0,0,0,BRA034
1821,26,0,0,,0,,0,0,0,0,0,BRA020
1822,26,0,0,,0,,0,0,0,0,0,BRA015
1822,26,0,0,,0,,0,0,0,0,0,BRA028
1823,26,0,0,,0,,0,0,0,0,0,BRA031
1823,26,0,0,,0,,0,0,0,0,0,BRA038
1824,26,0,0,,0,,0,0,0,0,0,BRA018
1824,26,0,0,,0,,0,0,0,0,0,BRA036
1825,26,0,0,,0,,0,0,0,0,0,BRA044
1825,26,0,0,,0,,0,0,0,0,0,BRA009
1826,26,0,0,,0,,0,0,0,0,0,BRA025
1826,26,0,0,,0,,0,0,0,0,0,BRA024
1735,17,0,0,,0,,0,0,0,0,0,BRA034
1735,17,0,0,,0,,0,0,0,0,0,BRA028
1736,17,0,0,,0,,0,0,0,0,0,BRA042
1736,17,0,0,,0,,0,0,0,0,0,BRA003
1827,27,0,0,,0,,0,0,0,0,0,BRA023
1827,27,0,0,,0,,0,0,0,0,0,BRA020
1828,27,0,0,,0,,0,0,0,0,0,BRA003
1828,27,0,0,,0,,0,0,0,0,0,BRA031
1829,27,0,0,,0,,0,0,0,0,0,BRA036
1829,27,0,0,,0,,0,0,0,0,0,BRA034
1830,27,0,0,,0,,0,0,0,0,0,BRA022
1830,27,0,0,,0,,0,0,0,0,0,BRA021
1831,27,0,0,,0,,0,0,0,0,0,BRA033
1831,27,0,0,,0,,0,0,0,0,0,BRA025
1832,27,0,0,,0,,0,0,0,0,0,BRA024
1832,27,0,0,,0,,0,0,0,0,0,BRA041
1833,27,0,0,,0,,0,0,0,0,0,BRA044
1833,27,0,0,,0,,0,0,0,0,0,BRA042
1834,27,0,0,,0,,0,0,0,0,0,BRA038
1834,27,0,0,,0,,0,0,0,0,0,BRA009
1835,27,0,0,,0,,0,0,0,0,0,BRA040
1835,27,0,0,,0,,0,0,0,0,0,BRA015
1836,27,0,0,,0,,0,0,0,0,0,BRA028
1836,27,0,0,,0,,0,0,0,0,0,BRA018
1837,28,0,0,,0,,0,0,0,0,0,BRA031
1837,28,0,0,,0,,0,0,0,0,0,BRA036
1838,28,0,0,,0,,0,0,0,0,0,BRA044
1838,28,0,0,,0,,0,0,0,0,0,BRA023
1839,28,0,0,,0,,0,0,0,0,0,BRA042
1839,28,0,0,,0,,0,0,0,0,0,BRA022
1840,28,0,0,,0,,0,0,0,0,0,BRA033
1840,28,0,0,,0,,0,0,0,0,0,BRA021
1841,28,0,0,,0,,0,0,0,0,0,BRA034
1841,28,0,0,,0,,0,0,0,0,0,BRA038
1842,28,0,0,,0,,0,0,0,0,0,BRA018
1842,28,0,0,,0,,0,0,0,0,0,BRA003
1843,28,0,0,,0,,0,0,0,0,0,BRA041
1843,28,0,0,,0,,0,0,0,0,0,BRA028
1844,28,0,0,,0,,0,0,0,0,0,BRA015
1844,28,0,0,,0,,0,0,0,0,0,BRA024
1845,28,0,0,,0,,0,0,0,0,0,BRA025
1845,28,0,0,,0,,0,0,0,0,0,BRA040
1846,28,0,0,,0,,0,0,0,0,0,BRA009
1846,28,0,0,,0,,0,0,0,0,0,BRA020
1847,29,0,0,,0,,0,0,0,0,0,BRA018
1847,29,0,0,,0,,0,0,0,0,0,BRA023
1848,29,0,0,,0,,0,0,0,0,0,BRA042
1848,29,0,0,,0,,0,0,0,0,0,BRA031
1849,29,0,0,,0,,0,0,0,0,0,BRA040
1849,29,0,0,,0,,0,0,0,0,0,BRA009
1850,29,0,0,,0,,0,0,0,0,0,BRA041
1850,29,0,0,,0,,0,0,0,0,0,BRA025
1851,29,0,0,,0,,0,0,0,0,0,BRA024
1851,29,0,0,,0,,0,0,0,0,0,BRA034
1852,29,0,0,,0,,0,0,0,0,0,BRA021
1852,29,0,0,,0,,0,0,0,0,0,BRA015
1853,29,0,0,,0,,0,0,0,0,0,BRA022
1853,29,0,0,,0,,0,0,0,0,0,BRA028
1854,29,0,0,,0,,0,0,0,0,0,BRA036
1854,29,0,0,,0,,0,0,0,0,0,BRA020
1855,29,0,0,,0,,0,0,0,0,0,BRA003
1855,29,0,0,,0,,0,0,0,0,0,BRA033
1856,29,0,0,,0,,0,0,0,0,0,BRA038
1856,29,0,0,,0,,0,0,0,0,0,BRA044
1857,30,0,0,,0,,0,0,0,0,0,BRA033
1857,30,0,0,,0,,0,0,0,0,0,BRA044
1858,30,0,0,,0,,0,0,0,0,0,BRA024
1858,30,0,0,,0,,0,0,0,0,0,BRA038
1859,30,0,0,,0,,0,0,0,0,0,BRA020
1859,30,0,0,,0,,0,0,0,0,0,BRA040
1860,30,0,0,,0,,0,0,0,0,0,BRA036
1860,30,0,0,,0,,0,0,0,0,0,BRA028
1861,30,0,0,,0,,0,0,0,0,0,BRA025
1861,30,0,0,,0,,0,0,0,0,0,BRA042
1862,30,0,0,,0,,0,0,0,0,0,BRA034
1862,30,0,0,,0,,0,0,0,0,0,BRA021
1863,30,0,0,,0,,0,0,0,0,0,BRA023
1863,30,0,0,,0,,0,0,0,0,0,BRA003
1864,30,0,0,,0,,0,0,0,0,0,BRA015
1864,30,0,0,,0,,0,0,0,0,0,BRA018
1865,30,0,0,,0,,0,0,0,0,0,BRA009
1865,30,0,0,,0,,0,0,0,0,0,BRA041
1866,30,0,0,,0,,0,0,0,0,0,BRA031
1866,30,0,0,,0,,0,0,0,0,0,BRA022
1867,31,0,0,,0,,0,0,0,0,0,BRA015
1867,31,0,0,,0,,0,0,0,0,0,BRA033
1868,31,0,0,,0,,0,0,0,0,0,BRA021
1868,31,0,0,,0,,0,0,0,0,0,BRA044
1869,31,0,0,,0,,0,0,0,0,0,BRA022
1869,31,0,0,,0,,0,0,0,0,0,BRA025
1870,31,0,0,,0,,0,0,0,0,0,BRA031
1870,31,0,0,,0,,0,0,0,0,0,BRA028
1871,31,0,0,,0,,0,0,0,0,0,BRA038
1871,31,0,0,,0,,0,0,0,0,0,BRA023
1872,31,0,0,,0,,0,0,0,0,0,BRA003
1872,31,0,0,,0,,0,0,0,0,0,BRA034
1873,31,0,0,,0,,0,0,0,0,0,BRA020
1873,31,0,0,,0,,0,0,0,0,0,BRA042
1874,31,0,0,,0,,0,0,0,0,0,BRA036
1874,31,0,0,,0,,0,0,0,0,0,BRA009
1875,31,0,0,,0,,0,0,0,0,0,BRA018
1875,31,0,0,,0,,0,0,0,0,0,BRA024
1876,31,0,0,,0,,0,0,0,0,0,BRA041
1876,31,0,0,,0,,0,0,0,0,0,BRA040
1877,32,0,0,,0,,0,0,0,0,0,BRA044
1877,32,0,0,,0,,0,0,0,0,0,BRA003
1878,32,0,0,,0,,0,0,0,0,0,BRA033
1878,32,0,0,,0,,0,0,0,0,0,BRA024
1879,32,0,0,,0,,0,0,0,0,0,BRA038
1879,32,0,0,,0,,0,0,0,0,0,BRA021
1880,32,0,0,,0,,0,0,0,0,0,BRA025
1880,32,0,0,,0,,0,0,0,0,0,BRA020
1881,32,0,0,,0,,0,0,0,0,0,BRA023
1881,32,0,0,,0,,0,0,0,0,0,BRA015
1882,32,0,0,,0,,0,0,0,0,0,BRA031
1882,32,0,0,,0,,0,0,0,0,0,BRA040
1883,32,0,0,,0,,0,0,0,0,0,BRA041
1883,32,0,0,,0,,0,0,0,0,0,BRA022
1884,32,0,0,,0,,0,0,0,0,0,BRA009
1884,32,0,0,,0,,0,0,0,0,0,BRA028
1885,32,0,0,,0,,0,0,0,0,0,BRA036
1885,32,0,0,,0,,0,0,0,0,0,BRA042
1886,32,0,0,,0,,0,0,0,0,0,BRA034
1886,32,0,0,,0,,0,0,0,0,0,BRA018
1887,33,0,0,,0,,0,0,0,0,0,BRA031
1887,33,0,0,,0,,0,0,0,0,0,BRA020
1888,33,0,0,,0,,0,0,0,0,0,BRA003
1888,33,0,0,,0,,0,0,0,0,0,BRA021
1889,33,0,0,,0,,0,0,0,0,0,BRA018
1889,33,0,0,,0,,0,0,0,0,0,BRA044
1890,33,0,0,,0,,0,0,0,0,0,BRA040
1890,33,0,0,,0,,0,0,0,0,0,BRA042
1891,33,0,0,,0,,0,0,0,0,0,BRA041
1891,33,0,0,,0,,0,0,0,0,0,BRA036
1892,33,0,0,,0,,0,0,0,0,0,BRA028
1892,33,0,0,,0,,0,0,0,0,0,BRA025
1893,33,0,0,,0,,0,0,0,0,0,BRA024
1893,33,0,0,,0,,0,0,0,0,0,BRA023
1894,33,0,0,,0,,0,0,0,0,0,BRA015
1894,33,0,0,,0,,0,0,0,0,0,BRA038
1895,33,0,0,,0,,0,0,0,0,0,BRA022
1895,33,0,0,,0,,0,0,0,0,0,BRA009
1896,33,0,0,,0,,0,0,0,0,0,BRA033
1896,33,0,0,,0,,0,0,0,0,0,BRA034
1897,34,0,0,,0,,0,0,0,0,0,BRA044
1897,34,0,0,,0,,0,0,0,0,0,BRA034
1898,34,0,0,,0,,0,0,0,0,0,BRA020
1898,34,0,0,,0,,0,0,0,0,0,BRA041
1899,34,0,0,,0,,0,0,0,0,0,BRA025
1899,34,0,0,,0,,0,0,0,0,0,BRA031
1900,34,0,0,,0,,0,0,0,0,0,BRA023
1900,34,0,0,,0,,0,0,0,0,0,BRA033
1901,34,0,0,,0,,0,0,0,0,0,BRA040
1901,34,0,0,,0,,0,0,0,0,0,BRA028
1902,34,0,0,,0,,0,0,0,0,0,BRA015
1902,34,0,0,,0,,0,0,0,0,0,BRA003
1903,34,0,0,,0,,0,0,0,0,0,BRA024
1903,34,0,0,,0,,0,0,0,0,0,BRA021
1904,34,0,0,,0,,0,0,0,0,0,BRA036
1904,34,0,0,,0,,0,0,0,0,0,BRA022
1905,34,0,0,,0,,0,0,0,0,0,BRA009
1905,34,0,0,,0,,0,0,0,0,0,BRA042
1906,34,0,0,,0,,0,0,0,0,0,BRA018
1906,34,0,0,,0,,0,0,0,0,0,BRA038
1907,35,0,0,,0,,0,0,0,0,0,BRA040
1907,35,0,0,,0,,0,0,0,0,0,BRA034
1908,35,0,0,,0,,0,0,0,0,0,BRA028
1908,35,0,0,,0,,0,0,0,0,0,BRA023
1909,35,0,0,,0,,0,0,0,0,0,BRA031
1909,35,0,0,,0,,0,0,0,0,0,BRA044
1910,35,0,0,,0,,0,0,0,0,0,BRA018
1910,35,0,0,,0,,0,0,0,0,0,BRA022
1911,35,0,0,,0,,0,0,0,0,0,BRA020
1911,35,0,0,,0,,0,0,0,0,0,BRA015
1912,35,0,0,,0,,0,0,0,0,0,BRA021
1912,35,0,0,,0,,0,0,0,0,0,BRA036
1913,35,0,0,,0,,0,0,0,0,0,BRA042
1913,35,0,0,,0,,0,0,0,0,0,BRA024
1914,35,0,0,,0,,0,0,0,0,0,BRA003
1914,35,0,0,,0,,0,0,0,0,0,BRA025
1915,35,0,0,,0,,0,0,0,0,0,BRA033
1915,35,0,0,,0,,0,0,0,0,0,BRA009
1916,35,0,0,,0,,0,0,0,0,0,BRA041
1916,35,0,0,,0,,0,0,0,0,0,BRA038
1917,36,0,0,,0,,0,0,0,0,0,BRA025
1917,36,0,0,,0,,0,0,0,0,0,BRA038
1918,36,0,0,,0,,0,0,0,0,0,BRA021
1918,36,0,0,,0,,0,0,0,0,0,BRA020
1919,36,0,0,,0,,0,0,0,0,0,BRA015
1919,36,0,0,,0,,0,0,0,0,0,BRA022
1920,36,0,0,,0,,0,0,0,0,0,BRA028
1920,36,0,0,,0,,0,0,0,0,0,BRA034
1921,36,0,0,,0,,0,0,0,0,0,BRA044
1921,36,0,0,,0,,0,0,0,0,0,BRA041
1922,36,0,0,,0,,0,0,0,0,0,BRA033
1922,36,0,0,,0,,0,0,0,0,0,BRA031
1926,36,0,0,,0,,0,0,0,0,0,BRA003
1926,36,0,0,,0,,0,0,0,0,0,BRA042
1923,36,0,0,,0,,0,0,0,0,0,BRA009
1923,36,0,0,,0,,0,0,0,0,0,BRA024
1924,36,0,0,,0,,0,0,0,0,0,BRA018
1924,36,0,0,,0,,0,0,0,0,0,BRA040
1925,36,0,0,,0,,0,0,0,0,0,BRA023
1925,36,0,0,,0,,0,0,0,0,0,BRA036
1927,37,0,0,,0,,0,0,0,0,0,BRA009
1927,37,0,0,,0,,0,0,0,0,0,BRA015
1928,37,0,0,,0,,0,0,0,0,0,BRA031
1928,37,0,0,,0,,0,0,0,0,0,BRA023
1929,37,0,0,,0,,0,0,0,0,0,BRA021
1929,37,0,0,,0,,0,0,0,0,0,BRA025
1930,37,0,0,,0,,0,0,0,0,0,BRA020
1930,37,0,0,,0,,0,0,0,0,0,BRA003
1931,37,0,0,,0,,0,0,0,0,0,BRA034
1931,37,0,0,,0,,0,0,0,0,0,BRA041
1932,37,0,0,,0,,0,0,0,0,0,BRA040
1932,37,0,0,,0,,0,0,0,0,0,BRA044
1933,37,0,0,,0,,0,0,0,0,0,BRA024
1933,37,0,0,,0,,0,0,0,0,0,BRA036
1934,37,0,0,,0,,0,0,0,0,0,BRA042
1934,37,0,0,,0,,0,0,0,0,0,BRA018
1935,37,0,0,,0,,0,0,0,0,0,BRA022
1935,37,0,0,,0,,0,0,0,0,0,BRA038
1936,37,0,0,,0,,0,0,0,0,0,BRA028
1936,37,0,0,,0,,0,0,0,0,0,BRA033
1937,38,0,0,,0,,0,0,0,0,0,BRA028
1937,38,0,0,,0,,0,0,0,0,0,BRA024
1938,38,0,0,,0,,0,0,0,0,0,BRA021
1938,38,0,0,,0,,0,0,0,0,0,BRA041
1939,38,0,0,,0,,0,0,0,0,0,BRA033
1939,38,0,0,,0,,0,0,0,0,0,BRA022
1940,38,0,0,,0,,0,0,0,0,0,BRA034
1940,38,0,0,,0,,0,0,0,0,0,BRA042
1941,38,0,0,,0,,0,0,0,0,0,BRA044
1941,38,0,0,,0,,0,0,0,0,0,BRA020
1942,38,0,0,,0,,0,0,0,0,0,BRA009
1942,38,0,0,,0,,0,0,0,0,0,BRA018
1943,38,0,0,,0,,0,0,0,0,0,BRA003
1943,38,0,0,,0,,0,0,0,0,0,BRA036
1944,38,0,0,,0,,0,0,0,0,0,BRA031
1944,38,0,0,,0,,0,0,0,0,0,BRA015
1945,38,0,0,,0,,0,0,0,0,0,BRA023
1945,38,0,0,,0,,0,0,0,0,0,BRA025
1946,38,0,0,,0,,0,0,0,0,0,BRA040
1946,38,0,0,,0,,0,0,0,0,0,BRA038
1947,1,0,0,,0,,0,0,0,0,0,BRA020
1947,1,0,0,,0,,0,0,0,0,0,BRA003
1948,1,0,0,,0,,0,0,0,0,0,BRA042
1948,1,0,0,,0,,0,0,0,0,0,BRA024
1949,1,0,0,,0,,0,0,0,0,0,BRA018
1949,1,0,0,,0,,0,0,0,0,0,BRA022
1950,1,0,0,,0,,0,0,0,0,0,BRA021
1950,1,0,0,,0,,0,0,0,0,0,BRA033
1951,1,0,0,,0,,0,0,0,0,0,BRA009
1951,1,0,0,,0,,0,0,0,0,0,BRA028
1952,1,0,0,,0,,0,0,0,0,0,BRA025
1952,1,0,0,,0,,0,0,0,0,0,BRA034
1953,1,0,0,,0,,0,0,0,0,0,BRA005
1953,1,0,0,,0,,0,0,0,0,0,BRA032
1954,1,0,0,,0,,0,0,0,0,0,BRA031
1954,1,0,0,,0,,0,0,0,0,0,BRA015
1955,1,0,0,,0,,0,0,0,0,0,BRA044
1955,1,0,0,,0,,0,0,0,0,0,BRA002
1956,1,0,0,,0,,0,0,0,0,0,BRA040
1956,1,0,0,,0,,0,0,0,0,0,BRA043
1957,2,0,0,,0,,0,0,0,0,0,BRA034
1957,2,0,0,,0,,0,0,0,0,0,BRA031
1958,2,0,0,,0,,0,0,0,0,0,BRA003
1958,2,0,0,,0,,0,0,0,0,0,BRA028
1959,2,0,0,,0,,0,0,0,0,0,BRA040
1959,2,0,0,,0,,0,0,0,0,0,BRA002
1960,2,0,0,,0,,0,0,0,0,0,BRA015
1960,2,0,0,,0,,0,0,0,0,0,BRA018
1961,2,0,0,,0,,0,0,0,0,0,BRA024
1961,2,0,0,,0,,0,0,0,0,0,BRA021
1962,2,0,0,,0,,0,0,0,0,0,BRA033
1962,2,0,0,,0,,0,0,0,0,0,BRA020
1963,2,0,0,,0,,0,0,0,0,0,BRA005
1963,2,0,0,,0,,0,0,0,0,0,BRA009
1964,2,0,0,,0,,0,0,0,0,0,BRA025
1964,2,0,0,,0,,0,0,0,0,0,BRA022
1965,2,0,0,,0,,0,0,0,0,0,BRA032
1965,2,0,0,,0,,0,0,0,0,0,BRA042
1966,2,0,0,,0,,0,0,0,0,0,BRA043
1966,2,0,0,,0,,0,0,0,0,0,BRA044
1967,3,0,0,,0,,0,0,0,0,0,BRA020
1967,3,0,0,,0,,0,0,0,0,0,BRA002
1968,3,0,0,,0,,0,0,0,0,0,BRA015
1968,3,0,0,,0,,0,0,0,0,0,BRA005
1969,3,0,0,,0,,0,0,0,0,0,BRA022
1969,3,0,0,,0,,0,0,0,0,0,BRA028
1970,3,0,0,,0,,0,0,0,0,0,BRA033
1970,3,0,0,,0,,0,0,0,0,0,BRA042
1971,3,0,0,,0,,0,0,0,0,0,BRA040
1971,3,0,0,,0,,0,0,0,0,0,BRA003
1972,3,0,0,,0,,0,0,0,0,0,BRA025
1972,3,0,0,,0,,0,0,0,0,0,BRA043
1973,3,0,0,,0,,0,0,0,0,0,BRA044
1973,3,0,0,,0,,0,0,0,0,0,BRA032
1974,3,0,0,,0,,0,0,0,0,0,BRA034
1974,3,0,0,,0,,0,0,0,0,0,BRA018
1975,3,0,0,,0,,0,0,0,0,0,BRA031
1975,3,0,0,,0,,0,0,0,0,0,BRA024
1976,3,0,0,,0,,0,0,0,0,0,BRA009
1976,3,0,0,,0,,0,0,0,0,0,BRA021
1977,4,0,0,,0,,0,0,0,0,0,BRA005
1977,4,0,0,,0,,0,0,0,0,0,BRA003
1978,4,0,0,,0,,0,0,0,0,0,BRA025
1978,4,0,0,,0,,0,0,0,0,0,BRA009
1979,4,0,0,,0,,0,0,0,0,0,BRA024
1979,4,0,0,,0,,0,0,0,0,0,BRA020
1980,4,0,0,,0,,0,0,0,0,0,BRA040
1980,4,0,0,,0,,0,0,0,0,0,BRA015
1981,4,0,0,,0,,0,0,0,0,0,BRA033
1981,4,0,0,,0,,0,0,0,0,0,BRA018
1982,4,0,0,,0,,0,0,0,0,0,BRA002
1982,4,0,0,,0,,0,0,0,0,0,BRA031
1983,4,0,0,,0,,0,0,0,0,0,BRA043
1983,4,0,0,,0,,0,0,0,0,0,BRA021
1984,4,0,0,,0,,0,0,0,0,0,BRA034
1984,4,0,0,,0,,0,0,0,0,0,BRA042
1985,4,0,0,,0,,0,0,0,0,0,BRA022
1985,4,0,0,,0,,0,0,0,0,0,BRA044
1986,4,0,0,,0,,0,0,0,0,0,BRA032
1986,4,0,0,,0,,0,0,0,0,0,BRA028
1987,5,0,0,,0,,0,0,0,0,0,BRA033
1987,5,0,0,,0,,0,0,0,0,0,BRA009
1988,5,0,0,,0,,0,0,0,0,0,BRA034
1988,5,0,0,,0,,0,0,0,0,0,BRA032
1989,5,0,0,,0,,0,0,0,0,0,BRA025
1989,5,0,0,,0,,0,0,0,0,0,BRA044
1990,5,0,0,,0,,0,0,0,0,0,BRA020
1990,5,0,0,,0,,0,0,0,0,0,BRA021
1991,5,0,0,,0,,0,0,0,0,0,BRA022
1991,5,0,0,,0,,0,0,0,0,0,BRA043
1992,5,0,0,,0,,0,0,0,0,0,BRA015
1992,5,0,0,,0,,0,0,0,0,0,BRA002
1993,5,0,0,,0,,0,0,0,0,0,BRA024
1993,5,0,0,,0,,0,0,0,0,0,BRA003
1994,5,0,0,,0,,0,0,0,0,0,BRA042
1994,5,0,0,,0,,0,0,0,0,0,BRA005
1995,5,0,0,,0,,0,0,0,0,0,BRA040
1995,5,0,0,,0,,0,0,0,0,0,BRA028
1996,5,0,0,,0,,0,0,0,0,0,BRA031
1996,5,0,0,,0,,0,0,0,0,0,BRA018
1997,12,0,0,,0,,0,0,0,0,0,BRA044
1997,12,0,0,,0,,0,0,0,0,0,BRA009
2007,6,0,0,,0,,0,0,0,0,0,BRA025
2007,6,0,0,,0,,0,0,0,0,0,BRA018
2008,6,0,0,,0,,0,0,0,0,0,BRA028
2008,6,0,0,,0,,0,0,0,0,0,BRA021
2009,6,0,0,,0,,0,0,0,0,0,BRA034
2009,6,0,0,,0,,0,0,0,0,0,BRA015
2010,6,0,0,,0,,0,0,0,0,0,BRA020
2010,6,0,0,,0,,0,0,0,0,0,BRA005
2011,6,0,0,,0,,0,0,0,0,0,BRA022
2011,6,0,0,,0,,0,0,0,0,0,BRA003
2012,6,0,0,,0,,0,0,0,0,0,BRA044
2012,6,0,0,,0,,0,0,0,0,0,BRA042
2013,6,0,0,,0,,0,0,0,0,0,BRA033
2013,6,0,0,,0,,0,0,0,0,0,BRA024
2014,6,0,0,,0,,0,0,0,0,0,BRA009
2014,6,0,0,,0,,0,0,0,0,0,BRA032
2015,6,0,0,,0,,0,0,0,0,0,BRA002
2015,6,0,0,,0,,0,0,0,0,0,BRA043
2016,6,0,0,,0,,0,0,0,0,0,BRA031
2016,6,0,0,,0,,0,0,0,0,0,BRA040
2017,7,0,0,,0,,0,0,0,0,0,BRA043
2017,7,0,0,,0,,0,0,0,0,0,BRA034
2018,7,0,0,,0,,0,0,0,0,0,BRA020
2018,7,0,0,,0,,0,0,0,0,0,BRA031
2019,7,0,0,,0,,0,0,0,0,0,BRA040
2019,7,0,0,,0,,0,0,0,0,0,BRA042
2020,7,0,0,,0,,0,0,0,0,0,BRA018
2020,7,0,0,,0,,0,0,0,0,0,BRA005
2021,7,0,0,,0,,0,0,0,0,0,BRA003
2021,7,0,0,,0,,0,0,0,0,0,BRA033
2022,7,0,0,,0,,0,0,0,0,0,BRA022
2022,7,0,0,,0,,0,0,0,0,0,BRA002
2023,7,0,0,,0,,0,0,0,0,0,BRA028
2023,7,0,0,,0,,0,0,0,0,0,BRA025
2024,7,0,0,,0,,0,0,0,0,0,BRA024
2024,7,0,0,,0,,0,0,0,0,0,BRA032
2027,8,0,0,,0,,0,0,0,0,0,BRA020
2027,8,0,0,,0,,0,0,0,0,0,BRA042
2028,8,0,0,,0,,0,0,0,0,0,BRA043
2028,8,0,0,,0,,0,0,0,0,0,BRA032
2029,8,0,0,,0,,0,0,0,0,0,BRA025
2029,8,0,0,,0,,0,0,0,0,0,BRA040
2030,8,0,0,,0,,0,0,0,0,0,BRA044
2030,8,0,0,,0,,0,0,0,0,0,BRA018
2031,8,0,0,,0,,0,0,0,0,0,BRA024
2031,8,0,0,,0,,0,0,0,0,0,BRA002
2032,8,0,0,,0,,0,0,0,0,0,BRA005
2032,8,0,0,,0,,0,0,0,0,0,BRA028
2033,8,0,0,,0,,0,0,0,0,0,BRA034
2033,8,0,0,,0,,0,0,0,0,0,BRA003
2034,8,0,0,,0,,0,0,0,0,0,BRA009
2034,8,0,0,,0,,0,0,0,0,0,BRA022
2035,8,0,0,,0,,0,0,0,0,0,BRA033
2035,8,0,0,,0,,0,0,0,0,0,BRA015
2037,9,0,0,,0,,0,0,0,0,0,BRA002
2037,9,0,0,,0,,0,0,0,0,0,BRA033
2038,9,0,0,,0,,0,0,0,0,0,BRA028
2038,9,0,0,,0,,0,0,0,0,0,BRA042
2039,9,0,0,,0,,0,0,0,0,0,BRA018
2039,9,0,0,,0,,0,0,0,0,0,BRA020
2040,9,0,0,,0,,0,0,0,0,0,BRA031
2040,9,0,0,,0,,0,0,0,0,0,BRA025
2041,9,0,0,,0,,0,0,0,0,0,BRA032
2041,9,0,0,,0,,0,0,0,0,0,BRA003
2042,9,0,0,,0,,0,0,0,0,0,BRA022
2042,9,0,0,,0,,0,0,0,0,0,BRA034
2043,9,0,0,,0,,0,0,0,0,0,BRA024
2043,9,0,0,,0,,0,0,0,0,0,BRA009
2044,9,0,0,,0,,0,0,0,0,0,BRA015
2044,9,0,0,,0,,0,0,0,0,0,BRA043
2045,9,0,0,,0,,0,0,0,0,0,BRA005
2045,9,0,0,,0,,0,0,0,0,0,BRA021
2046,9,0,0,,0,,0,0,0,0,0,BRA040
2046,9,0,0,,0,,0,0,0,0,0,BRA044
2047,10,0,0,,0,,0,0,0,0,0,BRA034
2047,10,0,0,,0,,0,0,0,0,0,BRA002
2048,10,0,0,,0,,0,0,0,0,0,BRA018
2048,10,0,0,,0,,0,0,0,0,0,BRA040
2049,10,0,0,,0,,0,0,0,0,0,BRA015
2049,10,0,0,,0,,0,0,0,0,0,BRA022
2050,10,0,0,,0,,0,0,0,0,0,BRA025
2050,10,0,0,,0,,0,0,0,0,0,BRA005
2051,10,0,0,,0,,0,0,0,0,0,BRA009
2051,10,0,0,,0,,0,0,0,0,0,BRA003
2052,10,0,0,,0,,0,0,0,0,0,BRA024
2052,10,0,0,,0,,0,0,0,0,0,BRA043
2053,10,0,0,,0,,0,0,0,0,0,BRA020
2053,10,0,0,,0,,0,0,0,0,0,BRA028
2054,10,0,0,,0,,0,0,0,0,0,BRA033
2054,10,0,0,,0,,0,0,0,0,0,BRA032
2055,10,0,0,,0,,0,0,0,0,0,BRA044
2055,10,0,0,,0,,0,0,0,0,0,BRA031
2057,29,0,0,,0,,0,0,0,0,0,BRA021
2057,29,0,0,,0,,0,0,0,0,0,BRA042
2067,11,0,0,,0,,0,0,0,0,0,BRA034
2067,11,0,0,,0,,0,0,0,0,0,BRA020
2068,11,0,0,,0,,0,0,0,0,0,BRA032
2068,11,0,0,,0,,0,0,0,0,0,BRA031
2069,11,0,0,,0,,0,0,0,0,0,BRA003
2069,11,0,0,,0,,0,0,0,0,0,BRA044
2070,11,0,0,,0,,0,0,0,0,0,BRA009
2070,11,0,0,,0,,0,0,0,0,0,BRA040
2071,11,0,0,,0,,0,0,0,0,0,BRA043
2071,11,0,0,,0,,0,0,0,0,0,BRA005
2072,11,0,0,,0,,0,0,0,0,0,BRA033
2072,11,0,0,,0,,0,0,0,0,0,BRA025
2073,11,0,0,,0,,0,0,0,0,0,BRA018
2073,11,0,0,,0,,0,0,0,0,0,BRA024
2074,11,0,0,,0,,0,0,0,0,0,BRA028
2074,11,0,0,,0,,0,0,0,0,0,BRA002
2075,11,0,0,,0,,0,0,0,0,0,BRA042
2075,11,0,0,,0,,0,0,0,0,0,BRA015
1998,12,0,0,,0,,0,0,0,0,0,BRA043
1998,12,0,0,,0,,0,0,0,0,0,BRA020
1999,12,0,0,,0,,0,0,0,0,0,BRA002
1999,12,0,0,,0,,0,0,0,0,0,BRA005
2000,12,0,0,,0,,0,0,0,0,0,BRA003
2000,12,0,0,,0,,0,0,0,0,0,BRA031
2001,12,0,0,,0,,0,0,0,0,0,BRA028
2001,12,0,0,,0,,0,0,0,0,0,BRA015
2002,12,0,0,,0,,0,0,0,0,0,BRA032
2002,12,0,0,,0,,0,0,0,0,0,BRA018
2003,12,0,0,,0,,0,0,0,0,0,BRA022
2003,12,0,0,,0,,0,0,0,0,0,BRA042
2004,12,0,0,,0,,0,0,0,0,0,BRA021
2004,12,0,0,,0,,0,0,0,0,0,BRA034
2005,12,0,0,,0,,0,0,0,0,0,BRA024
2005,12,0,0,,0,,0,0,0,0,0,BRA025
2006,12,0,0,,0,,0,0,0,0,0,BRA040
2006,12,0,0,,0,,0,0,0,0,0,BRA033
2094,14,0,0,,0,,0,0,0,0,0,BRA009
2094,14,0,0,,0,,0,0,0,0,0,BRA031
2095,14,0,0,,0,,0,0,0,0,0,BRA005
2095,14,0,0,,0,,0,0,0,0,0,BRA022
2096,14,0,0,,0,,0,0,0,0,0,BRA043
2096,14,0,0,,0,,0,0,0,0,0,BRA042
2077,13,0,0,,0,,0,0,0,0,0,BRA031
2077,13,0,0,,0,,0,0,0,0,0,BRA028
2078,13,0,0,,0,,0,0,0,0,0,BRA002
2078,13,0,0,,0,,0,0,0,0,0,BRA003
2079,13,0,0,,0,,0,0,0,0,0,BRA005
2079,13,0,0,,0,,0,0,0,0,0,BRA044
2080,13,0,0,,0,,0,0,0,0,0,BRA015
2080,13,0,0,,0,,0,0,0,0,0,BRA032
2081,13,0,0,,0,,0,0,0,0,0,BRA022
2081,13,0,0,,0,,0,0,0,0,0,BRA024
2082,13,0,0,,0,,0,0,0,0,0,BRA021
2082,13,0,0,,0,,0,0,0,0,0,BRA025
2083,13,0,0,,0,,0,0,0,0,0,BRA042
2083,13,0,0,,0,,0,0,0,0,0,BRA018
2084,13,0,0,,0,,0,0,0,0,0,BRA033
2084,13,0,0,,0,,0,0,0,0,0,BRA034
2085,13,0,0,,0,,0,0,0,0,0,BRA043
2085,13,0,0,,0,,0,0,0,0,0,BRA009
2086,13,0,0,,0,,0,0,0,0,0,BRA020
2086,13,0,0,,0,,0,0,0,0,0,BRA040
2087,14,0,0,,0,,0,0,0,0,0,BRA003
2087,14,0,0,,0,,0,0,0,0,0,BRA018
2088,14,0,0,,0,,0,0,0,0,0,BRA040
2088,14,0,0,,0,,0,0,0,0,0,BRA024
2089,14,0,0,,0,,0,0,0,0,0,BRA032
2089,14,0,0,,0,,0,0,0,0,0,BRA025
2090,14,0,0,,0,,0,0,0,0,0,BRA002
2090,14,0,0,,0,,0,0,0,0,0,BRA021
2091,14,0,0,,0,,0,0,0,0,0,BRA033
2091,14,0,0,,0,,0,0,0,0,0,BRA044
2092,14,0,0,,0,,0,0,0,0,0,BRA020
2092,14,0,0,,0,,0,0,0,0,0,BRA015
2093,14,0,0,,0,,0,0,0,0,0,BRA028
2093,14,0,0,,0,,0,0,0,0,0,BRA034
2097,15,0,0,,0,,0,0,0,0,0,BRA040
2097,15,0,0,,0,,0,0,0,0,0,BRA032
2098,15,0,0,,0,,0,0,0,0,0,BRA024
2098,15,0,0,,0,,0,0,0,0,0,BRA044
2099,15,0,0,,0,,0,0,0,0,0,BRA003
2099,15,0,0,,0,,0,0,0,0,0,BRA025
2100,15,0,0,,0,,0,0,0,0,0,BRA015
2100,15,0,0,,0,,0,0,0,0,0,BRA021
2101,15,0,0,,0,,0,0,0,0,0,BRA034
2101,15,0,0,,0,,0,0,0,0,0,BRA005
2102,15,0,0,,0,,0,0,0,0,0,BRA031
2102,15,0,0,,0,,0,0,0,0,0,BRA033
2103,15,0,0,,0,,0,0,0,0,0,BRA043
2103,15,0,0,,0,,0,0,0,0,0,BRA028
2104,15,0,0,,0,,0,0,0,0,0,BRA009
2104,15,0,0,,0,,0,0,0,0,0,BRA018
2105,15,0,0,,0,,0,0,0,0,0,BRA042
2105,15,0,0,,0,,0,0,0,0,0,BRA002
2106,15,0,0,,0,,0,0,0,0,0,BRA020
2106,15,0,0,,0,,0,0,0,0,0,BRA022
2107,16,0,0,,0,,0,0,0,0,0,BRA032
2107,16,0,0,,0,,0,0,0,0,0,BRA022
2108,16,0,0,,0,,0,0,0,0,0,BRA024
2108,16,0,0,,0,,0,0,0,0,0,BRA034
2109,16,0,0,,0,,0,0,0,0,0,BRA043
2109,16,0,0,,0,,0,0,0,0,0,BRA033
2110,16,0,0,,0,,0,0,0,0,0,BRA002
2110,16,0,0,,0,,0,0,0,0,0,BRA009
2111,16,0,0,,0,,0,0,0,0,0,BRA040
2111,16,0,0,,0,,0,0,0,0,0,BRA005
2112,16,0,0,,0,,0,0,0,0,0,BRA003
2112,16,0,0,,0,,0,0,0,0,0,BRA015
2113,16,0,0,,0,,0,0,0,0,0,BRA028
2113,16,0,0,,0,,0,0,0,0,0,BRA044
2114,16,0,0,,0,,0,0,0,0,0,BRA042
2114,16,0,0,,0,,0,0,0,0,0,BRA031
2115,16,0,0,,0,,0,0,0,0,0,BRA025
2115,16,0,0,,0,,0,0,0,0,0,BRA020
2117,17,0,0,,0,,0,0,0,0,0,BRA043
2117,17,0,0,,0,,0,0,0,0,0,BRA003
2118,17,0,0,,0,,0,0,0,0,0,BRA002
2118,17,0,0,,0,,0,0,0,0,0,BRA032
2119,17,0,0,,0,,0,0,0,0,0,BRA015
2119,17,0,0,,0,,0,0,0,0,0,BRA024
2120,17,0,0,,0,,0,0,0,0,0,BRA040
2120,17,0,0,,0,,0,0,0,0,0,BRA021
2121,17,0,0,,0,,0,0,0,0,0,BRA018
2121,17,0,0,,0,,0,0,0,0,0,BRA028
2122,17,0,0,,0,,0,0,0,0,0,BRA022
2122,17,0,0,,0,,0,0,0,0,0,BRA033
2123,17,0,0,,0,,0,0,0,0,0,BRA031
2123,17,0,0,,0,,0,0,0,0,0,BRA005
2124,17,0,0,,0,,0,0,0,0,0,BRA025
2124,17,0,0,,0,,0,0,0,0,0,BRA042
2125,17,0,0,,0,,0,0,0,0,0,BRA044
2125,17,0,0,,0,,0,0,0,0,0,BRA020
2126,17,0,0,,0,,0,0,0,0,0,BRA034
2126,17,0,0,,0,,0,0,0,0,0,BRA009
2127,18,0,0,,0,,0,0,0,0,0,BRA043
2127,18,0,0,,0,,0,0,0,0,0,BRA018
2128,18,0,0,,0,,0,0,0,0,0,BRA022
2128,18,0,0,,0,,0,0,0,0,0,BRA031
2129,18,0,0,,0,,0,0,0,0,0,BRA032
2129,18,0,0,,0,,0,0,0,0,0,BRA020
2130,18,0,0,,0,,0,0,0,0,0,BRA024
2130,18,0,0,,0,,0,0,0,0,0,BRA005
2131,18,0,0,,0,,0,0,0,0,0,BRA003
2131,18,0,0,,0,,0,0,0,0,0,BRA021
2132,18,0,0,,0,,0,0,0,0,0,BRA009
2132,18,0,0,,0,,0,0,0,0,0,BRA042
2133,18,0,0,,0,,0,0,0,0,0,BRA044
2133,18,0,0,,0,,0,0,0,0,0,BRA015
2134,18,0,0,,0,,0,0,0,0,0,BRA002
2134,18,0,0,,0,,0,0,0,0,0,BRA025
2135,18,0,0,,0,,0,0,0,0,0,BRA028
2135,18,0,0,,0,,0,0,0,0,0,BRA033
2136,18,0,0,,0,,0,0,0,0,0,BRA040
2136,18,0,0,,0,,0,0,0,0,0,BRA034
2137,19,0,0,,0,,0,0,0,0,0,BRA031
2137,19,0,0,,0,,0,0,0,0,0,BRA043
2138,19,0,0,,0,,0,0,0,0,0,BRA042
2138,19,0,0,,0,,0,0,0,0,0,BRA003
2139,19,0,0,,0,,0,0,0,0,0,BRA032
2139,19,0,0,,0,,0,0,0,0,0,BRA021
2140,19,0,0,,0,,0,0,0,0,0,BRA025
2140,19,0,0,,0,,0,0,0,0,0,BRA015
2141,19,0,0,,0,,0,0,0,0,0,BRA033
2141,19,0,0,,0,,0,0,0,0,0,BRA005
2142,19,0,0,,0,,0,0,0,0,0,BRA009
2142,19,0,0,,0,,0,0,0,0,0,BRA020
2143,19,0,0,,0,,0,0,0,0,0,BRA024
2143,19,0,0,,0,,0,0,0,0,0,BRA028
2144,19,0,0,,0,,0,0,0,0,0,BRA018
2144,19,0,0,,0,,0,0,0,0,0,BRA002
2145,19,0,0,,0,,0,0,0,0,0,BRA022
2145,19,0,0,,0,,0,0,0,0,0,BRA040
2146,19,0,0,,0,,0,0,0,0,0,BRA044
2146,19,0,0,,0,,0,0,0,0,0,BRA034
2025,7,0,0,,0,,0,0,0,0,0,BRA009
2025,7,0,0,,0,,0,0,0,0,0,BRA015
2076,11,0,0,,0,,0,0,0,0,0,BRA021
2076,11,0,0,,0,,0,0,0,0,0,BRA022
2147,20,0,0,,0,,0,0,0,0,0,BRA040
2147,20,0,0,,0,,0,0,0,0,0,BRA043
2148,20,0,0,,0,,0,0,0,0,0,BRA003
2148,20,0,0,,0,,0,0,0,0,0,BRA020
2149,20,0,0,,0,,0,0,0,0,0,BRA025
2149,20,0,0,,0,,0,0,0,0,0,BRA034
2150,20,0,0,,0,,0,0,0,0,0,BRA021
2150,20,0,0,,0,,0,0,0,0,0,BRA033
2151,20,0,0,,0,,0,0,0,0,0,BRA005
2151,20,0,0,,0,,0,0,0,0,0,BRA032
2152,20,0,0,,0,,0,0,0,0,0,BRA031
2152,20,0,0,,0,,0,0,0,0,0,BRA015
2153,20,0,0,,0,,0,0,0,0,0,BRA002
2153,20,0,0,,0,,0,0,0,0,0,BRA044
2154,20,0,0,,0,,0,0,0,0,0,BRA028
2154,20,0,0,,0,,0,0,0,0,0,BRA009
2155,20,0,0,,0,,0,0,0,0,0,BRA022
2155,20,0,0,,0,,0,0,0,0,0,BRA018
2156,20,0,0,,0,,0,0,0,0,0,BRA024
2156,20,0,0,,0,,0,0,0,0,0,BRA042
2036,8,0,0,,0,,0,0,0,0,0,BRA031
2036,8,0,0,,0,,0,0,0,0,0,BRA021
2157,21,0,0,,0,,0,0,0,0,0,BRA015
2157,21,0,0,,0,,0,0,0,0,0,BRA018
2158,21,0,0,,0,,0,0,0,0,0,BRA025
2158,21,0,0,,0,,0,0,0,0,0,BRA022
2159,21,0,0,,0,,0,0,0,0,0,BRA003
2159,21,0,0,,0,,0,0,0,0,0,BRA028
2160,21,0,0,,0,,0,0,0,0,0,BRA009
2160,21,0,0,,0,,0,0,0,0,0,BRA005
2161,21,0,0,,0,,0,0,0,0,0,BRA042
2161,21,0,0,,0,,0,0,0,0,0,BRA032
2162,21,0,0,,0,,0,0,0,0,0,BRA034
2162,21,0,0,,0,,0,0,0,0,0,BRA031
2163,21,0,0,,0,,0,0,0,0,0,BRA033
2163,21,0,0,,0,,0,0,0,0,0,BRA020
2164,21,0,0,,0,,0,0,0,0,0,BRA040
2164,21,0,0,,0,,0,0,0,0,0,BRA002
2165,21,0,0,,0,,0,0,0,0,0,BRA044
2165,21,0,0,,0,,0,0,0,0,0,BRA043
2166,21,0,0,,0,,0,0,0,0,0,BRA024
2166,21,0,0,,0,,0,0,0,0,0,BRA021
2167,22,0,0,,0,,0,0,0,0,0,BRA018
2167,22,0,0,,0,,0,0,0,0,0,BRA034
2168,22,0,0,,0,,0,0,0,0,0,BRA024
2168,22,0,0,,0,,0,0,0,0,0,BRA031
2169,22,0,0,,0,,0,0,0,0,0,BRA021
2169,22,0,0,,0,,0,0,0,0,0,BRA009
2170,22,0,0,,0,,0,0,0,0,0,BRA002
2170,22,0,0,,0,,0,0,0,0,0,BRA020
2171,22,0,0,,0,,0,0,0,0,0,BRA033
2171,22,0,0,,0,,0,0,0,0,0,BRA042
2172,22,0,0,,0,,0,0,0,0,0,BRA005
2172,22,0,0,,0,,0,0,0,0,0,BRA015
2173,22,0,0,,0,,0,0,0,0,0,BRA043
2173,22,0,0,,0,,0,0,0,0,0,BRA025
2174,22,0,0,,0,,0,0,0,0,0,BRA022
2174,22,0,0,,0,,0,0,0,0,0,BRA028
2175,22,0,0,,0,,0,0,0,0,0,BRA040
2175,22,0,0,,0,,0,0,0,0,0,BRA003
2176,22,0,0,,0,,0,0,0,0,0,BRA032
2176,22,0,0,,0,,0,0,0,0,0,BRA044
2177,23,0,0,,0,,0,0,0,0,0,BRA034
2177,23,0,0,,0,,0,0,0,0,0,BRA042
2178,23,0,0,,0,,0,0,0,0,0,BRA043
2178,23,0,0,,0,,0,0,0,0,0,BRA021
2179,23,0,0,,0,,0,0,0,0,0,BRA031
2179,23,0,0,,0,,0,0,0,0,0,BRA002
2180,23,0,0,,0,,0,0,0,0,0,BRA015
2180,23,0,0,,0,,0,0,0,0,0,BRA040
2181,23,0,0,,0,,0,0,0,0,0,BRA033
2181,23,0,0,,0,,0,0,0,0,0,BRA018
2182,23,0,0,,0,,0,0,0,0,0,BRA005
2182,23,0,0,,0,,0,0,0,0,0,BRA003
2183,23,0,0,,0,,0,0,0,0,0,BRA025
2183,23,0,0,,0,,0,0,0,0,0,BRA009
2184,23,0,0,,0,,0,0,0,0,0,BRA020
2184,23,0,0,,0,,0,0,0,0,0,BRA024
2185,23,0,0,,0,,0,0,0,0,0,BRA044
2185,23,0,0,,0,,0,0,0,0,0,BRA022
2186,23,0,0,,0,,0,0,0,0,0,BRA032
2186,23,0,0,,0,,0,0,0,0,0,BRA028
2187,24,0,0,,0,,0,0,0,0,0,BRA015
2187,24,0,0,,0,,0,0,0,0,0,BRA002
2188,24,0,0,,0,,0,0,0,0,0,BRA024
2188,24,0,0,,0,,0,0,0,0,0,BRA003
2189,24,0,0,,0,,0,0,0,0,0,BRA021
2189,24,0,0,,0,,0,0,0,0,0,BRA020
2190,24,0,0,,0,,0,0,0,0,0,BRA031
2190,24,0,0,,0,,0,0,0,0,0,BRA018
2191,24,0,0,,0,,0,0,0,0,0,BRA040
2191,24,0,0,,0,,0,0,0,0,0,BRA028
2192,24,0,0,,0,,0,0,0,0,0,BRA005
2192,24,0,0,,0,,0,0,0,0,0,BRA042
2193,24,0,0,,0,,0,0,0,0,0,BRA025
2193,24,0,0,,0,,0,0,0,0,0,BRA044
2194,24,0,0,,0,,0,0,0,0,0,BRA032
2194,24,0,0,,0,,0,0,0,0,0,BRA034
2195,24,0,0,,0,,0,0,0,0,0,BRA033
2195,24,0,0,,0,,0,0,0,0,0,BRA009
2196,24,0,0,,0,,0,0,0,0,0,BRA022
2196,24,0,0,,0,,0,0,0,0,0,BRA043
2197,25,0,0,,0,,0,0,0,0,0,BRA020
2197,25,0,0,,0,,0,0,0,0,0,BRA005
2198,25,0,0,,0,,0,0,0,0,0,BRA028
2198,25,0,0,,0,,0,0,0,0,0,BRA021
2199,25,0,0,,0,,0,0,0,0,0,BRA044
2199,25,0,0,,0,,0,0,0,0,0,BRA042
2200,25,0,0,,0,,0,0,0,0,0,BRA025
2200,25,0,0,,0,,0,0,0,0,0,BRA018
2201,25,0,0,,0,,0,0,0,0,0,BRA031
2201,25,0,0,,0,,0,0,0,0,0,BRA040
2206,25,0,0,,0,,0,0,0,0,0,BRA009
2206,25,0,0,,0,,0,0,0,0,0,BRA032
2202,25,0,0,,0,,0,0,0,0,0,BRA034
2202,25,0,0,,0,,0,0,0,0,0,BRA015
2203,25,0,0,,0,,0,0,0,0,0,BRA022
2203,25,0,0,,0,,0,0,0,0,0,BRA003
2204,25,0,0,,0,,0,0,0,0,0,BRA002
2204,25,0,0,,0,,0,0,0,0,0,BRA043
2205,25,0,0,,0,,0,0,0,0,0,BRA033
2205,25,0,0,,0,,0,0,0,0,0,BRA024
2116,16,0,0,,0,,0,0,0,0,0,BRA021
2116,16,0,0,,0,,0,0,0,0,0,BRA018
2207,26,0,0,,0,,0,0,0,0,0,BRA024
2207,26,0,0,,0,,0,0,0,0,0,BRA032
2208,26,0,0,,0,,0,0,0,0,0,BRA022
2208,26,0,0,,0,,0,0,0,0,0,BRA002
2209,26,0,0,,0,,0,0,0,0,0,BRA040
2209,26,0,0,,0,,0,0,0,0,0,BRA042
2210,26,0,0,,0,,0,0,0,0,0,BRA015
2210,26,0,0,,0,,0,0,0,0,0,BRA009
2211,26,0,0,,0,,0,0,0,0,0,BRA003
2211,26,0,0,,0,,0,0,0,0,0,BRA033
2212,26,0,0,,0,,0,0,0,0,0,BRA043
2212,26,0,0,,0,,0,0,0,0,0,BRA034
2213,26,0,0,,0,,0,0,0,0,0,BRA018
2213,26,0,0,,0,,0,0,0,0,0,BRA005
2214,26,0,0,,0,,0,0,0,0,0,BRA031
2214,26,0,0,,0,,0,0,0,0,0,BRA020
2215,26,0,0,,0,,0,0,0,0,0,BRA021
2215,26,0,0,,0,,0,0,0,0,0,BRA044
2216,26,0,0,,0,,0,0,0,0,0,BRA028
2216,26,0,0,,0,,0,0,0,0,0,BRA025
2217,27,0,0,,0,,0,0,0,0,0,BRA020
2217,27,0,0,,0,,0,0,0,0,0,BRA042
2218,27,0,0,,0,,0,0,0,0,0,BRA025
2218,27,0,0,,0,,0,0,0,0,0,BRA040
2219,27,0,0,,0,,0,0,0,0,0,BRA024
2219,27,0,0,,0,,0,0,0,0,0,BRA002
2220,27,0,0,,0,,0,0,0,0,0,BRA031
2220,27,0,0,,0,,0,0,0,0,0,BRA021
2221,27,0,0,,0,,0,0,0,0,0,BRA043
2221,27,0,0,,0,,0,0,0,0,0,BRA032
2222,27,0,0,,0,,0,0,0,0,0,BRA033
2222,27,0,0,,0,,0,0,0,0,0,BRA015
2223,27,0,0,,0,,0,0,0,0,0,BRA005
2223,27,0,0,,0,,0,0,0,0,0,BRA028
2224,27,0,0,,0,,0,0,0,0,0,BRA034
2224,27,0,0,,0,,0,0,0,0,0,BRA003
2225,27,0,0,,0,,0,0,0,0,0,BRA009
2225,27,0,0,,0,,0,0,0,0,0,BRA022
2226,27,0,0,,0,,0,0,0,0,0,BRA044
2226,27,0,0,,0,,0,0,0,0,0,BRA018
2227,28,0,0,,0,,0,0,0,0,0,BRA032
2227,28,0,0,,0,,0,0,0,0,0,BRA003
2228,28,0,0,,0,,0,0,0,0,0,BRA015
2228,28,0,0,,0,,0,0,0,0,0,BRA043
2229,28,0,0,,0,,0,0,0,0,0,BRA005
2229,28,0,0,,0,,0,0,0,0,0,BRA021
2230,28,0,0,,0,,0,0,0,0,0,BRA040
2230,28,0,0,,0,,0,0,0,0,0,BRA044
2231,28,0,0,,0,,0,0,0,0,0,BRA024
2231,28,0,0,,0,,0,0,0,0,0,BRA009
2232,28,0,0,,0,,0,0,0,0,0,BRA042
2232,28,0,0,,0,,0,0,0,0,0,BRA028
2233,28,0,0,,0,,0,0,0,0,0,BRA031
2233,28,0,0,,0,,0,0,0,0,0,BRA025
2234,28,0,0,,0,,0,0,0,0,0,BRA020
2234,28,0,0,,0,,0,0,0,0,0,BRA018
2235,28,0,0,,0,,0,0,0,0,0,BRA002
2235,28,0,0,,0,,0,0,0,0,0,BRA033
2236,28,0,0,,0,,0,0,0,0,0,BRA022
2236,28,0,0,,0,,0,0,0,0,0,BRA034
2058,29,0,0,,0,,0,0,0,0,0,BRA032
2058,29,0,0,,0,,0,0,0,0,0,BRA033
2059,29,0,0,,0,,0,0,0,0,0,BRA024
2059,29,0,0,,0,,0,0,0,0,0,BRA043
2060,29,0,0,,0,,0,0,0,0,0,BRA005
2060,29,0,0,,0,,0,0,0,0,0,BRA025
2061,29,0,0,,0,,0,0,0,0,0,BRA031
2061,29,0,0,,0,,0,0,0,0,0,BRA044
2062,29,0,0,,0,,0,0,0,0,0,BRA003
2062,29,0,0,,0,,0,0,0,0,0,BRA009
2063,29,0,0,,0,,0,0,0,0,0,BRA015
2063,29,0,0,,0,,0,0,0,0,0,BRA022
2064,29,0,0,,0,,0,0,0,0,0,BRA018
2064,29,0,0,,0,,0,0,0,0,0,BRA040
2056,10,0,0,,0,,0,0,0,0,0,BRA042
2056,10,0,0,,0,,0,0,0,0,0,BRA021
2065,29,0,0,,0,,0,0,0,0,0,BRA002
2065,29,0,0,,0,,0,0,0,0,0,BRA034
2066,29,0,0,,0,,0,0,0,0,0,BRA028
2066,29,0,0,,0,,0,0,0,0,0,BRA020
2237,30,0,0,,0,,0,0,0,0,0,BRA033
2237,30,0,0,,0,,0,0,0,0,0,BRA025
2238,30,0,0,,0,,0,0,0,0,0,BRA009
2238,30,0,0,,0,,0,0,0,0,0,BRA040
2239,30,0,0,,0,,0,0,0,0,0,BRA032
2239,30,0,0,,0,,0,0,0,0,0,BRA031
2240,30,0,0,,0,,0,0,0,0,0,BRA042
2240,30,0,0,,0,,0,0,0,0,0,BRA015
2241,30,0,0,,0,,0,0,0,0,0,BRA003
2241,30,0,0,,0,,0,0,0,0,0,BRA044
2242,30,0,0,,0,,0,0,0,0,0,BRA043
2242,30,0,0,,0,,0,0,0,0,0,BRA005
2243,30,0,0,,0,,0,0,0,0,0,BRA028
2243,30,0,0,,0,,0,0,0,0,0,BRA002
2244,30,0,0,,0,,0,0,0,0,0,BRA018
2244,30,0,0,,0,,0,0,0,0,0,BRA024
2245,30,0,0,,0,,0,0,0,0,0,BRA034
2245,30,0,0,,0,,0,0,0,0,0,BRA020
2246,30,0,0,,0,,0,0,0,0,0,BRA021
2246,30,0,0,,0,,0,0,0,0,0,BRA022
2247,31,0,0,,0,,0,0,0,0,0,BRA020
2247,31,0,0,,0,,0,0,0,0,0,BRA043
2248,31,0,0,,0,,0,0,0,0,0,BRA018
2248,31,0,0,,0,,0,0,0,0,0,BRA032
2249,31,0,0,,0,,0,0,0,0,0,BRA031
2249,31,0,0,,0,,0,0,0,0,0,BRA003
2250,31,0,0,,0,,0,0,0,0,0,BRA015
2250,31,0,0,,0,,0,0,0,0,0,BRA028
2251,31,0,0,,0,,0,0,0,0,0,BRA034
2251,31,0,0,,0,,0,0,0,0,0,BRA021
2252,31,0,0,,0,,0,0,0,0,0,BRA042
2252,31,0,0,,0,,0,0,0,0,0,BRA022
2253,31,0,0,,0,,0,0,0,0,0,BRA002
2253,31,0,0,,0,,0,0,0,0,0,BRA005
2254,31,0,0,,0,,0,0,0,0,0,BRA040
2254,31,0,0,,0,,0,0,0,0,0,BRA033
2255,31,0,0,,0,,0,0,0,0,0,BRA024
2255,31,0,0,,0,,0,0,0,0,0,BRA025
2256,31,0,0,,0,,0,0,0,0,0,BRA009
2256,31,0,0,,0,,0,0,0,0,0,BRA044
2026,7,0,0,,0,,0,0,0,0,0,BRA021
2026,7,0,0,,0,,0,0,0,0,0,BRA044
2257,32,0,0,,0,,0,0,0,0,0,BRA033
2257,32,0,0,,0,,0,0,0,0,0,BRA034
2258,32,0,0,,0,,0,0,0,0,0,BRA022
2258,32,0,0,,0,,0,0,0,0,0,BRA024
2259,32,0,0,,0,,0,0,0,0,0,BRA043
2259,32,0,0,,0,,0,0,0,0,0,BRA009
2260,32,0,0,,0,,0,0,0,0,0,BRA032
2260,32,0,0,,0,,0,0,0,0,0,BRA015
2261,32,0,0,,0,,0,0,0,0,0,BRA005
2261,32,0,0,,0,,0,0,0,0,0,BRA044
2262,32,0,0,,0,,0,0,0,0,0,BRA042
2262,32,0,0,,0,,0,0,0,0,0,BRA018
2263,32,0,0,,0,,0,0,0,0,0,BRA002
2263,32,0,0,,0,,0,0,0,0,0,BRA003
2264,32,0,0,,0,,0,0,0,0,0,BRA020
2264,32,0,0,,0,,0,0,0,0,0,BRA040
2265,32,0,0,,0,,0,0,0,0,0,BRA028
2265,32,0,0,,0,,0,0,0,0,0,BRA031
2266,32,0,0,,0,,0,0,0,0,0,BRA021
2266,32,0,0,,0,,0,0,0,0,0,BRA025
2267,33,0,0,,0,,0,0,0,0,0,BRA022
2267,33,0,0,,0,,0,0,0,0,0,BRA005
2268,33,0,0,,0,,0,0,0,0,0,BRA018
2268,33,0,0,,0,,0,0,0,0,0,BRA003
2269,33,0,0,,0,,0,0,0,0,0,BRA040
2269,33,0,0,,0,,0,0,0,0,0,BRA024
2270,33,0,0,,0,,0,0,0,0,0,BRA042
2270,33,0,0,,0,,0,0,0,0,0,BRA043
2271,33,0,0,,0,,0,0,0,0,0,BRA002
2271,33,0,0,,0,,0,0,0,0,0,BRA021
2272,33,0,0,,0,,0,0,0,0,0,BRA025
2272,33,0,0,,0,,0,0,0,0,0,BRA032
2273,33,0,0,,0,,0,0,0,0,0,BRA020
2273,33,0,0,,0,,0,0,0,0,0,BRA015
2274,33,0,0,,0,,0,0,0,0,0,BRA034
2274,33,0,0,,0,,0,0,0,0,0,BRA028
2275,33,0,0,,0,,0,0,0,0,0,BRA009
2275,33,0,0,,0,,0,0,0,0,0,BRA031
2276,33,0,0,,0,,0,0,0,0,0,BRA044
2276,33,0,0,,0,,0,0,0,0,0,BRA033
2277,34,0,0,,0,,0,0,0,0,0,BRA003
2277,34,0,0,,0,,0,0,0,0,0,BRA025
2278,34,0,0,,0,,0,0,0,0,0,BRA020
2278,34,0,0,,0,,0,0,0,0,0,BRA022
2279,34,0,0,,0,,0,0,0,0,0,BRA005
2279,34,0,0,,0,,0,0,0,0,0,BRA034
2280,34,0,0,,0,,0,0,0,0,0,BRA024
2280,34,0,0,,0,,0,0,0,0,0,BRA044
2281,34,0,0,,0,,0,0,0,0,0,BRA040
2281,34,0,0,,0,,0,0,0,0,0,BRA032
2282,34,0,0,,0,,0,0,0,0,0,BRA021
2282,34,0,0,,0,,0,0,0,0,0,BRA015
2283,34,0,0,,0,,0,0,0,0,0,BRA002
2283,34,0,0,,0,,0,0,0,0,0,BRA042
2284,34,0,0,,0,,0,0,0,0,0,BRA009
2284,34,0,0,,0,,0,0,0,0,0,BRA018
2285,34,0,0,,0,,0,0,0,0,0,BRA033
2285,34,0,0,,0,,0,0,0,0,0,BRA031
2286,34,0,0,,0,,0,0,0,0,0,BRA043
2286,34,0,0,,0,,0,0,0,0,0,BRA028
2287,35,0,0,,0,,0,0,0,0,0,BRA034
2287,35,0,0,,0,,0,0,0,0,0,BRA024
2288,35,0,0,,0,,0,0,0,0,0,BRA022
2288,35,0,0,,0,,0,0,0,0,0,BRA032
2289,35,0,0,,0,,0,0,0,0,0,BRA025
2289,35,0,0,,0,,0,0,0,0,0,BRA020
2290,35,0,0,,0,,0,0,0,0,0,BRA040
2290,35,0,0,,0,,0,0,0,0,0,BRA005
2291,35,0,0,,0,,0,0,0,0,0,BRA018
2291,35,0,0,,0,,0,0,0,0,0,BRA021
2292,35,0,0,,0,,0,0,0,0,0,BRA015
2292,35,0,0,,0,,0,0,0,0,0,BRA003
2293,35,0,0,,0,,0,0,0,0,0,BRA009
2293,35,0,0,,0,,0,0,0,0,0,BRA002
2294,35,0,0,,0,,0,0,0,0,0,BRA033
2294,35,0,0,,0,,0,0,0,0,0,BRA043
2295,35,0,0,,0,,0,0,0,0,0,BRA044
2295,35,0,0,,0,,0,0,0,0,0,BRA028
2296,35,0,0,,0,,0,0,0,0,0,BRA042
2296,35,0,0,,0,,0,0,0,0,0,BRA031
2297,36,0,0,,0,,0,0,0,0,0,BRA034
2297,36,0,0,,0,,0,0,0,0,0,BRA009
2298,36,0,0,,0,,0,0,0,0,0,BRA002
2298,36,0,0,,0,,0,0,0,0,0,BRA032
2299,36,0,0,,0,,0,0,0,0,0,BRA028
2299,36,0,0,,0,,0,0,0,0,0,BRA018
2300,36,0,0,,0,,0,0,0,0,0,BRA024
2300,36,0,0,,0,,0,0,0,0,0,BRA015
2301,36,0,0,,0,,0,0,0,0,0,BRA044
2301,36,0,0,,0,,0,0,0,0,0,BRA020
2302,36,0,0,,0,,0,0,0,0,0,BRA043
2302,36,0,0,,0,,0,0,0,0,0,BRA003
2303,36,0,0,,0,,0,0,0,0,0,BRA005
2303,36,0,0,,0,,0,0,0,0,0,BRA031
2304,36,0,0,,0,,0,0,0,0,0,BRA025
2304,36,0,0,,0,,0,0,0,0,0,BRA042
2305,36,0,0,,0,,0,0,0,0,0,BRA040
2305,36,0,0,,0,,0,0,0,0,0,BRA021
2306,36,0,0,,0,,0,0,0,0,0,BRA022
2306,36,0,0,,0,,0,0,0,0,0,BRA033
2307,37,0,0,,0,,0,0,0,0,0,BRA025
2307,37,0,0,,0,,0,0,0,0,0,BRA002
2308,37,0,0,,0,,0,0,0,0,0,BRA031
2308,37,0,0,,0,,0,0,0,0,0,BRA022
2309,37,0,0,,0,,0,0,0,0,0,BRA009
2309,37,0,0,,0,,0,0,0,0,0,BRA042
2310,37,0,0,,0,,0,0,0,0,0,BRA033
2310,37,0,0,,0,,0,0,0,0,0,BRA028
2311,37,0,0,,0,,0,0,0,0,0,BRA034
2311,37,0,0,,0,,0,0,0,0,0,BRA040
2312,37,0,0,,0,,0,0,0,0,0,BRA018
2312,37,0,0,,0,,0,0,0,0,0,BRA043
2313,37,0,0,,0,,0,0,0,0,0,BRA003
2313,37,0,0,,0,,0,0,0,0,0,BRA021
2314,37,0,0,,0,,0,0,0,0,0,BRA024
2314,37,0,0,,0,,0,0,0,0,0,BRA005
2315,37,0,0,,0,,0,0,0,0,0,BRA020
2315,37,0,0,,0,,0,0,0,0,0,BRA032
2316,37,0,0,,0,,0,0,0,0,0,BRA044
2316,37,0,0,,0,,0,0,0,0,0,BRA015
2317,38,0,0,,0,,0,0,0,0,0,BRA003
2317,38,0,0,,0,,0,0,0,0,0,BRA042
2318,38,0,0,,0,,0,0,0,0,0,BRA022
2318,38,0,0,,0,,0,0,0,0,0,BRA040
2319,38,0,0,,0,,0,0,0,0,0,BRA032
2319,38,0,0,,0,,0,0,0,0,0,BRA021
2320,38,0,0,,0,,0,0,0,0,0,BRA005
2320,38,0,0,,0,,0,0,0,0,0,BRA033
2321,38,0,0,,0,,0,0,0,0,0,BRA002
2321,38,0,0,,0,,0,0,0,0,0,BRA018
2322,38,0,0,,0,,0,0,0,0,0,BRA025
2322,38,0,0,,0,,0,0,0,0,0,BRA015
2323,38,0,0,,0,,0,0,0,0,0,BRA024
2323,38,0,0,,0,,0,0,0,0,0,BRA028
2324,38,0,0,,0,,0,0,0,0,0,BRA044
2324,38,0,0,,0,,0,0,0,0,0,BRA034
2325,38,0,0,,0,,0,0,0,0,0,BRA009
2325,38,0,0,,0,,0,0,0,0,0,BRA020
2326,38,0,0,,0,,0,0,0,0,0,BRA043
2326,38,0,0,,0,,0,0,0,0,0,BRA031
2327,1,0,0,,0,,0,0,0,0,0,BRA024
2327,1,0,0,,0,,0,0,0,0,0,BRA032
2328,1,0,0,,0,,0,0,0,0,0,BRA025
2328,1,0,0,,0,,0,0,0,0,0,BRA042
2329,1,0,0,,0,,0,0,0,0,0,BRA045
2329,1,0,0,,0,,0,0,0,0,0,BRA018
2330,1,0,0,,0,,0,0,0,0,0,BRA033
2330,1,0,0,,0,,0,0,0,0,0,BRA016
2331,1,0,0,,0,,0,0,0,0,0,BRA044
2331,1,0,0,,0,,0,0,0,0,0,BRA028
2332,1,0,0,,0,,0,0,0,0,0,BRA009
2332,1,0,0,,0,,0,0,0,0,0,BRA043
2333,1,0,0,,0,,0,0,0,0,0,BRA029
2333,1,0,0,,0,,0,0,0,0,0,BRA003
2334,1,0,0,,0,,0,0,0,0,0,BRA020
2334,1,0,0,,0,,0,0,0,0,0,BRA037
2335,1,0,0,,0,,0,0,0,0,0,BRA022
2335,1,0,0,,0,,0,0,0,0,0,BRA005
2336,1,0,0,,0,,0,0,0,0,0,BRA040
2336,1,0,0,,0,,0,0,0,0,0,BRA021
2337,2,0,0,,0,,0,0,0,0,0,BRA018
2337,2,0,0,,0,,0,0,0,0,0,BRA009
2338,2,0,0,,0,,0,0,0,0,0,BRA043
2338,2,0,0,,0,,0,0,0,0,0,BRA045
2339,2,0,0,,0,,0,0,0,0,0,BRA037
2339,2,0,0,,0,,0,0,0,0,0,BRA044
2340,2,0,0,,0,,0,0,0,0,0,BRA021
2340,2,0,0,,0,,0,0,0,0,0,BRA025
2341,2,0,0,,0,,0,0,0,0,0,BRA003
2341,2,0,0,,0,,0,0,0,0,0,BRA042
2342,2,0,0,,0,,0,0,0,0,0,BRA022
2342,2,0,0,,0,,0,0,0,0,0,BRA032
2343,2,0,0,,0,,0,0,0,0,0,BRA024
2343,2,0,0,,0,,0,0,0,0,0,BRA005
2344,2,0,0,,0,,0,0,0,0,0,BRA016
2344,2,0,0,,0,,0,0,0,0,0,BRA020
2345,2,0,0,,0,,0,0,0,0,0,BRA028
2345,2,0,0,,0,,0,0,0,0,0,BRA033
2346,2,0,0,,0,,0,0,0,0,0,BRA040
2346,2,0,0,,0,,0,0,0,0,0,BRA029
2347,3,0,0,,0,,0,0,0,0,0,BRA025
2347,3,0,0,,0,,0,0,0,0,0,BRA032
2348,3,0,0,,0,,0,0,0,0,0,BRA028
2348,3,0,0,,0,,0,0,0,0,0,BRA021
2349,3,0,0,,0,,0,0,0,0,0,BRA045
2349,3,0,0,,0,,0,0,0,0,0,BRA020
2350,3,0,0,,0,,0,0,0,0,0,BRA018
2350,3,0,0,,0,,0,0,0,0,0,BRA040
2351,3,0,0,,0,,0,0,0,0,0,BRA042
2351,3,0,0,,0,,0,0,0,0,0,BRA016
2352,3,0,0,,0,,0,0,0,0,0,BRA022
2352,3,0,0,,0,,0,0,0,0,0,BRA043
2353,3,0,0,,0,,0,0,0,0,0,BRA029
2353,3,0,0,,0,,0,0,0,0,0,BRA024
2354,3,0,0,,0,,0,0,0,0,0,BRA005
2354,3,0,0,,0,,0,0,0,0,0,BRA003
2355,3,0,0,,0,,0,0,0,0,0,BRA033
2355,3,0,0,,0,,0,0,0,0,0,BRA037
2356,3,0,0,,0,,0,0,0,0,0,BRA044
2356,3,0,0,,0,,0,0,0,0,0,BRA009
2357,4,0,0,,0,,0,0,0,0,0,BRA025
2357,4,0,0,,0,,0,0,0,0,0,BRA044
2358,4,0,0,,0,,0,0,0,0,0,BRA043
2358,4,0,0,,0,,0,0,0,0,0,BRA028
2359,4,0,0,,0,,0,0,0,0,0,BRA024
2359,4,0,0,,0,,0,0,0,0,0,BRA020
2360,4,0,0,,0,,0,0,0,0,0,BRA040
2360,4,0,0,,0,,0,0,0,0,0,BRA042
2361,4,0,0,,0,,0,0,0,0,0,BRA018
2361,4,0,0,,0,,0,0,0,0,0,BRA016
2362,4,0,0,,0,,0,0,0,0,0,BRA032
2362,4,0,0,,0,,0,0,0,0,0,BRA009
2363,4,0,0,,0,,0,0,0,0,0,BRA045
2363,4,0,0,,0,,0,0,0,0,0,BRA029
2364,4,0,0,,0,,0,0,0,0,0,BRA003
2364,4,0,0,,0,,0,0,0,0,0,BRA033
2365,4,0,0,,0,,0,0,0,0,0,BRA037
2365,4,0,0,,0,,0,0,0,0,0,BRA005
2366,4,0,0,,0,,0,0,0,0,0,BRA022
2366,4,0,0,,0,,0,0,0,0,0,BRA021
2367,5,0,0,,0,,0,0,0,0,0,BRA042
2367,5,0,0,,0,,0,0,0,0,0,BRA005
2368,5,0,0,,0,,0,0,0,0,0,BRA020
2368,5,0,0,,0,,0,0,0,0,0,BRA021
2369,5,0,0,,0,,0,0,0,0,0,BRA029
2369,5,0,0,,0,,0,0,0,0,0,BRA032
2370,5,0,0,,0,,0,0,0,0,0,BRA037
2370,5,0,0,,0,,0,0,0,0,0,BRA028
2371,5,0,0,,0,,0,0,0,0,0,BRA025
2371,5,0,0,,0,,0,0,0,0,0,BRA022
2372,5,0,0,,0,,0,0,0,0,0,BRA033
2372,5,0,0,,0,,0,0,0,0,0,BRA043
2373,5,0,0,,0,,0,0,0,0,0,BRA024
2373,5,0,0,,0,,0,0,0,0,0,BRA003
2374,5,0,0,,0,,0,0,0,0,0,BRA016
2374,5,0,0,,0,,0,0,0,0,0,BRA009
2375,5,0,0,,0,,0,0,0,0,0,BRA044
2375,5,0,0,,0,,0,0,0,0,0,BRA018
2376,5,0,0,,0,,0,0,0,0,0,BRA045
2376,5,0,0,,0,,0,0,0,0,0,BRA040
2377,6,0,0,,0,,0,0,0,0,0,BRA022
2377,6,0,0,,0,,0,0,0,0,0,BRA040
2378,6,0,0,,0,,0,0,0,0,0,BRA018
2378,6,0,0,,0,,0,0,0,0,0,BRA033
2379,6,0,0,,0,,0,0,0,0,0,BRA005
2379,6,0,0,,0,,0,0,0,0,0,BRA029
2380,6,0,0,,0,,0,0,0,0,0,BRA021
2380,6,0,0,,0,,0,0,0,0,0,BRA042
2381,6,0,0,,0,,0,0,0,0,0,BRA028
2381,6,0,0,,0,,0,0,0,0,0,BRA009
2382,6,0,0,,0,,0,0,0,0,0,BRA043
2382,6,0,0,,0,,0,0,0,0,0,BRA020
2383,6,0,0,,0,,0,0,0,0,0,BRA037
2383,6,0,0,,0,,0,0,0,0,0,BRA003
2384,6,0,0,,0,,0,0,0,0,0,BRA016
2384,6,0,0,,0,,0,0,0,0,0,BRA045
2385,6,0,0,,0,,0,0,0,0,0,BRA032
2385,6,0,0,,0,,0,0,0,0,0,BRA044
2386,6,0,0,,0,,0,0,0,0,0,BRA024
2386,6,0,0,,0,,0,0,0,0,0,BRA025
2387,7,0,0,,0,,0,0,0,0,0,BRA009
2387,7,0,0,,0,,0,0,0,0,0,BRA037
2388,7,0,0,,0,,0,0,0,0,0,BRA042
2388,7,0,0,,0,,0,0,0,0,0,BRA043
2389,7,0,0,,0,,0,0,0,0,0,BRA020
2389,7,0,0,,0,,0,0,0,0,0,BRA018
2390,7,0,0,,0,,0,0,0,0,0,BRA016
2390,7,0,0,,0,,0,0,0,0,0,BRA022
2391,7,0,0,,0,,0,0,0,0,0,BRA021
2391,7,0,0,,0,,0,0,0,0,0,BRA029
2392,7,0,0,,0,,0,0,0,0,0,BRA028
2392,7,0,0,,0,,0,0,0,0,0,BRA045
2393,7,0,0,,0,,0,0,0,0,0,BRA033
2393,7,0,0,,0,,0,0,0,0,0,BRA044
2394,7,0,0,,0,,0,0,0,0,0,BRA003
2394,7,0,0,,0,,0,0,0,0,0,BRA025
2395,7,0,0,,0,,0,0,0,0,0,BRA040
2395,7,0,0,,0,,0,0,0,0,0,BRA024
2396,7,0,0,,0,,0,0,0,0,0,BRA032
2396,7,0,0,,0,,0,0,0,0,0,BRA005
2397,8,0,0,,0,,0,0,0,0,0,BRA029
2397,8,0,0,,0,,0,0,0,0,0,BRA044
2398,8,0,0,,0,,0,0,0,0,0,BRA024
2398,8,0,0,,0,,0,0,0,0,0,BRA045
2399,8,0,0,,0,,0,0,0,0,0,BRA040
2399,8,0,0,,0,,0,0,0,0,0,BRA037
2400,8,0,0,,0,,0,0,0,0,0,BRA042
2400,8,0,0,,0,,0,0,0,0,0,BRA018
2401,8,0,0,,0,,0,0,0,0,0,BRA020
2401,8,0,0,,0,,0,0,0,0,0,BRA005
2402,8,0,0,,0,,0,0,0,0,0,BRA043
2402,8,0,0,,0,,0,0,0,0,0,BRA021
2403,8,0,0,,0,,0,0,0,0,0,BRA003
2403,8,0,0,,0,,0,0,0,0,0,BRA016
2404,8,0,0,,0,,0,0,0,0,0,BRA028
2404,8,0,0,,0,,0,0,0,0,0,BRA025
2405,8,0,0,,0,,0,0,0,0,0,BRA022
2405,8,0,0,,0,,0,0,0,0,0,BRA009
2406,8,0,0,,0,,0,0,0,0,0,BRA032
2406,8,0,0,,0,,0,0,0,0,0,BRA033
2407,9,0,0,,0,,0,0,0,0,0,BRA043
2407,9,0,0,,0,,0,0,0,0,0,BRA018
2408,9,0,0,,0,,0,0,0,0,0,BRA003
2408,9,0,0,,0,,0,0,0,0,0,BRA040
2409,9,0,0,,0,,0,0,0,0,0,BRA032
2409,9,0,0,,0,,0,0,0,0,0,BRA021
2410,9,0,0,,0,,0,0,0,0,0,BRA044
2410,9,0,0,,0,,0,0,0,0,0,BRA020
2411,9,0,0,,0,,0,0,0,0,0,BRA037
2411,9,0,0,,0,,0,0,0,0,0,BRA045
2412,9,0,0,,0,,0,0,0,0,0,BRA005
2412,9,0,0,,0,,0,0,0,0,0,BRA033
2413,9,0,0,,0,,0,0,0,0,0,BRA028
2413,9,0,0,,0,,0,0,0,0,0,BRA016
2414,9,0,0,,0,,0,0,0,0,0,BRA025
2414,9,0,0,,0,,0,0,0,0,0,BRA009
2415,9,0,0,,0,,0,0,0,0,0,BRA042
2415,9,0,0,,0,,0,0,0,0,0,BRA029
2416,9,0,0,,0,,0,0,0,0,0,BRA022
2416,9,0,0,,0,,0,0,0,0,0,BRA024
2417,11,0,0,,0,,0,0,0,0,0,BRA042
2417,11,0,0,,0,,0,0,0,0,0,BRA033
2418,11,0,0,,0,,0,0,0,0,0,BRA018
2418,11,0,0,,0,,0,0,0,0,0,BRA005
2419,11,0,0,,0,,0,0,0,0,0,BRA003
2419,11,0,0,,0,,0,0,0,0,0,BRA028
2420,11,0,0,,0,,0,0,0,0,0,BRA009
2420,11,0,0,,0,,0,0,0,0,0,BRA040
2421,11,0,0,,0,,0,0,0,0,0,BRA020
2421,11,0,0,,0,,0,0,0,0,0,BRA029
2422,11,0,0,,0,,0,0,0,0,0,BRA037
2422,11,0,0,,0,,0,0,0,0,0,BRA025
2423,11,0,0,,0,,0,0,0,0,0,BRA043
2423,11,0,0,,0,,0,0,0,0,0,BRA032
2424,11,0,0,,0,,0,0,0,0,0,BRA021
2424,11,0,0,,0,,0,0,0,0,0,BRA044
2427,10,0,0,,0,,0,0,0,0,0,BRA024
2427,10,0,0,,0,,0,0,0,0,0,BRA028
2428,10,0,0,,0,,0,0,0,0,0,BRA037
2428,10,0,0,,0,,0,0,0,0,0,BRA016
2429,10,0,0,,0,,0,0,0,0,0,BRA003
2429,10,0,0,,0,,0,0,0,0,0,BRA022
2430,10,0,0,,0,,0,0,0,0,0,BRA045
2430,10,0,0,,0,,0,0,0,0,0,BRA009
2431,10,0,0,,0,,0,0,0,0,0,BRA005
2431,10,0,0,,0,,0,0,0,0,0,BRA021
2432,10,0,0,,0,,0,0,0,0,0,BRA040
2432,10,0,0,,0,,0,0,0,0,0,BRA025
2433,10,0,0,,0,,0,0,0,0,0,BRA032
2433,10,0,0,,0,,0,0,0,0,0,BRA042
2434,10,0,0,,0,,0,0,0,0,0,BRA033
2434,10,0,0,,0,,0,0,0,0,0,BRA020
2435,10,0,0,,0,,0,0,0,0,0,BRA029
2435,10,0,0,,0,,0,0,0,0,0,BRA018
2436,10,0,0,,0,,0,0,0,0,0,BRA043
2436,10,0,0,,0,,0,0,0,0,0,BRA044
2425,11,0,0,,0,,0,0,0,0,0,BRA022
2425,11,0,0,,0,,0,0,0,0,0,BRA045
2426,11,0,0,,0,,0,0,0,0,0,BRA024
2426,11,0,0,,0,,0,0,0,0,0,BRA016
2437,12,0,0,,0,,0,0,0,0,0,BRA025
2437,12,0,0,,0,,0,0,0,0,0,BRA043
2438,12,0,0,,0,,0,0,0,0,0,BRA009
2438,12,0,0,,0,,0,0,0,0,0,BRA029
2439,12,0,0,,0,,0,0,0,0,0,BRA020
2439,12,0,0,,0,,0,0,0,0,0,BRA040
2440,12,0,0,,0,,0,0,0,0,0,BRA037
2440,12,0,0,,0,,0,0,0,0,0,BRA032
2441,12,0,0,,0,,0,0,0,0,0,BRA018
2441,12,0,0,,0,,0,0,0,0,0,BRA003
2442,12,0,0,,0,,0,0,0,0,0,BRA022
2442,12,0,0,,0,,0,0,0,0,0,BRA033
2443,12,0,0,,0,,0,0,0,0,0,BRA042
2443,12,0,0,,0,,0,0,0,0,0,BRA045
2444,12,0,0,,0,,0,0,0,0,0,BRA044
2444,12,0,0,,0,,0,0,0,0,0,BRA024
2445,12,0,0,,0,,0,0,0,0,0,BRA005
2445,12,0,0,,0,,0,0,0,0,0,BRA028
2446,12,0,0,,0,,0,0,0,0,0,BRA021
2446,12,0,0,,0,,0,0,0,0,0,BRA016
2447,14,0,0,,0,,0,0,0,0,0,BRA040
2447,14,0,0,,0,,0,0,0,0,0,BRA033
2448,14,0,0,,0,,0,0,0,0,0,BRA025
2448,14,0,0,,0,,0,0,0,0,0,BRA020
2449,14,0,0,,0,,0,0,0,0,0,BRA043
2449,14,0,0,,0,,0,0,0,0,0,BRA003
2457,13,0,0,,0,,0,0,0,0,0,BRA029
2457,13,0,0,,0,,0,0,0,0,0,BRA037
2458,13,0,0,,0,,0,0,0,0,0,BRA020
2458,13,0,0,,0,,0,0,0,0,0,BRA022
2459,13,0,0,,0,,0,0,0,0,0,BRA025
2459,13,0,0,,0,,0,0,0,0,0,BRA018
2460,13,0,0,,0,,0,0,0,0,0,BRA044
2460,13,0,0,,0,,0,0,0,0,0,BRA003
2461,13,0,0,,0,,0,0,0,0,0,BRA033
2461,13,0,0,,0,,0,0,0,0,0,BRA024
2462,13,0,0,,0,,0,0,0,0,0,BRA040
2462,13,0,0,,0,,0,0,0,0,0,BRA043
2463,13,0,0,,0,,0,0,0,0,0,BRA032
2463,13,0,0,,0,,0,0,0,0,0,BRA028
2464,13,0,0,,0,,0,0,0,0,0,BRA021
2464,13,0,0,,0,,0,0,0,0,0,BRA045
2465,13,0,0,,0,,0,0,0,0,0,BRA009
2465,13,0,0,,0,,0,0,0,0,0,BRA042
2466,13,0,0,,0,,0,0,0,0,0,BRA005
2466,13,0,0,,0,,0,0,0,0,0,BRA016
2450,14,0,0,,0,,0,0,0,0,0,BRA016
2450,14,0,0,,0,,0,0,0,0,0,BRA029
2451,14,0,0,,0,,0,0,0,0,0,BRA024
2451,14,0,0,,0,,0,0,0,0,0,BRA018
2452,14,0,0,,0,,0,0,0,0,0,BRA032
2452,14,0,0,,0,,0,0,0,0,0,BRA045
2453,14,0,0,,0,,0,0,0,0,0,BRA022
2453,14,0,0,,0,,0,0,0,0,0,BRA044
2454,14,0,0,,0,,0,0,0,0,0,BRA028
2454,14,0,0,,0,,0,0,0,0,0,BRA042
2455,14,0,0,,0,,0,0,0,0,0,BRA037
2455,14,0,0,,0,,0,0,0,0,0,BRA021
2456,14,0,0,,0,,0,0,0,0,0,BRA005
2456,14,0,0,,0,,0,0,0,0,0,BRA009
2467,15,0,0,,0,,0,0,0,0,0,BRA032
2467,15,0,0,,0,,0,0,0,0,0,BRA016
2468,15,0,0,,0,,0,0,0,0,0,BRA028
2468,15,0,0,,0,,0,0,0,0,0,BRA029
2469,15,0,0,,0,,0,0,0,0,0,BRA022
2469,15,0,0,,0,,0,0,0,0,0,BRA018
2470,15,0,0,,0,,0,0,0,0,0,BRA040
2470,15,0,0,,0,,0,0,0,0,0,BRA044
2471,15,0,0,,0,,0,0,0,0,0,BRA033
2471,15,0,0,,0,,0,0,0,0,0,BRA025
2472,15,0,0,,0,,0,0,0,0,0,BRA003
2472,15,0,0,,0,,0,0,0,0,0,BRA020
2473,15,0,0,,0,,0,0,0,0,0,BRA024
2473,15,0,0,,0,,0,0,0,0,0,BRA043
2474,15,0,0,,0,,0,0,0,0,0,BRA005
2474,15,0,0,,0,,0,0,0,0,0,BRA045
2475,15,0,0,,0,,0,0,0,0,0,BRA021
2475,15,0,0,,0,,0,0,0,0,0,BRA009
2476,15,0,0,,0,,0,0,0,0,0,BRA037
2476,15,0,0,,0,,0,0,0,0,0,BRA042
2477,16,0,0,,0,,0,0,0,0,0,BRA018
2477,16,0,0,,0,,0,0,0,0,0,BRA032
2478,16,0,0,,0,,0,0,0,0,0,BRA003
2478,16,0,0,,0,,0,0,0,0,0,BRA045
2479,16,0,0,,0,,0,0,0,0,0,BRA022
2479,16,0,0,,0,,0,0,0,0,0,BRA037
2480,16,0,0,,0,,0,0,0,0,0,BRA009
2480,16,0,0,,0,,0,0,0,0,0,BRA024
2481,16,0,0,,0,,0,0,0,0,0,BRA033
2481,16,0,0,,0,,0,0,0,0,0,BRA021
2482,16,0,0,,0,,0,0,0,0,0,BRA020
2482,16,0,0,,0,,0,0,0,0,0,BRA042
2483,16,0,0,,0,,0,0,0,0,0,BRA040
2483,16,0,0,,0,,0,0,0,0,0,BRA028
2484,16,0,0,,0,,0,0,0,0,0,BRA029
2484,16,0,0,,0,,0,0,0,0,0,BRA043
2485,16,0,0,,0,,0,0,0,0,0,BRA044
2485,16,0,0,,0,,0,0,0,0,0,BRA005
2486,16,0,0,,0,,0,0,0,0,0,BRA025
2486,16,0,0,,0,,0,0,0,0,0,BRA016
2487,17,0,0,,0,,0,0,0,0,0,BRA024
2487,17,0,0,,0,,0,0,0,0,0,BRA037
2488,17,0,0,,0,,0,0,0,0,0,BRA032
2488,17,0,0,,0,,0,0,0,0,0,BRA020
2489,17,0,0,,0,,0,0,0,0,0,BRA022
2489,17,0,0,,0,,0,0,0,0,0,BRA028
2490,17,0,0,,0,,0,0,0,0,0,BRA045
2490,17,0,0,,0,,0,0,0,0,0,BRA025
2491,17,0,0,,0,,0,0,0,0,0,BRA033
2491,17,0,0,,0,,0,0,0,0,0,BRA029
2492,17,0,0,,0,,0,0,0,0,0,BRA018
2492,17,0,0,,0,,0,0,0,0,0,BRA021
2493,17,0,0,,0,,0,0,0,0,0,BRA044
2493,17,0,0,,0,,0,0,0,0,0,BRA042
2494,17,0,0,,0,,0,0,0,0,0,BRA040
2494,17,0,0,,0,,0,0,0,0,0,BRA016
2495,17,0,0,,0,,0,0,0,0,0,BRA043
2495,17,0,0,,0,,0,0,0,0,0,BRA005
2496,17,0,0,,0,,0,0,0,0,0,BRA003
2496,17,0,0,,0,,0,0,0,0,0,BRA009
2497,18,0,0,,0,,0,0,0,0,0,BRA025
2497,18,0,0,,0,,0,0,0,0,0,BRA029
2498,18,0,0,,0,,0,0,0,0,0,BRA044
2498,18,0,0,,0,,0,0,0,0,0,BRA016
2499,18,0,0,,0,,0,0,0,0,0,BRA032
2499,18,0,0,,0,,0,0,0,0,0,BRA003
2500,18,0,0,,0,,0,0,0,0,0,BRA037
2500,18,0,0,,0,,0,0,0,0,0,BRA043
2501,18,0,0,,0,,0,0,0,0,0,BRA040
2501,18,0,0,,0,,0,0,0,0,0,BRA005
2502,18,0,0,,0,,0,0,0,0,0,BRA024
2502,18,0,0,,0,,0,0,0,0,0,BRA021
2503,18,0,0,,0,,0,0,0,0,0,BRA042
2503,18,0,0,,0,,0,0,0,0,0,BRA022
2504,18,0,0,,0,,0,0,0,0,0,BRA045
2504,18,0,0,,0,,0,0,0,0,0,BRA033
2505,18,0,0,,0,,0,0,0,0,0,BRA009
2505,18,0,0,,0,,0,0,0,0,0,BRA020
2506,18,0,0,,0,,0,0,0,0,0,BRA018
2506,18,0,0,,0,,0,0,0,0,0,BRA028
2507,19,0,0,,0,,0,0,0,0,0,BRA021
2507,19,0,0,,0,,0,0,0,0,0,BRA003
2508,19,0,0,,0,,0,0,0,0,0,BRA024
2508,19,0,0,,0,,0,0,0,0,0,BRA042
2509,19,0,0,,0,,0,0,0,0,0,BRA005
2509,19,0,0,,0,,0,0,0,0,0,BRA025
2510,19,0,0,,0,,0,0,0,0,0,BRA043
2510,19,0,0,,0,,0,0,0,0,0,BRA016
2511,19,0,0,,0,,0,0,0,0,0,BRA045
2511,19,0,0,,0,,0,0,0,0,0,BRA044
2512,19,0,0,,0,,0,0,0,0,0,BRA018
2512,19,0,0,,0,,0,0,0,0,0,BRA037
2513,19,0,0,,0,,0,0,0,0,0,BRA033
2513,19,0,0,,0,,0,0,0,0,0,BRA009
2514,19,0,0,,0,,0,0,0,0,0,BRA022
2514,19,0,0,,0,,0,0,0,0,0,BRA029
2515,19,0,0,,0,,0,0,0,0,0,BRA040
2515,19,0,0,,0,,0,0,0,0,0,BRA032
2516,19,0,0,,0,,0,0,0,0,0,BRA028
2516,19,0,0,,0,,0,0,0,0,0,BRA020
2517,20,0,0,,0,,0,0,0,0,0,BRA029
2517,20,0,0,,0,,0,0,0,0,0,BRA003
2518,20,0,0,,0,,0,0,0,0,0,BRA020
2518,20,0,0,,0,,0,0,0,0,0,BRA037
2519,20,0,0,,0,,0,0,0,0,0,BRA045
2519,20,0,0,,0,,0,0,0,0,0,BRA018
2520,20,0,0,,0,,0,0,0,0,0,BRA025
2520,20,0,0,,0,,0,0,0,0,0,BRA042
2521,20,0,0,,0,,0,0,0,0,0,BRA040
2521,20,0,0,,0,,0,0,0,0,0,BRA021
2522,20,0,0,,0,,0,0,0,0,0,BRA044
2522,20,0,0,,0,,0,0,0,0,0,BRA028
2523,20,0,0,,0,,0,0,0,0,0,BRA024
2523,20,0,0,,0,,0,0,0,0,0,BRA032
2524,20,0,0,,0,,0,0,0,0,0,BRA022
2524,20,0,0,,0,,0,0,0,0,0,BRA005
2525,20,0,0,,0,,0,0,0,0,0,BRA009
2525,20,0,0,,0,,0,0,0,0,0,BRA043
2526,20,0,0,,0,,0,0,0,0,0,BRA033
2526,20,0,0,,0,,0,0,0,0,0,BRA016
2527,21,0,0,,0,,0,0,0,0,0,BRA043
2527,21,0,0,,0,,0,0,0,0,0,BRA045
2528,21,0,0,,0,,0,0,0,0,0,BRA016
2528,21,0,0,,0,,0,0,0,0,0,BRA020
2529,21,0,0,,0,,0,0,0,0,0,BRA018
2529,21,0,0,,0,,0,0,0,0,0,BRA009
2530,21,0,0,,0,,0,0,0,0,0,BRA003
2530,21,0,0,,0,,0,0,0,0,0,BRA042
2531,21,0,0,,0,,0,0,0,0,0,BRA028
2531,21,0,0,,0,,0,0,0,0,0,BRA033
2532,21,0,0,,0,,0,0,0,0,0,BRA022
2532,21,0,0,,0,,0,0,0,0,0,BRA032
2533,21,0,0,,0,,0,0,0,0,0,BRA040
2533,21,0,0,,0,,0,0,0,0,0,BRA029
2534,21,0,0,,0,,0,0,0,0,0,BRA037
2534,21,0,0,,0,,0,0,0,0,0,BRA044
2535,21,0,0,,0,,0,0,0,0,0,BRA024
2535,21,0,0,,0,,0,0,0,0,0,BRA005
2536,21,0,0,,0,,0,0,0,0,0,BRA021
2536,21,0,0,,0,,0,0,0,0,0,BRA025
2537,22,0,0,,0,,0,0,0,0,0,BRA022
2537,22,0,0,,0,,0,0,0,0,0,BRA043
2538,22,0,0,,0,,0,0,0,0,0,BRA045
2538,22,0,0,,0,,0,0,0,0,0,BRA020
2539,22,0,0,,0,,0,0,0,0,0,BRA016
2539,22,0,0,,0,,0,0,0,0,0,BRA042
2540,22,0,0,,0,,0,0,0,0,0,BRA033
2540,22,0,0,,0,,0,0,0,0,0,BRA037
2541,22,0,0,,0,,0,0,0,0,0,BRA021
2541,22,0,0,,0,,0,0,0,0,0,BRA028
2542,22,0,0,,0,,0,0,0,0,0,BRA018
2542,22,0,0,,0,,0,0,0,0,0,BRA040
2543,22,0,0,,0,,0,0,0,0,0,BRA029
2543,22,0,0,,0,,0,0,0,0,0,BRA024
2544,22,0,0,,0,,0,0,0,0,0,BRA044
2544,22,0,0,,0,,0,0,0,0,0,BRA009
2545,22,0,0,,0,,0,0,0,0,0,BRA005
2545,22,0,0,,0,,0,0,0,0,0,BRA003
2546,22,0,0,,0,,0,0,0,0,0,BRA025
2546,22,0,0,,0,,0,0,0,0,0,BRA032
2547,23,0,0,,0,,0,0,0,0,0,BRA020
2547,23,0,0,,0,,0,0,0,0,0,BRA024
2548,23,0,0,,0,,0,0,0,0,0,BRA029
2548,23,0,0,,0,,0,0,0,0,0,BRA045
2549,23,0,0,,0,,0,0,0,0,0,BRA032
2549,23,0,0,,0,,0,0,0,0,0,BRA009
2550,23,0,0,,0,,0,0,0,0,0,BRA025
2550,23,0,0,,0,,0,0,0,0,0,BRA044
2551,23,0,0,,0,,0,0,0,0,0,BRA043
2551,23,0,0,,0,,0,0,0,0,0,BRA028
2552,23,0,0,,0,,0,0,0,0,0,BRA003
2552,23,0,0,,0,,0,0,0,0,0,BRA033
2553,23,0,0,,0,,0,0,0,0,0,BRA042
2553,23,0,0,,0,,0,0,0,0,0,BRA040
2554,23,0,0,,0,,0,0,0,0,0,BRA005
2554,23,0,0,,0,,0,0,0,0,0,BRA037
2555,23,0,0,,0,,0,0,0,0,0,BRA018
2555,23,0,0,,0,,0,0,0,0,0,BRA016
2556,23,0,0,,0,,0,0,0,0,0,BRA022
2556,23,0,0,,0,,0,0,0,0,0,BRA021
2557,24,0,0,,0,,0,0,0,0,0,BRA003
2557,24,0,0,,0,,0,0,0,0,0,BRA024
2558,24,0,0,,0,,0,0,0,0,0,BRA045
2558,24,0,0,,0,,0,0,0,0,0,BRA040
2559,24,0,0,,0,,0,0,0,0,0,BRA021
2559,24,0,0,,0,,0,0,0,0,0,BRA020
2560,24,0,0,,0,,0,0,0,0,0,BRA042
2560,24,0,0,,0,,0,0,0,0,0,BRA005
2561,24,0,0,,0,,0,0,0,0,0,BRA033
2561,24,0,0,,0,,0,0,0,0,0,BRA043
2562,24,0,0,,0,,0,0,0,0,0,BRA044
2562,24,0,0,,0,,0,0,0,0,0,BRA018
2563,24,0,0,,0,,0,0,0,0,0,BRA028
2563,24,0,0,,0,,0,0,0,0,0,BRA037
2564,24,0,0,,0,,0,0,0,0,0,BRA025
2564,24,0,0,,0,,0,0,0,0,0,BRA022
2565,24,0,0,,0,,0,0,0,0,0,BRA032
2565,24,0,0,,0,,0,0,0,0,0,BRA029
2566,24,0,0,,0,,0,0,0,0,0,BRA016
2566,24,0,0,,0,,0,0,0,0,0,BRA009
2567,25,0,0,,0,,0,0,0,0,0,BRA024
2567,25,0,0,,0,,0,0,0,0,0,BRA025
2568,25,0,0,,0,,0,0,0,0,0,BRA037
2568,25,0,0,,0,,0,0,0,0,0,BRA003
2569,25,0,0,,0,,0,0,0,0,0,BRA029
2569,25,0,0,,0,,0,0,0,0,0,BRA005
2570,25,0,0,,0,,0,0,0,0,0,BRA018
2570,25,0,0,,0,,0,0,0,0,0,BRA033
2571,25,0,0,,0,,0,0,0,0,0,BRA042
2571,25,0,0,,0,,0,0,0,0,0,BRA021
2572,25,0,0,,0,,0,0,0,0,0,BRA020
2572,25,0,0,,0,,0,0,0,0,0,BRA043
2573,25,0,0,,0,,0,0,0,0,0,BRA032
2573,25,0,0,,0,,0,0,0,0,0,BRA044
2574,25,0,0,,0,,0,0,0,0,0,BRA022
2574,25,0,0,,0,,0,0,0,0,0,BRA040
2575,25,0,0,,0,,0,0,0,0,0,BRA016
2575,25,0,0,,0,,0,0,0,0,0,BRA045
2576,25,0,0,,0,,0,0,0,0,0,BRA009
2576,25,0,0,,0,,0,0,0,0,0,BRA028
2577,26,0,0,,0,,0,0,0,0,0,BRA040
2577,26,0,0,,0,,0,0,0,0,0,BRA024
2578,26,0,0,,0,,0,0,0,0,0,BRA016
2578,26,0,0,,0,,0,0,0,0,0,BRA022
2579,26,0,0,,0,,0,0,0,0,0,BRA005
2579,26,0,0,,0,,0,0,0,0,0,BRA032
2580,26,0,0,,0,,0,0,0,0,0,BRA043
2580,26,0,0,,0,,0,0,0,0,0,BRA042
2581,26,0,0,,0,,0,0,0,0,0,BRA003
2581,26,0,0,,0,,0,0,0,0,0,BRA025
2582,26,0,0,,0,,0,0,0,0,0,BRA037
2582,26,0,0,,0,,0,0,0,0,0,BRA009
2583,26,0,0,,0,,0,0,0,0,0,BRA020
2583,26,0,0,,0,,0,0,0,0,0,BRA018
2584,26,0,0,,0,,0,0,0,0,0,BRA033
2584,26,0,0,,0,,0,0,0,0,0,BRA044
2585,26,0,0,,0,,0,0,0,0,0,BRA028
2585,26,0,0,,0,,0,0,0,0,0,BRA045
2586,26,0,0,,0,,0,0,0,0,0,BRA021
2586,26,0,0,,0,,0,0,0,0,0,BRA029
2587,27,0,0,,0,,0,0,0,0,0,BRA024
2587,27,0,0,,0,,0,0,0,0,0,BRA045
2588,27,0,0,,0,,0,0,0,0,0,BRA043
2588,27,0,0,,0,,0,0,0,0,0,BRA021
2589,27,0,0,,0,,0,0,0,0,0,BRA020
2589,27,0,0,,0,,0,0,0,0,0,BRA005
2590,27,0,0,,0,,0,0,0,0,0,BRA003
2590,27,0,0,,0,,0,0,0,0,0,BRA016
2591,27,0,0,,0,,0,0,0,0,0,BRA032
2591,27,0,0,,0,,0,0,0,0,0,BRA033
2592,27,0,0,,0,,0,0,0,0,0,BRA042
2592,27,0,0,,0,,0,0,0,0,0,BRA018
2593,27,0,0,,0,,0,0,0,0,0,BRA044
2593,27,0,0,,0,,0,0,0,0,0,BRA029
2594,27,0,0,,0,,0,0,0,0,0,BRA025
2594,27,0,0,,0,,0,0,0,0,0,BRA028
2595,27,0,0,,0,,0,0,0,0,0,BRA040
2595,27,0,0,,0,,0,0,0,0,0,BRA037
2596,27,0,0,,0,,0,0,0,0,0,BRA009
2596,27,0,0,,0,,0,0,0,0,0,BRA022
2597,28,0,0,,0,,0,0,0,0,0,BRA024
2597,28,0,0,,0,,0,0,0,0,0,BRA022
2598,28,0,0,,0,,0,0,0,0,0,BRA037
2598,28,0,0,,0,,0,0,0,0,0,BRA045
2599,28,0,0,,0,,0,0,0,0,0,BRA043
2599,28,0,0,,0,,0,0,0,0,0,BRA018
2600,28,0,0,,0,,0,0,0,0,0,BRA025
2600,28,0,0,,0,,0,0,0,0,0,BRA009
2601,28,0,0,,0,,0,0,0,0,0,BRA042
2601,28,0,0,,0,,0,0,0,0,0,BRA029
2602,28,0,0,,0,,0,0,0,0,0,BRA005
2602,28,0,0,,0,,0,0,0,0,0,BRA033
2603,28,0,0,,0,,0,0,0,0,0,BRA021
2603,28,0,0,,0,,0,0,0,0,0,BRA032
2604,28,0,0,,0,,0,0,0,0,0,BRA040
2604,28,0,0,,0,,0,0,0,0,0,BRA003
2605,28,0,0,,0,,0,0,0,0,0,BRA028
2605,28,0,0,,0,,0,0,0,0,0,BRA016
2606,28,0,0,,0,,0,0,0,0,0,BRA044
2606,28,0,0,,0,,0,0,0,0,0,BRA020
2607,29,0,0,,0,,0,0,0,0,0,BRA025
2607,29,0,0,,0,,0,0,0,0,0,BRA040
2608,29,0,0,,0,,0,0,0,0,0,BRA044
2608,29,0,0,,0,,0,0,0,0,0,BRA043
2609,29,0,0,,0,,0,0,0,0,0,BRA033
2609,29,0,0,,0,,0,0,0,0,0,BRA020
2610,29,0,0,,0,,0,0,0,0,0,BRA009
2610,29,0,0,,0,,0,0,0,0,0,BRA045
2611,29,0,0,,0,,0,0,0,0,0,BRA042
2611,29,0,0,,0,,0,0,0,0,0,BRA032
2612,29,0,0,,0,,0,0,0,0,0,BRA029
2612,29,0,0,,0,,0,0,0,0,0,BRA018
2613,29,0,0,,0,,0,0,0,0,0,BRA024
2613,29,0,0,,0,,0,0,0,0,0,BRA028
2614,29,0,0,,0,,0,0,0,0,0,BRA037
2614,29,0,0,,0,,0,0,0,0,0,BRA016
2615,29,0,0,,0,,0,0,0,0,0,BRA022
2615,29,0,0,,0,,0,0,0,0,0,BRA003
2616,29,0,0,,0,,0,0,0,0,0,BRA005
2616,29,0,0,,0,,0,0,0,0,0,BRA021
2617,30,0,0,,0,,0,0,0,0,0,BRA040
2617,30,0,0,,0,,0,0,0,0,0,BRA009
2618,30,0,0,,0,,0,0,0,0,0,BRA003
2618,30,0,0,,0,,0,0,0,0,0,BRA028
2619,30,0,0,,0,,0,0,0,0,0,BRA020
2619,30,0,0,,0,,0,0,0,0,0,BRA029
2620,30,0,0,,0,,0,0,0,0,0,BRA033
2620,30,0,0,,0,,0,0,0,0,0,BRA042
2621,30,0,0,,0,,0,0,0,0,0,BRA022
2621,30,0,0,,0,,0,0,0,0,0,BRA045
2622,30,0,0,,0,,0,0,0,0,0,BRA024
2622,30,0,0,,0,,0,0,0,0,0,BRA016
2623,30,0,0,,0,,0,0,0,0,0,BRA005
2623,30,0,0,,0,,0,0,0,0,0,BRA018
2624,30,0,0,,0,,0,0,0,0,0,BRA037
2624,30,0,0,,0,,0,0,0,0,0,BRA025
2625,30,0,0,,0,,0,0,0,0,0,BRA043
2625,30,0,0,,0,,0,0,0,0,0,BRA032
2626,30,0,0,,0,,0,0,0,0,0,BRA021
2626,30,0,0,,0,,0,0,0,0,0,BRA044
2627,31,0,0,,0,,0,0,0,0,0,BRA044
2627,31,0,0,,0,,0,0,0,0,0,BRA024
2628,31,0,0,,0,,0,0,0,0,0,BRA025
2628,31,0,0,,0,,0,0,0,0,0,BRA043
2629,31,0,0,,0,,0,0,0,0,0,BRA021
2629,31,0,0,,0,,0,0,0,0,0,BRA016
2630,31,0,0,,0,,0,0,0,0,0,BRA042
2630,31,0,0,,0,,0,0,0,0,0,BRA045
2631,31,0,0,,0,,0,0,0,0,0,BRA033
2631,31,0,0,,0,,0,0,0,0,0,BRA022
2632,31,0,0,,0,,0,0,0,0,0,BRA009
2632,31,0,0,,0,,0,0,0,0,0,BRA029
2633,31,0,0,,0,,0,0,0,0,0,BRA020
2633,31,0,0,,0,,0,0,0,0,0,BRA040
2634,31,0,0,,0,,0,0,0,0,0,BRA018
2634,31,0,0,,0,,0,0,0,0,0,BRA003
2635,31,0,0,,0,,0,0,0,0,0,BRA037
2635,31,0,0,,0,,0,0,0,0,0,BRA032
2636,31,0,0,,0,,0,0,0,0,0,BRA005
2636,31,0,0,,0,,0,0,0,0,0,BRA028
2637,32,0,0,,0,,0,0,0,0,0,BRA037
2637,32,0,0,,0,,0,0,0,0,0,BRA029
2638,32,0,0,,0,,0,0,0,0,0,BRA005
2638,32,0,0,,0,,0,0,0,0,0,BRA016
2639,32,0,0,,0,,0,0,0,0,0,BRA032
2639,32,0,0,,0,,0,0,0,0,0,BRA028
2640,32,0,0,,0,,0,0,0,0,0,BRA024
2640,32,0,0,,0,,0,0,0,0,0,BRA033
2641,32,0,0,,0,,0,0,0,0,0,BRA009
2641,32,0,0,,0,,0,0,0,0,0,BRA042
2642,32,0,0,,0,,0,0,0,0,0,BRA025
2642,32,0,0,,0,,0,0,0,0,0,BRA018
2643,32,0,0,,0,,0,0,0,0,0,BRA021
2643,32,0,0,,0,,0,0,0,0,0,BRA045
2644,32,0,0,,0,,0,0,0,0,0,BRA040
2644,32,0,0,,0,,0,0,0,0,0,BRA043
2645,32,0,0,,0,,0,0,0,0,0,BRA003
2645,32,0,0,,0,,0,0,0,0,0,BRA044
2647,33,0,0,,0,,0,0,0,0,0,BRA037
2647,33,0,0,,0,,0,0,0,0,0,BRA021
2648,33,0,0,,0,,0,0,0,0,0,BRA045
2648,33,0,0,,0,,0,0,0,0,0,BRA032
2649,33,0,0,,0,,0,0,0,0,0,BRA029
2649,33,0,0,,0,,0,0,0,0,0,BRA016
2650,33,0,0,,0,,0,0,0,0,0,BRA033
2650,33,0,0,,0,,0,0,0,0,0,BRA040
2651,33,0,0,,0,,0,0,0,0,0,BRA018
2651,33,0,0,,0,,0,0,0,0,0,BRA024
2652,33,0,0,,0,,0,0,0,0,0,BRA043
2652,33,0,0,,0,,0,0,0,0,0,BRA003
2653,33,0,0,,0,,0,0,0,0,0,BRA009
2653,33,0,0,,0,,0,0,0,0,0,BRA005
2654,33,0,0,,0,,0,0,0,0,0,BRA044
2654,33,0,0,,0,,0,0,0,0,0,BRA022
2655,33,0,0,,0,,0,0,0,0,0,BRA025
2655,33,0,0,,0,,0,0,0,0,0,BRA020
2656,33,0,0,,0,,0,0,0,0,0,BRA042
2656,33,0,0,,0,,0,0,0,0,0,BRA028
2646,32,0,0,,0,,0,0,0,0,0,BRA022
2646,32,0,0,,0,,0,0,0,0,0,BRA020
2657,34,0,0,,0,,0,0,0,0,0,BRA037
2657,34,0,0,,0,,0,0,0,0,0,BRA042
2658,34,0,0,,0,,0,0,0,0,0,BRA040
2658,34,0,0,,0,,0,0,0,0,0,BRA044
2659,34,0,0,,0,,0,0,0,0,0,BRA003
2659,34,0,0,,0,,0,0,0,0,0,BRA020
2660,34,0,0,,0,,0,0,0,0,0,BRA033
2660,34,0,0,,0,,0,0,0,0,0,BRA025
2661,34,0,0,,0,,0,0,0,0,0,BRA018
2661,34,0,0,,0,,0,0,0,0,0,BRA022
2662,34,0,0,,0,,0,0,0,0,0,BRA032
2662,34,0,0,,0,,0,0,0,0,0,BRA016
2663,34,0,0,,0,,0,0,0,0,0,BRA024
2663,34,0,0,,0,,0,0,0,0,0,BRA043
2664,34,0,0,,0,,0,0,0,0,0,BRA021
2664,34,0,0,,0,,0,0,0,0,0,BRA009
2665,34,0,0,,0,,0,0,0,0,0,BRA028
2665,34,0,0,,0,,0,0,0,0,0,BRA029
2666,34,0,0,,0,,0,0,0,0,0,BRA005
2666,34,0,0,,0,,0,0,0,0,0,BRA045
2667,35,0,0,,0,,0,0,0,0,0,BRA044
2667,35,0,0,,0,,0,0,0,0,0,BRA005
2668,35,0,0,,0,,0,0,0,0,0,BRA022
2668,35,0,0,,0,,0,0,0,0,0,BRA037
2669,35,0,0,,0,,0,0,0,0,0,BRA029
2669,35,0,0,,0,,0,0,0,0,0,BRA043
2670,35,0,0,,0,,0,0,0,0,0,BRA018
2670,35,0,0,,0,,0,0,0,0,0,BRA032
2671,35,0,0,,0,,0,0,0,0,0,BRA033
2671,35,0,0,,0,,0,0,0,0,0,BRA021
2672,35,0,0,,0,,0,0,0,0,0,BRA020
2672,35,0,0,,0,,0,0,0,0,0,BRA042
2673,35,0,0,,0,,0,0,0,0,0,BRA009
2673,35,0,0,,0,,0,0,0,0,0,BRA024
2674,35,0,0,,0,,0,0,0,0,0,BRA025
2674,35,0,0,,0,,0,0,0,0,0,BRA016
2675,35,0,0,,0,,0,0,0,0,0,BRA045
2675,35,0,0,,0,,0,0,0,0,0,BRA003
2676,35,0,0,,0,,0,0,0,0,0,BRA040
2676,35,0,0,,0,,0,0,0,0,0,BRA028
2677,36,0,0,,0,,0,0,0,0,0,BRA032
2677,36,0,0,,0,,0,0,0,0,0,BRA020
2678,36,0,0,,0,,0,0,0,0,0,BRA003
2678,36,0,0,,0,,0,0,0,0,0,BRA009
2679,36,0,0,,0,,0,0,0,0,0,BRA024
2679,36,0,0,,0,,0,0,0,0,0,BRA037
2680,36,0,0,,0,,0,0,0,0,0,BRA040
2680,36,0,0,,0,,0,0,0,0,0,BRA016
2681,36,0,0,,0,,0,0,0,0,0,BRA045
2681,36,0,0,,0,,0,0,0,0,0,BRA025
2682,36,0,0,,0,,0,0,0,0,0,BRA018
2682,36,0,0,,0,,0,0,0,0,0,BRA021
2683,36,0,0,,0,,0,0,0,0,0,BRA044
2683,36,0,0,,0,,0,0,0,0,0,BRA042
2684,36,0,0,,0,,0,0,0,0,0,BRA022
2684,36,0,0,,0,,0,0,0,0,0,BRA028
2685,36,0,0,,0,,0,0,0,0,0,BRA005
2685,36,0,0,,0,,0,0,0,0,0,BRA043
2686,36,0,0,,0,,0,0,0,0,0,BRA033
2686,36,0,0,,0,,0,0,0,0,0,BRA029
2687,37,0,0,,0,,0,0,0,0,0,BRA016
2687,37,0,0,,0,,0,0,0,0,0,BRA044
2688,37,0,0,,0,,0,0,0,0,0,BRA009
2688,37,0,0,,0,,0,0,0,0,0,BRA020
2689,37,0,0,,0,,0,0,0,0,0,BRA037
2689,37,0,0,,0,,0,0,0,0,0,BRA043
2690,37,0,0,,0,,0,0,0,0,0,BRA032
2690,37,0,0,,0,,0,0,0,0,0,BRA003
2691,37,0,0,,0,,0,0,0,0,0,BRA040
2691,37,0,0,,0,,0,0,0,0,0,BRA005
2692,37,0,0,,0,,0,0,0,0,0,BRA018
2692,37,0,0,,0,,0,0,0,0,0,BRA028
2693,37,0,0,,0,,0,0,0,0,0,BRA045
2693,37,0,0,,0,,0,0,0,0,0,BRA033
2694,37,0,0,,0,,0,0,0,0,0,BRA024
2694,37,0,0,,0,,0,0,0,0,0,BRA021
2695,37,0,0,,0,,0,0,0,0,0,BRA025
2695,37,0,0,,0,,0,0,0,0,0,BRA029
2696,37,0,0,,0,,0,0,0,0,0,BRA042
2696,37,0,0,,0,,0,0,0,0,0,BRA022
2697,38,0,0,,0,,0,0,0,0,0,BRA040
2697,38,0,0,,0,,0,0,0,0,0,BRA032
2698,38,0,0,,0,,0,0,0,0,0,BRA045
2698,38,0,0,,0,,0,0,0,0,0,BRA044
2699,38,0,0,,0,,0,0,0,0,0,BRA028
2699,38,0,0,,0,,0,0,0,0,0,BRA020
2700,38,0,0,,0,,0,0,0,0,0,BRA021
2700,38,0,0,,0,,0,0,0,0,0,BRA003
2701,38,0,0,,0,,0,0,0,0,0,BRA043
2701,38,0,0,,0,,0,0,0,0,0,BRA016
2702,38,0,0,,0,,0,0,0,0,0,BRA018
2702,38,0,0,,0,,0,0,0,0,0,BRA037
2703,38,0,0,,0,,0,0,0,0,0,BRA022
2703,38,0,0,,0,,0,0,0,0,0,BRA029
2704,38,0,0,,0,,0,0,0,0,0,BRA033
2704,38,0,0,,0,,0,0,0,0,0,BRA009
2705,38,0,0,,0,,0,0,0,0,0,BRA005
2705,38,0,0,,0,,0,0,0,0,0,BRA025
2706,38,0,0,,0,,0,0,0,0,0,BRA024
2706,38,0,0,,0,,0,0,0,0,0,BRA042
2707,1,0,0,,0,,0,0,0,0,0,BRA008
2707,1,0,0,,0,,0,0,0,0,0,BRA043
2708,1,0,0,,0,,0,0,0,0,0,BRA016
2708,1,0,0,,0,,0,0,0,0,0,BRA033
2709,1,0,0,,0,,0,0,0,0,0,BRA006
2709,1,0,0,,0,,0,0,0,0,0,BRA005
2710,1,0,0,,0,,0,0,0,0,0,BRA028
2710,1,0,0,,0,,0,0,0,0,0,BRA015
2711,1,0,0,,0,,0,0,0,0,0,BRA042
2711,1,0,0,,0,,0,0,0,0,0,BRA022
2712,1,0,0,,0,,0,0,0,0,0,BRA003
2712,1,0,0,,0,,0,0,0,0,0,BRA045
2713,1,0,0,,0,,0,0,0,0,0,BRA021
2713,1,0,0,,0,,0,0,0,0,0,BRA018
2714,1,0,0,,0,,0,0,0,0,0,BRA025
2714,1,0,0,,0,,0,0,0,0,0,BRA040
2715,1,0,0,,0,,0,0,0,0,0,BRA009
2715,1,0,0,,0,,0,0,0,0,0,BRA039
2716,1,0,0,,0,,0,0,0,0,0,BRA032
2716,1,0,0,,0,,0,0,0,0,0,BRA024
2717,2,0,0,,0,,0,0,0,0,0,BRA039
2717,2,0,0,,0,,0,0,0,0,0,BRA016
2718,2,0,0,,0,,0,0,0,0,0,BRA005
2718,2,0,0,,0,,0,0,0,0,0,BRA025
2719,2,0,0,,0,,0,0,0,0,0,BRA021
2719,2,0,0,,0,,0,0,0,0,0,BRA006
2720,2,0,0,,0,,0,0,0,0,0,BRA040
2720,2,0,0,,0,,0,0,0,0,0,BRA024
2721,2,0,0,,0,,0,0,0,0,0,BRA042
2721,2,0,0,,0,,0,0,0,0,0,BRA003
2722,2,0,0,,0,,0,0,0,0,0,BRA008
2722,2,0,0,,0,,0,0,0,0,0,BRA022
2723,2,0,0,,0,,0,0,0,0,0,BRA028
2723,2,0,0,,0,,0,0,0,0,0,BRA033
2724,2,0,0,,0,,0,0,0,0,0,BRA009
2724,2,0,0,,0,,0,0,0,0,0,BRA015
2725,2,0,0,,0,,0,0,0,0,0,BRA043
2725,2,0,0,,0,,0,0,0,0,0,BRA045
2726,2,0,0,,0,,0,0,0,0,0,BRA018
2726,2,0,0,,0,,0,0,0,0,0,BRA032
2727,3,0,0,,0,,0,0,0,0,0,BRA015
2727,3,0,0,,0,,0,0,0,0,0,BRA008
2728,3,0,0,,0,,0,0,0,0,0,BRA045
2728,3,0,0,,0,,0,0,0,0,0,BRA018
2729,3,0,0,,0,,0,0,0,0,0,BRA028
2729,3,0,0,,0,,0,0,0,0,0,BRA024
2730,3,0,0,,0,,0,0,0,0,0,BRA033
2730,3,0,0,,0,,0,0,0,0,0,BRA042
2731,3,0,0,,0,,0,0,0,0,0,BRA022
2731,3,0,0,,0,,0,0,0,0,0,BRA040
2732,3,0,0,,0,,0,0,0,0,0,BRA032
2732,3,0,0,,0,,0,0,0,0,0,BRA003
2733,3,0,0,,0,,0,0,0,0,0,BRA025
2733,3,0,0,,0,,0,0,0,0,0,BRA009
2734,3,0,0,,0,,0,0,0,0,0,BRA005
2734,3,0,0,,0,,0,0,0,0,0,BRA043
2735,3,0,0,,0,,0,0,0,0,0,BRA006
2735,3,0,0,,0,,0,0,0,0,0,BRA016
2736,3,0,0,,0,,0,0,0,0,0,BRA021
2736,3,0,0,,0,,0,0,0,0,0,BRA039
2737,4,0,0,,0,,0,0,0,0,0,BRA009
2737,4,0,0,,0,,0,0,0,0,0,BRA043
2738,4,0,0,,0,,0,0,0,0,0,BRA024
2738,4,0,0,,0,,0,0,0,0,0,BRA016
2739,4,0,0,,0,,0,0,0,0,0,BRA039
2739,4,0,0,,0,,0,0,0,0,0,BRA005
2740,4,0,0,,0,,0,0,0,0,0,BRA042
2740,4,0,0,,0,,0,0,0,0,0,BRA018
2741,4,0,0,,0,,0,0,0,0,0,BRA015
2741,4,0,0,,0,,0,0,0,0,0,BRA040
2742,4,0,0,,0,,0,0,0,0,0,BRA021
2742,4,0,0,,0,,0,0,0,0,0,BRA003
2743,4,0,0,,0,,0,0,0,0,0,BRA022
2743,4,0,0,,0,,0,0,0,0,0,BRA032
2744,4,0,0,,0,,0,0,0,0,0,BRA045
2744,4,0,0,,0,,0,0,0,0,0,BRA025
2745,4,0,0,,0,,0,0,0,0,0,BRA008
2745,4,0,0,,0,,0,0,0,0,0,BRA033
2746,4,0,0,,0,,0,0,0,0,0,BRA006
2746,4,0,0,,0,,0,0,0,0,0,BRA028
2760,6,0,0,,0,,0,0,0,0,0,BRA015
2760,6,0,0,,0,,0,0,0,0,0,BRA024
2761,6,0,0,,0,,0,0,0,0,0,BRA025
2761,6,0,0,,0,,0,0,0,0,0,BRA022
2762,6,0,0,,0,,0,0,0,0,0,BRA021
2762,6,0,0,,0,,0,0,0,0,0,BRA016
2763,6,0,0,,0,,0,0,0,0,0,BRA005
2763,6,0,0,,0,,0,0,0,0,0,BRA032
2764,6,0,0,,0,,0,0,0,0,0,BRA008
2764,6,0,0,,0,,0,0,0,0,0,BRA006
2765,6,0,0,,0,,0,0,0,0,0,BRA018
2765,6,0,0,,0,,0,0,0,0,0,BRA033
2766,6,0,0,,0,,0,0,0,0,0,BRA028
2766,6,0,0,,0,,0,0,0,0,0,BRA045
2747,5,0,0,,0,,0,0,0,0,0,BRA032
2747,5,0,0,,0,,0,0,0,0,0,BRA025
2748,5,0,0,,0,,0,0,0,0,0,BRA040
2748,5,0,0,,0,,0,0,0,0,0,BRA039
2749,5,0,0,,0,,0,0,0,0,0,BRA016
2749,5,0,0,,0,,0,0,0,0,0,BRA015
2750,5,0,0,,0,,0,0,0,0,0,BRA045
2750,5,0,0,,0,,0,0,0,0,0,BRA033
2751,5,0,0,,0,,0,0,0,0,0,BRA005
2751,5,0,0,,0,,0,0,0,0,0,BRA003
2752,5,0,0,,0,,0,0,0,0,0,BRA043
2752,5,0,0,,0,,0,0,0,0,0,BRA021
2753,5,0,0,,0,,0,0,0,0,0,BRA006
2753,5,0,0,,0,,0,0,0,0,0,BRA042
2754,5,0,0,,0,,0,0,0,0,0,BRA028
2754,5,0,0,,0,,0,0,0,0,0,BRA018
2755,5,0,0,,0,,0,0,0,0,0,BRA024
2755,5,0,0,,0,,0,0,0,0,0,BRA008
2756,5,0,0,,0,,0,0,0,0,0,BRA009
2756,5,0,0,,0,,0,0,0,0,0,BRA022
2757,6,0,0,,0,,0,0,0,0,0,BRA042
2757,6,0,0,,0,,0,0,0,0,0,BRA039
2758,6,0,0,,0,,0,0,0,0,0,BRA043
2758,6,0,0,,0,,0,0,0,0,0,BRA003
2759,6,0,0,,0,,0,0,0,0,0,BRA009
2759,6,0,0,,0,,0,0,0,0,0,BRA040
2767,7,0,0,,0,,0,0,0,0,0,BRA003
2767,7,0,0,,0,,0,0,0,0,0,BRA033
2768,7,0,0,,0,,0,0,0,0,0,BRA045
2768,7,0,0,,0,,0,0,0,0,0,BRA009
2769,7,0,0,,0,,0,0,0,0,0,BRA043
2769,7,0,0,,0,,0,0,0,0,0,BRA039
2770,7,0,0,,0,,0,0,0,0,0,BRA024
2770,7,0,0,,0,,0,0,0,0,0,BRA025
2771,7,0,0,,0,,0,0,0,0,0,BRA022
2771,7,0,0,,0,,0,0,0,0,0,BRA006
2772,7,0,0,,0,,0,0,0,0,0,BRA032
2772,7,0,0,,0,,0,0,0,0,0,BRA016
2773,7,0,0,,0,,0,0,0,0,0,BRA015
2773,7,0,0,,0,,0,0,0,0,0,BRA042
2774,7,0,0,,0,,0,0,0,0,0,BRA040
2774,7,0,0,,0,,0,0,0,0,0,BRA005
2775,7,0,0,,0,,0,0,0,0,0,BRA008
2775,7,0,0,,0,,0,0,0,0,0,BRA018
2776,7,0,0,,0,,0,0,0,0,0,BRA028
2776,7,0,0,,0,,0,0,0,0,0,BRA021
2777,8,0,0,,0,,0,0,0,0,0,BRA015
2777,8,0,0,,0,,0,0,0,0,0,BRA003
2778,8,0,0,,0,,0,0,0,0,0,BRA008
2778,8,0,0,,0,,0,0,0,0,0,BRA005
2779,8,0,0,,0,,0,0,0,0,0,BRA042
2779,8,0,0,,0,,0,0,0,0,0,BRA032
2780,8,0,0,,0,,0,0,0,0,0,BRA018
2780,8,0,0,,0,,0,0,0,0,0,BRA006
2781,8,0,0,,0,,0,0,0,0,0,BRA009
2781,8,0,0,,0,,0,0,0,0,0,BRA024
2782,8,0,0,,0,,0,0,0,0,0,BRA033
2782,8,0,0,,0,,0,0,0,0,0,BRA040
2783,8,0,0,,0,,0,0,0,0,0,BRA028
2783,8,0,0,,0,,0,0,0,0,0,BRA016
2784,8,0,0,,0,,0,0,0,0,0,BRA039
2784,8,0,0,,0,,0,0,0,0,0,BRA045
2785,8,0,0,,0,,0,0,0,0,0,BRA025
2785,8,0,0,,0,,0,0,0,0,0,BRA043
2786,8,0,0,,0,,0,0,0,0,0,BRA022
2786,8,0,0,,0,,0,0,0,0,0,BRA021
2787,9,0,0,,0,,0,0,0,0,0,BRA040
2787,9,0,0,,0,,0,0,0,0,0,BRA043
2788,9,0,0,,0,,0,0,0,0,0,BRA008
2788,9,0,0,,0,,0,0,0,0,0,BRA039
2789,9,0,0,,0,,0,0,0,0,0,BRA021
2789,9,0,0,,0,,0,0,0,0,0,BRA045
2790,9,0,0,,0,,0,0,0,0,0,BRA016
2790,9,0,0,,0,,0,0,0,0,0,BRA042
2791,9,0,0,,0,,0,0,0,0,0,BRA024
2791,9,0,0,,0,,0,0,0,0,0,BRA018
2792,9,0,0,,0,,0,0,0,0,0,BRA005
2792,9,0,0,,0,,0,0,0,0,0,BRA009
2793,9,0,0,,0,,0,0,0,0,0,BRA003
2793,9,0,0,,0,,0,0,0,0,0,BRA025
2794,9,0,0,,0,,0,0,0,0,0,BRA006
2794,9,0,0,,0,,0,0,0,0,0,BRA033
2795,9,0,0,,0,,0,0,0,0,0,BRA028
2795,9,0,0,,0,,0,0,0,0,0,BRA032
2796,9,0,0,,0,,0,0,0,0,0,BRA022
2796,9,0,0,,0,,0,0,0,0,0,BRA015
2798,10,0,0,,0,,0,0,0,0,0,BRA008
2798,10,0,0,,0,,0,0,0,0,0,BRA016
2797,10,0,0,,0,,0,0,0,0,0,BRA009
2797,10,0,0,,0,,0,0,0,0,0,BRA006
2799,10,0,0,,0,,0,0,0,0,0,BRA033
2799,10,0,0,,0,,0,0,0,0,0,BRA032
2800,10,0,0,,0,,0,0,0,0,0,BRA018
2800,10,0,0,,0,,0,0,0,0,0,BRA005
2801,10,0,0,,0,,0,0,0,0,0,BRA028
2801,10,0,0,,0,,0,0,0,0,0,BRA003
2802,10,0,0,,0,,0,0,0,0,0,BRA025
2802,10,0,0,,0,,0,0,0,0,0,BRA015
2803,10,0,0,,0,,0,0,0,0,0,BRA042
2803,10,0,0,,0,,0,0,0,0,0,BRA021
2804,10,0,0,,0,,0,0,0,0,0,BRA040
2804,10,0,0,,0,,0,0,0,0,0,BRA045
2805,10,0,0,,0,,0,0,0,0,0,BRA024
2805,10,0,0,,0,,0,0,0,0,0,BRA043
2806,10,0,0,,0,,0,0,0,0,0,BRA039
2806,10,0,0,,0,,0,0,0,0,0,BRA022
2807,11,0,0,,0,,0,0,0,0,0,BRA024
2807,11,0,0,,0,,0,0,0,0,0,BRA006
2808,11,0,0,,0,,0,0,0,0,0,BRA016
2808,11,0,0,,0,,0,0,0,0,0,BRA025
2809,11,0,0,,0,,0,0,0,0,0,BRA040
2809,11,0,0,,0,,0,0,0,0,0,BRA008
2810,11,0,0,,0,,0,0,0,0,0,BRA039
2810,11,0,0,,0,,0,0,0,0,0,BRA003
2811,11,0,0,,0,,0,0,0,0,0,BRA021
2811,11,0,0,,0,,0,0,0,0,0,BRA033
2812,11,0,0,,0,,0,0,0,0,0,BRA022
2812,11,0,0,,0,,0,0,0,0,0,BRA028
2813,11,0,0,,0,,0,0,0,0,0,BRA005
2813,11,0,0,,0,,0,0,0,0,0,BRA042
2814,11,0,0,,0,,0,0,0,0,0,BRA043
2814,11,0,0,,0,,0,0,0,0,0,BRA015
2815,11,0,0,,0,,0,0,0,0,0,BRA032
2815,11,0,0,,0,,0,0,0,0,0,BRA045
2817,12,0,0,,0,,0,0,0,0,0,BRA022
2817,12,0,0,,0,,0,0,0,0,0,BRA024
2818,12,0,0,,0,,0,0,0,0,0,BRA033
2818,12,0,0,,0,,0,0,0,0,0,BRA039
2819,12,0,0,,0,,0,0,0,0,0,BRA025
2819,12,0,0,,0,,0,0,0,0,0,BRA028
2820,12,0,0,,0,,0,0,0,0,0,BRA042
2820,12,0,0,,0,,0,0,0,0,0,BRA040
2821,12,0,0,,0,,0,0,0,0,0,BRA003
2821,12,0,0,,0,,0,0,0,0,0,BRA016
2823,12,0,0,,0,,0,0,0,0,0,BRA015
2823,12,0,0,,0,,0,0,0,0,0,BRA018
2822,12,0,0,,0,,0,0,0,0,0,BRA045
2822,12,0,0,,0,,0,0,0,0,0,BRA005
2824,12,0,0,,0,,0,0,0,0,0,BRA008
2824,12,0,0,,0,,0,0,0,0,0,BRA032
2825,12,0,0,,0,,0,0,0,0,0,BRA043
2825,12,0,0,,0,,0,0,0,0,0,BRA006
2826,12,0,0,,0,,0,0,0,0,0,BRA009
2826,12,0,0,,0,,0,0,0,0,0,BRA021
2827,13,0,0,,0,,0,0,0,0,0,BRA021
2827,13,0,0,,0,,0,0,0,0,0,BRA008
2828,13,0,0,,0,,0,0,0,0,0,BRA039
2828,13,0,0,,0,,0,0,0,0,0,BRA018
2829,13,0,0,,0,,0,0,0,0,0,BRA006
2829,13,0,0,,0,,0,0,0,0,0,BRA025
2830,13,0,0,,0,,0,0,0,0,0,BRA040
2830,13,0,0,,0,,0,0,0,0,0,BRA003
2831,13,0,0,,0,,0,0,0,0,0,BRA024
2831,13,0,0,,0,,0,0,0,0,0,BRA033
2832,13,0,0,,0,,0,0,0,0,0,BRA028
2832,13,0,0,,0,,0,0,0,0,0,BRA042
2833,13,0,0,,0,,0,0,0,0,0,BRA032
2833,13,0,0,,0,,0,0,0,0,0,BRA009
2834,13,0,0,,0,,0,0,0,0,0,BRA022
2834,13,0,0,,0,,0,0,0,0,0,BRA005
2835,13,0,0,,0,,0,0,0,0,0,BRA043
2835,13,0,0,,0,,0,0,0,0,0,BRA016
2836,13,0,0,,0,,0,0,0,0,0,BRA045
2836,13,0,0,,0,,0,0,0,0,0,BRA015
2837,14,0,0,,0,,0,0,0,0,0,BRA025
2837,14,0,0,,0,,0,0,0,0,0,BRA039
2838,14,0,0,,0,,0,0,0,0,0,BRA006
2838,14,0,0,,0,,0,0,0,0,0,BRA003
2839,14,0,0,,0,,0,0,0,0,0,BRA009
2839,14,0,0,,0,,0,0,0,0,0,BRA028
2840,14,0,0,,0,,0,0,0,0,0,BRA040
2840,14,0,0,,0,,0,0,0,0,0,BRA021
2841,14,0,0,,0,,0,0,0,0,0,BRA033
2841,14,0,0,,0,,0,0,0,0,0,BRA015
2842,14,0,0,,0,,0,0,0,0,0,BRA024
2842,14,0,0,,0,,0,0,0,0,0,BRA005
2843,14,0,0,,0,,0,0,0,0,0,BRA043
2843,14,0,0,,0,,0,0,0,0,0,BRA032
2844,14,0,0,,0,,0,0,0,0,0,BRA018
2844,14,0,0,,0,,0,0,0,0,0,BRA022
2845,14,0,0,,0,,0,0,0,0,0,BRA045
2845,14,0,0,,0,,0,0,0,0,0,BRA016
2846,14,0,0,,0,,0,0,0,0,0,BRA042
2846,14,0,0,,0,,0,0,0,0,0,BRA008
2847,15,0,0,,0,,0,0,0,0,0,BRA040
2847,15,0,0,,0,,0,0,0,0,0,BRA032
2848,15,0,0,,0,,0,0,0,0,0,BRA016
2848,15,0,0,,0,,0,0,0,0,0,BRA009
2849,15,0,0,,0,,0,0,0,0,0,BRA024
2849,15,0,0,,0,,0,0,0,0,0,BRA003
2850,15,0,0,,0,,0,0,0,0,0,BRA028
2850,15,0,0,,0,,0,0,0,0,0,BRA008
2851,15,0,0,,0,,0,0,0,0,0,BRA018
2851,15,0,0,,0,,0,0,0,0,0,BRA043
2852,15,0,0,,0,,0,0,0,0,0,BRA039
2852,15,0,0,,0,,0,0,0,0,0,BRA015
2853,15,0,0,,0,,0,0,0,0,0,BRA022
2853,15,0,0,,0,,0,0,0,0,0,BRA033
2854,15,0,0,,0,,0,0,0,0,0,BRA006
2854,15,0,0,,0,,0,0,0,0,0,BRA045
2855,15,0,0,,0,,0,0,0,0,0,BRA005
2855,15,0,0,,0,,0,0,0,0,0,BRA021
2856,15,0,0,,0,,0,0,0,0,0,BRA025
2856,15,0,0,,0,,0,0,0,0,0,BRA042
2857,16,0,0,,0,,0,0,0,0,0,BRA033
2857,16,0,0,,0,,0,0,0,0,0,BRA043
2858,16,0,0,,0,,0,0,0,0,0,BRA009
2858,16,0,0,,0,,0,0,0,0,0,BRA008
2859,16,0,0,,0,,0,0,0,0,0,BRA021
2859,16,0,0,,0,,0,0,0,0,0,BRA032
2860,16,0,0,,0,,0,0,0,0,0,BRA015
2860,16,0,0,,0,,0,0,0,0,0,BRA006
2861,16,0,0,,0,,0,0,0,0,0,BRA045
2861,16,0,0,,0,,0,0,0,0,0,BRA042
2862,16,0,0,,0,,0,0,0,0,0,BRA022
2862,16,0,0,,0,,0,0,0,0,0,BRA003
2865,16,0,0,,0,,0,0,0,0,0,BRA016
2865,16,0,0,,0,,0,0,0,0,0,BRA005
2863,16,0,0,,0,,0,0,0,0,0,BRA039
2863,16,0,0,,0,,0,0,0,0,0,BRA024
2864,16,0,0,,0,,0,0,0,0,0,BRA025
2864,16,0,0,,0,,0,0,0,0,0,BRA018
2867,17,0,0,,0,,0,0,0,0,0,BRA018
2867,17,0,0,,0,,0,0,0,0,0,BRA003
2868,17,0,0,,0,,0,0,0,0,0,BRA039
2868,17,0,0,,0,,0,0,0,0,0,BRA006
2869,17,0,0,,0,,0,0,0,0,0,BRA042
2869,17,0,0,,0,,0,0,0,0,0,BRA009
2870,17,0,0,,0,,0,0,0,0,0,BRA032
2870,17,0,0,,0,,0,0,0,0,0,BRA015
2871,17,0,0,,0,,0,0,0,0,0,BRA040
2871,17,0,0,,0,,0,0,0,0,0,BRA016
2872,17,0,0,,0,,0,0,0,0,0,BRA024
2872,17,0,0,,0,,0,0,0,0,0,BRA021
2873,17,0,0,,0,,0,0,0,0,0,BRA033
2873,17,0,0,,0,,0,0,0,0,0,BRA025
2874,17,0,0,,0,,0,0,0,0,0,BRA022
2874,17,0,0,,0,,0,0,0,0,0,BRA043
2875,17,0,0,,0,,0,0,0,0,0,BRA008
2875,17,0,0,,0,,0,0,0,0,0,BRA045
2877,18,0,0,,0,,0,0,0,0,0,BRA006
2877,18,0,0,,0,,0,0,0,0,0,BRA040
2878,18,0,0,,0,,0,0,0,0,0,BRA032
2878,18,0,0,,0,,0,0,0,0,0,BRA039
2879,18,0,0,,0,,0,0,0,0,0,BRA003
2879,18,0,0,,0,,0,0,0,0,0,BRA009
2880,18,0,0,,0,,0,0,0,0,0,BRA021
2880,18,0,0,,0,,0,0,0,0,0,BRA015
2881,18,0,0,,0,,0,0,0,0,0,BRA045
2881,18,0,0,,0,,0,0,0,0,0,BRA022
2882,18,0,0,,0,,0,0,0,0,0,BRA016
2882,18,0,0,,0,,0,0,0,0,0,BRA018
2883,18,0,0,,0,,0,0,0,0,0,BRA042
2883,18,0,0,,0,,0,0,0,0,0,BRA024
2884,18,0,0,,0,,0,0,0,0,0,BRA025
2884,18,0,0,,0,,0,0,0,0,0,BRA008
2885,18,0,0,,0,,0,0,0,0,0,BRA028
2885,18,0,0,,0,,0,0,0,0,0,BRA043
2886,18,0,0,,0,,0,0,0,0,0,BRA033
2886,18,0,0,,0,,0,0,0,0,0,BRA005
2887,19,0,0,,0,,0,0,0,0,0,BRA006
2887,19,0,0,,0,,0,0,0,0,0,BRA032
2888,19,0,0,,0,,0,0,0,0,0,BRA039
2888,19,0,0,,0,,0,0,0,0,0,BRA028
2889,19,0,0,,0,,0,0,0,0,0,BRA009
2889,19,0,0,,0,,0,0,0,0,0,BRA033
2890,19,0,0,,0,,0,0,0,0,0,BRA022
2890,19,0,0,,0,,0,0,0,0,0,BRA016
2891,19,0,0,,0,,0,0,0,0,0,BRA021
2891,19,0,0,,0,,0,0,0,0,0,BRA025
2892,19,0,0,,0,,0,0,0,0,0,BRA015
2892,19,0,0,,0,,0,0,0,0,0,BRA005
2893,19,0,0,,0,,0,0,0,0,0,BRA042
2893,19,0,0,,0,,0,0,0,0,0,BRA043
2894,19,0,0,,0,,0,0,0,0,0,BRA024
2894,19,0,0,,0,,0,0,0,0,0,BRA045
2895,19,0,0,,0,,0,0,0,0,0,BRA008
2895,19,0,0,,0,,0,0,0,0,0,BRA003
2896,19,0,0,,0,,0,0,0,0,0,BRA018
2896,19,0,0,,0,,0,0,0,0,0,BRA040
2897,20,0,0,,0,,0,0,0,0,0,BRA040
2897,20,0,0,,0,,0,0,0,0,0,BRA025
2898,20,0,0,,0,,0,0,0,0,0,BRA003
2898,20,0,0,,0,,0,0,0,0,0,BRA045
2899,20,0,0,,0,,0,0,0,0,0,BRA009
2899,20,0,0,,0,,0,0,0,0,0,BRA039
2900,20,0,0,,0,,0,0,0,0,0,BRA043
2900,20,0,0,,0,,0,0,0,0,0,BRA008
2901,20,0,0,,0,,0,0,0,0,0,BRA042
2901,20,0,0,,0,,0,0,0,0,0,BRA022
2902,20,0,0,,0,,0,0,0,0,0,BRA016
2902,20,0,0,,0,,0,0,0,0,0,BRA033
2903,20,0,0,,0,,0,0,0,0,0,BRA028
2903,20,0,0,,0,,0,0,0,0,0,BRA015
2904,20,0,0,,0,,0,0,0,0,0,BRA021
2904,20,0,0,,0,,0,0,0,0,0,BRA018
2905,20,0,0,,0,,0,0,0,0,0,BRA032
2905,20,0,0,,0,,0,0,0,0,0,BRA024
2906,20,0,0,,0,,0,0,0,0,0,BRA005
2906,20,0,0,,0,,0,0,0,0,0,BRA006
2907,21,0,0,,0,,0,0,0,0,0,BRA028
2907,21,0,0,,0,,0,0,0,0,0,BRA033
2908,21,0,0,,0,,0,0,0,0,0,BRA039
2908,21,0,0,,0,,0,0,0,0,0,BRA016
2909,21,0,0,,0,,0,0,0,0,0,BRA043
2909,21,0,0,,0,,0,0,0,0,0,BRA045
2910,21,0,0,,0,,0,0,0,0,0,BRA009
2910,21,0,0,,0,,0,0,0,0,0,BRA015
2911,21,0,0,,0,,0,0,0,0,0,BRA042
2911,21,0,0,,0,,0,0,0,0,0,BRA003
2912,21,0,0,,0,,0,0,0,0,0,BRA025
2912,21,0,0,,0,,0,0,0,0,0,BRA005
2913,21,0,0,,0,,0,0,0,0,0,BRA008
2913,21,0,0,,0,,0,0,0,0,0,BRA022
2914,21,0,0,,0,,0,0,0,0,0,BRA024
2914,21,0,0,,0,,0,0,0,0,0,BRA040
2915,21,0,0,,0,,0,0,0,0,0,BRA018
2915,21,0,0,,0,,0,0,0,0,0,BRA032
2916,21,0,0,,0,,0,0,0,0,0,BRA021
2916,21,0,0,,0,,0,0,0,0,0,BRA006
2866,16,0,0,,0,,0,0,0,0,0,BRA040
2866,16,0,0,,0,,0,0,0,0,0,BRA028
2917,22,0,0,,0,,0,0,0,0,0,BRA015
2917,22,0,0,,0,,0,0,0,0,0,BRA008
2816,11,0,0,,0,,0,0,0,0,0,BRA018
2816,11,0,0,,0,,0,0,0,0,0,BRA009
2918,22,0,0,,0,,0,0,0,0,0,BRA006
2918,22,0,0,,0,,0,0,0,0,0,BRA016
2919,22,0,0,,0,,0,0,0,0,0,BRA021
2919,22,0,0,,0,,0,0,0,0,0,BRA039
2920,22,0,0,,0,,0,0,0,0,0,BRA032
2920,22,0,0,,0,,0,0,0,0,0,BRA003
2921,22,0,0,,0,,0,0,0,0,0,BRA033
2921,22,0,0,,0,,0,0,0,0,0,BRA042
2922,22,0,0,,0,,0,0,0,0,0,BRA040
2922,22,0,0,,0,,0,0,0,0,0,BRA022
2923,22,0,0,,0,,0,0,0,0,0,BRA005
2923,22,0,0,,0,,0,0,0,0,0,BRA043
2924,22,0,0,,0,,0,0,0,0,0,BRA045
2924,22,0,0,,0,,0,0,0,0,0,BRA018
2925,22,0,0,,0,,0,0,0,0,0,BRA024
2925,22,0,0,,0,,0,0,0,0,0,BRA028
2926,22,0,0,,0,,0,0,0,0,0,BRA025
2926,22,0,0,,0,,0,0,0,0,0,BRA009
2876,17,0,0,,0,,0,0,0,0,0,BRA005
2876,17,0,0,,0,,0,0,0,0,0,BRA028
2927,23,0,0,,0,,0,0,0,0,0,BRA015
2927,23,0,0,,0,,0,0,0,0,0,BRA040
2928,23,0,0,,0,,0,0,0,0,0,BRA033
2928,23,0,0,,0,,0,0,0,0,0,BRA008
2929,23,0,0,,0,,0,0,0,0,0,BRA025
2929,23,0,0,,0,,0,0,0,0,0,BRA045
2930,23,0,0,,0,,0,0,0,0,0,BRA009
2930,23,0,0,,0,,0,0,0,0,0,BRA043
2931,23,0,0,,0,,0,0,0,0,0,BRA021
2931,23,0,0,,0,,0,0,0,0,0,BRA003
2932,23,0,0,,0,,0,0,0,0,0,BRA042
2932,23,0,0,,0,,0,0,0,0,0,BRA018
2933,23,0,0,,0,,0,0,0,0,0,BRA024
2933,23,0,0,,0,,0,0,0,0,0,BRA016
2934,23,0,0,,0,,0,0,0,0,0,BRA028
2934,23,0,0,,0,,0,0,0,0,0,BRA006
2935,23,0,0,,0,,0,0,0,0,0,BRA022
2935,23,0,0,,0,,0,0,0,0,0,BRA032
2936,23,0,0,,0,,0,0,0,0,0,BRA039
2936,23,0,0,,0,,0,0,0,0,0,BRA005
2937,24,0,0,,0,,0,0,0,0,0,BRA006
2937,24,0,0,,0,,0,0,0,0,0,BRA042
2938,24,0,0,,0,,0,0,0,0,0,BRA043
2938,24,0,0,,0,,0,0,0,0,0,BRA021
2939,24,0,0,,0,,0,0,0,0,0,BRA040
2939,24,0,0,,0,,0,0,0,0,0,BRA039
2940,24,0,0,,0,,0,0,0,0,0,BRA005
2940,24,0,0,,0,,0,0,0,0,0,BRA003
2941,24,0,0,,0,,0,0,0,0,0,BRA045
2941,24,0,0,,0,,0,0,0,0,0,BRA033
2942,24,0,0,,0,,0,0,0,0,0,BRA028
2942,24,0,0,,0,,0,0,0,0,0,BRA018
2943,24,0,0,,0,,0,0,0,0,0,BRA022
2943,24,0,0,,0,,0,0,0,0,0,BRA009
2944,24,0,0,,0,,0,0,0,0,0,BRA032
2944,24,0,0,,0,,0,0,0,0,0,BRA025
2945,24,0,0,,0,,0,0,0,0,0,BRA024
2945,24,0,0,,0,,0,0,0,0,0,BRA008
2946,24,0,0,,0,,0,0,0,0,0,BRA016
2946,24,0,0,,0,,0,0,0,0,0,BRA015
2947,25,0,0,,0,,0,0,0,0,0,BRA043
2947,25,0,0,,0,,0,0,0,0,0,BRA003
2948,25,0,0,,0,,0,0,0,0,0,BRA028
2948,25,0,0,,0,,0,0,0,0,0,BRA045
2949,25,0,0,,0,,0,0,0,0,0,BRA005
2949,25,0,0,,0,,0,0,0,0,0,BRA032
2950,25,0,0,,0,,0,0,0,0,0,BRA025
2950,25,0,0,,0,,0,0,0,0,0,BRA022
2951,25,0,0,,0,,0,0,0,0,0,BRA042
2951,25,0,0,,0,,0,0,0,0,0,BRA039
2952,25,0,0,,0,,0,0,0,0,0,BRA008
2952,25,0,0,,0,,0,0,0,0,0,BRA006
2953,25,0,0,,0,,0,0,0,0,0,BRA021
2953,25,0,0,,0,,0,0,0,0,0,BRA016
2954,25,0,0,,0,,0,0,0,0,0,BRA009
2954,25,0,0,,0,,0,0,0,0,0,BRA040
2955,25,0,0,,0,,0,0,0,0,0,BRA015
2955,25,0,0,,0,,0,0,0,0,0,BRA024
2956,25,0,0,,0,,0,0,0,0,0,BRA033
2956,25,0,0,,0,,0,0,0,0,0,BRA018
2957,26,0,0,,0,,0,0,0,0,0,BRA003
2957,26,0,0,,0,,0,0,0,0,0,BRA033
2958,26,0,0,,0,,0,0,0,0,0,BRA008
2958,26,0,0,,0,,0,0,0,0,0,BRA018
2959,26,0,0,,0,,0,0,0,0,0,BRA028
2959,26,0,0,,0,,0,0,0,0,0,BRA021
2960,26,0,0,,0,,0,0,0,0,0,BRA015
2960,26,0,0,,0,,0,0,0,0,0,BRA042
2961,26,0,0,,0,,0,0,0,0,0,BRA032
2961,26,0,0,,0,,0,0,0,0,0,BRA016
2962,26,0,0,,0,,0,0,0,0,0,BRA024
2962,26,0,0,,0,,0,0,0,0,0,BRA025
2963,26,0,0,,0,,0,0,0,0,0,BRA022
2963,26,0,0,,0,,0,0,0,0,0,BRA006
2964,26,0,0,,0,,0,0,0,0,0,BRA005
2964,26,0,0,,0,,0,0,0,0,0,BRA040
2965,26,0,0,,0,,0,0,0,0,0,BRA045
2965,26,0,0,,0,,0,0,0,0,0,BRA009
2966,26,0,0,,0,,0,0,0,0,0,BRA043
2966,26,0,0,,0,,0,0,0,0,0,BRA039
2967,27,0,0,,0,,0,0,0,0,0,BRA042
2967,27,0,0,,0,,0,0,0,0,0,BRA032
2968,27,0,0,,0,,0,0,0,0,0,BRA045
2968,27,0,0,,0,,0,0,0,0,0,BRA039
2969,27,0,0,,0,,0,0,0,0,0,BRA015
2969,27,0,0,,0,,0,0,0,0,0,BRA003
2970,27,0,0,,0,,0,0,0,0,0,BRA008
2970,27,0,0,,0,,0,0,0,0,0,BRA005
2971,27,0,0,,0,,0,0,0,0,0,BRA033
2971,27,0,0,,0,,0,0,0,0,0,BRA040
2972,27,0,0,,0,,0,0,0,0,0,BRA025
2972,27,0,0,,0,,0,0,0,0,0,BRA043
2973,27,0,0,,0,,0,0,0,0,0,BRA009
2973,27,0,0,,0,,0,0,0,0,0,BRA024
2974,27,0,0,,0,,0,0,0,0,0,BRA022
2974,27,0,0,,0,,0,0,0,0,0,BRA021
2975,27,0,0,,0,,0,0,0,0,0,BRA018
2975,27,0,0,,0,,0,0,0,0,0,BRA006
2976,27,0,0,,0,,0,0,0,0,0,BRA028
2976,27,0,0,,0,,0,0,0,0,0,BRA016
2977,28,0,0,,0,,0,0,0,0,0,BRA040
2977,28,0,0,,0,,0,0,0,0,0,BRA043
2978,28,0,0,,0,,0,0,0,0,0,BRA039
2978,28,0,0,,0,,0,0,0,0,0,BRA008
2979,28,0,0,,0,,0,0,0,0,0,BRA003
2979,28,0,0,,0,,0,0,0,0,0,BRA025
2980,28,0,0,,0,,0,0,0,0,0,BRA016
2980,28,0,0,,0,,0,0,0,0,0,BRA042
2981,28,0,0,,0,,0,0,0,0,0,BRA021
2981,28,0,0,,0,,0,0,0,0,0,BRA045
2982,28,0,0,,0,,0,0,0,0,0,BRA022
2982,28,0,0,,0,,0,0,0,0,0,BRA015
2983,28,0,0,,0,,0,0,0,0,0,BRA028
2983,28,0,0,,0,,0,0,0,0,0,BRA032
2984,28,0,0,,0,,0,0,0,0,0,BRA018
2984,28,0,0,,0,,0,0,0,0,0,BRA024
2985,28,0,0,,0,,0,0,0,0,0,BRA006
2985,28,0,0,,0,,0,0,0,0,0,BRA033
2986,28,0,0,,0,,0,0,0,0,0,BRA005
2986,28,0,0,,0,,0,0,0,0,0,BRA009
2987,29,0,0,,0,,0,0,0,0,0,BRA025
2987,29,0,0,,0,,0,0,0,0,0,BRA015
2988,29,0,0,,0,,0,0,0,0,0,BRA042
2988,29,0,0,,0,,0,0,0,0,0,BRA021
2989,29,0,0,,0,,0,0,0,0,0,BRA039
2989,29,0,0,,0,,0,0,0,0,0,BRA022
2990,29,0,0,,0,,0,0,0,0,0,BRA028
2990,29,0,0,,0,,0,0,0,0,0,BRA003
2991,29,0,0,,0,,0,0,0,0,0,BRA008
2991,29,0,0,,0,,0,0,0,0,0,BRA016
2992,29,0,0,,0,,0,0,0,0,0,BRA045
2992,29,0,0,,0,,0,0,0,0,0,BRA040
2993,29,0,0,,0,,0,0,0,0,0,BRA018
2993,29,0,0,,0,,0,0,0,0,0,BRA005
2994,29,0,0,,0,,0,0,0,0,0,BRA024
2994,29,0,0,,0,,0,0,0,0,0,BRA043
2995,29,0,0,,0,,0,0,0,0,0,BRA033
2995,29,0,0,,0,,0,0,0,0,0,BRA032
2996,29,0,0,,0,,0,0,0,0,0,BRA009
2996,29,0,0,,0,,0,0,0,0,0,BRA006
2997,30,0,0,,0,,0,0,0,0,0,BRA040
2997,30,0,0,,0,,0,0,0,0,0,BRA008
2998,30,0,0,,0,,0,0,0,0,0,BRA005
2998,30,0,0,,0,,0,0,0,0,0,BRA042
2999,30,0,0,,0,,0,0,0,0,0,BRA024
2999,30,0,0,,0,,0,0,0,0,0,BRA006
3000,30,0,0,,0,,0,0,0,0,0,BRA043
3000,30,0,0,,0,,0,0,0,0,0,BRA015
3001,30,0,0,,0,,0,0,0,0,0,BRA016
3001,30,0,0,,0,,0,0,0,0,0,BRA025
3002,30,0,0,,0,,0,0,0,0,0,BRA022
3002,30,0,0,,0,,0,0,0,0,0,BRA028
3003,30,0,0,,0,,0,0,0,0,0,BRA021
3003,30,0,0,,0,,0,0,0,0,0,BRA033
3004,30,0,0,,0,,0,0,0,0,0,BRA039
3004,30,0,0,,0,,0,0,0,0,0,BRA003
3005,30,0,0,,0,,0,0,0,0,0,BRA018
3005,30,0,0,,0,,0,0,0,0,0,BRA009
3006,30,0,0,,0,,0,0,0,0,0,BRA032
3006,30,0,0,,0,,0,0,0,0,0,BRA045
3007,31,0,0,,0,,0,0,0,0,0,BRA033
3007,31,0,0,,0,,0,0,0,0,0,BRA039
3008,31,0,0,,0,,0,0,0,0,0,BRA045
3008,31,0,0,,0,,0,0,0,0,0,BRA005
3009,31,0,0,,0,,0,0,0,0,0,BRA008
3009,31,0,0,,0,,0,0,0,0,0,BRA032
3010,31,0,0,,0,,0,0,0,0,0,BRA042
3010,31,0,0,,0,,0,0,0,0,0,BRA040
3011,31,0,0,,0,,0,0,0,0,0,BRA025
3011,31,0,0,,0,,0,0,0,0,0,BRA028
3012,31,0,0,,0,,0,0,0,0,0,BRA016
3012,31,0,0,,0,,0,0,0,0,0,BRA003
3013,31,0,0,,0,,0,0,0,0,0,BRA022
3013,31,0,0,,0,,0,0,0,0,0,BRA024
3014,31,0,0,,0,,0,0,0,0,0,BRA015
3014,31,0,0,,0,,0,0,0,0,0,BRA018
3015,31,0,0,,0,,0,0,0,0,0,BRA043
3015,31,0,0,,0,,0,0,0,0,0,BRA006
3016,31,0,0,,0,,0,0,0,0,0,BRA009
3016,31,0,0,,0,,0,0,0,0,0,BRA021
3017,32,0,0,,0,,0,0,0,0,0,BRA040
3017,32,0,0,,0,,0,0,0,0,0,BRA003
3018,32,0,0,,0,,0,0,0,0,0,BRA032
3018,32,0,0,,0,,0,0,0,0,0,BRA009
3019,32,0,0,,0,,0,0,0,0,0,BRA039
3019,32,0,0,,0,,0,0,0,0,0,BRA018
3020,32,0,0,,0,,0,0,0,0,0,BRA006
3020,32,0,0,,0,,0,0,0,0,0,BRA025
3021,32,0,0,,0,,0,0,0,0,0,BRA045
3021,32,0,0,,0,,0,0,0,0,0,BRA015
3022,32,0,0,,0,,0,0,0,0,0,BRA021
3022,32,0,0,,0,,0,0,0,0,0,BRA008
3023,32,0,0,,0,,0,0,0,0,0,BRA028
3023,32,0,0,,0,,0,0,0,0,0,BRA042
3024,32,0,0,,0,,0,0,0,0,0,BRA043
3024,32,0,0,,0,,0,0,0,0,0,BRA016
3025,32,0,0,,0,,0,0,0,0,0,BRA022
3025,32,0,0,,0,,0,0,0,0,0,BRA005
3026,32,0,0,,0,,0,0,0,0,0,BRA024
3026,32,0,0,,0,,0,0,0,0,0,BRA033
3027,33,0,0,,0,,0,0,0,0,0,BRA021
3027,33,0,0,,0,,0,0,0,0,0,BRA040
3028,33,0,0,,0,,0,0,0,0,0,BRA006
3028,33,0,0,,0,,0,0,0,0,0,BRA003
3029,33,0,0,,0,,0,0,0,0,0,BRA042
3029,33,0,0,,0,,0,0,0,0,0,BRA008
3030,33,0,0,,0,,0,0,0,0,0,BRA033
3030,33,0,0,,0,,0,0,0,0,0,BRA015
3031,33,0,0,,0,,0,0,0,0,0,BRA028
3031,33,0,0,,0,,0,0,0,0,0,BRA009
3032,33,0,0,,0,,0,0,0,0,0,BRA016
3032,33,0,0,,0,,0,0,0,0,0,BRA045
3033,33,0,0,,0,,0,0,0,0,0,BRA024
3033,33,0,0,,0,,0,0,0,0,0,BRA005
3034,33,0,0,,0,,0,0,0,0,0,BRA018
3034,33,0,0,,0,,0,0,0,0,0,BRA022
3035,33,0,0,,0,,0,0,0,0,0,BRA025
3035,33,0,0,,0,,0,0,0,0,0,BRA039
3036,33,0,0,,0,,0,0,0,0,0,BRA032
3036,33,0,0,,0,,0,0,0,0,0,BRA043
3037,34,0,0,,0,,0,0,0,0,0,BRA042
3037,34,0,0,,0,,0,0,0,0,0,BRA025
3038,34,0,0,,0,,0,0,0,0,0,BRA006
3038,34,0,0,,0,,0,0,0,0,0,BRA045
3039,34,0,0,,0,,0,0,0,0,0,BRA018
3039,34,0,0,,0,,0,0,0,0,0,BRA043
3040,34,0,0,,0,,0,0,0,0,0,BRA040
3040,34,0,0,,0,,0,0,0,0,0,BRA032
3041,34,0,0,,0,,0,0,0,0,0,BRA022
3041,34,0,0,,0,,0,0,0,0,0,BRA033
3042,34,0,0,,0,,0,0,0,0,0,BRA005
3042,34,0,0,,0,,0,0,0,0,0,BRA021
3043,34,0,0,,0,,0,0,0,0,0,BRA039
3043,34,0,0,,0,,0,0,0,0,0,BRA015
3044,34,0,0,,0,,0,0,0,0,0,BRA008
3044,34,0,0,,0,,0,0,0,0,0,BRA028
3045,34,0,0,,0,,0,0,0,0,0,BRA016
3045,34,0,0,,0,,0,0,0,0,0,BRA009
3046,34,0,0,,0,,0,0,0,0,0,BRA024
3046,34,0,0,,0,,0,0,0,0,0,BRA003
3047,35,0,0,,0,,0,0,0,0,0,BRA043
3047,35,0,0,,0,,0,0,0,0,0,BRA033
3048,35,0,0,,0,,0,0,0,0,0,BRA025
3048,35,0,0,,0,,0,0,0,0,0,BRA018
3049,35,0,0,,0,,0,0,0,0,0,BRA045
3049,35,0,0,,0,,0,0,0,0,0,BRA042
3050,35,0,0,,0,,0,0,0,0,0,BRA005
3050,35,0,0,,0,,0,0,0,0,0,BRA016
3051,35,0,0,,0,,0,0,0,0,0,BRA021
3051,35,0,0,,0,,0,0,0,0,0,BRA032
3052,35,0,0,,0,,0,0,0,0,0,BRA006
3052,35,0,0,,0,,0,0,0,0,0,BRA015
3053,35,0,0,,0,,0,0,0,0,0,BRA009
3053,35,0,0,,0,,0,0,0,0,0,BRA008
3054,35,0,0,,0,,0,0,0,0,0,BRA003
3054,35,0,0,,0,,0,0,0,0,0,BRA022
3055,35,0,0,,0,,0,0,0,0,0,BRA039
3055,35,0,0,,0,,0,0,0,0,0,BRA024
3056,35,0,0,,0,,0,0,0,0,0,BRA040
3056,35,0,0,,0,,0,0,0,0,0,BRA028
3057,36,0,0,,0,,0,0,0,0,0,BRA033
3057,36,0,0,,0,,0,0,0,0,0,BRA025
3058,36,0,0,,0,,0,0,0,0,0,BRA015
3058,36,0,0,,0,,0,0,0,0,0,BRA032
3059,36,0,0,,0,,0,0,0,0,0,BRA018
3059,36,0,0,,0,,0,0,0,0,0,BRA003
3060,36,0,0,,0,,0,0,0,0,0,BRA009
3060,36,0,0,,0,,0,0,0,0,0,BRA042
3061,36,0,0,,0,,0,0,0,0,0,BRA022
3061,36,0,0,,0,,0,0,0,0,0,BRA043
3062,36,0,0,,0,,0,0,0,0,0,BRA039
3062,36,0,0,,0,,0,0,0,0,0,BRA006
3063,36,0,0,,0,,0,0,0,0,0,BRA040
3063,36,0,0,,0,,0,0,0,0,0,BRA016
3064,36,0,0,,0,,0,0,0,0,0,BRA008
3064,36,0,0,,0,,0,0,0,0,0,BRA045
3065,36,0,0,,0,,0,0,0,0,0,BRA005
3065,36,0,0,,0,,0,0,0,0,0,BRA028
3066,36,0,0,,0,,0,0,0,0,0,BRA024
3066,36,0,0,,0,,0,0,0,0,0,BRA021
3067,37,0,0,,0,,0,0,0,0,0,BRA024
3067,37,0,0,,0,,0,0,0,0,0,BRA042
3068,37,0,0,,0,,0,0,0,0,0,BRA021
3068,37,0,0,,0,,0,0,0,0,0,BRA015
3069,37,0,0,,0,,0,0,0,0,0,BRA005
3069,37,0,0,,0,,0,0,0,0,0,BRA033
3070,37,0,0,,0,,0,0,0,0,0,BRA043
3070,37,0,0,,0,,0,0,0,0,0,BRA028
3071,37,0,0,,0,,0,0,0,0,0,BRA025
3071,37,0,0,,0,,0,0,0,0,0,BRA008
3072,37,0,0,,0,,0,0,0,0,0,BRA040
3072,37,0,0,,0,,0,0,0,0,0,BRA006
3073,37,0,0,,0,,0,0,0,0,0,BRA016
3073,37,0,0,,0,,0,0,0,0,0,BRA018
3074,37,0,0,,0,,0,0,0,0,0,BRA032
3074,37,0,0,,0,,0,0,0,0,0,BRA039
3075,37,0,0,,0,,0,0,0,0,0,BRA003
3075,37,0,0,,0,,0,0,0,0,0,BRA009
3076,37,0,0,,0,,0,0,0,0,0,BRA045
3076,37,0,0,,0,,0,0,0,0,0,BRA022
3077,38,0,0,,0,,0,0,0,0,0,BRA015
3077,38,0,0,,0,,0,0,0,0,0,BRA005
3078,38,0,0,,0,,0,0,0,0,0,BRA006
3078,38,0,0,,0,,0,0,0,0,0,BRA032
3079,38,0,0,,0,,0,0,0,0,0,BRA025
3079,38,0,0,,0,,0,0,0,0,0,BRA021
3080,38,0,0,,0,,0,0,0,0,0,BRA009
3080,38,0,0,,0,,0,0,0,0,0,BRA033
3081,38,0,0,,0,,0,0,0,0,0,BRA042
3081,38,0,0,,0,,0,0,0,0,0,BRA043
3082,38,0,0,,0,,0,0,0,0,0,BRA039
3082,38,0,0,,0,,0,0,0,0,0,BRA028
3083,38,0,0,,0,,0,0,0,0,0,BRA018
3083,38,0,0,,0,,0,0,0,0,0,BRA040
3084,38,0,0,,0,,0,0,0,0,0,BRA008
3084,38,0,0,,0,,0,0,0,0,0,BRA003
3085,38,0,0,,0,,0,0,0,0,0,BRA024
3085,38,0,0,,0,,0,0,0,0,0,BRA045
3086,38,0,0,,0,,0,0,0,0,0,BRA022
3086,38,0,0,,0,,0,0,0,0,0,BRA016
3087,1,0,0,,0,,0,0,0,0,0,BRA040
3087,1,0,0,,0,,0,0,0,0,0,BRA009
3088,1,0,0,,0,,0,0,0,0,0,BRA025
3088,1,0,0,,0,,0,0,0,0,0,BRA004
3089,1,0,0,,0,,0,0,0,0,0,BRA045
3089,1,0,0,,0,,0,0,0,0,0,BRA033
3090,1,0,0,,0,,0,0,0,0,0,BRA021
3090,1,0,0,,0,,0,0,0,0,0,BRA042
3091,1,0,0,,0,,0,0,0,0,0,BRA005
3091,1,0,0,,0,,0,0,0,0,0,BRA044
3092,1,0,0,,0,,0,0,0,0,0,BRA028
3092,1,0,0,,0,,0,0,0,0,0,BRA018
3093,1,0,0,,0,,0,0,0,0,0,BRA003
3093,1,0,0,,0,,0,0,0,0,0,BRA015
3094,1,0,0,,0,,0,0,0,0,0,BRA022
3094,1,0,0,,0,,0,0,0,0,0,BRA013
3095,1,0,0,,0,,0,0,0,0,0,BRA024
3095,1,0,0,,0,,0,0,0,0,0,BRA027
3096,1,0,0,,0,,0,0,0,0,0,BRA006
3096,1,0,0,,0,,0,0,0,0,0,BRA026
3097,2,0,0,,0,,0,0,0,0,0,BRA004
3097,2,0,0,,0,,0,0,0,0,0,BRA022
3098,2,0,0,,0,,0,0,0,0,0,BRA026
3098,2,0,0,,0,,0,0,0,0,0,BRA005
3099,2,0,0,,0,,0,0,0,0,0,BRA021
3099,2,0,0,,0,,0,0,0,0,0,BRA045
3100,2,0,0,,0,,0,0,0,0,0,BRA013
3100,2,0,0,,0,,0,0,0,0,0,BRA040
3101,2,0,0,,0,,0,0,0,0,0,BRA009
3101,2,0,0,,0,,0,0,0,0,0,BRA042
3103,2,0,0,,0,,0,0,0,0,0,BRA024
3103,2,0,0,,0,,0,0,0,0,0,BRA028
3102,2,0,0,,0,,0,0,0,0,0,BRA025
3102,2,0,0,,0,,0,0,0,0,0,BRA015
3104,2,0,0,,0,,0,0,0,0,0,BRA033
3104,2,0,0,,0,,0,0,0,0,0,BRA044
3105,2,0,0,,0,,0,0,0,0,0,BRA018
3105,2,0,0,,0,,0,0,0,0,0,BRA006
3106,2,0,0,,0,,0,0,0,0,0,BRA027
3106,2,0,0,,0,,0,0,0,0,0,BRA003
3107,3,0,0,,0,,0,0,0,0,0,BRA024
3107,3,0,0,,0,,0,0,0,0,0,BRA009
3108,3,0,0,,0,,0,0,0,0,0,BRA040
3108,3,0,0,,0,,0,0,0,0,0,BRA004
3109,3,0,0,,0,,0,0,0,0,0,BRA033
3109,3,0,0,,0,,0,0,0,0,0,BRA025
3110,3,0,0,,0,,0,0,0,0,0,BRA005
3110,3,0,0,,0,,0,0,0,0,0,BRA003
3111,3,0,0,,0,,0,0,0,0,0,BRA028
3111,3,0,0,,0,,0,0,0,0,0,BRA042
3112,3,0,0,,0,,0,0,0,0,0,BRA022
3112,3,0,0,,0,,0,0,0,0,0,BRA015
3113,3,0,0,,0,,0,0,0,0,0,BRA045
3113,3,0,0,,0,,0,0,0,0,0,BRA013
3116,3,0,0,,0,,0,0,0,0,0,BRA021
3116,3,0,0,,0,,0,0,0,0,0,BRA026
3114,3,0,0,,0,,0,0,0,0,0,BRA027
3114,3,0,0,,0,,0,0,0,0,0,BRA018
3115,3,0,0,,0,,0,0,0,0,0,BRA006
3115,3,0,0,,0,,0,0,0,0,0,BRA044
3130,5,0,0,,0,,0,0,0,0,0,BRA027
3130,5,0,0,,0,,0,0,0,0,0,BRA042
3131,5,0,0,,0,,0,0,0,0,0,BRA022
3131,5,0,0,,0,,0,0,0,0,0,BRA005
3132,5,0,0,,0,,0,0,0,0,0,BRA028
3132,5,0,0,,0,,0,0,0,0,0,BRA003
3133,5,0,0,,0,,0,0,0,0,0,BRA040
3133,5,0,0,,0,,0,0,0,0,0,BRA015
3134,5,0,0,,0,,0,0,0,0,0,BRA018
3134,5,0,0,,0,,0,0,0,0,0,BRA013
3135,5,0,0,,0,,0,0,0,0,0,BRA044
3135,5,0,0,,0,,0,0,0,0,0,BRA009
3136,5,0,0,,0,,0,0,0,0,0,BRA004
3136,5,0,0,,0,,0,0,0,0,0,BRA024
3117,4,0,0,,0,,0,0,0,0,0,BRA005
3117,4,0,0,,0,,0,0,0,0,0,BRA045
3118,4,0,0,,0,,0,0,0,0,0,BRA022
3118,4,0,0,,0,,0,0,0,0,0,BRA021
3119,4,0,0,,0,,0,0,0,0,0,BRA025
3119,4,0,0,,0,,0,0,0,0,0,BRA006
3120,4,0,0,,0,,0,0,0,0,0,BRA033
3120,4,0,0,,0,,0,0,0,0,0,BRA042
3121,4,0,0,,0,,0,0,0,0,0,BRA015
3121,4,0,0,,0,,0,0,0,0,0,BRA026
3122,4,0,0,,0,,0,0,0,0,0,BRA027
3122,4,0,0,,0,,0,0,0,0,0,BRA040
3123,4,0,0,,0,,0,0,0,0,0,BRA009
3123,4,0,0,,0,,0,0,0,0,0,BRA018
3124,4,0,0,,0,,0,0,0,0,0,BRA013
3124,4,0,0,,0,,0,0,0,0,0,BRA024
3125,4,0,0,,0,,0,0,0,0,0,BRA028
3125,4,0,0,,0,,0,0,0,0,0,BRA044
3126,4,0,0,,0,,0,0,0,0,0,BRA004
3126,4,0,0,,0,,0,0,0,0,0,BRA003
3127,5,0,0,,0,,0,0,0,0,0,BRA006
3127,5,0,0,,0,,0,0,0,0,0,BRA045
3128,5,0,0,,0,,0,0,0,0,0,BRA021
3128,5,0,0,,0,,0,0,0,0,0,BRA025
3129,5,0,0,,0,,0,0,0,0,0,BRA026
3129,5,0,0,,0,,0,0,0,0,0,BRA033
3137,6,0,0,,0,,0,0,0,0,0,BRA009
3137,6,0,0,,0,,0,0,0,0,0,BRA003
3138,6,0,0,,0,,0,0,0,0,0,BRA045
3138,6,0,0,,0,,0,0,0,0,0,BRA022
3139,6,0,0,,0,,0,0,0,0,0,BRA026
3139,6,0,0,,0,,0,0,0,0,0,BRA004
3140,6,0,0,,0,,0,0,0,0,0,BRA013
3140,6,0,0,,0,,0,0,0,0,0,BRA006
3141,6,0,0,,0,,0,0,0,0,0,BRA018
3141,6,0,0,,0,,0,0,0,0,0,BRA040
3142,6,0,0,,0,,0,0,0,0,0,BRA033
3142,6,0,0,,0,,0,0,0,0,0,BRA021
3143,6,0,0,,0,,0,0,0,0,0,BRA042
3143,6,0,0,,0,,0,0,0,0,0,BRA024
3144,6,0,0,,0,,0,0,0,0,0,BRA025
3144,6,0,0,,0,,0,0,0,0,0,BRA005
3145,6,0,0,,0,,0,0,0,0,0,BRA044
3145,6,0,0,,0,,0,0,0,0,0,BRA027
3146,6,0,0,,0,,0,0,0,0,0,BRA015
3146,6,0,0,,0,,0,0,0,0,0,BRA028
3147,7,0,0,,0,,0,0,0,0,0,BRA022
3147,7,0,0,,0,,0,0,0,0,0,BRA006
3148,7,0,0,,0,,0,0,0,0,0,BRA024
3148,7,0,0,,0,,0,0,0,0,0,BRA021
3149,7,0,0,,0,,0,0,0,0,0,BRA003
3149,7,0,0,,0,,0,0,0,0,0,BRA045
3150,7,0,0,,0,,0,0,0,0,0,BRA025
3150,7,0,0,,0,,0,0,0,0,0,BRA042
3151,7,0,0,,0,,0,0,0,0,0,BRA040
3151,7,0,0,,0,,0,0,0,0,0,BRA044
3152,7,0,0,,0,,0,0,0,0,0,BRA005
3152,7,0,0,,0,,0,0,0,0,0,BRA013
3153,7,0,0,,0,,0,0,0,0,0,BRA015
3153,7,0,0,,0,,0,0,0,0,0,BRA009
3154,7,0,0,,0,,0,0,0,0,0,BRA026
3154,7,0,0,,0,,0,0,0,0,0,BRA027
3155,7,0,0,,0,,0,0,0,0,0,BRA028
3155,7,0,0,,0,,0,0,0,0,0,BRA033
3156,7,0,0,,0,,0,0,0,0,0,BRA018
3156,7,0,0,,0,,0,0,0,0,0,BRA004
3157,8,0,0,,0,,0,0,0,0,0,BRA045
3157,8,0,0,,0,,0,0,0,0,0,BRA025
3158,8,0,0,,0,,0,0,0,0,0,BRA018
3158,8,0,0,,0,,0,0,0,0,0,BRA003
3159,8,0,0,,0,,0,0,0,0,0,BRA042
3159,8,0,0,,0,,0,0,0,0,0,BRA006
3160,8,0,0,,0,,0,0,0,0,0,BRA009
3160,8,0,0,,0,,0,0,0,0,0,BRA021
3161,8,0,0,,0,,0,0,0,0,0,BRA015
3161,8,0,0,,0,,0,0,0,0,0,BRA013
3162,8,0,0,,0,,0,0,0,0,0,BRA044
3162,8,0,0,,0,,0,0,0,0,0,BRA024
3163,8,0,0,,0,,0,0,0,0,0,BRA027
3163,8,0,0,,0,,0,0,0,0,0,BRA028
3164,8,0,0,,0,,0,0,0,0,0,BRA033
3164,8,0,0,,0,,0,0,0,0,0,BRA040
3165,8,0,0,,0,,0,0,0,0,0,BRA004
3165,8,0,0,,0,,0,0,0,0,0,BRA005
3166,8,0,0,,0,,0,0,0,0,0,BRA026
3166,8,0,0,,0,,0,0,0,0,0,BRA022
3167,9,0,0,,0,,0,0,0,0,0,BRA003
3167,9,0,0,,0,,0,0,0,0,0,BRA044
3168,9,0,0,,0,,0,0,0,0,0,BRA045
3168,9,0,0,,0,,0,0,0,0,0,BRA042
3169,9,0,0,,0,,0,0,0,0,0,BRA028
3169,9,0,0,,0,,0,0,0,0,0,BRA013
3170,9,0,0,,0,,0,0,0,0,0,BRA004
3170,9,0,0,,0,,0,0,0,0,0,BRA021
3171,9,0,0,,0,,0,0,0,0,0,BRA005
3171,9,0,0,,0,,0,0,0,0,0,BRA015
3172,9,0,0,,0,,0,0,0,0,0,BRA006
3172,9,0,0,,0,,0,0,0,0,0,BRA033
3173,9,0,0,,0,,0,0,0,0,0,BRA022
3173,9,0,0,,0,,0,0,0,0,0,BRA040
3174,9,0,0,,0,,0,0,0,0,0,BRA018
3174,9,0,0,,0,,0,0,0,0,0,BRA024
3175,9,0,0,,0,,0,0,0,0,0,BRA027
3175,9,0,0,,0,,0,0,0,0,0,BRA009
3176,9,0,0,,0,,0,0,0,0,0,BRA026
3176,9,0,0,,0,,0,0,0,0,0,BRA025
3177,10,0,0,,0,,0,0,0,0,0,BRA042
3177,10,0,0,,0,,0,0,0,0,0,BRA026
3178,10,0,0,,0,,0,0,0,0,0,BRA005
3178,10,0,0,,0,,0,0,0,0,0,BRA028
3179,10,0,0,,0,,0,0,0,0,0,BRA045
3179,10,0,0,,0,,0,0,0,0,0,BRA024
3180,10,0,0,,0,,0,0,0,0,0,BRA021
3180,10,0,0,,0,,0,0,0,0,0,BRA006
3181,10,0,0,,0,,0,0,0,0,0,BRA015
3181,10,0,0,,0,,0,0,0,0,0,BRA004
3182,10,0,0,,0,,0,0,0,0,0,BRA044
3182,10,0,0,,0,,0,0,0,0,0,BRA025
3183,10,0,0,,0,,0,0,0,0,0,BRA040
3183,10,0,0,,0,,0,0,0,0,0,BRA003
3184,10,0,0,,0,,0,0,0,0,0,BRA027
3184,10,0,0,,0,,0,0,0,0,0,BRA013
3185,10,0,0,,0,,0,0,0,0,0,BRA033
3185,10,0,0,,0,,0,0,0,0,0,BRA009
3186,10,0,0,,0,,0,0,0,0,0,BRA018
3186,10,0,0,,0,,0,0,0,0,0,BRA022
3187,11,0,0,,0,,0,0,0,0,0,BRA004
3187,11,0,0,,0,,0,0,0,0,0,BRA044
3188,11,0,0,,0,,0,0,0,0,0,BRA005
3188,11,0,0,,0,,0,0,0,0,0,BRA006
3189,11,0,0,,0,,0,0,0,0,0,BRA026
3189,11,0,0,,0,,0,0,0,0,0,BRA045
3190,11,0,0,,0,,0,0,0,0,0,BRA042
3190,11,0,0,,0,,0,0,0,0,0,BRA040
3191,11,0,0,,0,,0,0,0,0,0,BRA018
3191,11,0,0,,0,,0,0,0,0,0,BRA025
3192,11,0,0,,0,,0,0,0,0,0,BRA028
3192,11,0,0,,0,,0,0,0,0,0,BRA021
3193,11,0,0,,0,,0,0,0,0,0,BRA024
3193,11,0,0,,0,,0,0,0,0,0,BRA003
3194,11,0,0,,0,,0,0,0,0,0,BRA013
3194,11,0,0,,0,,0,0,0,0,0,BRA033
3195,11,0,0,,0,,0,0,0,0,0,BRA027
3195,11,0,0,,0,,0,0,0,0,0,BRA015
3196,11,0,0,,0,,0,0,0,0,0,BRA022
3196,11,0,0,,0,,0,0,0,0,0,BRA009
3197,12,0,0,,0,,0,0,0,0,0,BRA042
3197,12,0,0,,0,,0,0,0,0,0,BRA013
3198,12,0,0,,0,,0,0,0,0,0,BRA003
3198,12,0,0,,0,,0,0,0,0,0,BRA022
3199,12,0,0,,0,,0,0,0,0,0,BRA027
3199,12,0,0,,0,,0,0,0,0,0,BRA004
3200,12,0,0,,0,,0,0,0,0,0,BRA033
3200,12,0,0,,0,,0,0,0,0,0,BRA015
3201,12,0,0,,0,,0,0,0,0,0,BRA045
3201,12,0,0,,0,,0,0,0,0,0,BRA009
3202,12,0,0,,0,,0,0,0,0,0,BRA028
3202,12,0,0,,0,,0,0,0,0,0,BRA025
3203,12,0,0,,0,,0,0,0,0,0,BRA006
3203,12,0,0,,0,,0,0,0,0,0,BRA024
3204,12,0,0,,0,,0,0,0,0,0,BRA018
3204,12,0,0,,0,,0,0,0,0,0,BRA005
3205,12,0,0,,0,,0,0,0,0,0,BRA021
3205,12,0,0,,0,,0,0,0,0,0,BRA044
3206,12,0,0,,0,,0,0,0,0,0,BRA026
3206,12,0,0,,0,,0,0,0,0,0,BRA040
3207,13,0,0,,0,,0,0,0,0,0,BRA009
3207,13,0,0,,0,,0,0,0,0,0,BRA005
3208,13,0,0,,0,,0,0,0,0,0,BRA006
3208,13,0,0,,0,,0,0,0,0,0,BRA027
3209,13,0,0,,0,,0,0,0,0,0,BRA015
3209,13,0,0,,0,,0,0,0,0,0,BRA021
3210,13,0,0,,0,,0,0,0,0,0,BRA024
3210,13,0,0,,0,,0,0,0,0,0,BRA033
3211,13,0,0,,0,,0,0,0,0,0,BRA013
3211,13,0,0,,0,,0,0,0,0,0,BRA004
3212,13,0,0,,0,,0,0,0,0,0,BRA045
3212,13,0,0,,0,,0,0,0,0,0,BRA044
3213,13,0,0,,0,,0,0,0,0,0,BRA026
3213,13,0,0,,0,,0,0,0,0,0,BRA018
3214,13,0,0,,0,,0,0,0,0,0,BRA022
3214,13,0,0,,0,,0,0,0,0,0,BRA025
3215,13,0,0,,0,,0,0,0,0,0,BRA042
3215,13,0,0,,0,,0,0,0,0,0,BRA003
3217,14,0,0,,0,,0,0,0,0,0,BRA021
3217,14,0,0,,0,,0,0,0,0,0,BRA013
3218,14,0,0,,0,,0,0,0,0,0,BRA003
3218,14,0,0,,0,,0,0,0,0,0,BRA033
3219,14,0,0,,0,,0,0,0,0,0,BRA009
3219,14,0,0,,0,,0,0,0,0,0,BRA004
3220,14,0,0,,0,,0,0,0,0,0,BRA005
3220,14,0,0,,0,,0,0,0,0,0,BRA027
3221,14,0,0,,0,,0,0,0,0,0,BRA042
3221,14,0,0,,0,,0,0,0,0,0,BRA018
3222,14,0,0,,0,,0,0,0,0,0,BRA028
3222,14,0,0,,0,,0,0,0,0,0,BRA022
3223,14,0,0,,0,,0,0,0,0,0,BRA044
3223,14,0,0,,0,,0,0,0,0,0,BRA026
3224,14,0,0,,0,,0,0,0,0,0,BRA006
3224,14,0,0,,0,,0,0,0,0,0,BRA015
3225,14,0,0,,0,,0,0,0,0,0,BRA040
3225,14,0,0,,0,,0,0,0,0,0,BRA045
3226,14,0,0,,0,,0,0,0,0,0,BRA025
3226,14,0,0,,0,,0,0,0,0,0,BRA024
3227,15,0,0,,0,,0,0,0,0,0,BRA026
3227,15,0,0,,0,,0,0,0,0,0,BRA024
3228,15,0,0,,0,,0,0,0,0,0,BRA025
3228,15,0,0,,0,,0,0,0,0,0,BRA013
3229,15,0,0,,0,,0,0,0,0,0,BRA009
3229,15,0,0,,0,,0,0,0,0,0,BRA006
3230,15,0,0,,0,,0,0,0,0,0,BRA005
3230,15,0,0,,0,,0,0,0,0,0,BRA040
3231,15,0,0,,0,,0,0,0,0,0,BRA004
3231,15,0,0,,0,,0,0,0,0,0,BRA028
3232,15,0,0,,0,,0,0,0,0,0,BRA021
3232,15,0,0,,0,,0,0,0,0,0,BRA003
3233,15,0,0,,0,,0,0,0,0,0,BRA033
3233,15,0,0,,0,,0,0,0,0,0,BRA027
3234,15,0,0,,0,,0,0,0,0,0,BRA018
3234,15,0,0,,0,,0,0,0,0,0,BRA045
3235,15,0,0,,0,,0,0,0,0,0,BRA022
3235,15,0,0,,0,,0,0,0,0,0,BRA044
3236,15,0,0,,0,,0,0,0,0,0,BRA015
3236,15,0,0,,0,,0,0,0,0,0,BRA042
3237,16,0,0,,0,,0,0,0,0,0,BRA024
3237,16,0,0,,0,,0,0,0,0,0,BRA022
3238,16,0,0,,0,,0,0,0,0,0,BRA009
3238,16,0,0,,0,,0,0,0,0,0,BRA013
3239,16,0,0,,0,,0,0,0,0,0,BRA028
3239,16,0,0,,0,,0,0,0,0,0,BRA006
3240,16,0,0,,0,,0,0,0,0,0,BRA003
3240,16,0,0,,0,,0,0,0,0,0,BRA026
3241,16,0,0,,0,,0,0,0,0,0,BRA044
3241,16,0,0,,0,,0,0,0,0,0,BRA042
3242,16,0,0,,0,,0,0,0,0,0,BRA015
3242,16,0,0,,0,,0,0,0,0,0,BRA018
3243,16,0,0,,0,,0,0,0,0,0,BRA040
3243,16,0,0,,0,,0,0,0,0,0,BRA025
3244,16,0,0,,0,,0,0,0,0,0,BRA045
3244,16,0,0,,0,,0,0,0,0,0,BRA027
3245,16,0,0,,0,,0,0,0,0,0,BRA005
3245,16,0,0,,0,,0,0,0,0,0,BRA021
3246,16,0,0,,0,,0,0,0,0,0,BRA033
3246,16,0,0,,0,,0,0,0,0,0,BRA004
3247,17,0,0,,0,,0,0,0,0,0,BRA024
3247,17,0,0,,0,,0,0,0,0,0,BRA040
3248,17,0,0,,0,,0,0,0,0,0,BRA009
3248,17,0,0,,0,,0,0,0,0,0,BRA028
3249,17,0,0,,0,,0,0,0,0,0,BRA018
3249,17,0,0,,0,,0,0,0,0,0,BRA044
3250,17,0,0,,0,,0,0,0,0,0,BRA013
3250,17,0,0,,0,,0,0,0,0,0,BRA026
3251,17,0,0,,0,,0,0,0,0,0,BRA015
3251,17,0,0,,0,,0,0,0,0,0,BRA045
3252,17,0,0,,0,,0,0,0,0,0,BRA027
3252,17,0,0,,0,,0,0,0,0,0,BRA021
3253,17,0,0,,0,,0,0,0,0,0,BRA033
3253,17,0,0,,0,,0,0,0,0,0,BRA005
3254,17,0,0,,0,,0,0,0,0,0,BRA042
3254,17,0,0,,0,,0,0,0,0,0,BRA022
3255,17,0,0,,0,,0,0,0,0,0,BRA004
3255,17,0,0,,0,,0,0,0,0,0,BRA006
3256,17,0,0,,0,,0,0,0,0,0,BRA025
3256,17,0,0,,0,,0,0,0,0,0,BRA003
3257,18,0,0,,0,,0,0,0,0,0,BRA027
3257,18,0,0,,0,,0,0,0,0,0,BRA025
3258,18,0,0,,0,,0,0,0,0,0,BRA028
3258,18,0,0,,0,,0,0,0,0,0,BRA045
3259,18,0,0,,0,,0,0,0,0,0,BRA009
3259,18,0,0,,0,,0,0,0,0,0,BRA026
3260,18,0,0,,0,,0,0,0,0,0,BRA024
3260,18,0,0,,0,,0,0,0,0,0,BRA005
3261,18,0,0,,0,,0,0,0,0,0,BRA021
3261,18,0,0,,0,,0,0,0,0,0,BRA018
3262,18,0,0,,0,,0,0,0,0,0,BRA003
3262,18,0,0,,0,,0,0,0,0,0,BRA013
3263,18,0,0,,0,,0,0,0,0,0,BRA022
3263,18,0,0,,0,,0,0,0,0,0,BRA033
3264,18,0,0,,0,,0,0,0,0,0,BRA040
3264,18,0,0,,0,,0,0,0,0,0,BRA006
3265,18,0,0,,0,,0,0,0,0,0,BRA042
3265,18,0,0,,0,,0,0,0,0,0,BRA004
3267,19,0,0,,0,,0,0,0,0,0,BRA013
3267,19,0,0,,0,,0,0,0,0,0,BRA044
3268,19,0,0,,0,,0,0,0,0,0,BRA015
3268,19,0,0,,0,,0,0,0,0,0,BRA024
3269,19,0,0,,0,,0,0,0,0,0,BRA025
3269,19,0,0,,0,,0,0,0,0,0,BRA009
3270,19,0,0,,0,,0,0,0,0,0,BRA040
3270,19,0,0,,0,,0,0,0,0,0,BRA021
3271,19,0,0,,0,,0,0,0,0,0,BRA027
3271,19,0,0,,0,,0,0,0,0,0,BRA022
3272,19,0,0,,0,,0,0,0,0,0,BRA033
3272,19,0,0,,0,,0,0,0,0,0,BRA018
3273,19,0,0,,0,,0,0,0,0,0,BRA006
3273,19,0,0,,0,,0,0,0,0,0,BRA003
3274,19,0,0,,0,,0,0,0,0,0,BRA042
3274,19,0,0,,0,,0,0,0,0,0,BRA005
3275,19,0,0,,0,,0,0,0,0,0,BRA004
3275,19,0,0,,0,,0,0,0,0,0,BRA045
3276,19,0,0,,0,,0,0,0,0,0,BRA026
3276,19,0,0,,0,,0,0,0,0,0,BRA028
3277,20,0,0,,0,,0,0,0,0,0,BRA022
3277,20,0,0,,0,,0,0,0,0,0,BRA013
3278,20,0,0,,0,,0,0,0,0,0,BRA028
3278,20,0,0,,0,,0,0,0,0,0,BRA018
3279,20,0,0,,0,,0,0,0,0,0,BRA025
3279,20,0,0,,0,,0,0,0,0,0,BRA004
3280,20,0,0,,0,,0,0,0,0,0,BRA024
3280,20,0,0,,0,,0,0,0,0,0,BRA027
3281,20,0,0,,0,,0,0,0,0,0,BRA021
3281,20,0,0,,0,,0,0,0,0,0,BRA042
3282,20,0,0,,0,,0,0,0,0,0,BRA045
3282,20,0,0,,0,,0,0,0,0,0,BRA033
3283,20,0,0,,0,,0,0,0,0,0,BRA003
3283,20,0,0,,0,,0,0,0,0,0,BRA015
3284,20,0,0,,0,,0,0,0,0,0,BRA040
3284,20,0,0,,0,,0,0,0,0,0,BRA009
3285,20,0,0,,0,,0,0,0,0,0,BRA005
3285,20,0,0,,0,,0,0,0,0,0,BRA044
3286,20,0,0,,0,,0,0,0,0,0,BRA006
3286,20,0,0,,0,,0,0,0,0,0,BRA026
3287,21,0,0,,0,,0,0,0,0,0,BRA045
3287,21,0,0,,0,,0,0,0,0,0,BRA021
3288,21,0,0,,0,,0,0,0,0,0,BRA025
3288,21,0,0,,0,,0,0,0,0,0,BRA015
3289,21,0,0,,0,,0,0,0,0,0,BRA004
3289,21,0,0,,0,,0,0,0,0,0,BRA022
3290,21,0,0,,0,,0,0,0,0,0,BRA044
3290,21,0,0,,0,,0,0,0,0,0,BRA033
3291,21,0,0,,0,,0,0,0,0,0,BRA009
3291,21,0,0,,0,,0,0,0,0,0,BRA042
3292,21,0,0,,0,,0,0,0,0,0,BRA026
3292,21,0,0,,0,,0,0,0,0,0,BRA005
3293,21,0,0,,0,,0,0,0,0,0,BRA018
3293,21,0,0,,0,,0,0,0,0,0,BRA006
3294,21,0,0,,0,,0,0,0,0,0,BRA027
3294,21,0,0,,0,,0,0,0,0,0,BRA003
3295,21,0,0,,0,,0,0,0,0,0,BRA024
3295,21,0,0,,0,,0,0,0,0,0,BRA028
3296,21,0,0,,0,,0,0,0,0,0,BRA013
3296,21,0,0,,0,,0,0,0,0,0,BRA040
3297,22,0,0,,0,,0,0,0,0,0,BRA004
3297,22,0,0,,0,,0,0,0,0,0,BRA040
3298,22,0,0,,0,,0,0,0,0,0,BRA018
3298,22,0,0,,0,,0,0,0,0,0,BRA027
3299,22,0,0,,0,,0,0,0,0,0,BRA024
3299,22,0,0,,0,,0,0,0,0,0,BRA009
3300,22,0,0,,0,,0,0,0,0,0,BRA005
3300,22,0,0,,0,,0,0,0,0,0,BRA003
3301,22,0,0,,0,,0,0,0,0,0,BRA022
3301,22,0,0,,0,,0,0,0,0,0,BRA015
3302,22,0,0,,0,,0,0,0,0,0,BRA026
3302,22,0,0,,0,,0,0,0,0,0,BRA021
3303,22,0,0,,0,,0,0,0,0,0,BRA033
3303,22,0,0,,0,,0,0,0,0,0,BRA025
3304,22,0,0,,0,,0,0,0,0,0,BRA045
3304,22,0,0,,0,,0,0,0,0,0,BRA013
3305,22,0,0,,0,,0,0,0,0,0,BRA028
3305,22,0,0,,0,,0,0,0,0,0,BRA042
3306,22,0,0,,0,,0,0,0,0,0,BRA006
3306,22,0,0,,0,,0,0,0,0,0,BRA044
3307,23,0,0,,0,,0,0,0,0,0,BRA015
3307,23,0,0,,0,,0,0,0,0,0,BRA026
3308,23,0,0,,0,,0,0,0,0,0,BRA009
3308,23,0,0,,0,,0,0,0,0,0,BRA018
3309,23,0,0,,0,,0,0,0,0,0,BRA004
3309,23,0,0,,0,,0,0,0,0,0,BRA003
3310,23,0,0,,0,,0,0,0,0,0,BRA033
3310,23,0,0,,0,,0,0,0,0,0,BRA042
3311,23,0,0,,0,,0,0,0,0,0,BRA027
3311,23,0,0,,0,,0,0,0,0,0,BRA040
3312,23,0,0,,0,,0,0,0,0,0,BRA045
3312,23,0,0,,0,,0,0,0,0,0,BRA005
3313,23,0,0,,0,,0,0,0,0,0,BRA044
3313,23,0,0,,0,,0,0,0,0,0,BRA028
3314,23,0,0,,0,,0,0,0,0,0,BRA022
3314,23,0,0,,0,,0,0,0,0,0,BRA021
3315,23,0,0,,0,,0,0,0,0,0,BRA025
3315,23,0,0,,0,,0,0,0,0,0,BRA006
3316,23,0,0,,0,,0,0,0,0,0,BRA013
3316,23,0,0,,0,,0,0,0,0,0,BRA024
3317,24,0,0,,0,,0,0,0,0,0,BRA027
3317,24,0,0,,0,,0,0,0,0,0,BRA042
3318,24,0,0,,0,,0,0,0,0,0,BRA026
3318,24,0,0,,0,,0,0,0,0,0,BRA033
3319,24,0,0,,0,,0,0,0,0,0,BRA018
3319,24,0,0,,0,,0,0,0,0,0,BRA013
3320,24,0,0,,0,,0,0,0,0,0,BRA004
3320,24,0,0,,0,,0,0,0,0,0,BRA024
3321,24,0,0,,0,,0,0,0,0,0,BRA044
3321,24,0,0,,0,,0,0,0,0,0,BRA009
3322,24,0,0,,0,,0,0,0,0,0,BRA028
3322,24,0,0,,0,,0,0,0,0,0,BRA003
3323,24,0,0,,0,,0,0,0,0,0,BRA021
3323,24,0,0,,0,,0,0,0,0,0,BRA025
3324,24,0,0,,0,,0,0,0,0,0,BRA040
3324,24,0,0,,0,,0,0,0,0,0,BRA015
3325,24,0,0,,0,,0,0,0,0,0,BRA022
3325,24,0,0,,0,,0,0,0,0,0,BRA005
3326,24,0,0,,0,,0,0,0,0,0,BRA006
3326,24,0,0,,0,,0,0,0,0,0,BRA045
3327,25,0,0,,0,,0,0,0,0,0,BRA018
3327,25,0,0,,0,,0,0,0,0,0,BRA040
3328,25,0,0,,0,,0,0,0,0,0,BRA042
3328,25,0,0,,0,,0,0,0,0,0,BRA024
3329,25,0,0,,0,,0,0,0,0,0,BRA044
3329,25,0,0,,0,,0,0,0,0,0,BRA027
3330,25,0,0,,0,,0,0,0,0,0,BRA004
3330,25,0,0,,0,,0,0,0,0,0,BRA026
3331,25,0,0,,0,,0,0,0,0,0,BRA033
3331,25,0,0,,0,,0,0,0,0,0,BRA021
3332,25,0,0,,0,,0,0,0,0,0,BRA015
3332,25,0,0,,0,,0,0,0,0,0,BRA028
3333,25,0,0,,0,,0,0,0,0,0,BRA045
3333,25,0,0,,0,,0,0,0,0,0,BRA022
3334,25,0,0,,0,,0,0,0,0,0,BRA009
3334,25,0,0,,0,,0,0,0,0,0,BRA003
3335,25,0,0,,0,,0,0,0,0,0,BRA013
3335,25,0,0,,0,,0,0,0,0,0,BRA006
3336,25,0,0,,0,,0,0,0,0,0,BRA025
3336,25,0,0,,0,,0,0,0,0,0,BRA005
3337,26,0,0,,0,,0,0,0,0,0,BRA040
3337,26,0,0,,0,,0,0,0,0,0,BRA044
3338,26,0,0,,0,,0,0,0,0,0,BRA024
3338,26,0,0,,0,,0,0,0,0,0,BRA021
3339,26,0,0,,0,,0,0,0,0,0,BRA028
3339,26,0,0,,0,,0,0,0,0,0,BRA033
3340,26,0,0,,0,,0,0,0,0,0,BRA026
3340,26,0,0,,0,,0,0,0,0,0,BRA027
3341,26,0,0,,0,,0,0,0,0,0,BRA004
3341,26,0,0,,0,,0,0,0,0,0,BRA018
3342,26,0,0,,0,,0,0,0,0,0,BRA003
3342,26,0,0,,0,,0,0,0,0,0,BRA045
3343,26,0,0,,0,,0,0,0,0,0,BRA022
3343,26,0,0,,0,,0,0,0,0,0,BRA006
3344,26,0,0,,0,,0,0,0,0,0,BRA025
3344,26,0,0,,0,,0,0,0,0,0,BRA042
3345,26,0,0,,0,,0,0,0,0,0,BRA009
3345,26,0,0,,0,,0,0,0,0,0,BRA015
3346,26,0,0,,0,,0,0,0,0,0,BRA013
3346,26,0,0,,0,,0,0,0,0,0,BRA005
3347,27,0,0,,0,,0,0,0,0,0,BRA044
3347,27,0,0,,0,,0,0,0,0,0,BRA024
3348,27,0,0,,0,,0,0,0,0,0,BRA033
3348,27,0,0,,0,,0,0,0,0,0,BRA040
3349,27,0,0,,0,,0,0,0,0,0,BRA015
3349,27,0,0,,0,,0,0,0,0,0,BRA013
3350,27,0,0,,0,,0,0,0,0,0,BRA026
3350,27,0,0,,0,,0,0,0,0,0,BRA022
3351,27,0,0,,0,,0,0,0,0,0,BRA045
3351,27,0,0,,0,,0,0,0,0,0,BRA025
3352,27,0,0,,0,,0,0,0,0,0,BRA003
3352,27,0,0,,0,,0,0,0,0,0,BRA018
3353,27,0,0,,0,,0,0,0,0,0,BRA021
3353,27,0,0,,0,,0,0,0,0,0,BRA009
3354,27,0,0,,0,,0,0,0,0,0,BRA028
3354,27,0,0,,0,,0,0,0,0,0,BRA027
3355,27,0,0,,0,,0,0,0,0,0,BRA006
3355,27,0,0,,0,,0,0,0,0,0,BRA042
3356,27,0,0,,0,,0,0,0,0,0,BRA004
3356,27,0,0,,0,,0,0,0,0,0,BRA005
3357,28,0,0,,0,,0,0,0,0,0,BRA022
3357,28,0,0,,0,,0,0,0,0,0,BRA040
3358,28,0,0,,0,,0,0,0,0,0,BRA026
3358,28,0,0,,0,,0,0,0,0,0,BRA025
3359,28,0,0,,0,,0,0,0,0,0,BRA027
3359,28,0,0,,0,,0,0,0,0,0,BRA009
3360,28,0,0,,0,,0,0,0,0,0,BRA013
3360,28,0,0,,0,,0,0,0,0,0,BRA028
3361,28,0,0,,0,,0,0,0,0,0,BRA003
3361,28,0,0,,0,,0,0,0,0,0,BRA044
3362,28,0,0,,0,,0,0,0,0,0,BRA042
3362,28,0,0,,0,,0,0,0,0,0,BRA045
3363,28,0,0,,0,,0,0,0,0,0,BRA005
3363,28,0,0,,0,,0,0,0,0,0,BRA015
3364,28,0,0,,0,,0,0,0,0,0,BRA006
3364,28,0,0,,0,,0,0,0,0,0,BRA033
3365,28,0,0,,0,,0,0,0,0,0,BRA018
3365,28,0,0,,0,,0,0,0,0,0,BRA024
3366,28,0,0,,0,,0,0,0,0,0,BRA004
3366,28,0,0,,0,,0,0,0,0,0,BRA021
3367,29,0,0,,0,,0,0,0,0,0,BRA040
3367,29,0,0,,0,,0,0,0,0,0,BRA003
3368,29,0,0,,0,,0,0,0,0,0,BRA042
3368,29,0,0,,0,,0,0,0,0,0,BRA026
3369,29,0,0,,0,,0,0,0,0,0,BRA044
3369,29,0,0,,0,,0,0,0,0,0,BRA025
3370,29,0,0,,0,,0,0,0,0,0,BRA018
3370,29,0,0,,0,,0,0,0,0,0,BRA022
3371,29,0,0,,0,,0,0,0,0,0,BRA015
3371,29,0,0,,0,,0,0,0,0,0,BRA004
3372,29,0,0,,0,,0,0,0,0,0,BRA033
3372,29,0,0,,0,,0,0,0,0,0,BRA009
3373,29,0,0,,0,,0,0,0,0,0,BRA045
3373,29,0,0,,0,,0,0,0,0,0,BRA024
3374,29,0,0,,0,,0,0,0,0,0,BRA021
3374,29,0,0,,0,,0,0,0,0,0,BRA006
3375,29,0,0,,0,,0,0,0,0,0,BRA027
3375,29,0,0,,0,,0,0,0,0,0,BRA013
3376,29,0,0,,0,,0,0,0,0,0,BRA005
3376,29,0,0,,0,,0,0,0,0,0,BRA028
3216,13,0,0,,0,,0,0,0,0,0,BRA040
3216,13,0,0,,0,,0,0,0,0,0,BRA028
3266,18,0,0,,0,,0,0,0,0,0,BRA044
3266,18,0,0,,0,,0,0,0,0,0,BRA015
3377,30,0,0,,0,,0,0,0,0,0,BRA028
3377,30,0,0,,0,,0,0,0,0,0,BRA021
3378,30,0,0,,0,,0,0,0,0,0,BRA024
3378,30,0,0,,0,,0,0,0,0,0,BRA003
3379,30,0,0,,0,,0,0,0,0,0,BRA005
3379,30,0,0,,0,,0,0,0,0,0,BRA006
3380,30,0,0,,0,,0,0,0,0,0,BRA015
3380,30,0,0,,0,,0,0,0,0,0,BRA027
3381,30,0,0,,0,,0,0,0,0,0,BRA018
3381,30,0,0,,0,,0,0,0,0,0,BRA025
3382,30,0,0,,0,,0,0,0,0,0,BRA004
3382,30,0,0,,0,,0,0,0,0,0,BRA044
3383,30,0,0,,0,,0,0,0,0,0,BRA026
3383,30,0,0,,0,,0,0,0,0,0,BRA045
3384,30,0,0,,0,,0,0,0,0,0,BRA009
3384,30,0,0,,0,,0,0,0,0,0,BRA022
3385,30,0,0,,0,,0,0,0,0,0,BRA042
3385,30,0,0,,0,,0,0,0,0,0,BRA040
3386,30,0,0,,0,,0,0,0,0,0,BRA013
3386,30,0,0,,0,,0,0,0,0,0,BRA033
3387,31,0,0,,0,,0,0,0,0,0,BRA045
3387,31,0,0,,0,,0,0,0,0,0,BRA009
3388,31,0,0,,0,,0,0,0,0,0,BRA027
3388,31,0,0,,0,,0,0,0,0,0,BRA004
3389,31,0,0,,0,,0,0,0,0,0,BRA033
3389,31,0,0,,0,,0,0,0,0,0,BRA015
3390,31,0,0,,0,,0,0,0,0,0,BRA042
3390,31,0,0,,0,,0,0,0,0,0,BRA013
3391,31,0,0,,0,,0,0,0,0,0,BRA024
3391,31,0,0,,0,,0,0,0,0,0,BRA006
3392,31,0,0,,0,,0,0,0,0,0,BRA003
3392,31,0,0,,0,,0,0,0,0,0,BRA022
3393,31,0,0,,0,,0,0,0,0,0,BRA021
3393,31,0,0,,0,,0,0,0,0,0,BRA044
3394,31,0,0,,0,,0,0,0,0,0,BRA040
3394,31,0,0,,0,,0,0,0,0,0,BRA026
3395,31,0,0,,0,,0,0,0,0,0,BRA005
3395,31,0,0,,0,,0,0,0,0,0,BRA018
3396,31,0,0,,0,,0,0,0,0,0,BRA028
3396,31,0,0,,0,,0,0,0,0,0,BRA025
3397,32,0,0,,0,,0,0,0,0,0,BRA015
3397,32,0,0,,0,,0,0,0,0,0,BRA021
3398,32,0,0,,0,,0,0,0,0,0,BRA025
3398,32,0,0,,0,,0,0,0,0,0,BRA022
3399,32,0,0,,0,,0,0,0,0,0,BRA042
3399,32,0,0,,0,,0,0,0,0,0,BRA003
3400,32,0,0,,0,,0,0,0,0,0,BRA013
3400,32,0,0,,0,,0,0,0,0,0,BRA004
3401,32,0,0,,0,,0,0,0,0,0,BRA040
3401,32,0,0,,0,,0,0,0,0,0,BRA028
3402,32,0,0,,0,,0,0,0,0,0,BRA045
3402,32,0,0,,0,,0,0,0,0,0,BRA044
3403,32,0,0,,0,,0,0,0,0,0,BRA024
3403,32,0,0,,0,,0,0,0,0,0,BRA033
3404,32,0,0,,0,,0,0,0,0,0,BRA026
3404,32,0,0,,0,,0,0,0,0,0,BRA018
3405,32,0,0,,0,,0,0,0,0,0,BRA009
3405,32,0,0,,0,,0,0,0,0,0,BRA005
3406,32,0,0,,0,,0,0,0,0,0,BRA006
3406,32,0,0,,0,,0,0,0,0,0,BRA027
3407,33,0,0,,0,,0,0,0,0,0,BRA040
3407,33,0,0,,0,,0,0,0,0,0,BRA045
3408,33,0,0,,0,,0,0,0,0,0,BRA022
3408,33,0,0,,0,,0,0,0,0,0,BRA028
3409,33,0,0,,0,,0,0,0,0,0,BRA009
3409,33,0,0,,0,,0,0,0,0,0,BRA004
3410,33,0,0,,0,,0,0,0,0,0,BRA005
3410,33,0,0,,0,,0,0,0,0,0,BRA027
3411,33,0,0,,0,,0,0,0,0,0,BRA024
3411,33,0,0,,0,,0,0,0,0,0,BRA025
3412,33,0,0,,0,,0,0,0,0,0,BRA042
3412,33,0,0,,0,,0,0,0,0,0,BRA018
3413,33,0,0,,0,,0,0,0,0,0,BRA006
3413,33,0,0,,0,,0,0,0,0,0,BRA015
3414,33,0,0,,0,,0,0,0,0,0,BRA021
3414,33,0,0,,0,,0,0,0,0,0,BRA013
3415,33,0,0,,0,,0,0,0,0,0,BRA044
3415,33,0,0,,0,,0,0,0,0,0,BRA026
3416,33,0,0,,0,,0,0,0,0,0,BRA003
3416,33,0,0,,0,,0,0,0,0,0,BRA033
3417,34,0,0,,0,,0,0,0,0,0,BRA005
3417,34,0,0,,0,,0,0,0,0,0,BRA040
3418,34,0,0,,0,,0,0,0,0,0,BRA025
3418,34,0,0,,0,,0,0,0,0,0,BRA013
3419,34,0,0,,0,,0,0,0,0,0,BRA004
3419,34,0,0,,0,,0,0,0,0,0,BRA028
3420,34,0,0,,0,,0,0,0,0,0,BRA015
3420,34,0,0,,0,,0,0,0,0,0,BRA042
3421,34,0,0,,0,,0,0,0,0,0,BRA026
3421,34,0,0,,0,,0,0,0,0,0,BRA024
3422,34,0,0,,0,,0,0,0,0,0,BRA018
3422,34,0,0,,0,,0,0,0,0,0,BRA045
3423,34,0,0,,0,,0,0,0,0,0,BRA009
3423,34,0,0,,0,,0,0,0,0,0,BRA006
3424,34,0,0,,0,,0,0,0,0,0,BRA022
3424,34,0,0,,0,,0,0,0,0,0,BRA044
3425,34,0,0,,0,,0,0,0,0,0,BRA033
3425,34,0,0,,0,,0,0,0,0,0,BRA027
3426,34,0,0,,0,,0,0,0,0,0,BRA021
3426,34,0,0,,0,,0,0,0,0,0,BRA003
3427,35,0,0,,0,,0,0,0,0,0,BRA009
3427,35,0,0,,0,,0,0,0,0,0,BRA013
3428,35,0,0,,0,,0,0,0,0,0,BRA015
3428,35,0,0,,0,,0,0,0,0,0,BRA018
3429,35,0,0,,0,,0,0,0,0,0,BRA040
3429,35,0,0,,0,,0,0,0,0,0,BRA025
3430,35,0,0,,0,,0,0,0,0,0,BRA005
3430,35,0,0,,0,,0,0,0,0,0,BRA021
3431,35,0,0,,0,,0,0,0,0,0,BRA022
3431,35,0,0,,0,,0,0,0,0,0,BRA024
3432,35,0,0,,0,,0,0,0,0,0,BRA028
3432,35,0,0,,0,,0,0,0,0,0,BRA006
3433,35,0,0,,0,,0,0,0,0,0,BRA033
3433,35,0,0,,0,,0,0,0,0,0,BRA004
3434,35,0,0,,0,,0,0,0,0,0,BRA045
3434,35,0,0,,0,,0,0,0,0,0,BRA027
3435,35,0,0,,0,,0,0,0,0,0,BRA044
3435,35,0,0,,0,,0,0,0,0,0,BRA042
3436,35,0,0,,0,,0,0,0,0,0,BRA003
3436,35,0,0,,0,,0,0,0,0,0,BRA026
3437,36,0,0,,0,,0,0,0,0,0,BRA025
3437,36,0,0,,0,,0,0,0,0,0,BRA003
3438,36,0,0,,0,,0,0,0,0,0,BRA027
3438,36,0,0,,0,,0,0,0,0,0,BRA021
3439,36,0,0,,0,,0,0,0,0,0,BRA013
3439,36,0,0,,0,,0,0,0,0,0,BRA026
3440,36,0,0,,0,,0,0,0,0,0,BRA042
3440,36,0,0,,0,,0,0,0,0,0,BRA022
3441,36,0,0,,0,,0,0,0,0,0,BRA009
3441,36,0,0,,0,,0,0,0,0,0,BRA028
3442,36,0,0,,0,,0,0,0,0,0,BRA033
3442,36,0,0,,0,,0,0,0,0,0,BRA005
3443,36,0,0,,0,,0,0,0,0,0,BRA015
3443,36,0,0,,0,,0,0,0,0,0,BRA045
3444,36,0,0,,0,,0,0,0,0,0,BRA018
3444,36,0,0,,0,,0,0,0,0,0,BRA044
3445,36,0,0,,0,,0,0,0,0,0,BRA004
3445,36,0,0,,0,,0,0,0,0,0,BRA006
3446,36,0,0,,0,,0,0,0,0,0,BRA024
3446,36,0,0,,0,,0,0,0,0,0,BRA040
3447,37,0,0,,0,,0,0,0,0,0,BRA022
3447,37,0,0,,0,,0,0,0,0,0,BRA033
3448,37,0,0,,0,,0,0,0,0,0,BRA044
3448,37,0,0,,0,,0,0,0,0,0,BRA015
3449,37,0,0,,0,,0,0,0,0,0,BRA018
3449,37,0,0,,0,,0,0,0,0,0,BRA021
3450,37,0,0,,0,,0,0,0,0,0,BRA026
3450,37,0,0,,0,,0,0,0,0,0,BRA009
3451,37,0,0,,0,,0,0,0,0,0,BRA003
3451,37,0,0,,0,,0,0,0,0,0,BRA013
3452,37,0,0,,0,,0,0,0,0,0,BRA027
3452,37,0,0,,0,,0,0,0,0,0,BRA025
3453,37,0,0,,0,,0,0,0,0,0,BRA024
3453,37,0,0,,0,,0,0,0,0,0,BRA005
3454,37,0,0,,0,,0,0,0,0,0,BRA028
3454,37,0,0,,0,,0,0,0,0,0,BRA045
3455,37,0,0,,0,,0,0,0,0,0,BRA004
3455,37,0,0,,0,,0,0,0,0,0,BRA042
3456,37,0,0,,0,,0,0,0,0,0,BRA040
3456,37,0,0,,0,,0,0,0,0,0,BRA006
3457,38,0,0,,0,,0,0,0,0,0,BRA026
3457,38,0,0,,0,,0,0,0,0,0,BRA028
3458,38,0,0,,0,,0,0,0,0,0,BRA027
3458,38,0,0,,0,,0,0,0,0,0,BRA022
3459,38,0,0,,0,,0,0,0,0,0,BRA033
3459,38,0,0,,0,,0,0,0,0,0,BRA018
3460,38,0,0,,0,,0,0,0,0,0,BRA015
3460,38,0,0,,0,,0,0,0,0,0,BRA024
3461,38,0,0,,0,,0,0,0,0,0,BRA025
3461,38,0,0,,0,,0,0,0,0,0,BRA009
3462,38,0,0,,0,,0,0,0,0,0,BRA044
3462,38,0,0,,0,,0,0,0,0,0,BRA013
3463,38,0,0,,0,,0,0,0,0,0,BRA040
3463,38,0,0,,0,,0,0,0,0,0,BRA021
3464,38,0,0,,0,,0,0,0,0,0,BRA042
3464,38,0,0,,0,,0,0,0,0,0,BRA005
3465,38,0,0,,0,,0,0,0,0,0,BRA006
3465,38,0,0,,0,,0,0,0,0,0,BRA003
3466,38,0,0,,0,,0,0,0,0,0,BRA045
3466,38,0,0,,0,,0,0,0,0,0,BRA004
3467,1,0,0,,0,,0,0,0,0,0,BRA005
3467,1,0,0,,0,,0,0,0,0,0,BRA003
3468,1,0,0,,0,,0,0,0,0,0,BRA021
3468,1,0,0,,0,,0,0,0,0,0,BRA006
3469,1,0,0,,0,,0,0,0,0,0,BRA044
3469,1,0,0,,0,,0,0,0,0,0,BRA013
3470,1,0,0,,0,,0,0,0,0,0,BRA040
3470,1,0,0,,0,,0,0,0,0,0,BRA028
3471,1,0,0,,0,,0,0,0,0,0,BRA033
3471,1,0,0,,0,,0,0,0,0,0,BRA009
3472,1,0,0,,0,,0,0,0,0,0,BRA025
3472,1,0,0,,0,,0,0,0,0,0,BRA015
3473,1,0,0,,0,,0,0,0,0,0,BRA004
3473,1,0,0,,0,,0,0,0,0,0,BRA016
3474,1,0,0,,0,,0,0,0,0,0,BRA018
3474,1,0,0,,0,,0,0,0,0,0,BRA020
3475,1,0,0,,0,,0,0,0,0,0,BRA022
3475,1,0,0,,0,,0,0,0,0,0,BRA042
3476,1,0,0,,0,,0,0,0,0,0,BRA001
3476,1,0,0,,0,,0,0,0,0,0,BRA007
3477,2,0,0,,0,,0,0,0,0,0,BRA013
3477,2,0,0,,0,,0,0,0,0,0,BRA028
3478,2,0,0,,0,,0,0,0,0,0,BRA009
3478,2,0,0,,0,,0,0,0,0,0,BRA040
3479,2,0,0,,0,,0,0,0,0,0,BRA005
3479,2,0,0,,0,,0,0,0,0,0,BRA006
3480,2,0,0,,0,,0,0,0,0,0,BRA020
3480,2,0,0,,0,,0,0,0,0,0,BRA042
3481,2,0,0,,0,,0,0,0,0,0,BRA015
3481,2,0,0,,0,,0,0,0,0,0,BRA016
3482,2,0,0,,0,,0,0,0,0,0,BRA007
3482,2,0,0,,0,,0,0,0,0,0,BRA021
3483,2,0,0,,0,,0,0,0,0,0,BRA025
3483,2,0,0,,0,,0,0,0,0,0,BRA003
3484,2,0,0,,0,,0,0,0,0,0,BRA033
3484,2,0,0,,0,,0,0,0,0,0,BRA018
3485,2,0,0,,0,,0,0,0,0,0,BRA044
3485,2,0,0,,0,,0,0,0,0,0,BRA001
3486,2,0,0,,0,,0,0,0,0,0,BRA004
3486,2,0,0,,0,,0,0,0,0,0,BRA022
3487,3,0,0,,0,,0,0,0,0,0,BRA003
3487,3,0,0,,0,,0,0,0,0,0,BRA033
3488,3,0,0,,0,,0,0,0,0,0,BRA009
3488,3,0,0,,0,,0,0,0,0,0,BRA013
3489,3,0,0,,0,,0,0,0,0,0,BRA018
3489,3,0,0,,0,,0,0,0,0,0,BRA022
3490,3,0,0,,0,,0,0,0,0,0,BRA004
3490,3,0,0,,0,,0,0,0,0,0,BRA020
3491,3,0,0,,0,,0,0,0,0,0,BRA021
3491,3,0,0,,0,,0,0,0,0,0,BRA015
3492,3,0,0,,0,,0,0,0,0,0,BRA007
3492,3,0,0,,0,,0,0,0,0,0,BRA025
3493,3,0,0,,0,,0,0,0,0,0,BRA016
3493,3,0,0,,0,,0,0,0,0,0,BRA044
3494,3,0,0,,0,,0,0,0,0,0,BRA001
3494,3,0,0,,0,,0,0,0,0,0,BRA028
3495,3,0,0,,0,,0,0,0,0,0,BRA040
3495,3,0,0,,0,,0,0,0,0,0,BRA006
3496,3,0,0,,0,,0,0,0,0,0,BRA005
3496,3,0,0,,0,,0,0,0,0,0,BRA042
3497,4,0,0,,0,,0,0,0,0,0,BRA018
3497,4,0,0,,0,,0,0,0,0,0,BRA040
3498,4,0,0,,0,,0,0,0,0,0,BRA001
3498,4,0,0,,0,,0,0,0,0,0,BRA006
3499,4,0,0,,0,,0,0,0,0,0,BRA025
3499,4,0,0,,0,,0,0,0,0,0,BRA042
3500,4,0,0,,0,,0,0,0,0,0,BRA020
3500,4,0,0,,0,,0,0,0,0,0,BRA044
3501,4,0,0,,0,,0,0,0,0,0,BRA033
3501,4,0,0,,0,,0,0,0,0,0,BRA028
3502,4,0,0,,0,,0,0,0,0,0,BRA015
3502,4,0,0,,0,,0,0,0,0,0,BRA022
3503,4,0,0,,0,,0,0,0,0,0,BRA007
3503,4,0,0,,0,,0,0,0,0,0,BRA005
3504,4,0,0,,0,,0,0,0,0,0,BRA013
3504,4,0,0,,0,,0,0,0,0,0,BRA004
3505,4,0,0,,0,,0,0,0,0,0,BRA009
3505,4,0,0,,0,,0,0,0,0,0,BRA016
3506,4,0,0,,0,,0,0,0,0,0,BRA021
3506,4,0,0,,0,,0,0,0,0,0,BRA003
3507,5,0,0,,0,,0,0,0,0,0,BRA022
3507,5,0,0,,0,,0,0,0,0,0,BRA007
3508,5,0,0,,0,,0,0,0,0,0,BRA018
3508,5,0,0,,0,,0,0,0,0,0,BRA001
3509,5,0,0,,0,,0,0,0,0,0,BRA006
3509,5,0,0,,0,,0,0,0,0,0,BRA033
3510,5,0,0,,0,,0,0,0,0,0,BRA044
3510,5,0,0,,0,,0,0,0,0,0,BRA025
3511,5,0,0,,0,,0,0,0,0,0,BRA003
3511,5,0,0,,0,,0,0,0,0,0,BRA020
3512,5,0,0,,0,,0,0,0,0,0,BRA042
3512,5,0,0,,0,,0,0,0,0,0,BRA013
3513,5,0,0,,0,,0,0,0,0,0,BRA021
3513,5,0,0,,0,,0,0,0,0,0,BRA009
3515,5,0,0,,0,,0,0,0,0,0,BRA016
3515,5,0,0,,0,,0,0,0,0,0,BRA028
3514,5,0,0,,0,,0,0,0,0,0,BRA004
3514,5,0,0,,0,,0,0,0,0,0,BRA005
3517,6,0,0,,0,,0,0,0,0,0,BRA021
3517,6,0,0,,0,,0,0,0,0,0,BRA005
3518,6,0,0,,0,,0,0,0,0,0,BRA003
3518,6,0,0,,0,,0,0,0,0,0,BRA007
3519,6,0,0,,0,,0,0,0,0,0,BRA018
3519,6,0,0,,0,,0,0,0,0,0,BRA016
3520,6,0,0,,0,,0,0,0,0,0,BRA006
3520,6,0,0,,0,,0,0,0,0,0,BRA022
3521,6,0,0,,0,,0,0,0,0,0,BRA015
3521,6,0,0,,0,,0,0,0,0,0,BRA042
3522,6,0,0,,0,,0,0,0,0,0,BRA025
3522,6,0,0,,0,,0,0,0,0,0,BRA009
3523,6,0,0,,0,,0,0,0,0,0,BRA033
3523,6,0,0,,0,,0,0,0,0,0,BRA013
3524,6,0,0,,0,,0,0,0,0,0,BRA028
3524,6,0,0,,0,,0,0,0,0,0,BRA020
3525,6,0,0,,0,,0,0,0,0,0,BRA044
3525,6,0,0,,0,,0,0,0,0,0,BRA004
3527,7,0,0,,0,,0,0,0,0,0,BRA018
3527,7,0,0,,0,,0,0,0,0,0,BRA044
3528,7,0,0,,0,,0,0,0,0,0,BRA006
3528,7,0,0,,0,,0,0,0,0,0,BRA025
3529,7,0,0,,0,,0,0,0,0,0,BRA001
3529,7,0,0,,0,,0,0,0,0,0,BRA021
3530,7,0,0,,0,,0,0,0,0,0,BRA040
3530,7,0,0,,0,,0,0,0,0,0,BRA020
3531,7,0,0,,0,,0,0,0,0,0,BRA015
3531,7,0,0,,0,,0,0,0,0,0,BRA007
3532,7,0,0,,0,,0,0,0,0,0,BRA009
3532,7,0,0,,0,,0,0,0,0,0,BRA042
3533,7,0,0,,0,,0,0,0,0,0,BRA004
3533,7,0,0,,0,,0,0,0,0,0,BRA033
3534,7,0,0,,0,,0,0,0,0,0,BRA013
3534,7,0,0,,0,,0,0,0,0,0,BRA016
3535,7,0,0,,0,,0,0,0,0,0,BRA022
3535,7,0,0,,0,,0,0,0,0,0,BRA003
3536,7,0,0,,0,,0,0,0,0,0,BRA005
3536,7,0,0,,0,,0,0,0,0,0,BRA028
3526,6,0,0,,0,,0,0,0,0,0,BRA001
3526,6,0,0,,0,,0,0,0,0,0,BRA040
3537,8,0,0,,0,,0,0,0,0,0,BRA028
3537,8,0,0,,0,,0,0,0,0,0,BRA003
3538,8,0,0,,0,,0,0,0,0,0,BRA025
3538,8,0,0,,0,,0,0,0,0,0,BRA018
3539,8,0,0,,0,,0,0,0,0,0,BRA006
3539,8,0,0,,0,,0,0,0,0,0,BRA007
3540,8,0,0,,0,,0,0,0,0,0,BRA044
3540,8,0,0,,0,,0,0,0,0,0,BRA015
3541,8,0,0,,0,,0,0,0,0,0,BRA005
3541,8,0,0,,0,,0,0,0,0,0,BRA013
3542,8,0,0,,0,,0,0,0,0,0,BRA021
3542,8,0,0,,0,,0,0,0,0,0,BRA042
3543,8,0,0,,0,,0,0,0,0,0,BRA009
3543,8,0,0,,0,,0,0,0,0,0,BRA004
3544,8,0,0,,0,,0,0,0,0,0,BRA020
3544,8,0,0,,0,,0,0,0,0,0,BRA016
3545,8,0,0,,0,,0,0,0,0,0,BRA033
3545,8,0,0,,0,,0,0,0,0,0,BRA001
3547,9,0,0,,0,,0,0,0,0,0,BRA028
3547,9,0,0,,0,,0,0,0,0,0,BRA044
3548,9,0,0,,0,,0,0,0,0,0,BRA042
3548,9,0,0,,0,,0,0,0,0,0,BRA018
3549,9,0,0,,0,,0,0,0,0,0,BRA006
3549,9,0,0,,0,,0,0,0,0,0,BRA003
3550,9,0,0,,0,,0,0,0,0,0,BRA022
3550,9,0,0,,0,,0,0,0,0,0,BRA021
3551,9,0,0,,0,,0,0,0,0,0,BRA025
3551,9,0,0,,0,,0,0,0,0,0,BRA016
3552,9,0,0,,0,,0,0,0,0,0,BRA009
3552,9,0,0,,0,,0,0,0,0,0,BRA007
3553,9,0,0,,0,,0,0,0,0,0,BRA015
3553,9,0,0,,0,,0,0,0,0,0,BRA004
3554,9,0,0,,0,,0,0,0,0,0,BRA013
3554,9,0,0,,0,,0,0,0,0,0,BRA020
3555,9,0,0,,0,,0,0,0,0,0,BRA040
3555,9,0,0,,0,,0,0,0,0,0,BRA033
3556,9,0,0,,0,,0,0,0,0,0,BRA001
3556,9,0,0,,0,,0,0,0,0,0,BRA005
3557,12,0,0,,0,,0,0,0,0,0,BRA028
3557,12,0,0,,0,,0,0,0,0,0,BRA015
3567,10,0,0,,0,,0,0,0,0,0,BRA003
3567,10,0,0,,0,,0,0,0,0,0,BRA044
3568,10,0,0,,0,,0,0,0,0,0,BRA022
3568,10,0,0,,0,,0,0,0,0,0,BRA016
3569,10,0,0,,0,,0,0,0,0,0,BRA004
3569,10,0,0,,0,,0,0,0,0,0,BRA006
3570,10,0,0,,0,,0,0,0,0,0,BRA005
3570,10,0,0,,0,,0,0,0,0,0,BRA040
3571,10,0,0,,0,,0,0,0,0,0,BRA013
3571,10,0,0,,0,,0,0,0,0,0,BRA001
3572,10,0,0,,0,,0,0,0,0,0,BRA042
3572,10,0,0,,0,,0,0,0,0,0,BRA028
3573,10,0,0,,0,,0,0,0,0,0,BRA018
3573,10,0,0,,0,,0,0,0,0,0,BRA007
3574,10,0,0,,0,,0,0,0,0,0,BRA033
3574,10,0,0,,0,,0,0,0,0,0,BRA021
3575,10,0,0,,0,,0,0,0,0,0,BRA025
3575,10,0,0,,0,,0,0,0,0,0,BRA020
3576,10,0,0,,0,,0,0,0,0,0,BRA009
3576,10,0,0,,0,,0,0,0,0,0,BRA015
3577,11,0,0,,0,,0,0,0,0,0,BRA028
3577,11,0,0,,0,,0,0,0,0,0,BRA006
3578,11,0,0,,0,,0,0,0,0,0,BRA042
3578,11,0,0,,0,,0,0,0,0,0,BRA004
3579,11,0,0,,0,,0,0,0,0,0,BRA003
3579,11,0,0,,0,,0,0,0,0,0,BRA009
3580,11,0,0,,0,,0,0,0,0,0,BRA020
3580,11,0,0,,0,,0,0,0,0,0,BRA001
3581,11,0,0,,0,,0,0,0,0,0,BRA021
3581,11,0,0,,0,,0,0,0,0,0,BRA013
3582,11,0,0,,0,,0,0,0,0,0,BRA015
3582,11,0,0,,0,,0,0,0,0,0,BRA018
3583,11,0,0,,0,,0,0,0,0,0,BRA016
3583,11,0,0,,0,,0,0,0,0,0,BRA007
3584,11,0,0,,0,,0,0,0,0,0,BRA022
3584,11,0,0,,0,,0,0,0,0,0,BRA033
3585,11,0,0,,0,,0,0,0,0,0,BRA005
3585,11,0,0,,0,,0,0,0,0,0,BRA044
3558,12,0,0,,0,,0,0,0,0,0,BRA004
3558,12,0,0,,0,,0,0,0,0,0,BRA018
3559,12,0,0,,0,,0,0,0,0,0,BRA006
3559,12,0,0,,0,,0,0,0,0,0,BRA009
3560,12,0,0,,0,,0,0,0,0,0,BRA005
3560,12,0,0,,0,,0,0,0,0,0,BRA022
3561,12,0,0,,0,,0,0,0,0,0,BRA025
3561,12,0,0,,0,,0,0,0,0,0,BRA001
3564,12,0,0,,0,,0,0,0,0,0,BRA016
3564,12,0,0,,0,,0,0,0,0,0,BRA042
3562,12,0,0,,0,,0,0,0,0,0,BRA040
3562,12,0,0,,0,,0,0,0,0,0,BRA021
3563,12,0,0,,0,,0,0,0,0,0,BRA020
3563,12,0,0,,0,,0,0,0,0,0,BRA033
3565,12,0,0,,0,,0,0,0,0,0,BRA044
3565,12,0,0,,0,,0,0,0,0,0,BRA007
3566,12,0,0,,0,,0,0,0,0,0,BRA003
3566,12,0,0,,0,,0,0,0,0,0,BRA013
3587,13,0,0,,0,,0,0,0,0,0,BRA025
3587,13,0,0,,0,,0,0,0,0,0,BRA021
3588,13,0,0,,0,,0,0,0,0,0,BRA009
3588,13,0,0,,0,,0,0,0,0,0,BRA018
3589,13,0,0,,0,,0,0,0,0,0,BRA033
3589,13,0,0,,0,,0,0,0,0,0,BRA005
3590,13,0,0,,0,,0,0,0,0,0,BRA042
3590,13,0,0,,0,,0,0,0,0,0,BRA044
3591,13,0,0,,0,,0,0,0,0,0,BRA013
3591,13,0,0,,0,,0,0,0,0,0,BRA022
3592,13,0,0,,0,,0,0,0,0,0,BRA004
3592,13,0,0,,0,,0,0,0,0,0,BRA028
3593,13,0,0,,0,,0,0,0,0,0,BRA015
3593,13,0,0,,0,,0,0,0,0,0,BRA006
3594,13,0,0,,0,,0,0,0,0,0,BRA040
3594,13,0,0,,0,,0,0,0,0,0,BRA003
3595,13,0,0,,0,,0,0,0,0,0,BRA001
3595,13,0,0,,0,,0,0,0,0,0,BRA016
3596,13,0,0,,0,,0,0,0,0,0,BRA007
3596,13,0,0,,0,,0,0,0,0,0,BRA020
3597,14,0,0,,0,,0,0,0,0,0,BRA001
3597,14,0,0,,0,,0,0,0,0,0,BRA015
3598,14,0,0,,0,,0,0,0,0,0,BRA005
3598,14,0,0,,0,,0,0,0,0,0,BRA025
3599,14,0,0,,0,,0,0,0,0,0,BRA020
3599,14,0,0,,0,,0,0,0,0,0,BRA009
3600,14,0,0,,0,,0,0,0,0,0,BRA006
3600,14,0,0,,0,,0,0,0,0,0,BRA013
3601,14,0,0,,0,,0,0,0,0,0,BRA021
3601,14,0,0,,0,,0,0,0,0,0,BRA018
3602,14,0,0,,0,,0,0,0,0,0,BRA016
3602,14,0,0,,0,,0,0,0,0,0,BRA033
3603,14,0,0,,0,,0,0,0,0,0,BRA040
3603,14,0,0,,0,,0,0,0,0,0,BRA044
3604,14,0,0,,0,,0,0,0,0,0,BRA007
3604,14,0,0,,0,,0,0,0,0,0,BRA042
3605,14,0,0,,0,,0,0,0,0,0,BRA022
3605,14,0,0,,0,,0,0,0,0,0,BRA028
3606,14,0,0,,0,,0,0,0,0,0,BRA003
3606,14,0,0,,0,,0,0,0,0,0,BRA004
3607,15,0,0,,0,,0,0,0,0,0,BRA016
3607,15,0,0,,0,,0,0,0,0,0,BRA021
3608,15,0,0,,0,,0,0,0,0,0,BRA025
3608,15,0,0,,0,,0,0,0,0,0,BRA033
3609,15,0,0,,0,,0,0,0,0,0,BRA005
3609,15,0,0,,0,,0,0,0,0,0,BRA020
3610,15,0,0,,0,,0,0,0,0,0,BRA018
3610,15,0,0,,0,,0,0,0,0,0,BRA028
3611,15,0,0,,0,,0,0,0,0,0,BRA013
3611,15,0,0,,0,,0,0,0,0,0,BRA040
3612,15,0,0,,0,,0,0,0,0,0,BRA015
3612,15,0,0,,0,,0,0,0,0,0,BRA003
3613,15,0,0,,0,,0,0,0,0,0,BRA001
3613,15,0,0,,0,,0,0,0,0,0,BRA022
3614,15,0,0,,0,,0,0,0,0,0,BRA007
3614,15,0,0,,0,,0,0,0,0,0,BRA004
3615,15,0,0,,0,,0,0,0,0,0,BRA042
3615,15,0,0,,0,,0,0,0,0,0,BRA006
3616,15,0,0,,0,,0,0,0,0,0,BRA044
3616,15,0,0,,0,,0,0,0,0,0,BRA009
3516,5,0,0,,0,,0,0,0,0,0,BRA040
3516,5,0,0,,0,,0,0,0,0,0,BRA015
3617,16,0,0,,0,,0,0,0,0,0,BRA003
3617,16,0,0,,0,,0,0,0,0,0,BRA042
3618,16,0,0,,0,,0,0,0,0,0,BRA004
3618,16,0,0,,0,,0,0,0,0,0,BRA040
3619,16,0,0,,0,,0,0,0,0,0,BRA018
3619,16,0,0,,0,,0,0,0,0,0,BRA006
3620,16,0,0,,0,,0,0,0,0,0,BRA001
3620,16,0,0,,0,,0,0,0,0,0,BRA009
3621,16,0,0,,0,,0,0,0,0,0,BRA015
3621,16,0,0,,0,,0,0,0,0,0,BRA013
3622,16,0,0,,0,,0,0,0,0,0,BRA044
3622,16,0,0,,0,,0,0,0,0,0,BRA033
3623,16,0,0,,0,,0,0,0,0,0,BRA016
3623,16,0,0,,0,,0,0,0,0,0,BRA005
3624,16,0,0,,0,,0,0,0,0,0,BRA021
3624,16,0,0,,0,,0,0,0,0,0,BRA020
3625,16,0,0,,0,,0,0,0,0,0,BRA022
3625,16,0,0,,0,,0,0,0,0,0,BRA025
3626,16,0,0,,0,,0,0,0,0,0,BRA028
3626,16,0,0,,0,,0,0,0,0,0,BRA007
3627,17,0,0,,0,,0,0,0,0,0,BRA018
3627,17,0,0,,0,,0,0,0,0,0,BRA003
3628,17,0,0,,0,,0,0,0,0,0,BRA044
3628,17,0,0,,0,,0,0,0,0,0,BRA006
3629,17,0,0,,0,,0,0,0,0,0,BRA020
3629,17,0,0,,0,,0,0,0,0,0,BRA022
3630,17,0,0,,0,,0,0,0,0,0,BRA025
3630,17,0,0,,0,,0,0,0,0,0,BRA013
3631,17,0,0,,0,,0,0,0,0,0,BRA009
3631,17,0,0,,0,,0,0,0,0,0,BRA028
3632,17,0,0,,0,,0,0,0,0,0,BRA016
3632,17,0,0,,0,,0,0,0,0,0,BRA040
3633,17,0,0,,0,,0,0,0,0,0,BRA015
3633,17,0,0,,0,,0,0,0,0,0,BRA005
3634,17,0,0,,0,,0,0,0,0,0,BRA004
3634,17,0,0,,0,,0,0,0,0,0,BRA021
3635,17,0,0,,0,,0,0,0,0,0,BRA007
3635,17,0,0,,0,,0,0,0,0,0,BRA033
3636,17,0,0,,0,,0,0,0,0,0,BRA042
3636,17,0,0,,0,,0,0,0,0,0,BRA001
3637,18,0,0,,0,,0,0,0,0,0,BRA018
3637,18,0,0,,0,,0,0,0,0,0,BRA013
3638,18,0,0,,0,,0,0,0,0,0,BRA005
3638,18,0,0,,0,,0,0,0,0,0,BRA009
3639,18,0,0,,0,,0,0,0,0,0,BRA020
3639,18,0,0,,0,,0,0,0,0,0,BRA015
3640,18,0,0,,0,,0,0,0,0,0,BRA033
3640,18,0,0,,0,,0,0,0,0,0,BRA042
3641,18,0,0,,0,,0,0,0,0,0,BRA028
3641,18,0,0,,0,,0,0,0,0,0,BRA021
3642,18,0,0,,0,,0,0,0,0,0,BRA016
3642,18,0,0,,0,,0,0,0,0,0,BRA006
3643,18,0,0,,0,,0,0,0,0,0,BRA004
3643,18,0,0,,0,,0,0,0,0,0,BRA025
3644,18,0,0,,0,,0,0,0,0,0,BRA001
3644,18,0,0,,0,,0,0,0,0,0,BRA003
3645,18,0,0,,0,,0,0,0,0,0,BRA040
3645,18,0,0,,0,,0,0,0,0,0,BRA007
3646,18,0,0,,0,,0,0,0,0,0,BRA022
3646,18,0,0,,0,,0,0,0,0,0,BRA044
3546,8,0,0,,0,,0,0,0,0,0,BRA040
3546,8,0,0,,0,,0,0,0,0,0,BRA022
3647,19,0,0,,0,,0,0,0,0,0,BRA016
3647,19,0,0,,0,,0,0,0,0,0,BRA003
3648,19,0,0,,0,,0,0,0,0,0,BRA004
3648,19,0,0,,0,,0,0,0,0,0,BRA001
3649,19,0,0,,0,,0,0,0,0,0,BRA009
3649,19,0,0,,0,,0,0,0,0,0,BRA022
3650,19,0,0,,0,,0,0,0,0,0,BRA044
3650,19,0,0,,0,,0,0,0,0,0,BRA021
3651,19,0,0,,0,,0,0,0,0,0,BRA033
3651,19,0,0,,0,,0,0,0,0,0,BRA015
3652,19,0,0,,0,,0,0,0,0,0,BRA042
3652,19,0,0,,0,,0,0,0,0,0,BRA040
3653,19,0,0,,0,,0,0,0,0,0,BRA025
3653,19,0,0,,0,,0,0,0,0,0,BRA028
3654,19,0,0,,0,,0,0,0,0,0,BRA007
3654,19,0,0,,0,,0,0,0,0,0,BRA013
3655,19,0,0,,0,,0,0,0,0,0,BRA020
3655,19,0,0,,0,,0,0,0,0,0,BRA006
3656,19,0,0,,0,,0,0,0,0,0,BRA018
3656,19,0,0,,0,,0,0,0,0,0,BRA005
3657,20,0,0,,0,,0,0,0,0,0,BRA025
3657,20,0,0,,0,,0,0,0,0,0,BRA015
3658,20,0,0,,0,,0,0,0,0,0,BRA013
3658,20,0,0,,0,,0,0,0,0,0,BRA044
3659,20,0,0,,0,,0,0,0,0,0,BRA004
3659,20,0,0,,0,,0,0,0,0,0,BRA016
3660,20,0,0,,0,,0,0,0,0,0,BRA005
3660,20,0,0,,0,,0,0,0,0,0,BRA003
3661,20,0,0,,0,,0,0,0,0,0,BRA018
3661,20,0,0,,0,,0,0,0,0,0,BRA020
3662,20,0,0,,0,,0,0,0,0,0,BRA022
3662,20,0,0,,0,,0,0,0,0,0,BRA042
3663,20,0,0,,0,,0,0,0,0,0,BRA033
3663,20,0,0,,0,,0,0,0,0,0,BRA009
3664,20,0,0,,0,,0,0,0,0,0,BRA040
3664,20,0,0,,0,,0,0,0,0,0,BRA028
3665,20,0,0,,0,,0,0,0,0,0,BRA021
3665,20,0,0,,0,,0,0,0,0,0,BRA006
3666,20,0,0,,0,,0,0,0,0,0,BRA001
3666,20,0,0,,0,,0,0,0,0,0,BRA007
3667,21,0,0,,0,,0,0,0,0,0,BRA020
3667,21,0,0,,0,,0,0,0,0,0,BRA042
3668,21,0,0,,0,,0,0,0,0,0,BRA006
3668,21,0,0,,0,,0,0,0,0,0,BRA005
3669,21,0,0,,0,,0,0,0,0,0,BRA004
3669,21,0,0,,0,,0,0,0,0,0,BRA022
3670,21,0,0,,0,,0,0,0,0,0,BRA021
3670,21,0,0,,0,,0,0,0,0,0,BRA007
3671,21,0,0,,0,,0,0,0,0,0,BRA033
3671,21,0,0,,0,,0,0,0,0,0,BRA018
3672,21,0,0,,0,,0,0,0,0,0,BRA015
3672,21,0,0,,0,,0,0,0,0,0,BRA016
3674,21,0,0,,0,,0,0,0,0,0,BRA044
3674,21,0,0,,0,,0,0,0,0,0,BRA001
3673,21,0,0,,0,,0,0,0,0,0,BRA003
3673,21,0,0,,0,,0,0,0,0,0,BRA025
3675,21,0,0,,0,,0,0,0,0,0,BRA028
3675,21,0,0,,0,,0,0,0,0,0,BRA013
3677,22,0,0,,0,,0,0,0,0,0,BRA013
3677,22,0,0,,0,,0,0,0,0,0,BRA009
3678,22,0,0,,0,,0,0,0,0,0,BRA001
3678,22,0,0,,0,,0,0,0,0,0,BRA028
3679,22,0,0,,0,,0,0,0,0,0,BRA040
3679,22,0,0,,0,,0,0,0,0,0,BRA006
3680,22,0,0,,0,,0,0,0,0,0,BRA042
3680,22,0,0,,0,,0,0,0,0,0,BRA005
3681,22,0,0,,0,,0,0,0,0,0,BRA004
3681,22,0,0,,0,,0,0,0,0,0,BRA020
3682,22,0,0,,0,,0,0,0,0,0,BRA003
3682,22,0,0,,0,,0,0,0,0,0,BRA033
3683,22,0,0,,0,,0,0,0,0,0,BRA018
3683,22,0,0,,0,,0,0,0,0,0,BRA022
3684,22,0,0,,0,,0,0,0,0,0,BRA007
3684,22,0,0,,0,,0,0,0,0,0,BRA025
3685,22,0,0,,0,,0,0,0,0,0,BRA016
3685,22,0,0,,0,,0,0,0,0,0,BRA044
3686,22,0,0,,0,,0,0,0,0,0,BRA021
3686,22,0,0,,0,,0,0,0,0,0,BRA015
3687,23,0,0,,0,,0,0,0,0,0,BRA040
3687,23,0,0,,0,,0,0,0,0,0,BRA018
3688,23,0,0,,0,,0,0,0,0,0,BRA006
3688,23,0,0,,0,,0,0,0,0,0,BRA001
3689,23,0,0,,0,,0,0,0,0,0,BRA028
3689,23,0,0,,0,,0,0,0,0,0,BRA033
3690,23,0,0,,0,,0,0,0,0,0,BRA020
3690,23,0,0,,0,,0,0,0,0,0,BRA044
3691,23,0,0,,0,,0,0,0,0,0,BRA015
3691,23,0,0,,0,,0,0,0,0,0,BRA022
3692,23,0,0,,0,,0,0,0,0,0,BRA013
3692,23,0,0,,0,,0,0,0,0,0,BRA004
3693,23,0,0,,0,,0,0,0,0,0,BRA009
3693,23,0,0,,0,,0,0,0,0,0,BRA016
3694,23,0,0,,0,,0,0,0,0,0,BRA021
3694,23,0,0,,0,,0,0,0,0,0,BRA003
3695,23,0,0,,0,,0,0,0,0,0,BRA025
3695,23,0,0,,0,,0,0,0,0,0,BRA042
3696,23,0,0,,0,,0,0,0,0,0,BRA005
3696,23,0,0,,0,,0,0,0,0,0,BRA007
3697,24,0,0,,0,,0,0,0,0,0,BRA004
3697,24,0,0,,0,,0,0,0,0,0,BRA005
3698,24,0,0,,0,,0,0,0,0,0,BRA044
3698,24,0,0,,0,,0,0,0,0,0,BRA025
3699,24,0,0,,0,,0,0,0,0,0,BRA042
3699,24,0,0,,0,,0,0,0,0,0,BRA013
3700,24,0,0,,0,,0,0,0,0,0,BRA009
3700,24,0,0,,0,,0,0,0,0,0,BRA021
3701,24,0,0,,0,,0,0,0,0,0,BRA015
3701,24,0,0,,0,,0,0,0,0,0,BRA040
3702,24,0,0,,0,,0,0,0,0,0,BRA006
3702,24,0,0,,0,,0,0,0,0,0,BRA033
3703,24,0,0,,0,,0,0,0,0,0,BRA022
3703,24,0,0,,0,,0,0,0,0,0,BRA007
3704,24,0,0,,0,,0,0,0,0,0,BRA003
3704,24,0,0,,0,,0,0,0,0,0,BRA020
3705,24,0,0,,0,,0,0,0,0,0,BRA016
3705,24,0,0,,0,,0,0,0,0,0,BRA028
3706,24,0,0,,0,,0,0,0,0,0,BRA018
3706,24,0,0,,0,,0,0,0,0,0,BRA001
3707,25,0,0,,0,,0,0,0,0,0,BRA040
3707,25,0,0,,0,,0,0,0,0,0,BRA001
3708,25,0,0,,0,,0,0,0,0,0,BRA016
3708,25,0,0,,0,,0,0,0,0,0,BRA018
3709,25,0,0,,0,,0,0,0,0,0,BRA003
3709,25,0,0,,0,,0,0,0,0,0,BRA007
3710,25,0,0,,0,,0,0,0,0,0,BRA006
3710,25,0,0,,0,,0,0,0,0,0,BRA022
3711,25,0,0,,0,,0,0,0,0,0,BRA015
3711,25,0,0,,0,,0,0,0,0,0,BRA042
3712,25,0,0,,0,,0,0,0,0,0,BRA005
3712,25,0,0,,0,,0,0,0,0,0,BRA021
3713,25,0,0,,0,,0,0,0,0,0,BRA028
3713,25,0,0,,0,,0,0,0,0,0,BRA020
3714,25,0,0,,0,,0,0,0,0,0,BRA033
3714,25,0,0,,0,,0,0,0,0,0,BRA013
3715,25,0,0,,0,,0,0,0,0,0,BRA025
3715,25,0,0,,0,,0,0,0,0,0,BRA009
3716,25,0,0,,0,,0,0,0,0,0,BRA044
3716,25,0,0,,0,,0,0,0,0,0,BRA004
3717,26,0,0,,0,,0,0,0,0,0,BRA022
3717,26,0,0,,0,,0,0,0,0,0,BRA003
3718,26,0,0,,0,,0,0,0,0,0,BRA040
3718,26,0,0,,0,,0,0,0,0,0,BRA020
3719,26,0,0,,0,,0,0,0,0,0,BRA001
3719,26,0,0,,0,,0,0,0,0,0,BRA021
3720,26,0,0,,0,,0,0,0,0,0,BRA009
3720,26,0,0,,0,,0,0,0,0,0,BRA042
3721,26,0,0,,0,,0,0,0,0,0,BRA005
3721,26,0,0,,0,,0,0,0,0,0,BRA028
3722,26,0,0,,0,,0,0,0,0,0,BRA015
3722,26,0,0,,0,,0,0,0,0,0,BRA007
3723,26,0,0,,0,,0,0,0,0,0,BRA025
3723,26,0,0,,0,,0,0,0,0,0,BRA006
3724,26,0,0,,0,,0,0,0,0,0,BRA018
3724,26,0,0,,0,,0,0,0,0,0,BRA044
3725,26,0,0,,0,,0,0,0,0,0,BRA013
3725,26,0,0,,0,,0,0,0,0,0,BRA016
3726,26,0,0,,0,,0,0,0,0,0,BRA033
3726,26,0,0,,0,,0,0,0,0,0,BRA004
3727,27,0,0,,0,,0,0,0,0,0,BRA033
3727,27,0,0,,0,,0,0,0,0,0,BRA001
3728,27,0,0,,0,,0,0,0,0,0,BRA006
3728,27,0,0,,0,,0,0,0,0,0,BRA007
3729,27,0,0,,0,,0,0,0,0,0,BRA022
3729,27,0,0,,0,,0,0,0,0,0,BRA040
3730,27,0,0,,0,,0,0,0,0,0,BRA021
3730,27,0,0,,0,,0,0,0,0,0,BRA042
3731,27,0,0,,0,,0,0,0,0,0,BRA044
3731,27,0,0,,0,,0,0,0,0,0,BRA015
3732,27,0,0,,0,,0,0,0,0,0,BRA005
3732,27,0,0,,0,,0,0,0,0,0,BRA013
3733,27,0,0,,0,,0,0,0,0,0,BRA016
3733,27,0,0,,0,,0,0,0,0,0,BRA020
3734,27,0,0,,0,,0,0,0,0,0,BRA028
3734,27,0,0,,0,,0,0,0,0,0,BRA003
3735,27,0,0,,0,,0,0,0,0,0,BRA025
3735,27,0,0,,0,,0,0,0,0,0,BRA018
3736,27,0,0,,0,,0,0,0,0,0,BRA009
3736,27,0,0,,0,,0,0,0,0,0,BRA004
3586,11,0,0,,0,,0,0,0,0,0,BRA040
3586,11,0,0,,0,,0,0,0,0,0,BRA025
3737,28,0,0,,0,,0,0,0,0,0,BRA042
3737,28,0,0,,0,,0,0,0,0,0,BRA018
3738,28,0,0,,0,,0,0,0,0,0,BRA025
3738,28,0,0,,0,,0,0,0,0,0,BRA016
3739,28,0,0,,0,,0,0,0,0,0,BRA007
3739,28,0,0,,0,,0,0,0,0,0,BRA009
3740,28,0,0,,0,,0,0,0,0,0,BRA001
3740,28,0,0,,0,,0,0,0,0,0,BRA005
3741,28,0,0,,0,,0,0,0,0,0,BRA033
3741,28,0,0,,0,,0,0,0,0,0,BRA040
3742,28,0,0,,0,,0,0,0,0,0,BRA028
3742,28,0,0,,0,,0,0,0,0,0,BRA044
3743,28,0,0,,0,,0,0,0,0,0,BRA022
3743,28,0,0,,0,,0,0,0,0,0,BRA021
3744,28,0,0,,0,,0,0,0,0,0,BRA015
3744,28,0,0,,0,,0,0,0,0,0,BRA004
3745,28,0,0,,0,,0,0,0,0,0,BRA013
3745,28,0,0,,0,,0,0,0,0,0,BRA020
3746,28,0,0,,0,,0,0,0,0,0,BRA006
3746,28,0,0,,0,,0,0,0,0,0,BRA003
3747,29,0,0,,0,,0,0,0,0,0,BRA001
3747,29,0,0,,0,,0,0,0,0,0,BRA013
3748,29,0,0,,0,,0,0,0,0,0,BRA006
3748,29,0,0,,0,,0,0,0,0,0,BRA004
3749,29,0,0,,0,,0,0,0,0,0,BRA020
3749,29,0,0,,0,,0,0,0,0,0,BRA025
3750,29,0,0,,0,,0,0,0,0,0,BRA028
3750,29,0,0,,0,,0,0,0,0,0,BRA042
3751,29,0,0,,0,,0,0,0,0,0,BRA007
3751,29,0,0,,0,,0,0,0,0,0,BRA018
3752,29,0,0,,0,,0,0,0,0,0,BRA009
3752,29,0,0,,0,,0,0,0,0,0,BRA015
3753,29,0,0,,0,,0,0,0,0,0,BRA021
3753,29,0,0,,0,,0,0,0,0,0,BRA033
3754,29,0,0,,0,,0,0,0,0,0,BRA005
3754,29,0,0,,0,,0,0,0,0,0,BRA040
3755,29,0,0,,0,,0,0,0,0,0,BRA022
3755,29,0,0,,0,,0,0,0,0,0,BRA016
3756,29,0,0,,0,,0,0,0,0,0,BRA003
3756,29,0,0,,0,,0,0,0,0,0,BRA044
3757,30,0,0,,0,,0,0,0,0,0,BRA013
3757,30,0,0,,0,,0,0,0,0,0,BRA021
3758,30,0,0,,0,,0,0,0,0,0,BRA001
3758,30,0,0,,0,,0,0,0,0,0,BRA020
3759,30,0,0,,0,,0,0,0,0,0,BRA009
3759,30,0,0,,0,,0,0,0,0,0,BRA003
3760,30,0,0,,0,,0,0,0,0,0,BRA025
3760,30,0,0,,0,,0,0,0,0,0,BRA040
3761,30,0,0,,0,,0,0,0,0,0,BRA015
3761,30,0,0,,0,,0,0,0,0,0,BRA018
3762,30,0,0,,0,,0,0,0,0,0,BRA028
3762,30,0,0,,0,,0,0,0,0,0,BRA006
3763,30,0,0,,0,,0,0,0,0,0,BRA033
3763,30,0,0,,0,,0,0,0,0,0,BRA022
3764,30,0,0,,0,,0,0,0,0,0,BRA042
3764,30,0,0,,0,,0,0,0,0,0,BRA004
3765,30,0,0,,0,,0,0,0,0,0,BRA007
3765,30,0,0,,0,,0,0,0,0,0,BRA016
3766,30,0,0,,0,,0,0,0,0,0,BRA005
3766,30,0,0,,0,,0,0,0,0,0,BRA044
3676,21,0,0,,0,,0,0,0,0,0,BRA009
3676,21,0,0,,0,,0,0,0,0,0,BRA040
3767,31,0,0,,0,,0,0,0,0,0,BRA020
3767,31,0,0,,0,,0,0,0,0,0,BRA033
3768,31,0,0,,0,,0,0,0,0,0,BRA022
3768,31,0,0,,0,,0,0,0,0,0,BRA005
3769,31,0,0,,0,,0,0,0,0,0,BRA001
3769,31,0,0,,0,,0,0,0,0,0,BRA025
3770,31,0,0,,0,,0,0,0,0,0,BRA006
3770,31,0,0,,0,,0,0,0,0,0,BRA009
3771,31,0,0,,0,,0,0,0,0,0,BRA028
3771,31,0,0,,0,,0,0,0,0,0,BRA015
3772,31,0,0,,0,,0,0,0,0,0,BRA016
3772,31,0,0,,0,,0,0,0,0,0,BRA042
3773,31,0,0,,0,,0,0,0,0,0,BRA044
3773,31,0,0,,0,,0,0,0,0,0,BRA007
3774,31,0,0,,0,,0,0,0,0,0,BRA003
3774,31,0,0,,0,,0,0,0,0,0,BRA013
3775,31,0,0,,0,,0,0,0,0,0,BRA004
3775,31,0,0,,0,,0,0,0,0,0,BRA018
3776,31,0,0,,0,,0,0,0,0,0,BRA040
3776,31,0,0,,0,,0,0,0,0,0,BRA021
3777,32,0,0,,0,,0,0,0,0,0,BRA040
3777,32,0,0,,0,,0,0,0,0,0,BRA003
3778,32,0,0,,0,,0,0,0,0,0,BRA013
3778,32,0,0,,0,,0,0,0,0,0,BRA022
3779,32,0,0,,0,,0,0,0,0,0,BRA009
3779,32,0,0,,0,,0,0,0,0,0,BRA018
3780,32,0,0,,0,,0,0,0,0,0,BRA044
3780,32,0,0,,0,,0,0,0,0,0,BRA042
3781,32,0,0,,0,,0,0,0,0,0,BRA025
3781,32,0,0,,0,,0,0,0,0,0,BRA021
3782,32,0,0,,0,,0,0,0,0,0,BRA015
3782,32,0,0,,0,,0,0,0,0,0,BRA006
3783,32,0,0,,0,,0,0,0,0,0,BRA007
3783,32,0,0,,0,,0,0,0,0,0,BRA020
3784,32,0,0,,0,,0,0,0,0,0,BRA004
3784,32,0,0,,0,,0,0,0,0,0,BRA028
3785,32,0,0,,0,,0,0,0,0,0,BRA001
3785,32,0,0,,0,,0,0,0,0,0,BRA016
3786,32,0,0,,0,,0,0,0,0,0,BRA033
3786,32,0,0,,0,,0,0,0,0,0,BRA005
3787,33,0,0,,0,,0,0,0,0,0,BRA007
3787,33,0,0,,0,,0,0,0,0,0,BRA042
3788,33,0,0,,0,,0,0,0,0,0,BRA020
3788,33,0,0,,0,,0,0,0,0,0,BRA009
3789,33,0,0,,0,,0,0,0,0,0,BRA005
3789,33,0,0,,0,,0,0,0,0,0,BRA025
3790,33,0,0,,0,,0,0,0,0,0,BRA040
3790,33,0,0,,0,,0,0,0,0,0,BRA044
3791,33,0,0,,0,,0,0,0,0,0,BRA001
3791,33,0,0,,0,,0,0,0,0,0,BRA015
3792,33,0,0,,0,,0,0,0,0,0,BRA018
3792,33,0,0,,0,,0,0,0,0,0,BRA021
3793,33,0,0,,0,,0,0,0,0,0,BRA006
3793,33,0,0,,0,,0,0,0,0,0,BRA013
3794,33,0,0,,0,,0,0,0,0,0,BRA004
3794,33,0,0,,0,,0,0,0,0,0,BRA003
3795,33,0,0,,0,,0,0,0,0,0,BRA022
3795,33,0,0,,0,,0,0,0,0,0,BRA028
3796,33,0,0,,0,,0,0,0,0,0,BRA016
3796,33,0,0,,0,,0,0,0,0,0,BRA033
3797,34,0,0,,0,,0,0,0,0,0,BRA001
3797,34,0,0,,0,,0,0,0,0,0,BRA022
3798,34,0,0,,0,,0,0,0,0,0,BRA020
3798,34,0,0,,0,,0,0,0,0,0,BRA005
3799,34,0,0,,0,,0,0,0,0,0,BRA042
3799,34,0,0,,0,,0,0,0,0,0,BRA006
3800,34,0,0,,0,,0,0,0,0,0,BRA016
3800,34,0,0,,0,,0,0,0,0,0,BRA021
3801,34,0,0,,0,,0,0,0,0,0,BRA013
3801,34,0,0,,0,,0,0,0,0,0,BRA040
3802,34,0,0,,0,,0,0,0,0,0,BRA025
3802,34,0,0,,0,,0,0,0,0,0,BRA033
3803,34,0,0,,0,,0,0,0,0,0,BRA015
3803,34,0,0,,0,,0,0,0,0,0,BRA003
3804,34,0,0,,0,,0,0,0,0,0,BRA044
3804,34,0,0,,0,,0,0,0,0,0,BRA009
3805,34,0,0,,0,,0,0,0,0,0,BRA007
3805,34,0,0,,0,,0,0,0,0,0,BRA004
3806,34,0,0,,0,,0,0,0,0,0,BRA018
3806,34,0,0,,0,,0,0,0,0,0,BRA028
3807,35,0,0,,0,,0,0,0,0,0,BRA001
3807,35,0,0,,0,,0,0,0,0,0,BRA009
3808,35,0,0,,0,,0,0,0,0,0,BRA028
3808,35,0,0,,0,,0,0,0,0,0,BRA007
3809,35,0,0,,0,,0,0,0,0,0,BRA022
3809,35,0,0,,0,,0,0,0,0,0,BRA025
3810,35,0,0,,0,,0,0,0,0,0,BRA003
3810,35,0,0,,0,,0,0,0,0,0,BRA042
3811,35,0,0,,0,,0,0,0,0,0,BRA044
3811,35,0,0,,0,,0,0,0,0,0,BRA033
3812,35,0,0,,0,,0,0,0,0,0,BRA018
3812,35,0,0,,0,,0,0,0,0,0,BRA006
3813,35,0,0,,0,,0,0,0,0,0,BRA015
3813,35,0,0,,0,,0,0,0,0,0,BRA013
3814,35,0,0,,0,,0,0,0,0,0,BRA016
3814,35,0,0,,0,,0,0,0,0,0,BRA005
3815,35,0,0,,0,,0,0,0,0,0,BRA021
3815,35,0,0,,0,,0,0,0,0,0,BRA020
3816,35,0,0,,0,,0,0,0,0,0,BRA004
3816,35,0,0,,0,,0,0,0,0,0,BRA040
3817,36,0,0,,0,,0,0,0,0,0,BRA042
3817,36,0,0,,0,,0,0,0,0,0,BRA001
3818,36,0,0,,0,,0,0,0,0,0,BRA044
3818,36,0,0,,0,,0,0,0,0,0,BRA006
3819,36,0,0,,0,,0,0,0,0,0,BRA025
3819,36,0,0,,0,,0,0,0,0,0,BRA013
3820,36,0,0,,0,,0,0,0,0,0,BRA004
3820,36,0,0,,0,,0,0,0,0,0,BRA021
3821,36,0,0,,0,,0,0,0,0,0,BRA015
3821,36,0,0,,0,,0,0,0,0,0,BRA005
3822,36,0,0,,0,,0,0,0,0,0,BRA009
3822,36,0,0,,0,,0,0,0,0,0,BRA028
3823,36,0,0,,0,,0,0,0,0,0,BRA018
3823,36,0,0,,0,,0,0,0,0,0,BRA003
3824,36,0,0,,0,,0,0,0,0,0,BRA020
3824,36,0,0,,0,,0,0,0,0,0,BRA022
3825,36,0,0,,0,,0,0,0,0,0,BRA016
3825,36,0,0,,0,,0,0,0,0,0,BRA040
3826,36,0,0,,0,,0,0,0,0,0,BRA007
3826,36,0,0,,0,,0,0,0,0,0,BRA033
3827,37,0,0,,0,,0,0,0,0,0,BRA022
3827,37,0,0,,0,,0,0,0,0,0,BRA044
3828,37,0,0,,0,,0,0,0,0,0,BRA020
3828,37,0,0,,0,,0,0,0,0,0,BRA015
3829,37,0,0,,0,,0,0,0,0,0,BRA042
3829,37,0,0,,0,,0,0,0,0,0,BRA033
3830,37,0,0,,0,,0,0,0,0,0,BRA028
3830,37,0,0,,0,,0,0,0,0,0,BRA021
3831,37,0,0,,0,,0,0,0,0,0,BRA005
3831,37,0,0,,0,,0,0,0,0,0,BRA009
3832,37,0,0,,0,,0,0,0,0,0,BRA016
3832,37,0,0,,0,,0,0,0,0,0,BRA006
3833,37,0,0,,0,,0,0,0,0,0,BRA013
3833,37,0,0,,0,,0,0,0,0,0,BRA018
3834,37,0,0,,0,,0,0,0,0,0,BRA001
3834,37,0,0,,0,,0,0,0,0,0,BRA003
3835,37,0,0,,0,,0,0,0,0,0,BRA004
3835,37,0,0,,0,,0,0,0,0,0,BRA025
3836,37,0,0,,0,,0,0,0,0,0,BRA040
3836,37,0,0,,0,,0,0,0,0,0,BRA007
3837,38,0,0,,0,,0,0,0,0,0,BRA033
3837,38,0,0,,0,,0,0,0,0,0,BRA015
3838,38,0,0,,0,,0,0,0,0,0,BRA021
3838,38,0,0,,0,,0,0,0,0,0,BRA044
3839,38,0,0,,0,,0,0,0,0,0,BRA042
3839,38,0,0,,0,,0,0,0,0,0,BRA040
3840,38,0,0,,0,,0,0,0,0,0,BRA009
3840,38,0,0,,0,,0,0,0,0,0,BRA022
3841,38,0,0,,0,,0,0,0,0,0,BRA028
3841,38,0,0,,0,,0,0,0,0,0,BRA025
3842,38,0,0,,0,,0,0,0,0,0,BRA018
3842,38,0,0,,0,,0,0,0,0,0,BRA005
3843,38,0,0,,0,,0,0,0,0,0,BRA006
3843,38,0,0,,0,,0,0,0,0,0,BRA020
3844,38,0,0,,0,,0,0,0,0,0,BRA004
3844,38,0,0,,0,,0,0,0,0,0,BRA001
3845,38,0,0,,0,,0,0,0,0,0,BRA007
3845,38,0,0,,0,,0,0,0,0,0,BRA013
3846,38,0,0,,0,,0,0,0,0,0,BRA003
3846,38,0,0,,0,,0,0,0,0,0,BRA016
3847,1,0,0,,0,,0,0,0,0,0,BRA037
3847,1,0,0,,0,,0,0,0,0,0,BRA033
3848,1,0,0,,0,,0,0,0,0,0,BRA043
3848,1,0,0,,0,,0,0,0,0,0,BRA021
3849,1,0,0,,0,,0,0,0,0,0,BRA032
3849,1,0,0,,0,,0,0,0,0,0,BRA020
3850,1,0,0,,0,,0,0,0,0,0,BRA015
3850,1,0,0,,0,,0,0,0,0,0,BRA022
3851,1,0,0,,0,,0,0,0,0,0,BRA016
3851,1,0,0,,0,,0,0,0,0,0,BRA028
3852,1,0,0,,0,,0,0,0,0,0,BRA009
3852,1,0,0,,0,,0,0,0,0,0,BRA042
3853,1,0,0,,0,,0,0,0,0,0,BRA005
3853,1,0,0,,0,,0,0,0,0,0,BRA036
3854,1,0,0,,0,,0,0,0,0,0,BRA004
3854,1,0,0,,0,,0,0,0,0,0,BRA018
3855,1,0,0,,0,,0,0,0,0,0,BRA040
3855,1,0,0,,0,,0,0,0,0,0,BRA007
3856,1,0,0,,0,,0,0,0,0,0,BRA044
3856,1,0,0,,0,,0,0,0,0,0,BRA025
3857,2,0,0,,0,,0,0,0,0,0,BRA036
3857,2,0,0,,0,,0,0,0,0,0,BRA004
3858,2,0,0,,0,,0,0,0,0,0,BRA028
3858,2,0,0,,0,,0,0,0,0,0,BRA021
3859,2,0,0,,0,,0,0,0,0,0,BRA044
3859,2,0,0,,0,,0,0,0,0,0,BRA037
3860,2,0,0,,0,,0,0,0,0,0,BRA032
3860,2,0,0,,0,,0,0,0,0,0,BRA018
3861,2,0,0,,0,,0,0,0,0,0,BRA007
3861,2,0,0,,0,,0,0,0,0,0,BRA042
3862,2,0,0,,0,,0,0,0,0,0,BRA005
3862,2,0,0,,0,,0,0,0,0,0,BRA015
3863,2,0,0,,0,,0,0,0,0,0,BRA009
3863,2,0,0,,0,,0,0,0,0,0,BRA016
3864,2,0,0,,0,,0,0,0,0,0,BRA040
3864,2,0,0,,0,,0,0,0,0,0,BRA043
3865,2,0,0,,0,,0,0,0,0,0,BRA025
3865,2,0,0,,0,,0,0,0,0,0,BRA033
3866,2,0,0,,0,,0,0,0,0,0,BRA020
3866,2,0,0,,0,,0,0,0,0,0,BRA022
3867,3,0,0,,0,,0,0,0,0,0,BRA025
3867,3,0,0,,0,,0,0,0,0,0,BRA004
3868,3,0,0,,0,,0,0,0,0,0,BRA033
3868,3,0,0,,0,,0,0,0,0,0,BRA043
3869,3,0,0,,0,,0,0,0,0,0,BRA032
3869,3,0,0,,0,,0,0,0,0,0,BRA044
3870,3,0,0,,0,,0,0,0,0,0,BRA005
3870,3,0,0,,0,,0,0,0,0,0,BRA007
3871,3,0,0,,0,,0,0,0,0,0,BRA037
3871,3,0,0,,0,,0,0,0,0,0,BRA016
3872,3,0,0,,0,,0,0,0,0,0,BRA042
3872,3,0,0,,0,,0,0,0,0,0,BRA028
3873,3,0,0,,0,,0,0,0,0,0,BRA021
3873,3,0,0,,0,,0,0,0,0,0,BRA036
3874,3,0,0,,0,,0,0,0,0,0,BRA022
3874,3,0,0,,0,,0,0,0,0,0,BRA040
3875,3,0,0,,0,,0,0,0,0,0,BRA015
3875,3,0,0,,0,,0,0,0,0,0,BRA020
3876,3,0,0,,0,,0,0,0,0,0,BRA009
3876,3,0,0,,0,,0,0,0,0,0,BRA018
3877,4,0,0,,0,,0,0,0,0,0,BRA016
3877,4,0,0,,0,,0,0,0,0,0,BRA021
3878,4,0,0,,0,,0,0,0,0,0,BRA005
3878,4,0,0,,0,,0,0,0,0,0,BRA033
3879,4,0,0,,0,,0,0,0,0,0,BRA037
3879,4,0,0,,0,,0,0,0,0,0,BRA004
3880,4,0,0,,0,,0,0,0,0,0,BRA025
3880,4,0,0,,0,,0,0,0,0,0,BRA015
3881,4,0,0,,0,,0,0,0,0,0,BRA028
3881,4,0,0,,0,,0,0,0,0,0,BRA022
3882,4,0,0,,0,,0,0,0,0,0,BRA044
3882,4,0,0,,0,,0,0,0,0,0,BRA007
3883,4,0,0,,0,,0,0,0,0,0,BRA040
3883,4,0,0,,0,,0,0,0,0,0,BRA042
3884,4,0,0,,0,,0,0,0,0,0,BRA009
3884,4,0,0,,0,,0,0,0,0,0,BRA032
3885,4,0,0,,0,,0,0,0,0,0,BRA043
3885,4,0,0,,0,,0,0,0,0,0,BRA018
3886,4,0,0,,0,,0,0,0,0,0,BRA020
3886,4,0,0,,0,,0,0,0,0,0,BRA036
3887,5,0,0,,0,,0,0,0,0,0,BRA009
3887,5,0,0,,0,,0,0,0,0,0,BRA028
3888,5,0,0,,0,,0,0,0,0,0,BRA018
3888,5,0,0,,0,,0,0,0,0,0,BRA020
3889,5,0,0,,0,,0,0,0,0,0,BRA037
3889,5,0,0,,0,,0,0,0,0,0,BRA022
3890,5,0,0,,0,,0,0,0,0,0,BRA042
3890,5,0,0,,0,,0,0,0,0,0,BRA005
3891,5,0,0,,0,,0,0,0,0,0,BRA043
3891,5,0,0,,0,,0,0,0,0,0,BRA007
3892,5,0,0,,0,,0,0,0,0,0,BRA040
3892,5,0,0,,0,,0,0,0,0,0,BRA021
3893,5,0,0,,0,,0,0,0,0,0,BRA033
3893,5,0,0,,0,,0,0,0,0,0,BRA044
3894,5,0,0,,0,,0,0,0,0,0,BRA025
3894,5,0,0,,0,,0,0,0,0,0,BRA032
3895,5,0,0,,0,,0,0,0,0,0,BRA004
3895,5,0,0,,0,,0,0,0,0,0,BRA016
3896,5,0,0,,0,,0,0,0,0,0,BRA015
3896,5,0,0,,0,,0,0,0,0,0,BRA036
3897,6,0,0,,0,,0,0,0,0,0,BRA037
3897,6,0,0,,0,,0,0,0,0,0,BRA042
3898,6,0,0,,0,,0,0,0,0,0,BRA044
3898,6,0,0,,0,,0,0,0,0,0,BRA018
3899,6,0,0,,0,,0,0,0,0,0,BRA005
3899,6,0,0,,0,,0,0,0,0,0,BRA032
3900,6,0,0,,0,,0,0,0,0,0,BRA033
3900,6,0,0,,0,,0,0,0,0,0,BRA015
3901,6,0,0,,0,,0,0,0,0,0,BRA021
3901,6,0,0,,0,,0,0,0,0,0,BRA025
3902,6,0,0,,0,,0,0,0,0,0,BRA020
3902,6,0,0,,0,,0,0,0,0,0,BRA007
3903,6,0,0,,0,,0,0,0,0,0,BRA036
3903,6,0,0,,0,,0,0,0,0,0,BRA009
3904,6,0,0,,0,,0,0,0,0,0,BRA016
3904,6,0,0,,0,,0,0,0,0,0,BRA040
3905,6,0,0,,0,,0,0,0,0,0,BRA022
3905,6,0,0,,0,,0,0,0,0,0,BRA004
3906,6,0,0,,0,,0,0,0,0,0,BRA028
3906,6,0,0,,0,,0,0,0,0,0,BRA043
3907,7,0,0,,0,,0,0,0,0,0,BRA032
3907,7,0,0,,0,,0,0,0,0,0,BRA022
3908,7,0,0,,0,,0,0,0,0,0,BRA042
3908,7,0,0,,0,,0,0,0,0,0,BRA018
3909,7,0,0,,0,,0,0,0,0,0,BRA036
3909,7,0,0,,0,,0,0,0,0,0,BRA044
3910,7,0,0,,0,,0,0,0,0,0,BRA043
3910,7,0,0,,0,,0,0,0,0,0,BRA016
3911,7,0,0,,0,,0,0,0,0,0,BRA007
3911,7,0,0,,0,,0,0,0,0,0,BRA028
3912,7,0,0,,0,,0,0,0,0,0,BRA037
3912,7,0,0,,0,,0,0,0,0,0,BRA040
3913,7,0,0,,0,,0,0,0,0,0,BRA025
3913,7,0,0,,0,,0,0,0,0,0,BRA005
3914,7,0,0,,0,,0,0,0,0,0,BRA004
3914,7,0,0,,0,,0,0,0,0,0,BRA021
3915,7,0,0,,0,,0,0,0,0,0,BRA033
3915,7,0,0,,0,,0,0,0,0,0,BRA020
3917,8,0,0,,0,,0,0,0,0,0,BRA007
3917,8,0,0,,0,,0,0,0,0,0,BRA009
3918,8,0,0,,0,,0,0,0,0,0,BRA028
3918,8,0,0,,0,,0,0,0,0,0,BRA018
3919,8,0,0,,0,,0,0,0,0,0,BRA032
3919,8,0,0,,0,,0,0,0,0,0,BRA004
3920,8,0,0,,0,,0,0,0,0,0,BRA016
3920,8,0,0,,0,,0,0,0,0,0,BRA042
3921,8,0,0,,0,,0,0,0,0,0,BRA020
3921,8,0,0,,0,,0,0,0,0,0,BRA044
3922,8,0,0,,0,,0,0,0,0,0,BRA022
3922,8,0,0,,0,,0,0,0,0,0,BRA021
3923,8,0,0,,0,,0,0,0,0,0,BRA040
3923,8,0,0,,0,,0,0,0,0,0,BRA025
3924,8,0,0,,0,,0,0,0,0,0,BRA036
3924,8,0,0,,0,,0,0,0,0,0,BRA033
3925,8,0,0,,0,,0,0,0,0,0,BRA005
3925,8,0,0,,0,,0,0,0,0,0,BRA037
3926,8,0,0,,0,,0,0,0,0,0,BRA015
3926,8,0,0,,0,,0,0,0,0,0,BRA043
3916,7,0,0,,0,,0,0,0,0,0,BRA009
3916,7,0,0,,0,,0,0,0,0,0,BRA015
3927,9,0,0,,0,,0,0,0,0,0,BRA015
3927,9,0,0,,0,,0,0,0,0,0,BRA032
3928,9,0,0,,0,,0,0,0,0,0,BRA005
3928,9,0,0,,0,,0,0,0,0,0,BRA020
3929,9,0,0,,0,,0,0,0,0,0,BRA036
3929,9,0,0,,0,,0,0,0,0,0,BRA016
3930,9,0,0,,0,,0,0,0,0,0,BRA009
3930,9,0,0,,0,,0,0,0,0,0,BRA022
3931,9,0,0,,0,,0,0,0,0,0,BRA040
3931,9,0,0,,0,,0,0,0,0,0,BRA028
3932,9,0,0,,0,,0,0,0,0,0,BRA007
3932,9,0,0,,0,,0,0,0,0,0,BRA021
3933,9,0,0,,0,,0,0,0,0,0,BRA025
3933,9,0,0,,0,,0,0,0,0,0,BRA018
3934,9,0,0,,0,,0,0,0,0,0,BRA037
3934,9,0,0,,0,,0,0,0,0,0,BRA043
3935,9,0,0,,0,,0,0,0,0,0,BRA044
3935,9,0,0,,0,,0,0,0,0,0,BRA004
3936,9,0,0,,0,,0,0,0,0,0,BRA033
3936,9,0,0,,0,,0,0,0,0,0,BRA042
3937,10,0,0,,0,,0,0,0,0,0,BRA040
3937,10,0,0,,0,,0,0,0,0,0,BRA009
3938,10,0,0,,0,,0,0,0,0,0,BRA025
3938,10,0,0,,0,,0,0,0,0,0,BRA043
3939,10,0,0,,0,,0,0,0,0,0,BRA036
3939,10,0,0,,0,,0,0,0,0,0,BRA032
3940,10,0,0,,0,,0,0,0,0,0,BRA018
3940,10,0,0,,0,,0,0,0,0,0,BRA037
3941,10,0,0,,0,,0,0,0,0,0,BRA005
3941,10,0,0,,0,,0,0,0,0,0,BRA028
3942,10,0,0,,0,,0,0,0,0,0,BRA044
3942,10,0,0,,0,,0,0,0,0,0,BRA042
3943,10,0,0,,0,,0,0,0,0,0,BRA021
3943,10,0,0,,0,,0,0,0,0,0,BRA015
3944,10,0,0,,0,,0,0,0,0,0,BRA004
3944,10,0,0,,0,,0,0,0,0,0,BRA020
3945,10,0,0,,0,,0,0,0,0,0,BRA022
3945,10,0,0,,0,,0,0,0,0,0,BRA007
3946,10,0,0,,0,,0,0,0,0,0,BRA016
3946,10,0,0,,0,,0,0,0,0,0,BRA033
3947,11,0,0,,0,,0,0,0,0,0,BRA043
3947,11,0,0,,0,,0,0,0,0,0,BRA005
3948,11,0,0,,0,,0,0,0,0,0,BRA044
3948,11,0,0,,0,,0,0,0,0,0,BRA040
3949,11,0,0,,0,,0,0,0,0,0,BRA037
3949,11,0,0,,0,,0,0,0,0,0,BRA015
3950,11,0,0,,0,,0,0,0,0,0,BRA033
3950,11,0,0,,0,,0,0,0,0,0,BRA032
3951,11,0,0,,0,,0,0,0,0,0,BRA004
3951,11,0,0,,0,,0,0,0,0,0,BRA028
3952,11,0,0,,0,,0,0,0,0,0,BRA018
3952,11,0,0,,0,,0,0,0,0,0,BRA021
3953,11,0,0,,0,,0,0,0,0,0,BRA020
3953,11,0,0,,0,,0,0,0,0,0,BRA042
3954,11,0,0,,0,,0,0,0,0,0,BRA036
3954,11,0,0,,0,,0,0,0,0,0,BRA022
3955,11,0,0,,0,,0,0,0,0,0,BRA025
3955,11,0,0,,0,,0,0,0,0,0,BRA009
3956,11,0,0,,0,,0,0,0,0,0,BRA007
3956,11,0,0,,0,,0,0,0,0,0,BRA016
3957,12,0,0,,0,,0,0,0,0,0,BRA028
3957,12,0,0,,0,,0,0,0,0,0,BRA020
3958,12,0,0,,0,,0,0,0,0,0,BRA036
3958,12,0,0,,0,,0,0,0,0,0,BRA043
3959,12,0,0,,0,,0,0,0,0,0,BRA044
3959,12,0,0,,0,,0,0,0,0,0,BRA009
3960,12,0,0,,0,,0,0,0,0,0,BRA032
3960,12,0,0,,0,,0,0,0,0,0,BRA016
3961,12,0,0,,0,,0,0,0,0,0,BRA018
3961,12,0,0,,0,,0,0,0,0,0,BRA015
3962,12,0,0,,0,,0,0,0,0,0,BRA004
3962,12,0,0,,0,,0,0,0,0,0,BRA042
3963,12,0,0,,0,,0,0,0,0,0,BRA022
3963,12,0,0,,0,,0,0,0,0,0,BRA025
3964,12,0,0,,0,,0,0,0,0,0,BRA005
3964,12,0,0,,0,,0,0,0,0,0,BRA040
3965,12,0,0,,0,,0,0,0,0,0,BRA021
3965,12,0,0,,0,,0,0,0,0,0,BRA037
3966,12,0,0,,0,,0,0,0,0,0,BRA007
3966,12,0,0,,0,,0,0,0,0,0,BRA033
3967,13,0,0,,0,,0,0,0,0,0,BRA044
3967,13,0,0,,0,,0,0,0,0,0,BRA028
3968,13,0,0,,0,,0,0,0,0,0,BRA025
3968,13,0,0,,0,,0,0,0,0,0,BRA016
3969,13,0,0,,0,,0,0,0,0,0,BRA020
3969,13,0,0,,0,,0,0,0,0,0,BRA009
3970,13,0,0,,0,,0,0,0,0,0,BRA042
3970,13,0,0,,0,,0,0,0,0,0,BRA021
3971,13,0,0,,0,,0,0,0,0,0,BRA022
3971,13,0,0,,0,,0,0,0,0,0,BRA005
3972,13,0,0,,0,,0,0,0,0,0,BRA043
3972,13,0,0,,0,,0,0,0,0,0,BRA004
3973,13,0,0,,0,,0,0,0,0,0,BRA007
3973,13,0,0,,0,,0,0,0,0,0,BRA015
3974,13,0,0,,0,,0,0,0,0,0,BRA033
3974,13,0,0,,0,,0,0,0,0,0,BRA018
3975,13,0,0,,0,,0,0,0,0,0,BRA036
3975,13,0,0,,0,,0,0,0,0,0,BRA040
3976,13,0,0,,0,,0,0,0,0,0,BRA037
3976,13,0,0,,0,,0,0,0,0,0,BRA032
3977,14,0,0,,0,,0,0,0,0,0,BRA028
3977,14,0,0,,0,,0,0,0,0,0,BRA033
3978,14,0,0,,0,,0,0,0,0,0,BRA004
3978,14,0,0,,0,,0,0,0,0,0,BRA009
3979,14,0,0,,0,,0,0,0,0,0,BRA020
3979,14,0,0,,0,,0,0,0,0,0,BRA037
3980,14,0,0,,0,,0,0,0,0,0,BRA044
3980,14,0,0,,0,,0,0,0,0,0,BRA015
3981,14,0,0,,0,,0,0,0,0,0,BRA007
3981,14,0,0,,0,,0,0,0,0,0,BRA025
3982,14,0,0,,0,,0,0,0,0,0,BRA022
3982,14,0,0,,0,,0,0,0,0,0,BRA016
3983,14,0,0,,0,,0,0,0,0,0,BRA043
3983,14,0,0,,0,,0,0,0,0,0,BRA042
3984,14,0,0,,0,,0,0,0,0,0,BRA018
3984,14,0,0,,0,,0,0,0,0,0,BRA036
3985,14,0,0,,0,,0,0,0,0,0,BRA032
3985,14,0,0,,0,,0,0,0,0,0,BRA040
3987,15,0,0,,0,,0,0,0,0,0,BRA044
3987,15,0,0,,0,,0,0,0,0,0,BRA043
3988,15,0,0,,0,,0,0,0,0,0,BRA028
3988,15,0,0,,0,,0,0,0,0,0,BRA032
3989,15,0,0,,0,,0,0,0,0,0,BRA007
3989,15,0,0,,0,,0,0,0,0,0,BRA037
3990,15,0,0,,0,,0,0,0,0,0,BRA015
3990,15,0,0,,0,,0,0,0,0,0,BRA004
3991,15,0,0,,0,,0,0,0,0,0,BRA021
3991,15,0,0,,0,,0,0,0,0,0,BRA020
3992,15,0,0,,0,,0,0,0,0,0,BRA033
3992,15,0,0,,0,,0,0,0,0,0,BRA009
3993,15,0,0,,0,,0,0,0,0,0,BRA018
3993,15,0,0,,0,,0,0,0,0,0,BRA040
3994,15,0,0,,0,,0,0,0,0,0,BRA036
3994,15,0,0,,0,,0,0,0,0,0,BRA025
3995,15,0,0,,0,,0,0,0,0,0,BRA016
3995,15,0,0,,0,,0,0,0,0,0,BRA005
3996,15,0,0,,0,,0,0,0,0,0,BRA042
3996,15,0,0,,0,,0,0,0,0,0,BRA022
3997,16,0,0,,0,,0,0,0,0,0,BRA018
3997,16,0,0,,0,,0,0,0,0,0,BRA007
3998,16,0,0,,0,,0,0,0,0,0,BRA043
3998,16,0,0,,0,,0,0,0,0,0,BRA020
3999,16,0,0,,0,,0,0,0,0,0,BRA004
3999,16,0,0,,0,,0,0,0,0,0,BRA040
4000,16,0,0,,0,,0,0,0,0,0,BRA032
4000,16,0,0,,0,,0,0,0,0,0,BRA021
4001,16,0,0,,0,,0,0,0,0,0,BRA005
4001,16,0,0,,0,,0,0,0,0,0,BRA044
4002,16,0,0,,0,,0,0,0,0,0,BRA028
4002,16,0,0,,0,,0,0,0,0,0,BRA036
4003,16,0,0,,0,,0,0,0,0,0,BRA016
4003,16,0,0,,0,,0,0,0,0,0,BRA015
4004,16,0,0,,0,,0,0,0,0,0,BRA042
4004,16,0,0,,0,,0,0,0,0,0,BRA025
4005,16,0,0,,0,,0,0,0,0,0,BRA022
4005,16,0,0,,0,,0,0,0,0,0,BRA033
4006,16,0,0,,0,,0,0,0,0,0,BRA037
4006,16,0,0,,0,,0,0,0,0,0,BRA009
4007,17,0,0,,0,,0,0,0,0,0,BRA037
4007,17,0,0,,0,,0,0,0,0,0,BRA025
4008,17,0,0,,0,,0,0,0,0,0,BRA018
4008,17,0,0,,0,,0,0,0,0,0,BRA022
4009,17,0,0,,0,,0,0,0,0,0,BRA005
4009,17,0,0,,0,,0,0,0,0,0,BRA004
4010,17,0,0,,0,,0,0,0,0,0,BRA036
4010,17,0,0,,0,,0,0,0,0,0,BRA007
4011,17,0,0,,0,,0,0,0,0,0,BRA021
4011,17,0,0,,0,,0,0,0,0,0,BRA033
4012,17,0,0,,0,,0,0,0,0,0,BRA042
4012,17,0,0,,0,,0,0,0,0,0,BRA032
4013,17,0,0,,0,,0,0,0,0,0,BRA009
4013,17,0,0,,0,,0,0,0,0,0,BRA043
4014,17,0,0,,0,,0,0,0,0,0,BRA044
4014,17,0,0,,0,,0,0,0,0,0,BRA016
4015,17,0,0,,0,,0,0,0,0,0,BRA028
4015,17,0,0,,0,,0,0,0,0,0,BRA015
4016,17,0,0,,0,,0,0,0,0,0,BRA040
4016,17,0,0,,0,,0,0,0,0,0,BRA020
4017,18,0,0,,0,,0,0,0,0,0,BRA032
4017,18,0,0,,0,,0,0,0,0,0,BRA007
4018,18,0,0,,0,,0,0,0,0,0,BRA043
4018,18,0,0,,0,,0,0,0,0,0,BRA022
4019,18,0,0,,0,,0,0,0,0,0,BRA042
4019,18,0,0,,0,,0,0,0,0,0,BRA036
4020,18,0,0,,0,,0,0,0,0,0,BRA015
4020,18,0,0,,0,,0,0,0,0,0,BRA040
4021,18,0,0,,0,,0,0,0,0,0,BRA018
4021,18,0,0,,0,,0,0,0,0,0,BRA016
4022,18,0,0,,0,,0,0,0,0,0,BRA009
4022,18,0,0,,0,,0,0,0,0,0,BRA005
4023,18,0,0,,0,,0,0,0,0,0,BRA020
4023,18,0,0,,0,,0,0,0,0,0,BRA025
4024,18,0,0,,0,,0,0,0,0,0,BRA028
4024,18,0,0,,0,,0,0,0,0,0,BRA037
4025,18,0,0,,0,,0,0,0,0,0,BRA004
4025,18,0,0,,0,,0,0,0,0,0,BRA033
4026,18,0,0,,0,,0,0,0,0,0,BRA021
4026,18,0,0,,0,,0,0,0,0,0,BRA044
4027,19,0,0,,0,,0,0,0,0,0,BRA040
4027,19,0,0,,0,,0,0,0,0,0,BRA033
4028,19,0,0,,0,,0,0,0,0,0,BRA044
4028,19,0,0,,0,,0,0,0,0,0,BRA022
4029,19,0,0,,0,,0,0,0,0,0,BRA036
4029,19,0,0,,0,,0,0,0,0,0,BRA037
4030,19,0,0,,0,,0,0,0,0,0,BRA028
4030,19,0,0,,0,,0,0,0,0,0,BRA025
4031,19,0,0,,0,,0,0,0,0,0,BRA021
4031,19,0,0,,0,,0,0,0,0,0,BRA009
4032,19,0,0,,0,,0,0,0,0,0,BRA015
4032,19,0,0,,0,,0,0,0,0,0,BRA042
4033,19,0,0,,0,,0,0,0,0,0,BRA016
4033,19,0,0,,0,,0,0,0,0,0,BRA020
4034,19,0,0,,0,,0,0,0,0,0,BRA005
4034,19,0,0,,0,,0,0,0,0,0,BRA018
4035,19,0,0,,0,,0,0,0,0,0,BRA007
4035,19,0,0,,0,,0,0,0,0,0,BRA004
4036,19,0,0,,0,,0,0,0,0,0,BRA043
4036,19,0,0,,0,,0,0,0,0,0,BRA032
4037,20,0,0,,0,,0,0,0,0,0,BRA016
4037,20,0,0,,0,,0,0,0,0,0,BRA028
4038,20,0,0,,0,,0,0,0,0,0,BRA040
4038,20,0,0,,0,,0,0,0,0,0,BRA007
4039,20,0,0,,0,,0,0,0,0,0,BRA037
4039,20,0,0,,0,,0,0,0,0,0,BRA033
4040,20,0,0,,0,,0,0,0,0,0,BRA032
4040,20,0,0,,0,,0,0,0,0,0,BRA020
4041,20,0,0,,0,,0,0,0,0,0,BRA005
4041,20,0,0,,0,,0,0,0,0,0,BRA036
4042,20,0,0,,0,,0,0,0,0,0,BRA015
4042,20,0,0,,0,,0,0,0,0,0,BRA022
4043,20,0,0,,0,,0,0,0,0,0,BRA025
4043,20,0,0,,0,,0,0,0,0,0,BRA044
4044,20,0,0,,0,,0,0,0,0,0,BRA004
4044,20,0,0,,0,,0,0,0,0,0,BRA018
4045,20,0,0,,0,,0,0,0,0,0,BRA043
4045,20,0,0,,0,,0,0,0,0,0,BRA021
4046,20,0,0,,0,,0,0,0,0,0,BRA009
4046,20,0,0,,0,,0,0,0,0,0,BRA042
4047,21,0,0,,0,,0,0,0,0,0,BRA033
4047,21,0,0,,0,,0,0,0,0,0,BRA025
4048,21,0,0,,0,,0,0,0,0,0,BRA022
4048,21,0,0,,0,,0,0,0,0,0,BRA020
4049,21,0,0,,0,,0,0,0,0,0,BRA044
4049,21,0,0,,0,,0,0,0,0,0,BRA037
4050,21,0,0,,0,,0,0,0,0,0,BRA028
4050,21,0,0,,0,,0,0,0,0,0,BRA021
4051,21,0,0,,0,,0,0,0,0,0,BRA005
4051,21,0,0,,0,,0,0,0,0,0,BRA015
4052,21,0,0,,0,,0,0,0,0,0,BRA007
4052,21,0,0,,0,,0,0,0,0,0,BRA042
4053,21,0,0,,0,,0,0,0,0,0,BRA040
4053,21,0,0,,0,,0,0,0,0,0,BRA043
4054,21,0,0,,0,,0,0,0,0,0,BRA036
4054,21,0,0,,0,,0,0,0,0,0,BRA004
4055,21,0,0,,0,,0,0,0,0,0,BRA032
4055,21,0,0,,0,,0,0,0,0,0,BRA018
4056,21,0,0,,0,,0,0,0,0,0,BRA016
4056,21,0,0,,0,,0,0,0,0,0,BRA009
4057,22,0,0,,0,,0,0,0,0,0,BRA021
4057,22,0,0,,0,,0,0,0,0,0,BRA036
4058,22,0,0,,0,,0,0,0,0,0,BRA037
4058,22,0,0,,0,,0,0,0,0,0,BRA016
4059,22,0,0,,0,,0,0,0,0,0,BRA032
4059,22,0,0,,0,,0,0,0,0,0,BRA044
4060,22,0,0,,0,,0,0,0,0,0,BRA007
4060,22,0,0,,0,,0,0,0,0,0,BRA005
4061,22,0,0,,0,,0,0,0,0,0,BRA025
4061,22,0,0,,0,,0,0,0,0,0,BRA004
4062,22,0,0,,0,,0,0,0,0,0,BRA015
4062,22,0,0,,0,,0,0,0,0,0,BRA020
4063,22,0,0,,0,,0,0,0,0,0,BRA042
4063,22,0,0,,0,,0,0,0,0,0,BRA028
4064,22,0,0,,0,,0,0,0,0,0,BRA009
4064,22,0,0,,0,,0,0,0,0,0,BRA018
4065,22,0,0,,0,,0,0,0,0,0,BRA022
4065,22,0,0,,0,,0,0,0,0,0,BRA040
4066,22,0,0,,0,,0,0,0,0,0,BRA033
4066,22,0,0,,0,,0,0,0,0,0,BRA043
4067,23,0,0,,0,,0,0,0,0,0,BRA016
4067,23,0,0,,0,,0,0,0,0,0,BRA021
4068,23,0,0,,0,,0,0,0,0,0,BRA020
4068,23,0,0,,0,,0,0,0,0,0,BRA036
4069,23,0,0,,0,,0,0,0,0,0,BRA015
4069,23,0,0,,0,,0,0,0,0,0,BRA025
4070,23,0,0,,0,,0,0,0,0,0,BRA040
4070,23,0,0,,0,,0,0,0,0,0,BRA042
4071,23,0,0,,0,,0,0,0,0,0,BRA022
4071,23,0,0,,0,,0,0,0,0,0,BRA028
4072,23,0,0,,0,,0,0,0,0,0,BRA009
4072,23,0,0,,0,,0,0,0,0,0,BRA032
4073,23,0,0,,0,,0,0,0,0,0,BRA044
4073,23,0,0,,0,,0,0,0,0,0,BRA007
4074,23,0,0,,0,,0,0,0,0,0,BRA037
4074,23,0,0,,0,,0,0,0,0,0,BRA004
4075,23,0,0,,0,,0,0,0,0,0,BRA043
4075,23,0,0,,0,,0,0,0,0,0,BRA018
4076,23,0,0,,0,,0,0,0,0,0,BRA005
4076,23,0,0,,0,,0,0,0,0,0,BRA033
4077,24,0,0,,0,,0,0,0,0,0,BRA037
4077,24,0,0,,0,,0,0,0,0,0,BRA022
4078,24,0,0,,0,,0,0,0,0,0,BRA018
4078,24,0,0,,0,,0,0,0,0,0,BRA020
4079,24,0,0,,0,,0,0,0,0,0,BRA036
4079,24,0,0,,0,,0,0,0,0,0,BRA015
4080,24,0,0,,0,,0,0,0,0,0,BRA004
4080,24,0,0,,0,,0,0,0,0,0,BRA016
4081,24,0,0,,0,,0,0,0,0,0,BRA007
4081,24,0,0,,0,,0,0,0,0,0,BRA043
4082,24,0,0,,0,,0,0,0,0,0,BRA042
4082,24,0,0,,0,,0,0,0,0,0,BRA005
4083,24,0,0,,0,,0,0,0,0,0,BRA033
4083,24,0,0,,0,,0,0,0,0,0,BRA044
4084,24,0,0,,0,,0,0,0,0,0,BRA040
4084,24,0,0,,0,,0,0,0,0,0,BRA021
4085,24,0,0,,0,,0,0,0,0,0,BRA025
4085,24,0,0,,0,,0,0,0,0,0,BRA032
4086,24,0,0,,0,,0,0,0,0,0,BRA009
4086,24,0,0,,0,,0,0,0,0,0,BRA028
4087,25,0,0,,0,,0,0,0,0,0,BRA004
4087,25,0,0,,0,,0,0,0,0,0,BRA022
4088,25,0,0,,0,,0,0,0,0,0,BRA037
4088,25,0,0,,0,,0,0,0,0,0,BRA042
4089,25,0,0,,0,,0,0,0,0,0,BRA016
4089,25,0,0,,0,,0,0,0,0,0,BRA040
4090,25,0,0,,0,,0,0,0,0,0,BRA033
4090,25,0,0,,0,,0,0,0,0,0,BRA015
4091,25,0,0,,0,,0,0,0,0,0,BRA018
4091,25,0,0,,0,,0,0,0,0,0,BRA044
4092,25,0,0,,0,,0,0,0,0,0,BRA005
4092,25,0,0,,0,,0,0,0,0,0,BRA032
4093,25,0,0,,0,,0,0,0,0,0,BRA020
4093,25,0,0,,0,,0,0,0,0,0,BRA007
4094,25,0,0,,0,,0,0,0,0,0,BRA021
4094,25,0,0,,0,,0,0,0,0,0,BRA025
4095,25,0,0,,0,,0,0,0,0,0,BRA028
4095,25,0,0,,0,,0,0,0,0,0,BRA043
4096,25,0,0,,0,,0,0,0,0,0,BRA036
4096,25,0,0,,0,,0,0,0,0,0,BRA009
4097,26,0,0,,0,,0,0,0,0,0,BRA033
4097,26,0,0,,0,,0,0,0,0,0,BRA020
4098,26,0,0,,0,,0,0,0,0,0,BRA032
4098,26,0,0,,0,,0,0,0,0,0,BRA022
4099,26,0,0,,0,,0,0,0,0,0,BRA037
4099,26,0,0,,0,,0,0,0,0,0,BRA040
4100,26,0,0,,0,,0,0,0,0,0,BRA009
4100,26,0,0,,0,,0,0,0,0,0,BRA015
4101,26,0,0,,0,,0,0,0,0,0,BRA042
4101,26,0,0,,0,,0,0,0,0,0,BRA018
4102,26,0,0,,0,,0,0,0,0,0,BRA044
4102,26,0,0,,0,,0,0,0,0,0,BRA036
4103,26,0,0,,0,,0,0,0,0,0,BRA004
4103,26,0,0,,0,,0,0,0,0,0,BRA021
4104,26,0,0,,0,,0,0,0,0,0,BRA007
4104,26,0,0,,0,,0,0,0,0,0,BRA028
4105,26,0,0,,0,,0,0,0,0,0,BRA025
4105,26,0,0,,0,,0,0,0,0,0,BRA005
4106,26,0,0,,0,,0,0,0,0,0,BRA043
4106,26,0,0,,0,,0,0,0,0,0,BRA016
3986,14,0,0,,0,,0,0,0,0,0,BRA005
3986,14,0,0,,0,,0,0,0,0,0,BRA021
4107,27,0,0,,0,,0,0,0,0,0,BRA005
4107,27,0,0,,0,,0,0,0,0,0,BRA037
4108,27,0,0,,0,,0,0,0,0,0,BRA020
4108,27,0,0,,0,,0,0,0,0,0,BRA044
4109,27,0,0,,0,,0,0,0,0,0,BRA018
4109,27,0,0,,0,,0,0,0,0,0,BRA028
4110,27,0,0,,0,,0,0,0,0,0,BRA032
4110,27,0,0,,0,,0,0,0,0,0,BRA004
4111,27,0,0,,0,,0,0,0,0,0,BRA036
4111,27,0,0,,0,,0,0,0,0,0,BRA033
4112,27,0,0,,0,,0,0,0,0,0,BRA022
4112,27,0,0,,0,,0,0,0,0,0,BRA021
4113,27,0,0,,0,,0,0,0,0,0,BRA015
4113,27,0,0,,0,,0,0,0,0,0,BRA043
4114,27,0,0,,0,,0,0,0,0,0,BRA007
4114,27,0,0,,0,,0,0,0,0,0,BRA009
4115,27,0,0,,0,,0,0,0,0,0,BRA016
4115,27,0,0,,0,,0,0,0,0,0,BRA042
4116,27,0,0,,0,,0,0,0,0,0,BRA040
4116,27,0,0,,0,,0,0,0,0,0,BRA025
4117,28,0,0,,0,,0,0,0,0,0,BRA007
4117,28,0,0,,0,,0,0,0,0,0,BRA021
4118,28,0,0,,0,,0,0,0,0,0,BRA037
4118,28,0,0,,0,,0,0,0,0,0,BRA043
4119,28,0,0,,0,,0,0,0,0,0,BRA036
4119,28,0,0,,0,,0,0,0,0,0,BRA016
4120,28,0,0,,0,,0,0,0,0,0,BRA033
4120,28,0,0,,0,,0,0,0,0,0,BRA042
4121,28,0,0,,0,,0,0,0,0,0,BRA040
4121,28,0,0,,0,,0,0,0,0,0,BRA028
4122,28,0,0,,0,,0,0,0,0,0,BRA044
4122,28,0,0,,0,,0,0,0,0,0,BRA004
4123,28,0,0,,0,,0,0,0,0,0,BRA015
4123,28,0,0,,0,,0,0,0,0,0,BRA032
4124,28,0,0,,0,,0,0,0,0,0,BRA009
4124,28,0,0,,0,,0,0,0,0,0,BRA022
4125,28,0,0,,0,,0,0,0,0,0,BRA025
4125,28,0,0,,0,,0,0,0,0,0,BRA018
4126,28,0,0,,0,,0,0,0,0,0,BRA020
4126,28,0,0,,0,,0,0,0,0,0,BRA005
4127,29,0,0,,0,,0,0,0,0,0,BRA018
4127,29,0,0,,0,,0,0,0,0,0,BRA037
4128,29,0,0,,0,,0,0,0,0,0,BRA040
4128,29,0,0,,0,,0,0,0,0,0,BRA009
4129,29,0,0,,0,,0,0,0,0,0,BRA004
4129,29,0,0,,0,,0,0,0,0,0,BRA020
4130,29,0,0,,0,,0,0,0,0,0,BRA032
4130,29,0,0,,0,,0,0,0,0,0,BRA036
4131,29,0,0,,0,,0,0,0,0,0,BRA022
4131,29,0,0,,0,,0,0,0,0,0,BRA007
4132,29,0,0,,0,,0,0,0,0,0,BRA042
4132,29,0,0,,0,,0,0,0,0,0,BRA044
4133,29,0,0,,0,,0,0,0,0,0,BRA021
4133,29,0,0,,0,,0,0,0,0,0,BRA015
4134,29,0,0,,0,,0,0,0,0,0,BRA005
4134,29,0,0,,0,,0,0,0,0,0,BRA028
4135,29,0,0,,0,,0,0,0,0,0,BRA016
4135,29,0,0,,0,,0,0,0,0,0,BRA033
4136,29,0,0,,0,,0,0,0,0,0,BRA043
4136,29,0,0,,0,,0,0,0,0,0,BRA025
4137,30,0,0,,0,,0,0,0,0,0,BRA018
4137,30,0,0,,0,,0,0,0,0,0,BRA021
4138,30,0,0,,0,,0,0,0,0,0,BRA004
4138,30,0,0,,0,,0,0,0,0,0,BRA028
4139,30,0,0,,0,,0,0,0,0,0,BRA037
4139,30,0,0,,0,,0,0,0,0,0,BRA015
4140,30,0,0,,0,,0,0,0,0,0,BRA043
4140,30,0,0,,0,,0,0,0,0,0,BRA005
4141,30,0,0,,0,,0,0,0,0,0,BRA044
4141,30,0,0,,0,,0,0,0,0,0,BRA040
4142,30,0,0,,0,,0,0,0,0,0,BRA020
4142,30,0,0,,0,,0,0,0,0,0,BRA042
4143,30,0,0,,0,,0,0,0,0,0,BRA007
4143,30,0,0,,0,,0,0,0,0,0,BRA016
4144,30,0,0,,0,,0,0,0,0,0,BRA033
4144,30,0,0,,0,,0,0,0,0,0,BRA032
4145,30,0,0,,0,,0,0,0,0,0,BRA036
4145,30,0,0,,0,,0,0,0,0,0,BRA022
4146,30,0,0,,0,,0,0,0,0,0,BRA009
4146,30,0,0,,0,,0,0,0,0,0,BRA025
4147,31,0,0,,0,,0,0,0,0,0,BRA022
4147,31,0,0,,0,,0,0,0,0,0,BRA025
4148,31,0,0,,0,,0,0,0,0,0,BRA028
4148,31,0,0,,0,,0,0,0,0,0,BRA020
4149,31,0,0,,0,,0,0,0,0,0,BRA032
4149,31,0,0,,0,,0,0,0,0,0,BRA016
4150,31,0,0,,0,,0,0,0,0,0,BRA007
4150,31,0,0,,0,,0,0,0,0,0,BRA033
4151,31,0,0,,0,,0,0,0,0,0,BRA018
4151,31,0,0,,0,,0,0,0,0,0,BRA015
4152,31,0,0,,0,,0,0,0,0,0,BRA021
4152,31,0,0,,0,,0,0,0,0,0,BRA037
4153,31,0,0,,0,,0,0,0,0,0,BRA005
4153,31,0,0,,0,,0,0,0,0,0,BRA040
4154,31,0,0,,0,,0,0,0,0,0,BRA044
4154,31,0,0,,0,,0,0,0,0,0,BRA009
4155,31,0,0,,0,,0,0,0,0,0,BRA042
4155,31,0,0,,0,,0,0,0,0,0,BRA004
4156,31,0,0,,0,,0,0,0,0,0,BRA043
4156,31,0,0,,0,,0,0,0,0,0,BRA036
4157,32,0,0,,0,,0,0,0,0,0,BRA033
4157,32,0,0,,0,,0,0,0,0,0,BRA018
4158,32,0,0,,0,,0,0,0,0,0,BRA025
4158,32,0,0,,0,,0,0,0,0,0,BRA016
4159,32,0,0,,0,,0,0,0,0,0,BRA007
4159,32,0,0,,0,,0,0,0,0,0,BRA015
4160,32,0,0,,0,,0,0,0,0,0,BRA022
4160,32,0,0,,0,,0,0,0,0,0,BRA005
4161,32,0,0,,0,,0,0,0,0,0,BRA021
4161,32,0,0,,0,,0,0,0,0,0,BRA042
4162,32,0,0,,0,,0,0,0,0,0,BRA037
4162,32,0,0,,0,,0,0,0,0,0,BRA032
4163,32,0,0,,0,,0,0,0,0,0,BRA036
4163,32,0,0,,0,,0,0,0,0,0,BRA040
4164,32,0,0,,0,,0,0,0,0,0,BRA043
4164,32,0,0,,0,,0,0,0,0,0,BRA004
4165,32,0,0,,0,,0,0,0,0,0,BRA028
4165,32,0,0,,0,,0,0,0,0,0,BRA044
4166,32,0,0,,0,,0,0,0,0,0,BRA020
4166,32,0,0,,0,,0,0,0,0,0,BRA009
4167,33,0,0,,0,,0,0,0,0,0,BRA022
4167,33,0,0,,0,,0,0,0,0,0,BRA016
4168,33,0,0,,0,,0,0,0,0,0,BRA032
4168,33,0,0,,0,,0,0,0,0,0,BRA040
4169,33,0,0,,0,,0,0,0,0,0,BRA018
4169,33,0,0,,0,,0,0,0,0,0,BRA036
4170,33,0,0,,0,,0,0,0,0,0,BRA028
4170,33,0,0,,0,,0,0,0,0,0,BRA033
4171,33,0,0,,0,,0,0,0,0,0,BRA015
4171,33,0,0,,0,,0,0,0,0,0,BRA044
4172,33,0,0,,0,,0,0,0,0,0,BRA009
4172,33,0,0,,0,,0,0,0,0,0,BRA004
4173,33,0,0,,0,,0,0,0,0,0,BRA020
4173,33,0,0,,0,,0,0,0,0,0,BRA037
4174,33,0,0,,0,,0,0,0,0,0,BRA042
4174,33,0,0,,0,,0,0,0,0,0,BRA043
4175,33,0,0,,0,,0,0,0,0,0,BRA025
4175,33,0,0,,0,,0,0,0,0,0,BRA007
4176,33,0,0,,0,,0,0,0,0,0,BRA005
4176,33,0,0,,0,,0,0,0,0,0,BRA021
4177,34,0,0,,0,,0,0,0,0,0,BRA040
4177,34,0,0,,0,,0,0,0,0,0,BRA018
4178,34,0,0,,0,,0,0,0,0,0,BRA036
4178,34,0,0,,0,,0,0,0,0,0,BRA025
4179,34,0,0,,0,,0,0,0,0,0,BRA021
4179,34,0,0,,0,,0,0,0,0,0,BRA020
4180,34,0,0,,0,,0,0,0,0,0,BRA033
4180,34,0,0,,0,,0,0,0,0,0,BRA009
4181,34,0,0,,0,,0,0,0,0,0,BRA044
4181,34,0,0,,0,,0,0,0,0,0,BRA043
4182,34,0,0,,0,,0,0,0,0,0,BRA042
4182,34,0,0,,0,,0,0,0,0,0,BRA022
4183,34,0,0,,0,,0,0,0,0,0,BRA015
4183,34,0,0,,0,,0,0,0,0,0,BRA004
4184,34,0,0,,0,,0,0,0,0,0,BRA007
4184,34,0,0,,0,,0,0,0,0,0,BRA037
4185,34,0,0,,0,,0,0,0,0,0,BRA005
4185,34,0,0,,0,,0,0,0,0,0,BRA016
4186,34,0,0,,0,,0,0,0,0,0,BRA028
4186,34,0,0,,0,,0,0,0,0,0,BRA032
4187,35,0,0,,0,,0,0,0,0,0,BRA037
4187,35,0,0,,0,,0,0,0,0,0,BRA009
4188,35,0,0,,0,,0,0,0,0,0,BRA004
4188,35,0,0,,0,,0,0,0,0,0,BRA040
4189,35,0,0,,0,,0,0,0,0,0,BRA015
4189,35,0,0,,0,,0,0,0,0,0,BRA016
4190,35,0,0,,0,,0,0,0,0,0,BRA033
4190,35,0,0,,0,,0,0,0,0,0,BRA022
4191,35,0,0,,0,,0,0,0,0,0,BRA025
4191,35,0,0,,0,,0,0,0,0,0,BRA042
4192,35,0,0,,0,,0,0,0,0,0,BRA005
4192,35,0,0,,0,,0,0,0,0,0,BRA044
4193,35,0,0,,0,,0,0,0,0,0,BRA018
4193,35,0,0,,0,,0,0,0,0,0,BRA007
4194,35,0,0,,0,,0,0,0,0,0,BRA032
4194,35,0,0,,0,,0,0,0,0,0,BRA021
4195,35,0,0,,0,,0,0,0,0,0,BRA043
4195,35,0,0,,0,,0,0,0,0,0,BRA020
4196,35,0,0,,0,,0,0,0,0,0,BRA028
4196,35,0,0,,0,,0,0,0,0,0,BRA036
4197,36,0,0,,0,,0,0,0,0,0,BRA040
4197,36,0,0,,0,,0,0,0,0,0,BRA020
4198,36,0,0,,0,,0,0,0,0,0,BRA016
4198,36,0,0,,0,,0,0,0,0,0,BRA044
4199,36,0,0,,0,,0,0,0,0,0,BRA021
4199,36,0,0,,0,,0,0,0,0,0,BRA033
4200,36,0,0,,0,,0,0,0,0,0,BRA018
4200,36,0,0,,0,,0,0,0,0,0,BRA022
4201,36,0,0,,0,,0,0,0,0,0,BRA042
4201,36,0,0,,0,,0,0,0,0,0,BRA032
4202,36,0,0,,0,,0,0,0,0,0,BRA005
4202,36,0,0,,0,,0,0,0,0,0,BRA004
4203,36,0,0,,0,,0,0,0,0,0,BRA036
4203,36,0,0,,0,,0,0,0,0,0,BRA007
4204,36,0,0,,0,,0,0,0,0,0,BRA028
4204,36,0,0,,0,,0,0,0,0,0,BRA015
4205,36,0,0,,0,,0,0,0,0,0,BRA037
4205,36,0,0,,0,,0,0,0,0,0,BRA025
4206,36,0,0,,0,,0,0,0,0,0,BRA009
4206,36,0,0,,0,,0,0,0,0,0,BRA043
4207,37,0,0,,0,,0,0,0,0,0,BRA021
4207,37,0,0,,0,,0,0,0,0,0,BRA044
4208,37,0,0,,0,,0,0,0,0,0,BRA015
4208,37,0,0,,0,,0,0,0,0,0,BRA040
4209,37,0,0,,0,,0,0,0,0,0,BRA009
4209,37,0,0,,0,,0,0,0,0,0,BRA005
4210,37,0,0,,0,,0,0,0,0,0,BRA025
4210,37,0,0,,0,,0,0,0,0,0,BRA020
4211,37,0,0,,0,,0,0,0,0,0,BRA042
4211,37,0,0,,0,,0,0,0,0,0,BRA036
4212,37,0,0,,0,,0,0,0,0,0,BRA018
4212,37,0,0,,0,,0,0,0,0,0,BRA016
4213,37,0,0,,0,,0,0,0,0,0,BRA033
4213,37,0,0,,0,,0,0,0,0,0,BRA004
4214,37,0,0,,0,,0,0,0,0,0,BRA032
4214,37,0,0,,0,,0,0,0,0,0,BRA007
4215,37,0,0,,0,,0,0,0,0,0,BRA037
4215,37,0,0,,0,,0,0,0,0,0,BRA028
4216,37,0,0,,0,,0,0,0,0,0,BRA043
4216,37,0,0,,0,,0,0,0,0,0,BRA022
4217,38,0,0,,0,,0,0,0,0,0,BRA040
4217,38,0,0,,0,,0,0,0,0,0,BRA033
4218,38,0,0,,0,,0,0,0,0,0,BRA021
4218,38,0,0,,0,,0,0,0,0,0,BRA009
4219,38,0,0,,0,,0,0,0,0,0,BRA022
4219,38,0,0,,0,,0,0,0,0,0,BRA044
4220,38,0,0,,0,,0,0,0,0,0,BRA028
4220,38,0,0,,0,,0,0,0,0,0,BRA025
4221,38,0,0,,0,,0,0,0,0,0,BRA005
4221,38,0,0,,0,,0,0,0,0,0,BRA018
4222,38,0,0,,0,,0,0,0,0,0,BRA015
4222,38,0,0,,0,,0,0,0,0,0,BRA042
4223,38,0,0,,0,,0,0,0,0,0,BRA016
4223,38,0,0,,0,,0,0,0,0,0,BRA020
4224,38,0,0,,0,,0,0,0,0,0,BRA007
4224,38,0,0,,0,,0,0,0,0,0,BRA004
4225,38,0,0,,0,,0,0,0,0,0,BRA036
4225,38,0,0,,0,,0,0,0,0,0,BRA037
4226,38,0,0,,0,,0,0,0,0,0,BRA043
4226,38,0,0,,0,,0,0,0,0,0,BRA032
4227,1,0,0,,0,,0,0,0,0,0,BRA045
4227,1,0,0,,0,,0,0,0,0,0,BRA028
4228,1,0,0,,0,,0,0,0,0,0,BRA037
4228,1,0,0,,0,,0,0,0,0,0,BRA044
4229,1,0,0,,0,,0,0,0,0,0,BRA009
4229,1,0,0,,0,,0,0,0,0,0,BRA015
4230,1,0,0,,0,,0,0,0,0,0,BRA025
4230,1,0,0,,0,,0,0,0,0,0,BRA032
4231,1,0,0,,0,,0,0,0,0,0,BRA007
4231,1,0,0,,0,,0,0,0,0,0,BRA017
4232,1,0,0,,0,,0,0,0,0,0,BRA036
4232,1,0,0,,0,,0,0,0,0,0,BRA042
4233,1,0,0,,0,,0,0,0,0,0,BRA040
4233,1,0,0,,0,,0,0,0,0,0,BRA021
4234,1,0,0,,0,,0,0,0,0,0,BRA016
4234,1,0,0,,0,,0,0,0,0,0,BRA005
4235,1,0,0,,0,,0,0,0,0,0,BRA024
4235,1,0,0,,0,,0,0,0,0,0,BRA018
4236,1,0,0,,0,,0,0,0,0,0,BRA003
4236,1,0,0,,0,,0,0,0,0,0,BRA022
4237,2,0,0,,0,,0,0,0,0,0,BRA003
4237,2,0,0,,0,,0,0,0,0,0,BRA018
4238,2,0,0,,0,,0,0,0,0,0,BRA040
4238,2,0,0,,0,,0,0,0,0,0,BRA009
4239,2,0,0,,0,,0,0,0,0,0,BRA044
4239,2,0,0,,0,,0,0,0,0,0,BRA042
4240,2,0,0,,0,,0,0,0,0,0,BRA021
4240,2,0,0,,0,,0,0,0,0,0,BRA036
4241,2,0,0,,0,,0,0,0,0,0,BRA016
4241,2,0,0,,0,,0,0,0,0,0,BRA007
4242,2,0,0,,0,,0,0,0,0,0,BRA045
4242,2,0,0,,0,,0,0,0,0,0,BRA032
4243,2,0,0,,0,,0,0,0,0,0,BRA015
4243,2,0,0,,0,,0,0,0,0,0,BRA024
4244,2,0,0,,0,,0,0,0,0,0,BRA028
4244,2,0,0,,0,,0,0,0,0,0,BRA017
4247,3,0,0,,0,,0,0,0,0,0,BRA003
4247,3,0,0,,0,,0,0,0,0,0,BRA021
4248,3,0,0,,0,,0,0,0,0,0,BRA025
4248,3,0,0,,0,,0,0,0,0,0,BRA040
4249,3,0,0,,0,,0,0,0,0,0,BRA009
4249,3,0,0,,0,,0,0,0,0,0,BRA018
4250,3,0,0,,0,,0,0,0,0,0,BRA044
4250,3,0,0,,0,,0,0,0,0,0,BRA045
4251,3,0,0,,0,,0,0,0,0,0,BRA024
4251,3,0,0,,0,,0,0,0,0,0,BRA016
4252,3,0,0,,0,,0,0,0,0,0,BRA036
4252,3,0,0,,0,,0,0,0,0,0,BRA015
4253,3,0,0,,0,,0,0,0,0,0,BRA042
4253,3,0,0,,0,,0,0,0,0,0,BRA005
4254,3,0,0,,0,,0,0,0,0,0,BRA017
4254,3,0,0,,0,,0,0,0,0,0,BRA022
4255,3,0,0,,0,,0,0,0,0,0,BRA007
4255,3,0,0,,0,,0,0,0,0,0,BRA028
4256,3,0,0,,0,,0,0,0,0,0,BRA037
4256,3,0,0,,0,,0,0,0,0,0,BRA032
4257,4,0,0,,0,,0,0,0,0,0,BRA024
4257,4,0,0,,0,,0,0,0,0,0,BRA042
4258,4,0,0,,0,,0,0,0,0,0,BRA028
4258,4,0,0,,0,,0,0,0,0,0,BRA037
4259,4,0,0,,0,,0,0,0,0,0,BRA040
4259,4,0,0,,0,,0,0,0,0,0,BRA017
4260,4,0,0,,0,,0,0,0,0,0,BRA005
4260,4,0,0,,0,,0,0,0,0,0,BRA044
4261,4,0,0,,0,,0,0,0,0,0,BRA045
4261,4,0,0,,0,,0,0,0,0,0,BRA025
4262,4,0,0,,0,,0,0,0,0,0,BRA003
4262,4,0,0,,0,,0,0,0,0,0,BRA036
4263,4,0,0,,0,,0,0,0,0,0,BRA021
4263,4,0,0,,0,,0,0,0,0,0,BRA032
4264,4,0,0,,0,,0,0,0,0,0,BRA007
4264,4,0,0,,0,,0,0,0,0,0,BRA009
4265,4,0,0,,0,,0,0,0,0,0,BRA018
4265,4,0,0,,0,,0,0,0,0,0,BRA015
4266,4,0,0,,0,,0,0,0,0,0,BRA022
4266,4,0,0,,0,,0,0,0,0,0,BRA016
4267,5,0,0,,0,,0,0,0,0,0,BRA018
4267,5,0,0,,0,,0,0,0,0,0,BRA028
4268,5,0,0,,0,,0,0,0,0,0,BRA017
4268,5,0,0,,0,,0,0,0,0,0,BRA021
4269,5,0,0,,0,,0,0,0,0,0,BRA037
4269,5,0,0,,0,,0,0,0,0,0,BRA015
4270,5,0,0,,0,,0,0,0,0,0,BRA044
4270,5,0,0,,0,,0,0,0,0,0,BRA007
4271,5,0,0,,0,,0,0,0,0,0,BRA036
4271,5,0,0,,0,,0,0,0,0,0,BRA009
4245,2,0,0,,0,,0,0,0,0,0,BRA005
4245,2,0,0,,0,,0,0,0,0,0,BRA025
4272,5,0,0,,0,,0,0,0,0,0,BRA003
4272,5,0,0,,0,,0,0,0,0,0,BRA045
4273,5,0,0,,0,,0,0,0,0,0,BRA032
4273,5,0,0,,0,,0,0,0,0,0,BRA016
4274,5,0,0,,0,,0,0,0,0,0,BRA024
4274,5,0,0,,0,,0,0,0,0,0,BRA022
4246,2,0,0,,0,,0,0,0,0,0,BRA022
4246,2,0,0,,0,,0,0,0,0,0,BRA037
4275,5,0,0,,0,,0,0,0,0,0,BRA005
4275,5,0,0,,0,,0,0,0,0,0,BRA040
4276,5,0,0,,0,,0,0,0,0,0,BRA025
4276,5,0,0,,0,,0,0,0,0,0,BRA042
4277,6,0,0,,0,,0,0,0,0,0,BRA003
4277,6,0,0,,0,,0,0,0,0,0,BRA025
4278,6,0,0,,0,,0,0,0,0,0,BRA016
4278,6,0,0,,0,,0,0,0,0,0,BRA021
4279,6,0,0,,0,,0,0,0,0,0,BRA032
4279,6,0,0,,0,,0,0,0,0,0,BRA036
4280,6,0,0,,0,,0,0,0,0,0,BRA018
4280,6,0,0,,0,,0,0,0,0,0,BRA037
4281,6,0,0,,0,,0,0,0,0,0,BRA007
4281,6,0,0,,0,,0,0,0,0,0,BRA015
4282,6,0,0,,0,,0,0,0,0,0,BRA045
4282,6,0,0,,0,,0,0,0,0,0,BRA024
4283,6,0,0,,0,,0,0,0,0,0,BRA028
4283,6,0,0,,0,,0,0,0,0,0,BRA044
4284,6,0,0,,0,,0,0,0,0,0,BRA040
4284,6,0,0,,0,,0,0,0,0,0,BRA042
4285,6,0,0,,0,,0,0,0,0,0,BRA005
4285,6,0,0,,0,,0,0,0,0,0,BRA017
4286,6,0,0,,0,,0,0,0,0,0,BRA022
4286,6,0,0,,0,,0,0,0,0,0,BRA009
4327,11,0,0,,0,,0,0,0,0,0,BRA007
4327,11,0,0,,0,,0,0,0,0,0,BRA042
4287,7,0,0,,0,,0,0,0,0,0,BRA037
4287,7,0,0,,0,,0,0,0,0,0,BRA040
4288,7,0,0,,0,,0,0,0,0,0,BRA022
4288,7,0,0,,0,,0,0,0,0,0,BRA028
4289,7,0,0,,0,,0,0,0,0,0,BRA036
4289,7,0,0,,0,,0,0,0,0,0,BRA007
4290,7,0,0,,0,,0,0,0,0,0,BRA009
4290,7,0,0,,0,,0,0,0,0,0,BRA025
4291,7,0,0,,0,,0,0,0,0,0,BRA015
4291,7,0,0,,0,,0,0,0,0,0,BRA005
4292,7,0,0,,0,,0,0,0,0,0,BRA003
4292,7,0,0,,0,,0,0,0,0,0,BRA016
4293,7,0,0,,0,,0,0,0,0,0,BRA042
4293,7,0,0,,0,,0,0,0,0,0,BRA045
4294,7,0,0,,0,,0,0,0,0,0,BRA032
4294,7,0,0,,0,,0,0,0,0,0,BRA018
4295,7,0,0,,0,,0,0,0,0,0,BRA024
4295,7,0,0,,0,,0,0,0,0,0,BRA017
4296,7,0,0,,0,,0,0,0,0,0,BRA044
4296,7,0,0,,0,,0,0,0,0,0,BRA021
4297,8,0,0,,0,,0,0,0,0,0,BRA032
4297,8,0,0,,0,,0,0,0,0,0,BRA009
4298,8,0,0,,0,,0,0,0,0,0,BRA017
4298,8,0,0,,0,,0,0,0,0,0,BRA025
4299,8,0,0,,0,,0,0,0,0,0,BRA042
4299,8,0,0,,0,,0,0,0,0,0,BRA018
4300,8,0,0,,0,,0,0,0,0,0,BRA016
4300,8,0,0,,0,,0,0,0,0,0,BRA040
4301,8,0,0,,0,,0,0,0,0,0,BRA003
4301,8,0,0,,0,,0,0,0,0,0,BRA015
4302,8,0,0,,0,,0,0,0,0,0,BRA028
4302,8,0,0,,0,,0,0,0,0,0,BRA021
4303,8,0,0,,0,,0,0,0,0,0,BRA045
4303,8,0,0,,0,,0,0,0,0,0,BRA007
4304,8,0,0,,0,,0,0,0,0,0,BRA037
4304,8,0,0,,0,,0,0,0,0,0,BRA024
4305,8,0,0,,0,,0,0,0,0,0,BRA022
4305,8,0,0,,0,,0,0,0,0,0,BRA044
4337,12,0,0,,0,,0,0,0,0,0,BRA042
4337,12,0,0,,0,,0,0,0,0,0,BRA028
4307,9,0,0,,0,,0,0,0,0,0,BRA044
4307,9,0,0,,0,,0,0,0,0,0,BRA017
4308,9,0,0,,0,,0,0,0,0,0,BRA037
4308,9,0,0,,0,,0,0,0,0,0,BRA003
4309,9,0,0,,0,,0,0,0,0,0,BRA036
4309,9,0,0,,0,,0,0,0,0,0,BRA040
4310,9,0,0,,0,,0,0,0,0,0,BRA025
4310,9,0,0,,0,,0,0,0,0,0,BRA022
4311,9,0,0,,0,,0,0,0,0,0,BRA015
4311,9,0,0,,0,,0,0,0,0,0,BRA042
4312,9,0,0,,0,,0,0,0,0,0,BRA018
4312,9,0,0,,0,,0,0,0,0,0,BRA005
4313,9,0,0,,0,,0,0,0,0,0,BRA028
4313,9,0,0,,0,,0,0,0,0,0,BRA032
4314,9,0,0,,0,,0,0,0,0,0,BRA045
4314,9,0,0,,0,,0,0,0,0,0,BRA016
4315,9,0,0,,0,,0,0,0,0,0,BRA007
4315,9,0,0,,0,,0,0,0,0,0,BRA024
4316,9,0,0,,0,,0,0,0,0,0,BRA021
4316,9,0,0,,0,,0,0,0,0,0,BRA009
4317,10,0,0,,0,,0,0,0,0,0,BRA018
4317,10,0,0,,0,,0,0,0,0,0,BRA022
4318,10,0,0,,0,,0,0,0,0,0,BRA003
4318,10,0,0,,0,,0,0,0,0,0,BRA005
4319,10,0,0,,0,,0,0,0,0,0,BRA017
4319,10,0,0,,0,,0,0,0,0,0,BRA037
4320,10,0,0,,0,,0,0,0,0,0,BRA016
4320,10,0,0,,0,,0,0,0,0,0,BRA036
4321,10,0,0,,0,,0,0,0,0,0,BRA021
4321,10,0,0,,0,,0,0,0,0,0,BRA007
4322,10,0,0,,0,,0,0,0,0,0,BRA015
4322,10,0,0,,0,,0,0,0,0,0,BRA025
4323,10,0,0,,0,,0,0,0,0,0,BRA045
4323,10,0,0,,0,,0,0,0,0,0,BRA009
4324,10,0,0,,0,,0,0,0,0,0,BRA024
4324,10,0,0,,0,,0,0,0,0,0,BRA044
4328,11,0,0,,0,,0,0,0,0,0,BRA018
4328,11,0,0,,0,,0,0,0,0,0,BRA016
4329,11,0,0,,0,,0,0,0,0,0,BRA005
4329,11,0,0,,0,,0,0,0,0,0,BRA021
4330,11,0,0,,0,,0,0,0,0,0,BRA028
4330,11,0,0,,0,,0,0,0,0,0,BRA025
4331,11,0,0,,0,,0,0,0,0,0,BRA036
4331,11,0,0,,0,,0,0,0,0,0,BRA022
4332,11,0,0,,0,,0,0,0,0,0,BRA024
4332,11,0,0,,0,,0,0,0,0,0,BRA003
4333,11,0,0,,0,,0,0,0,0,0,BRA015
4333,11,0,0,,0,,0,0,0,0,0,BRA017
4334,11,0,0,,0,,0,0,0,0,0,BRA044
4334,11,0,0,,0,,0,0,0,0,0,BRA009
4335,11,0,0,,0,,0,0,0,0,0,BRA037
4335,11,0,0,,0,,0,0,0,0,0,BRA045
4338,12,0,0,,0,,0,0,0,0,0,BRA045
4338,12,0,0,,0,,0,0,0,0,0,BRA022
4339,12,0,0,,0,,0,0,0,0,0,BRA017
4339,12,0,0,,0,,0,0,0,0,0,BRA018
4340,12,0,0,,0,,0,0,0,0,0,BRA003
4340,12,0,0,,0,,0,0,0,0,0,BRA007
4341,12,0,0,,0,,0,0,0,0,0,BRA021
4341,12,0,0,,0,,0,0,0,0,0,BRA037
4342,12,0,0,,0,,0,0,0,0,0,BRA009
4342,12,0,0,,0,,0,0,0,0,0,BRA005
4343,12,0,0,,0,,0,0,0,0,0,BRA024
4343,12,0,0,,0,,0,0,0,0,0,BRA032
4344,12,0,0,,0,,0,0,0,0,0,BRA015
4344,12,0,0,,0,,0,0,0,0,0,BRA040
4345,12,0,0,,0,,0,0,0,0,0,BRA044
4345,12,0,0,,0,,0,0,0,0,0,BRA036
4346,12,0,0,,0,,0,0,0,0,0,BRA025
4346,12,0,0,,0,,0,0,0,0,0,BRA016
4347,13,0,0,,0,,0,0,0,0,0,BRA005
4347,13,0,0,,0,,0,0,0,0,0,BRA032
4348,13,0,0,,0,,0,0,0,0,0,BRA009
4348,13,0,0,,0,,0,0,0,0,0,BRA024
4349,13,0,0,,0,,0,0,0,0,0,BRA021
4349,13,0,0,,0,,0,0,0,0,0,BRA022
4350,13,0,0,,0,,0,0,0,0,0,BRA015
4350,13,0,0,,0,,0,0,0,0,0,BRA045
4351,13,0,0,,0,,0,0,0,0,0,BRA016
4351,13,0,0,,0,,0,0,0,0,0,BRA044
4352,13,0,0,,0,,0,0,0,0,0,BRA040
4352,13,0,0,,0,,0,0,0,0,0,BRA018
4353,13,0,0,,0,,0,0,0,0,0,BRA028
4353,13,0,0,,0,,0,0,0,0,0,BRA003
4354,13,0,0,,0,,0,0,0,0,0,BRA036
4354,13,0,0,,0,,0,0,0,0,0,BRA017
4355,13,0,0,,0,,0,0,0,0,0,BRA037
4355,13,0,0,,0,,0,0,0,0,0,BRA042
4356,13,0,0,,0,,0,0,0,0,0,BRA007
4356,13,0,0,,0,,0,0,0,0,0,BRA025
4357,14,0,0,,0,,0,0,0,0,0,BRA005
4357,14,0,0,,0,,0,0,0,0,0,BRA007
4358,14,0,0,,0,,0,0,0,0,0,BRA017
4358,14,0,0,,0,,0,0,0,0,0,BRA032
4359,14,0,0,,0,,0,0,0,0,0,BRA040
4359,14,0,0,,0,,0,0,0,0,0,BRA044
4360,14,0,0,,0,,0,0,0,0,0,BRA045
4360,14,0,0,,0,,0,0,0,0,0,BRA036
4361,14,0,0,,0,,0,0,0,0,0,BRA037
4361,14,0,0,,0,,0,0,0,0,0,BRA016
4362,14,0,0,,0,,0,0,0,0,0,BRA025
4362,14,0,0,,0,,0,0,0,0,0,BRA018
4363,14,0,0,,0,,0,0,0,0,0,BRA024
4363,14,0,0,,0,,0,0,0,0,0,BRA021
4364,14,0,0,,0,,0,0,0,0,0,BRA015
4364,14,0,0,,0,,0,0,0,0,0,BRA022
4365,14,0,0,,0,,0,0,0,0,0,BRA042
4365,14,0,0,,0,,0,0,0,0,0,BRA003
4366,14,0,0,,0,,0,0,0,0,0,BRA009
4366,14,0,0,,0,,0,0,0,0,0,BRA028
4367,15,0,0,,0,,0,0,0,0,0,BRA022
4367,15,0,0,,0,,0,0,0,0,0,BRA032
4368,15,0,0,,0,,0,0,0,0,0,BRA045
4368,15,0,0,,0,,0,0,0,0,0,BRA018
4369,15,0,0,,0,,0,0,0,0,0,BRA044
4369,15,0,0,,0,,0,0,0,0,0,BRA025
4370,15,0,0,,0,,0,0,0,0,0,BRA037
4370,15,0,0,,0,,0,0,0,0,0,BRA009
4371,15,0,0,,0,,0,0,0,0,0,BRA036
4371,15,0,0,,0,,0,0,0,0,0,BRA024
4372,15,0,0,,0,,0,0,0,0,0,BRA021
4372,15,0,0,,0,,0,0,0,0,0,BRA042
4373,15,0,0,,0,,0,0,0,0,0,BRA016
4373,15,0,0,,0,,0,0,0,0,0,BRA015
4374,15,0,0,,0,,0,0,0,0,0,BRA003
4374,15,0,0,,0,,0,0,0,0,0,BRA017
4375,15,0,0,,0,,0,0,0,0,0,BRA040
4375,15,0,0,,0,,0,0,0,0,0,BRA007
4376,15,0,0,,0,,0,0,0,0,0,BRA005
4376,15,0,0,,0,,0,0,0,0,0,BRA028
4377,16,0,0,,0,,0,0,0,0,0,BRA045
4377,16,0,0,,0,,0,0,0,0,0,BRA040
4378,16,0,0,,0,,0,0,0,0,0,BRA025
4378,16,0,0,,0,,0,0,0,0,0,BRA021
4379,16,0,0,,0,,0,0,0,0,0,BRA018
4379,16,0,0,,0,,0,0,0,0,0,BRA036
4380,16,0,0,,0,,0,0,0,0,0,BRA017
4380,16,0,0,,0,,0,0,0,0,0,BRA016
4381,16,0,0,,0,,0,0,0,0,0,BRA015
4381,16,0,0,,0,,0,0,0,0,0,BRA044
4382,16,0,0,,0,,0,0,0,0,0,BRA037
4382,16,0,0,,0,,0,0,0,0,0,BRA005
4383,16,0,0,,0,,0,0,0,0,0,BRA007
4383,16,0,0,,0,,0,0,0,0,0,BRA032
4384,16,0,0,,0,,0,0,0,0,0,BRA042
4384,16,0,0,,0,,0,0,0,0,0,BRA022
4385,16,0,0,,0,,0,0,0,0,0,BRA024
4385,16,0,0,,0,,0,0,0,0,0,BRA028
4386,16,0,0,,0,,0,0,0,0,0,BRA009
4386,16,0,0,,0,,0,0,0,0,0,BRA003
4387,17,0,0,,0,,0,0,0,0,0,BRA003
4387,17,0,0,,0,,0,0,0,0,0,BRA032
4388,17,0,0,,0,,0,0,0,0,0,BRA007
4388,17,0,0,,0,,0,0,0,0,0,BRA037
4389,17,0,0,,0,,0,0,0,0,0,BRA005
4389,17,0,0,,0,,0,0,0,0,0,BRA024
4390,17,0,0,,0,,0,0,0,0,0,BRA036
4390,17,0,0,,0,,0,0,0,0,0,BRA025
4391,17,0,0,,0,,0,0,0,0,0,BRA022
4391,17,0,0,,0,,0,0,0,0,0,BRA040
4392,17,0,0,,0,,0,0,0,0,0,BRA045
4392,17,0,0,,0,,0,0,0,0,0,BRA017
4393,17,0,0,,0,,0,0,0,0,0,BRA009
4393,17,0,0,,0,,0,0,0,0,0,BRA042
4394,17,0,0,,0,,0,0,0,0,0,BRA021
4394,17,0,0,,0,,0,0,0,0,0,BRA015
4395,17,0,0,,0,,0,0,0,0,0,BRA016
4395,17,0,0,,0,,0,0,0,0,0,BRA028
4396,17,0,0,,0,,0,0,0,0,0,BRA044
4396,17,0,0,,0,,0,0,0,0,0,BRA018
4325,10,0,0,,0,,0,0,0,0,0,BRA042
4325,10,0,0,,0,,0,0,0,0,0,BRA032
4397,18,0,0,,0,,0,0,0,0,0,BRA025
4397,18,0,0,,0,,0,0,0,0,0,BRA024
4398,18,0,0,,0,,0,0,0,0,0,BRA045
4398,18,0,0,,0,,0,0,0,0,0,BRA021
4399,18,0,0,,0,,0,0,0,0,0,BRA003
4399,18,0,0,,0,,0,0,0,0,0,BRA040
4400,18,0,0,,0,,0,0,0,0,0,BRA036
4400,18,0,0,,0,,0,0,0,0,0,BRA037
4401,18,0,0,,0,,0,0,0,0,0,BRA015
4401,18,0,0,,0,,0,0,0,0,0,BRA028
4402,18,0,0,,0,,0,0,0,0,0,BRA022
4402,18,0,0,,0,,0,0,0,0,0,BRA005
4403,18,0,0,,0,,0,0,0,0,0,BRA007
4403,18,0,0,,0,,0,0,0,0,0,BRA018
4404,18,0,0,,0,,0,0,0,0,0,BRA009
4404,18,0,0,,0,,0,0,0,0,0,BRA016
4405,18,0,0,,0,,0,0,0,0,0,BRA032
4405,18,0,0,,0,,0,0,0,0,0,BRA044
4406,18,0,0,,0,,0,0,0,0,0,BRA042
4406,18,0,0,,0,,0,0,0,0,0,BRA017
4407,19,0,0,,0,,0,0,0,0,0,BRA045
4407,19,0,0,,0,,0,0,0,0,0,BRA005
4408,19,0,0,,0,,0,0,0,0,0,BRA028
4408,19,0,0,,0,,0,0,0,0,0,BRA036
4409,19,0,0,,0,,0,0,0,0,0,BRA040
4409,19,0,0,,0,,0,0,0,0,0,BRA024
4410,19,0,0,,0,,0,0,0,0,0,BRA022
4410,19,0,0,,0,,0,0,0,0,0,BRA007
4411,19,0,0,,0,,0,0,0,0,0,BRA037
4411,19,0,0,,0,,0,0,0,0,0,BRA025
4412,19,0,0,,0,,0,0,0,0,0,BRA018
4412,19,0,0,,0,,0,0,0,0,0,BRA021
4413,19,0,0,,0,,0,0,0,0,0,BRA015
4413,19,0,0,,0,,0,0,0,0,0,BRA032
4414,19,0,0,,0,,0,0,0,0,0,BRA016
4414,19,0,0,,0,,0,0,0,0,0,BRA042
4415,19,0,0,,0,,0,0,0,0,0,BRA009
4415,19,0,0,,0,,0,0,0,0,0,BRA017
4416,19,0,0,,0,,0,0,0,0,0,BRA003
4416,19,0,0,,0,,0,0,0,0,0,BRA044
4326,10,0,0,,0,,0,0,0,0,0,BRA040
4326,10,0,0,,0,,0,0,0,0,0,BRA028
4417,20,0,0,,0,,0,0,0,0,0,BRA003
4417,20,0,0,,0,,0,0,0,0,0,BRA022
4418,20,0,0,,0,,0,0,0,0,0,BRA024
4418,20,0,0,,0,,0,0,0,0,0,BRA018
4419,20,0,0,,0,,0,0,0,0,0,BRA007
4419,20,0,0,,0,,0,0,0,0,0,BRA017
4420,20,0,0,,0,,0,0,0,0,0,BRA025
4420,20,0,0,,0,,0,0,0,0,0,BRA032
4421,20,0,0,,0,,0,0,0,0,0,BRA009
4421,20,0,0,,0,,0,0,0,0,0,BRA015
4422,20,0,0,,0,,0,0,0,0,0,BRA044
4422,20,0,0,,0,,0,0,0,0,0,BRA037
4423,20,0,0,,0,,0,0,0,0,0,BRA045
4423,20,0,0,,0,,0,0,0,0,0,BRA028
4424,20,0,0,,0,,0,0,0,0,0,BRA036
4424,20,0,0,,0,,0,0,0,0,0,BRA042
4425,20,0,0,,0,,0,0,0,0,0,BRA040
4425,20,0,0,,0,,0,0,0,0,0,BRA021
4426,20,0,0,,0,,0,0,0,0,0,BRA016
4426,20,0,0,,0,,0,0,0,0,0,BRA005
4427,21,0,0,,0,,0,0,0,0,0,BRA018
4427,21,0,0,,0,,0,0,0,0,0,BRA003
4428,21,0,0,,0,,0,0,0,0,0,BRA022
4428,21,0,0,,0,,0,0,0,0,0,BRA037
4429,21,0,0,,0,,0,0,0,0,0,BRA028
4429,21,0,0,,0,,0,0,0,0,0,BRA017
4430,21,0,0,,0,,0,0,0,0,0,BRA021
4430,21,0,0,,0,,0,0,0,0,0,BRA036
4431,21,0,0,,0,,0,0,0,0,0,BRA044
4431,21,0,0,,0,,0,0,0,0,0,BRA042
4432,21,0,0,,0,,0,0,0,0,0,BRA015
4432,21,0,0,,0,,0,0,0,0,0,BRA024
4433,21,0,0,,0,,0,0,0,0,0,BRA016
4433,21,0,0,,0,,0,0,0,0,0,BRA007
4434,21,0,0,,0,,0,0,0,0,0,BRA032
4434,21,0,0,,0,,0,0,0,0,0,BRA045
4435,21,0,0,,0,,0,0,0,0,0,BRA040
4435,21,0,0,,0,,0,0,0,0,0,BRA009
4436,21,0,0,,0,,0,0,0,0,0,BRA005
4436,21,0,0,,0,,0,0,0,0,0,BRA025
4437,22,0,0,,0,,0,0,0,0,0,BRA044
4437,22,0,0,,0,,0,0,0,0,0,BRA045
4438,22,0,0,,0,,0,0,0,0,0,BRA025
4438,22,0,0,,0,,0,0,0,0,0,BRA040
4439,22,0,0,,0,,0,0,0,0,0,BRA024
4439,22,0,0,,0,,0,0,0,0,0,BRA016
4440,22,0,0,,0,,0,0,0,0,0,BRA017
4440,22,0,0,,0,,0,0,0,0,0,BRA022
4441,22,0,0,,0,,0,0,0,0,0,BRA042
4441,22,0,0,,0,,0,0,0,0,0,BRA005
4442,22,0,0,,0,,0,0,0,0,0,BRA036
4442,22,0,0,,0,,0,0,0,0,0,BRA015
4443,22,0,0,,0,,0,0,0,0,0,BRA009
4443,22,0,0,,0,,0,0,0,0,0,BRA018
4444,22,0,0,,0,,0,0,0,0,0,BRA003
4444,22,0,0,,0,,0,0,0,0,0,BRA021
4445,22,0,0,,0,,0,0,0,0,0,BRA007
4445,22,0,0,,0,,0,0,0,0,0,BRA028
4446,22,0,0,,0,,0,0,0,0,0,BRA037
4446,22,0,0,,0,,0,0,0,0,0,BRA032
4447,23,0,0,,0,,0,0,0,0,0,BRA022
4447,23,0,0,,0,,0,0,0,0,0,BRA016
4448,23,0,0,,0,,0,0,0,0,0,BRA045
4448,23,0,0,,0,,0,0,0,0,0,BRA025
4449,23,0,0,,0,,0,0,0,0,0,BRA042
4449,23,0,0,,0,,0,0,0,0,0,BRA024
4450,23,0,0,,0,,0,0,0,0,0,BRA028
4450,23,0,0,,0,,0,0,0,0,0,BRA037
4451,23,0,0,,0,,0,0,0,0,0,BRA032
4451,23,0,0,,0,,0,0,0,0,0,BRA021
4452,23,0,0,,0,,0,0,0,0,0,BRA007
4452,23,0,0,,0,,0,0,0,0,0,BRA009
4453,23,0,0,,0,,0,0,0,0,0,BRA018
4453,23,0,0,,0,,0,0,0,0,0,BRA015
4454,23,0,0,,0,,0,0,0,0,0,BRA017
4454,23,0,0,,0,,0,0,0,0,0,BRA040
4455,23,0,0,,0,,0,0,0,0,0,BRA003
4455,23,0,0,,0,,0,0,0,0,0,BRA036
4456,23,0,0,,0,,0,0,0,0,0,BRA005
4456,23,0,0,,0,,0,0,0,0,0,BRA044
4336,11,0,0,,0,,0,0,0,0,0,BRA040
4336,11,0,0,,0,,0,0,0,0,0,BRA032
4467,25,0,0,,0,,0,0,0,0,0,BRA017
4467,25,0,0,,0,,0,0,0,0,0,BRA005
4457,24,0,0,,0,,0,0,0,0,0,BRA024
4457,24,0,0,,0,,0,0,0,0,0,BRA022
4458,24,0,0,,0,,0,0,0,0,0,BRA032
4458,24,0,0,,0,,0,0,0,0,0,BRA016
4459,24,0,0,,0,,0,0,0,0,0,BRA036
4459,24,0,0,,0,,0,0,0,0,0,BRA009
4460,24,0,0,,0,,0,0,0,0,0,BRA044
4460,24,0,0,,0,,0,0,0,0,0,BRA007
4461,24,0,0,,0,,0,0,0,0,0,BRA017
4461,24,0,0,,0,,0,0,0,0,0,BRA021
4462,24,0,0,,0,,0,0,0,0,0,BRA037
4462,24,0,0,,0,,0,0,0,0,0,BRA015
4463,24,0,0,,0,,0,0,0,0,0,BRA025
4463,24,0,0,,0,,0,0,0,0,0,BRA042
4464,24,0,0,,0,,0,0,0,0,0,BRA005
4464,24,0,0,,0,,0,0,0,0,0,BRA040
4465,24,0,0,,0,,0,0,0,0,0,BRA003
4465,24,0,0,,0,,0,0,0,0,0,BRA045
4466,24,0,0,,0,,0,0,0,0,0,BRA018
4466,24,0,0,,0,,0,0,0,0,0,BRA028
4468,25,0,0,,0,,0,0,0,0,0,BRA032
4468,25,0,0,,0,,0,0,0,0,0,BRA036
4469,25,0,0,,0,,0,0,0,0,0,BRA003
4469,25,0,0,,0,,0,0,0,0,0,BRA025
4470,25,0,0,,0,,0,0,0,0,0,BRA018
4470,25,0,0,,0,,0,0,0,0,0,BRA037
4471,25,0,0,,0,,0,0,0,0,0,BRA022
4471,25,0,0,,0,,0,0,0,0,0,BRA009
4472,25,0,0,,0,,0,0,0,0,0,BRA024
4472,25,0,0,,0,,0,0,0,0,0,BRA045
4473,25,0,0,,0,,0,0,0,0,0,BRA016
4473,25,0,0,,0,,0,0,0,0,0,BRA021
4474,25,0,0,,0,,0,0,0,0,0,BRA007
4474,25,0,0,,0,,0,0,0,0,0,BRA015
4475,25,0,0,,0,,0,0,0,0,0,BRA042
4475,25,0,0,,0,,0,0,0,0,0,BRA040
4306,8,0,0,,0,,0,0,0,0,0,BRA005
4306,8,0,0,,0,,0,0,0,0,0,BRA036
4476,25,0,0,,0,,0,0,0,0,0,BRA028
4476,25,0,0,,0,,0,0,0,0,0,BRA044
4477,26,0,0,,0,,0,0,0,0,0,BRA009
4477,26,0,0,,0,,0,0,0,0,0,BRA025
4478,26,0,0,,0,,0,0,0,0,0,BRA042
4478,26,0,0,,0,,0,0,0,0,0,BRA045
4479,26,0,0,,0,,0,0,0,0,0,BRA015
4479,26,0,0,,0,,0,0,0,0,0,BRA005
4480,26,0,0,,0,,0,0,0,0,0,BRA003
4480,26,0,0,,0,,0,0,0,0,0,BRA016
4481,26,0,0,,0,,0,0,0,0,0,BRA021
4481,26,0,0,,0,,0,0,0,0,0,BRA044
4482,26,0,0,,0,,0,0,0,0,0,BRA028
4482,26,0,0,,0,,0,0,0,0,0,BRA022
4483,26,0,0,,0,,0,0,0,0,0,BRA032
4483,26,0,0,,0,,0,0,0,0,0,BRA018
4484,26,0,0,,0,,0,0,0,0,0,BRA036
4484,26,0,0,,0,,0,0,0,0,0,BRA007
4485,26,0,0,,0,,0,0,0,0,0,BRA024
4485,26,0,0,,0,,0,0,0,0,0,BRA017
4486,26,0,0,,0,,0,0,0,0,0,BRA037
4486,26,0,0,,0,,0,0,0,0,0,BRA040
4487,27,0,0,,0,,0,0,0,0,0,BRA016
4487,27,0,0,,0,,0,0,0,0,0,BRA040
4488,27,0,0,,0,,0,0,0,0,0,BRA025
4488,27,0,0,,0,,0,0,0,0,0,BRA017
4489,27,0,0,,0,,0,0,0,0,0,BRA005
4489,27,0,0,,0,,0,0,0,0,0,BRA036
4490,27,0,0,,0,,0,0,0,0,0,BRA045
4490,27,0,0,,0,,0,0,0,0,0,BRA007
4491,27,0,0,,0,,0,0,0,0,0,BRA015
4491,27,0,0,,0,,0,0,0,0,0,BRA003
4492,27,0,0,,0,,0,0,0,0,0,BRA042
4492,27,0,0,,0,,0,0,0,0,0,BRA018
4493,27,0,0,,0,,0,0,0,0,0,BRA009
4493,27,0,0,,0,,0,0,0,0,0,BRA032
4494,27,0,0,,0,,0,0,0,0,0,BRA022
4494,27,0,0,,0,,0,0,0,0,0,BRA044
4495,27,0,0,,0,,0,0,0,0,0,BRA024
4495,27,0,0,,0,,0,0,0,0,0,BRA037
4496,27,0,0,,0,,0,0,0,0,0,BRA028
4496,27,0,0,,0,,0,0,0,0,0,BRA021
4497,28,0,0,,0,,0,0,0,0,0,BRA025
4497,28,0,0,,0,,0,0,0,0,0,BRA022
4498,28,0,0,,0,,0,0,0,0,0,BRA045
4498,28,0,0,,0,,0,0,0,0,0,BRA016
4499,28,0,0,,0,,0,0,0,0,0,BRA040
4499,28,0,0,,0,,0,0,0,0,0,BRA036
4500,28,0,0,,0,,0,0,0,0,0,BRA005
4500,28,0,0,,0,,0,0,0,0,0,BRA018
4501,28,0,0,,0,,0,0,0,0,0,BRA044
4501,28,0,0,,0,,0,0,0,0,0,BRA017
4502,28,0,0,,0,,0,0,0,0,0,BRA028
4502,28,0,0,,0,,0,0,0,0,0,BRA032
4503,28,0,0,,0,,0,0,0,0,0,BRA015
4503,28,0,0,,0,,0,0,0,0,0,BRA042
4504,28,0,0,,0,,0,0,0,0,0,BRA037
4504,28,0,0,,0,,0,0,0,0,0,BRA003
4505,28,0,0,,0,,0,0,0,0,0,BRA021
4505,28,0,0,,0,,0,0,0,0,0,BRA009
4506,28,0,0,,0,,0,0,0,0,0,BRA007
4506,28,0,0,,0,,0,0,0,0,0,BRA024
4507,29,0,0,,0,,0,0,0,0,0,BRA018
4507,29,0,0,,0,,0,0,0,0,0,BRA022
4508,29,0,0,,0,,0,0,0,0,0,BRA040
4508,29,0,0,,0,,0,0,0,0,0,BRA028
4509,29,0,0,,0,,0,0,0,0,0,BRA037
4509,29,0,0,,0,,0,0,0,0,0,BRA017
4510,29,0,0,,0,,0,0,0,0,0,BRA016
4510,29,0,0,,0,,0,0,0,0,0,BRA036
4511,29,0,0,,0,,0,0,0,0,0,BRA042
4511,29,0,0,,0,,0,0,0,0,0,BRA032
4512,29,0,0,,0,,0,0,0,0,0,BRA021
4512,29,0,0,,0,,0,0,0,0,0,BRA007
4513,29,0,0,,0,,0,0,0,0,0,BRA003
4513,29,0,0,,0,,0,0,0,0,0,BRA005
4514,29,0,0,,0,,0,0,0,0,0,BRA015
4514,29,0,0,,0,,0,0,0,0,0,BRA025
4515,29,0,0,,0,,0,0,0,0,0,BRA024
4515,29,0,0,,0,,0,0,0,0,0,BRA044
4516,29,0,0,,0,,0,0,0,0,0,BRA009
4516,29,0,0,,0,,0,0,0,0,0,BRA045
4517,30,0,0,,0,,0,0,0,0,0,BRA036
4517,30,0,0,,0,,0,0,0,0,0,BRA022
4518,30,0,0,,0,,0,0,0,0,0,BRA040
4518,30,0,0,,0,,0,0,0,0,0,BRA032
4519,30,0,0,,0,,0,0,0,0,0,BRA015
4519,30,0,0,,0,,0,0,0,0,0,BRA017
4520,30,0,0,,0,,0,0,0,0,0,BRA005
4520,30,0,0,,0,,0,0,0,0,0,BRA021
4521,30,0,0,,0,,0,0,0,0,0,BRA007
4521,30,0,0,,0,,0,0,0,0,0,BRA042
4522,30,0,0,,0,,0,0,0,0,0,BRA024
4522,30,0,0,,0,,0,0,0,0,0,BRA003
4523,30,0,0,,0,,0,0,0,0,0,BRA028
4523,30,0,0,,0,,0,0,0,0,0,BRA025
4524,30,0,0,,0,,0,0,0,0,0,BRA044
4524,30,0,0,,0,,0,0,0,0,0,BRA009
4525,30,0,0,,0,,0,0,0,0,0,BRA016
4525,30,0,0,,0,,0,0,0,0,0,BRA018
4526,30,0,0,,0,,0,0,0,0,0,BRA037
4526,30,0,0,,0,,0,0,0,0,0,BRA045
4527,31,0,0,,0,,0,0,0,0,0,BRA009
4527,31,0,0,,0,,0,0,0,0,0,BRA005
4528,31,0,0,,0,,0,0,0,0,0,BRA017
4528,31,0,0,,0,,0,0,0,0,0,BRA018
4529,31,0,0,,0,,0,0,0,0,0,BRA003
4529,31,0,0,,0,,0,0,0,0,0,BRA007
4530,31,0,0,,0,,0,0,0,0,0,BRA015
4530,31,0,0,,0,,0,0,0,0,0,BRA040
4531,31,0,0,,0,,0,0,0,0,0,BRA042
4531,31,0,0,,0,,0,0,0,0,0,BRA028
4532,31,0,0,,0,,0,0,0,0,0,BRA044
4532,31,0,0,,0,,0,0,0,0,0,BRA036
4533,31,0,0,,0,,0,0,0,0,0,BRA037
4533,31,0,0,,0,,0,0,0,0,0,BRA021
4534,31,0,0,,0,,0,0,0,0,0,BRA025
4534,31,0,0,,0,,0,0,0,0,0,BRA016
4535,31,0,0,,0,,0,0,0,0,0,BRA045
4535,31,0,0,,0,,0,0,0,0,0,BRA022
4536,31,0,0,,0,,0,0,0,0,0,BRA024
4536,31,0,0,,0,,0,0,0,0,0,BRA032
4537,32,0,0,,0,,0,0,0,0,0,BRA037
4537,32,0,0,,0,,0,0,0,0,0,BRA042
4538,32,0,0,,0,,0,0,0,0,0,BRA016
4538,32,0,0,,0,,0,0,0,0,0,BRA044
4539,32,0,0,,0,,0,0,0,0,0,BRA005
4539,32,0,0,,0,,0,0,0,0,0,BRA032
4540,32,0,0,,0,,0,0,0,0,0,BRA009
4540,32,0,0,,0,,0,0,0,0,0,BRA024
4541,32,0,0,,0,,0,0,0,0,0,BRA007
4541,32,0,0,,0,,0,0,0,0,0,BRA025
4542,32,0,0,,0,,0,0,0,0,0,BRA040
4542,32,0,0,,0,,0,0,0,0,0,BRA018
4543,32,0,0,,0,,0,0,0,0,0,BRA045
4543,32,0,0,,0,,0,0,0,0,0,BRA015
4544,32,0,0,,0,,0,0,0,0,0,BRA003
4544,32,0,0,,0,,0,0,0,0,0,BRA028
4545,32,0,0,,0,,0,0,0,0,0,BRA036
4545,32,0,0,,0,,0,0,0,0,0,BRA017
4546,32,0,0,,0,,0,0,0,0,0,BRA022
4546,32,0,0,,0,,0,0,0,0,0,BRA021
4547,33,0,0,,0,,0,0,0,0,0,BRA007
4547,33,0,0,,0,,0,0,0,0,0,BRA005
4548,33,0,0,,0,,0,0,0,0,0,BRA037
4548,33,0,0,,0,,0,0,0,0,0,BRA016
4549,33,0,0,,0,,0,0,0,0,0,BRA024
4549,33,0,0,,0,,0,0,0,0,0,BRA021
4550,33,0,0,,0,,0,0,0,0,0,BRA042
4550,33,0,0,,0,,0,0,0,0,0,BRA003
4551,33,0,0,,0,,0,0,0,0,0,BRA025
4551,33,0,0,,0,,0,0,0,0,0,BRA018
4552,33,0,0,,0,,0,0,0,0,0,BRA009
4552,33,0,0,,0,,0,0,0,0,0,BRA028
4553,33,0,0,,0,,0,0,0,0,0,BRA036
4553,33,0,0,,0,,0,0,0,0,0,BRA045
4554,33,0,0,,0,,0,0,0,0,0,BRA015
4554,33,0,0,,0,,0,0,0,0,0,BRA022
4555,33,0,0,,0,,0,0,0,0,0,BRA017
4555,33,0,0,,0,,0,0,0,0,0,BRA032
4556,33,0,0,,0,,0,0,0,0,0,BRA040
4556,33,0,0,,0,,0,0,0,0,0,BRA044
4557,34,0,0,,0,,0,0,0,0,0,BRA036
4557,34,0,0,,0,,0,0,0,0,0,BRA024
4558,34,0,0,,0,,0,0,0,0,0,BRA044
4558,34,0,0,,0,,0,0,0,0,0,BRA025
4559,34,0,0,,0,,0,0,0,0,0,BRA037
4559,34,0,0,,0,,0,0,0,0,0,BRA009
4560,34,0,0,,0,,0,0,0,0,0,BRA003
4560,34,0,0,,0,,0,0,0,0,0,BRA017
4561,34,0,0,,0,,0,0,0,0,0,BRA016
4561,34,0,0,,0,,0,0,0,0,0,BRA015
4562,34,0,0,,0,,0,0,0,0,0,BRA021
4562,34,0,0,,0,,0,0,0,0,0,BRA042
4563,34,0,0,,0,,0,0,0,0,0,BRA045
4563,34,0,0,,0,,0,0,0,0,0,BRA018
4564,34,0,0,,0,,0,0,0,0,0,BRA040
4564,34,0,0,,0,,0,0,0,0,0,BRA007
4565,34,0,0,,0,,0,0,0,0,0,BRA005
4565,34,0,0,,0,,0,0,0,0,0,BRA028
4566,34,0,0,,0,,0,0,0,0,0,BRA022
4566,34,0,0,,0,,0,0,0,0,0,BRA032
4567,35,0,0,,0,,0,0,0,0,0,BRA009
4567,35,0,0,,0,,0,0,0,0,0,BRA003
4568,35,0,0,,0,,0,0,0,0,0,BRA017
4568,35,0,0,,0,,0,0,0,0,0,BRA016
4569,35,0,0,,0,,0,0,0,0,0,BRA044
4569,35,0,0,,0,,0,0,0,0,0,BRA015
4570,35,0,0,,0,,0,0,0,0,0,BRA036
4570,35,0,0,,0,,0,0,0,0,0,BRA018
4571,35,0,0,,0,,0,0,0,0,0,BRA042
4571,35,0,0,,0,,0,0,0,0,0,BRA022
4572,35,0,0,,0,,0,0,0,0,0,BRA045
4572,35,0,0,,0,,0,0,0,0,0,BRA040
4573,35,0,0,,0,,0,0,0,0,0,BRA024
4573,35,0,0,,0,,0,0,0,0,0,BRA028
4574,35,0,0,,0,,0,0,0,0,0,BRA025
4574,35,0,0,,0,,0,0,0,0,0,BRA021
4575,35,0,0,,0,,0,0,0,0,0,BRA007
4575,35,0,0,,0,,0,0,0,0,0,BRA032
4576,35,0,0,,0,,0,0,0,0,0,BRA037
4576,35,0,0,,0,,0,0,0,0,0,BRA005
4577,36,0,0,,0,,0,0,0,0,0,BRA045
4577,36,0,0,,0,,0,0,0,0,0,BRA017
4578,36,0,0,,0,,0,0,0,0,0,BRA018
4578,36,0,0,,0,,0,0,0,0,0,BRA044
4579,36,0,0,,0,,0,0,0,0,0,BRA005
4579,36,0,0,,0,,0,0,0,0,0,BRA024
4580,36,0,0,,0,,0,0,0,0,0,BRA003
4580,36,0,0,,0,,0,0,0,0,0,BRA032
4581,36,0,0,,0,,0,0,0,0,0,BRA021
4581,36,0,0,,0,,0,0,0,0,0,BRA015
4582,36,0,0,,0,,0,0,0,0,0,BRA036
4582,36,0,0,,0,,0,0,0,0,0,BRA025
4583,36,0,0,,0,,0,0,0,0,0,BRA022
4583,36,0,0,,0,,0,0,0,0,0,BRA040
4584,36,0,0,,0,,0,0,0,0,0,BRA007
4584,36,0,0,,0,,0,0,0,0,0,BRA037
4585,36,0,0,,0,,0,0,0,0,0,BRA016
4585,36,0,0,,0,,0,0,0,0,0,BRA028
4586,36,0,0,,0,,0,0,0,0,0,BRA009
4586,36,0,0,,0,,0,0,0,0,0,BRA042
4587,37,0,0,,0,,0,0,0,0,0,BRA022
4587,37,0,0,,0,,0,0,0,0,0,BRA005
4588,37,0,0,,0,,0,0,0,0,0,BRA015
4588,37,0,0,,0,,0,0,0,0,0,BRA028
4589,37,0,0,,0,,0,0,0,0,0,BRA009
4589,37,0,0,,0,,0,0,0,0,0,BRA016
4590,37,0,0,,0,,0,0,0,0,0,BRA042
4590,37,0,0,,0,,0,0,0,0,0,BRA017
4591,37,0,0,,0,,0,0,0,0,0,BRA007
4591,37,0,0,,0,,0,0,0,0,0,BRA018
4592,37,0,0,,0,,0,0,0,0,0,BRA036
4592,37,0,0,,0,,0,0,0,0,0,BRA037
4593,37,0,0,,0,,0,0,0,0,0,BRA044
4593,37,0,0,,0,,0,0,0,0,0,BRA032
4594,37,0,0,,0,,0,0,0,0,0,BRA045
4594,37,0,0,,0,,0,0,0,0,0,BRA021
4595,37,0,0,,0,,0,0,0,0,0,BRA025
4595,37,0,0,,0,,0,0,0,0,0,BRA024
4596,37,0,0,,0,,0,0,0,0,0,BRA003
4596,37,0,0,,0,,0,0,0,0,0,BRA040
4597,38,0,0,,0,,0,0,0,0,0,BRA018
4597,38,0,0,,0,,0,0,0,0,0,BRA021
4598,38,0,0,,0,,0,0,0,0,0,BRA032
4598,38,0,0,,0,,0,0,0,0,0,BRA015
4599,38,0,0,,0,,0,0,0,0,0,BRA045
4599,38,0,0,,0,,0,0,0,0,0,BRA005
4600,38,0,0,,0,,0,0,0,0,0,BRA003
4600,38,0,0,,0,,0,0,0,0,0,BRA044
4601,38,0,0,,0,,0,0,0,0,0,BRA022
4601,38,0,0,,0,,0,0,0,0,0,BRA007
4602,38,0,0,,0,,0,0,0,0,0,BRA009
4602,38,0,0,,0,,0,0,0,0,0,BRA017
4603,38,0,0,,0,,0,0,0,0,0,BRA040
4603,38,0,0,,0,,0,0,0,0,0,BRA024
4604,38,0,0,,0,,0,0,0,0,0,BRA028
4604,38,0,0,,0,,0,0,0,0,0,BRA036
4605,38,0,0,,0,,0,0,0,0,0,BRA037
4605,38,0,0,,0,,0,0,0,0,0,BRA025
4606,38,0,0,,0,,0,0,0,0,0,BRA016
4606,38,0,0,,0,,0,0,0,0,0,BRA042
4607,1,0,0,,0,,0,0,0,0,0,BRA022
4607,1,0,0,,0,,0,0,0,0,0,BRA020
4608,1,0,0,,0,,0,0,0,0,0,BRA045
4608,1,0,0,,0,,0,0,0,0,0,BRA028
4609,1,0,0,,0,,0,0,0,0,0,BRA014
4609,1,0,0,,0,,0,0,0,0,0,BRA016
4612,1,0,0,,0,,0,0,0,0,0,BRA007
4612,1,0,0,,0,,0,0,0,0,0,BRA018
4611,1,0,0,,0,,0,0,0,0,0,BRA009
4611,1,0,0,,0,,0,0,0,0,0,BRA042
4610,1,0,0,,0,,0,0,0,0,0,BRA025
4610,1,0,0,,0,,0,0,0,0,0,BRA003
4613,1,0,0,,0,,0,0,0,0,0,BRA015
4613,1,0,0,,0,,0,0,0,0,0,BRA005
4614,1,0,0,,0,,0,0,0,0,0,BRA024
4614,1,0,0,,0,,0,0,0,0,0,BRA021
4615,1,0,0,,0,,0,0,0,0,0,BRA043
4615,1,0,0,,0,,0,0,0,0,0,BRA040
4616,1,0,0,,0,,0,0,0,0,0,BRA033
4616,1,0,0,,0,,0,0,0,0,0,BRA017
4617,2,0,0,,0,,0,0,0,0,0,BRA016
4617,2,0,0,,0,,0,0,0,0,0,BRA040
4618,2,0,0,,0,,0,0,0,0,0,BRA022
4618,2,0,0,,0,,0,0,0,0,0,BRA033
4620,2,0,0,,0,,0,0,0,0,0,BRA003
4620,2,0,0,,0,,0,0,0,0,0,BRA045
4622,2,0,0,,0,,0,0,0,0,0,BRA042
4622,2,0,0,,0,,0,0,0,0,0,BRA018
4619,2,0,0,,0,,0,0,0,0,0,BRA028
4619,2,0,0,,0,,0,0,0,0,0,BRA009
4621,2,0,0,,0,,0,0,0,0,0,BRA021
4621,2,0,0,,0,,0,0,0,0,0,BRA015
4626,2,0,0,,0,,0,0,0,0,0,BRA014
4626,2,0,0,,0,,0,0,0,0,0,BRA043
4623,2,0,0,,0,,0,0,0,0,0,BRA020
4623,2,0,0,,0,,0,0,0,0,0,BRA007
4624,2,0,0,,0,,0,0,0,0,0,BRA005
4624,2,0,0,,0,,0,0,0,0,0,BRA025
4625,2,0,0,,0,,0,0,0,0,0,BRA017
4625,2,0,0,,0,,0,0,0,0,0,BRA024
4628,3,0,0,,0,,0,0,0,0,0,BRA018
4628,3,0,0,,0,,0,0,0,0,0,BRA003
4627,3,0,0,,0,,0,0,0,0,0,BRA025
4627,3,0,0,,0,,0,0,0,0,0,BRA040
4629,3,0,0,,0,,0,0,0,0,0,BRA042
4629,3,0,0,,0,,0,0,0,0,0,BRA016
4630,3,0,0,,0,,0,0,0,0,0,BRA022
4630,3,0,0,,0,,0,0,0,0,0,BRA045
4631,3,0,0,,0,,0,0,0,0,0,BRA017
4631,3,0,0,,0,,0,0,0,0,0,BRA020
4634,3,0,0,,0,,0,0,0,0,0,BRA021
4634,3,0,0,,0,,0,0,0,0,0,BRA033
4633,3,0,0,,0,,0,0,0,0,0,BRA007
4633,3,0,0,,0,,0,0,0,0,0,BRA009
4632,3,0,0,,0,,0,0,0,0,0,BRA028
4632,3,0,0,,0,,0,0,0,0,0,BRA043
4635,3,0,0,,0,,0,0,0,0,0,BRA014
4635,3,0,0,,0,,0,0,0,0,0,BRA015
4636,3,0,0,,0,,0,0,0,0,0,BRA024
4636,3,0,0,,0,,0,0,0,0,0,BRA005
4638,4,0,0,,0,,0,0,0,0,0,BRA024
4638,4,0,0,,0,,0,0,0,0,0,BRA033
4637,4,0,0,,0,,0,0,0,0,0,BRA003
4637,4,0,0,,0,,0,0,0,0,0,BRA028
4639,4,0,0,,0,,0,0,0,0,0,BRA009
4639,4,0,0,,0,,0,0,0,0,0,BRA017
4642,4,0,0,,0,,0,0,0,0,0,BRA018
4642,4,0,0,,0,,0,0,0,0,0,BRA005
4640,4,0,0,,0,,0,0,0,0,0,BRA014
4640,4,0,0,,0,,0,0,0,0,0,BRA025
4641,4,0,0,,0,,0,0,0,0,0,BRA022
4641,4,0,0,,0,,0,0,0,0,0,BRA021
4643,4,0,0,,0,,0,0,0,0,0,BRA042
4643,4,0,0,,0,,0,0,0,0,0,BRA015
4644,4,0,0,,0,,0,0,0,0,0,BRA020
4644,4,0,0,,0,,0,0,0,0,0,BRA040
4645,4,0,0,,0,,0,0,0,0,0,BRA016
4645,4,0,0,,0,,0,0,0,0,0,BRA043
4646,4,0,0,,0,,0,0,0,0,0,BRA045
4646,4,0,0,,0,,0,0,0,0,0,BRA007
4647,5,0,0,,0,,0,0,0,0,0,BRA009
4647,5,0,0,,0,,0,0,0,0,0,BRA024
4648,5,0,0,,0,,0,0,0,0,0,BRA018
4648,5,0,0,,0,,0,0,0,0,0,BRA016
4651,5,0,0,,0,,0,0,0,0,0,BRA021
4651,5,0,0,,0,,0,0,0,0,0,BRA042
4649,5,0,0,,0,,0,0,0,0,0,BRA025
4649,5,0,0,,0,,0,0,0,0,0,BRA022
4650,5,0,0,,0,,0,0,0,0,0,BRA020
4650,5,0,0,,0,,0,0,0,0,0,BRA015
4652,5,0,0,,0,,0,0,0,0,0,BRA014
4652,5,0,0,,0,,0,0,0,0,0,BRA003
4654,5,0,0,,0,,0,0,0,0,0,BRA028
4654,5,0,0,,0,,0,0,0,0,0,BRA017
4653,5,0,0,,0,,0,0,0,0,0,BRA033
4653,5,0,0,,0,,0,0,0,0,0,BRA045
4655,5,0,0,,0,,0,0,0,0,0,BRA005
4655,5,0,0,,0,,0,0,0,0,0,BRA040
4658,6,0,0,,0,,0,0,0,0,0,BRA021
4658,6,0,0,,0,,0,0,0,0,0,BRA007
4657,6,0,0,,0,,0,0,0,0,0,BRA016
4657,6,0,0,,0,,0,0,0,0,0,BRA028
4659,6,0,0,,0,,0,0,0,0,0,BRA018
4659,6,0,0,,0,,0,0,0,0,0,BRA043
4660,6,0,0,,0,,0,0,0,0,0,BRA017
4660,6,0,0,,0,,0,0,0,0,0,BRA014
4662,6,0,0,,0,,0,0,0,0,0,BRA042
4662,6,0,0,,0,,0,0,0,0,0,BRA022
4663,6,0,0,,0,,0,0,0,0,0,BRA025
4663,6,0,0,,0,,0,0,0,0,0,BRA009
4661,6,0,0,,0,,0,0,0,0,0,BRA015
4661,6,0,0,,0,,0,0,0,0,0,BRA003
4665,6,0,0,,0,,0,0,0,0,0,BRA024
4665,6,0,0,,0,,0,0,0,0,0,BRA040
4664,6,0,0,,0,,0,0,0,0,0,BRA020
4664,6,0,0,,0,,0,0,0,0,0,BRA033
4666,6,0,0,,0,,0,0,0,0,0,BRA045
4666,6,0,0,,0,,0,0,0,0,0,BRA005
4667,7,0,0,,0,,0,0,0,0,0,BRA007
4667,7,0,0,,0,,0,0,0,0,0,BRA022
4668,7,0,0,,0,,0,0,0,0,0,BRA025
4668,7,0,0,,0,,0,0,0,0,0,BRA042
4671,7,0,0,,0,,0,0,0,0,0,BRA043
4671,7,0,0,,0,,0,0,0,0,0,BRA015
4672,7,0,0,,0,,0,0,0,0,0,BRA016
4672,7,0,0,,0,,0,0,0,0,0,BRA003
4670,7,0,0,,0,,0,0,0,0,0,BRA020
4670,7,0,0,,0,,0,0,0,0,0,BRA024
4669,7,0,0,,0,,0,0,0,0,0,BRA040
4669,7,0,0,,0,,0,0,0,0,0,BRA021
4673,7,0,0,,0,,0,0,0,0,0,BRA028
4673,7,0,0,,0,,0,0,0,0,0,BRA018
4674,7,0,0,,0,,0,0,0,0,0,BRA045
4674,7,0,0,,0,,0,0,0,0,0,BRA009
4675,7,0,0,,0,,0,0,0,0,0,BRA014
4675,7,0,0,,0,,0,0,0,0,0,BRA033
4676,7,0,0,,0,,0,0,0,0,0,BRA005
4676,7,0,0,,0,,0,0,0,0,0,BRA017
4679,8,0,0,,0,,0,0,0,0,0,BRA043
4679,8,0,0,,0,,0,0,0,0,0,BRA025
4677,8,0,0,,0,,0,0,0,0,0,BRA017
4677,8,0,0,,0,,0,0,0,0,0,BRA016
4678,8,0,0,,0,,0,0,0,0,0,BRA009
4678,8,0,0,,0,,0,0,0,0,0,BRA033
4680,8,0,0,,0,,0,0,0,0,0,BRA028
4680,8,0,0,,0,,0,0,0,0,0,BRA014
4681,8,0,0,,0,,0,0,0,0,0,BRA024
4681,8,0,0,,0,,0,0,0,0,0,BRA045
4682,8,0,0,,0,,0,0,0,0,0,BRA015
4682,8,0,0,,0,,0,0,0,0,0,BRA018
4684,8,0,0,,0,,0,0,0,0,0,BRA022
4684,8,0,0,,0,,0,0,0,0,0,BRA005
4683,8,0,0,,0,,0,0,0,0,0,BRA042
4683,8,0,0,,0,,0,0,0,0,0,BRA003
4685,8,0,0,,0,,0,0,0,0,0,BRA020
4685,8,0,0,,0,,0,0,0,0,0,BRA021
4686,8,0,0,,0,,0,0,0,0,0,BRA040
4686,8,0,0,,0,,0,0,0,0,0,BRA007
4687,9,0,0,,0,,0,0,0,0,0,BRA016
4687,9,0,0,,0,,0,0,0,0,0,BRA024
4688,9,0,0,,0,,0,0,0,0,0,BRA005
4688,9,0,0,,0,,0,0,0,0,0,BRA042
4689,9,0,0,,0,,0,0,0,0,0,BRA045
4689,9,0,0,,0,,0,0,0,0,0,BRA043
4690,9,0,0,,0,,0,0,0,0,0,BRA033
4690,9,0,0,,0,,0,0,0,0,0,BRA025
4691,9,0,0,,0,,0,0,0,0,0,BRA014
4691,9,0,0,,0,,0,0,0,0,0,BRA007
4692,9,0,0,,0,,0,0,0,0,0,BRA021
4692,9,0,0,,0,,0,0,0,0,0,BRA018
4694,9,0,0,,0,,0,0,0,0,0,BRA040
4694,9,0,0,,0,,0,0,0,0,0,BRA017
4693,9,0,0,,0,,0,0,0,0,0,BRA022
4693,9,0,0,,0,,0,0,0,0,0,BRA028
4695,9,0,0,,0,,0,0,0,0,0,BRA003
4695,9,0,0,,0,,0,0,0,0,0,BRA020
4697,28,0,0,,0,,0,0,0,0,0,BRA015
4697,28,0,0,,0,,0,0,0,0,0,BRA009
4656,5,0,0,,0,,0,0,0,0,0,BRA007
4656,5,0,0,,0,,0,0,0,0,0,BRA043
4707,10,0,0,,0,,0,0,0,0,0,BRA025
4707,10,0,0,,0,,0,0,0,0,0,BRA024
4709,10,0,0,,0,,0,0,0,0,0,BRA043
4709,10,0,0,,0,,0,0,0,0,0,BRA009
4708,10,0,0,,0,,0,0,0,0,0,BRA016
4708,10,0,0,,0,,0,0,0,0,0,BRA020
4712,10,0,0,,0,,0,0,0,0,0,BRA003
4712,10,0,0,,0,,0,0,0,0,0,BRA021
4711,10,0,0,,0,,0,0,0,0,0,BRA007
4711,10,0,0,,0,,0,0,0,0,0,BRA042
4710,10,0,0,,0,,0,0,0,0,0,BRA022
4710,10,0,0,,0,,0,0,0,0,0,BRA017
4714,10,0,0,,0,,0,0,0,0,0,BRA040
4714,10,0,0,,0,,0,0,0,0,0,BRA033
4713,10,0,0,,0,,0,0,0,0,0,BRA028
4713,10,0,0,,0,,0,0,0,0,0,BRA015
4715,10,0,0,,0,,0,0,0,0,0,BRA045
4715,10,0,0,,0,,0,0,0,0,0,BRA018
4717,11,0,0,,0,,0,0,0,0,0,BRA042
4717,11,0,0,,0,,0,0,0,0,0,BRA014
4718,11,0,0,,0,,0,0,0,0,0,BRA025
4718,11,0,0,,0,,0,0,0,0,0,BRA020
4719,11,0,0,,0,,0,0,0,0,0,BRA007
4719,11,0,0,,0,,0,0,0,0,0,BRA005
4720,11,0,0,,0,,0,0,0,0,0,BRA009
4720,11,0,0,,0,,0,0,0,0,0,BRA016
4722,11,0,0,,0,,0,0,0,0,0,BRA018
4722,11,0,0,,0,,0,0,0,0,0,BRA033
4721,11,0,0,,0,,0,0,0,0,0,BRA028
4721,11,0,0,,0,,0,0,0,0,0,BRA021
4723,11,0,0,,0,,0,0,0,0,0,BRA015
4723,11,0,0,,0,,0,0,0,0,0,BRA045
4724,11,0,0,,0,,0,0,0,0,0,BRA017
4724,11,0,0,,0,,0,0,0,0,0,BRA003
4726,11,0,0,,0,,0,0,0,0,0,BRA043
4726,11,0,0,,0,,0,0,0,0,0,BRA024
4725,11,0,0,,0,,0,0,0,0,0,BRA022
4725,11,0,0,,0,,0,0,0,0,0,BRA040
4728,12,0,0,,0,,0,0,0,0,0,BRA018
4728,12,0,0,,0,,0,0,0,0,0,BRA020
4727,12,0,0,,0,,0,0,0,0,0,BRA040
4727,12,0,0,,0,,0,0,0,0,0,BRA014
4729,12,0,0,,0,,0,0,0,0,0,BRA045
4729,12,0,0,,0,,0,0,0,0,0,BRA017
4730,12,0,0,,0,,0,0,0,0,0,BRA028
4730,12,0,0,,0,,0,0,0,0,0,BRA007
4734,12,0,0,,0,,0,0,0,0,0,BRA005
4734,12,0,0,,0,,0,0,0,0,0,BRA043
4731,12,0,0,,0,,0,0,0,0,0,BRA024
4731,12,0,0,,0,,0,0,0,0,0,BRA042
4733,12,0,0,,0,,0,0,0,0,0,BRA033
4733,12,0,0,,0,,0,0,0,0,0,BRA015
4732,12,0,0,,0,,0,0,0,0,0,BRA003
4732,12,0,0,,0,,0,0,0,0,0,BRA022
4736,12,0,0,,0,,0,0,0,0,0,BRA016
4736,12,0,0,,0,,0,0,0,0,0,BRA025
4735,12,0,0,,0,,0,0,0,0,0,BRA021
4735,12,0,0,,0,,0,0,0,0,0,BRA009
4737,13,0,0,,0,,0,0,0,0,0,BRA009
4737,13,0,0,,0,,0,0,0,0,0,BRA018
4738,13,0,0,,0,,0,0,0,0,0,BRA042
4738,13,0,0,,0,,0,0,0,0,0,BRA017
4739,13,0,0,,0,,0,0,0,0,0,BRA025
4739,13,0,0,,0,,0,0,0,0,0,BRA045
4740,13,0,0,,0,,0,0,0,0,0,BRA033
4740,13,0,0,,0,,0,0,0,0,0,BRA007
4741,13,15,0,35%,280,,19,4,0,0,8,BRA014
4741,13,9,0,65%,509,,13,1,0,1,5,BRA021
4743,13,0,0,,0,,0,0,0,0,0,BRA043
4743,13,0,0,,0,,0,0,0,0,0,BRA020
4742,13,0,0,,0,,0,0,0,0,0,BRA015
4742,13,0,0,,0,,0,0,0,0,0,BRA016
4745,13,0,0,,0,,0,0,0,0,0,BRA024
4745,13,0,0,,0,,0,0,0,0,0,BRA022
4744,13,0,0,,0,,0,0,0,0,0,BRA040
4744,13,0,0,,0,,0,0,0,0,0,BRA028
4746,13,0,0,,0,,0,0,0,0,0,BRA003
4746,13,0,0,,0,,0,0,0,0,0,BRA005
4716,10,0,0,,0,,0,0,0,0,0,BRA005
4716,10,0,0,,0,,0,0,0,0,0,BRA014
4747,14,0,0,,0,,0,0,0,0,0,BRA018
4747,14,0,0,,0,,0,0,0,0,0,BRA017
4748,14,0,0,,0,,0,0,0,0,0,BRA007
4748,14,0,0,,0,,0,0,0,0,0,BRA024
4749,14,0,0,,0,,0,0,0,0,0,BRA022
4749,14,0,0,,0,,0,0,0,0,0,BRA016
4750,14,0,0,,0,,0,0,0,0,0,BRA021
4750,14,0,0,,0,,0,0,0,0,0,BRA043
4752,14,0,0,,0,,0,0,0,0,0,BRA003
4752,14,0,0,,0,,0,0,0,0,0,BRA009
4751,14,0,0,,0,,0,0,0,0,0,BRA040
4751,14,0,0,,0,,0,0,0,0,0,BRA015
4753,14,0,0,,0,,0,0,0,0,0,BRA028
4753,14,0,0,,0,,0,0,0,0,0,BRA025
4754,14,0,0,,0,,0,0,0,0,0,BRA005
4754,14,0,0,,0,,0,0,0,0,0,BRA033
4755,14,0,0,,0,,0,0,0,0,0,BRA020
4755,14,0,0,,0,,0,0,0,0,0,BRA014
4756,14,0,0,,0,,0,0,0,0,0,BRA045
4756,14,0,0,,0,,0,0,0,0,0,BRA042
4757,15,0,0,,0,,0,0,0,0,0,BRA024
4757,15,0,0,,0,,0,0,0,0,0,BRA028
4758,15,0,0,,0,,0,0,0,0,0,BRA007
4758,15,0,0,,0,,0,0,0,0,0,BRA015
4761,15,0,0,,0,,0,0,0,0,0,BRA025
4761,15,0,0,,0,,0,0,0,0,0,BRA017
4759,15,0,0,,0,,0,0,0,0,0,BRA016
4759,15,0,0,,0,,0,0,0,0,0,BRA021
4762,15,0,0,,0,,0,0,0,0,0,BRA018
4762,15,0,0,,0,,0,0,0,0,0,BRA040
4760,15,0,0,,0,,0,0,0,0,0,BRA033
4760,15,0,0,,0,,0,0,0,0,0,BRA042
4763,15,0,0,,0,,0,0,0,0,0,BRA014
4763,15,0,0,,0,,0,0,0,0,0,BRA045
4764,15,0,0,,0,,0,0,0,0,0,BRA009
4764,15,0,0,,0,,0,0,0,0,0,BRA022
4766,15,0,0,,0,,0,0,0,0,0,BRA020
4766,15,0,0,,0,,0,0,0,0,0,BRA005
4765,15,0,0,,0,,0,0,0,0,0,BRA043
4765,15,0,0,,0,,0,0,0,0,0,BRA003
4767,16,0,0,,0,,0,0,0,0,0,BRA033
4767,16,0,0,,0,,0,0,0,0,0,BRA043
4768,16,0,0,,0,,0,0,0,0,0,BRA020
4768,16,0,0,,0,,0,0,0,0,0,BRA009
4769,16,0,0,,0,,0,0,0,0,0,BRA003
4769,16,0,0,,0,,0,0,0,0,0,BRA040
4770,16,0,0,,0,,0,0,0,0,0,BRA045
4770,16,0,0,,0,,0,0,0,0,0,BRA016
4771,16,0,0,,0,,0,0,0,0,0,BRA017
4771,16,0,0,,0,,0,0,0,0,0,BRA007
4772,16,0,0,,0,,0,0,0,0,0,BRA022
4772,16,0,0,,0,,0,0,0,0,0,BRA014
4773,16,0,0,,0,,0,0,0,0,0,BRA005
4773,16,0,0,,0,,0,0,0,0,0,BRA021
4774,16,0,0,,0,,0,0,0,0,0,BRA042
4774,16,0,0,,0,,0,0,0,0,0,BRA028
4775,16,0,0,,0,,0,0,0,0,0,BRA015
4775,16,0,0,,0,,0,0,0,0,0,BRA024
4776,16,0,0,,0,,0,0,0,0,0,BRA018
4776,16,0,0,,0,,0,0,0,0,0,BRA025
4777,17,0,0,,0,,0,0,0,0,0,BRA005
4777,17,0,0,,0,,0,0,0,0,0,BRA028
4778,17,0,0,,0,,0,0,0,0,0,BRA014
4778,17,0,0,,0,,0,0,0,0,0,BRA009
4779,17,0,0,,0,,0,0,0,0,0,BRA033
4779,17,0,0,,0,,0,0,0,0,0,BRA016
4780,17,0,0,,0,,0,0,0,0,0,BRA015
4780,17,0,0,,0,,0,0,0,0,0,BRA025
4781,17,0,0,,0,,0,0,0,0,0,BRA017
4781,17,0,0,,0,,0,0,0,0,0,BRA021
4782,17,0,0,,0,,0,0,0,0,0,BRA045
4782,17,0,0,,0,,0,0,0,0,0,BRA020
4783,17,0,0,,0,,0,0,0,0,0,BRA042
4783,17,0,0,,0,,0,0,0,0,0,BRA040
4784,17,0,0,,0,,0,0,0,0,0,BRA043
4784,17,0,0,,0,,0,0,0,0,0,BRA022
4786,17,0,0,,0,,0,0,0,0,0,BRA007
4786,17,0,0,,0,,0,0,0,0,0,BRA003
4785,17,0,0,,0,,0,0,0,0,0,BRA024
4785,17,0,0,,0,,0,0,0,0,0,BRA018
4788,18,0,0,,0,,0,0,0,0,0,BRA018
4788,18,0,0,,0,,0,0,0,0,0,BRA014
4787,18,0,0,,0,,0,0,0,0,0,BRA028
4787,18,0,0,,0,,0,0,0,0,0,BRA033
4791,18,0,0,,0,,0,0,0,0,0,BRA017
4791,18,0,0,,0,,0,0,0,0,0,BRA043
4790,18,0,0,,0,,0,0,0,0,0,BRA016
4790,18,0,0,,0,,0,0,0,0,0,BRA005
4793,18,0,0,,0,,0,0,0,0,0,BRA009
4793,18,0,0,,0,,0,0,0,0,0,BRA040
4789,18,0,0,,0,,0,0,0,0,0,BRA022
4789,18,0,0,,0,,0,0,0,0,0,BRA015
4792,18,0,0,,0,,0,0,0,0,0,BRA042
4792,18,0,0,,0,,0,0,0,0,0,BRA020
4794,18,0,0,,0,,0,0,0,0,0,BRA007
4794,18,0,0,,0,,0,0,0,0,0,BRA025
4795,18,0,0,,0,,0,0,0,0,0,BRA024
4795,18,0,0,,0,,0,0,0,0,0,BRA003
4796,18,0,0,,0,,0,0,0,0,0,BRA045
4796,18,0,0,,0,,0,0,0,0,0,BRA021
4798,19,0,0,,0,,0,0,0,0,0,BRA021
4798,19,0,0,,0,,0,0,0,0,0,BRA025
4797,19,0,0,,0,,0,0,0,0,0,BRA045
4797,19,0,0,,0,,0,0,0,0,0,BRA040
4799,19,0,0,,0,,0,0,0,0,0,BRA014
4799,19,0,0,,0,,0,0,0,0,0,BRA024
4801,19,0,0,,0,,0,0,0,0,0,BRA015
4801,19,0,0,,0,,0,0,0,0,0,BRA017
4802,19,0,0,,0,,0,0,0,0,0,BRA009
4802,19,0,0,,0,,0,0,0,0,0,BRA005
4800,19,0,0,,0,,0,0,0,0,0,BRA043
4800,19,0,0,,0,,0,0,0,0,0,BRA042
4803,19,0,0,,0,,0,0,0,0,0,BRA018
4803,19,0,0,,0,,0,0,0,0,0,BRA022
4804,19,0,0,,0,,0,0,0,0,0,BRA007
4804,19,0,0,,0,,0,0,0,0,0,BRA016
4805,19,0,0,,0,,0,0,0,0,0,BRA033
4805,19,0,0,,0,,0,0,0,0,0,BRA003
4806,19,0,0,,0,,0,0,0,0,0,BRA028
4806,19,0,0,,0,,0,0,0,0,0,BRA020
4807,20,0,0,,0,,0,0,0,0,0,BRA025
4807,20,0,0,,0,,0,0,0,0,0,BRA003
4808,20,10,0,56%,471,,17,3,0,1,6,BRA017
4808,20,10,0,44%,384,,18,4,0,1,5,BRA033
4809,20,0,0,,0,,0,0,0,0,0,BRA022
4809,20,0,0,,0,,0,0,0,0,0,BRA020
4810,20,0,0,,0,,0,0,0,0,0,BRA040
4810,20,0,0,,0,,0,0,0,0,0,BRA043
4811,20,0,0,,0,,0,0,0,0,0,BRA016
4811,20,0,0,,0,,0,0,0,0,0,BRA014
4812,20,0,0,,0,,0,0,0,0,0,BRA024
4812,20,0,0,,0,,0,0,0,0,0,BRA021
4813,20,0,0,,0,,0,0,0,0,0,BRA009
4813,20,0,0,,0,,0,0,0,0,0,BRA042
4814,20,0,0,,0,,0,0,0,0,0,BRA045
4814,20,0,0,,0,,0,0,0,0,0,BRA028
4815,20,0,0,,0,,0,0,0,0,0,BRA015
4815,20,0,0,,0,,0,0,0,0,0,BRA005
4816,20,0,0,,0,,0,0,0,0,0,BRA018
4816,20,0,0,,0,,0,0,0,0,0,BRA007
4817,21,0,0,,0,,0,0,0,0,0,BRA033
4817,21,0,0,,0,,0,0,0,0,0,BRA022
4818,21,0,0,,0,,0,0,0,0,0,BRA014
4818,21,0,0,,0,,0,0,0,0,0,BRA043
4819,21,0,0,,0,,0,0,0,0,0,BRA040
4819,21,0,0,,0,,0,0,0,0,0,BRA016
4820,21,0,0,,0,,0,0,0,0,0,BRA020
4820,21,0,0,,0,,0,0,0,0,0,BRA007
4822,21,0,0,,0,,0,0,0,0,0,BRA021
4822,21,0,0,,0,,0,0,0,0,0,BRA015
4821,21,0,0,,0,,0,0,0,0,0,BRA028
4821,21,0,0,,0,,0,0,0,0,0,BRA009
4823,21,0,0,,0,,0,0,0,0,0,BRA042
4823,21,0,0,,0,,0,0,0,0,0,BRA018
4824,21,0,0,,0,,0,0,0,0,0,BRA003
4824,21,0,0,,0,,0,0,0,0,0,BRA045
4825,21,0,0,,0,,0,0,0,0,0,BRA005
4825,21,0,0,,0,,0,0,0,0,0,BRA025
4826,21,0,0,,0,,0,0,0,0,0,BRA024
4826,21,0,0,,0,,0,0,0,0,0,BRA017
4827,22,0,0,,0,,0,0,0,0,0,BRA022
4827,22,0,0,,0,,0,0,0,0,0,BRA045
4828,22,0,0,,0,,0,0,0,0,0,BRA018
4828,22,0,0,,0,,0,0,0,0,0,BRA003
4829,22,0,0,,0,,0,0,0,0,0,BRA043
4829,22,0,0,,0,,0,0,0,0,0,BRA028
4830,22,0,0,,0,,0,0,0,0,0,BRA017
4830,22,0,0,,0,,0,0,0,0,0,BRA020
4831,22,0,0,,0,,0,0,0,0,0,BRA009
4831,22,0,0,,0,,0,0,0,0,0,BRA007
4833,22,5,0,57%,481,,10,1,0,3,2,BRA042
4833,22,9,0,43%,360,,14,5,0,1,11,BRA016
4832,22,0,0,,0,,0,0,0,0,0,BRA021
4832,22,0,0,,0,,0,0,0,0,0,BRA033
4834,22,0,0,,0,,0,0,0,0,0,BRA015
4834,22,0,0,,0,,0,0,0,0,0,BRA014
4835,22,0,0,,0,,0,0,0,0,0,BRA024
4835,22,0,0,,0,,0,0,0,0,0,BRA005
4836,22,0,0,,0,,0,0,0,0,0,BRA025
4836,22,0,0,,0,,0,0,0,0,0,BRA040
4837,23,0,0,,0,,0,0,0,0,0,BRA028
4837,23,0,0,,0,,0,0,0,0,0,BRA003
4838,23,0,0,,0,,0,0,0,0,0,BRA009
4838,23,0,0,,0,,0,0,0,0,0,BRA017
4839,23,0,0,,0,,0,0,0,0,0,BRA005
4839,23,0,0,,0,,0,0,0,0,0,BRA018
4843,23,0,0,,0,,0,0,0,0,0,BRA045
4843,23,0,0,,0,,0,0,0,0,0,BRA007
4840,23,0,0,,0,,0,0,0,0,0,BRA021
4840,23,0,0,,0,,0,0,0,0,0,BRA022
4842,23,0,0,,0,,0,0,0,0,0,BRA015
4842,23,0,0,,0,,0,0,0,0,0,BRA042
4841,23,0,0,,0,,0,0,0,0,0,BRA016
4841,23,0,0,,0,,0,0,0,0,0,BRA043
4845,23,0,0,,0,,0,0,0,0,0,BRA033
4845,23,0,0,,0,,0,0,0,0,0,BRA024
4846,23,14,0,58%,477,,14,4,0,2,4,BRA014
4846,23,15,0,42%,357,,20,2,0,1,9,BRA025
4844,23,0,0,,0,,0,0,0,0,0,BRA020
4844,23,0,0,,0,,0,0,0,0,0,BRA040
4847,24,0,0,,0,,0,0,0,0,0,BRA017
4847,24,0,0,,0,,0,0,0,0,0,BRA028
4848,24,0,0,,0,,0,0,0,0,0,BRA018
4848,24,0,0,,0,,0,0,0,0,0,BRA016
4850,24,0,0,,0,,0,0,0,0,0,BRA003
4850,24,0,0,,0,,0,0,0,0,0,BRA014
4849,24,0,0,,0,,0,0,0,0,0,BRA043
4849,24,0,0,,0,,0,0,0,0,0,BRA007
4852,24,0,0,,0,,0,0,0,0,0,BRA015
4852,24,0,0,,0,,0,0,0,0,0,BRA020
4853,24,15,0,52%,383,,19,0,0,4,6,BRA025
4853,24,16,0,48%,363,,17,0,0,1,6,BRA022
4851,24,0,0,,0,,0,0,0,0,0,BRA042
4851,24,0,0,,0,,0,0,0,0,0,BRA021
4855,24,0,0,,0,,0,0,0,0,0,BRA009
4855,24,0,0,,0,,0,0,0,0,0,BRA024
4854,24,0,0,,0,,0,0,0,0,0,BRA045
4854,24,0,0,,0,,0,0,0,0,0,BRA033
4856,24,15,0,52%,394,,16,3,0,5,2,BRA005
4856,24,13,0,48%,355,,18,3,0,6,10,BRA040
4858,25,0,0,,0,,0,0,0,0,0,BRA043
4858,25,0,0,,0,,0,0,0,0,0,BRA018
4857,25,0,0,,0,,0,0,0,0,0,BRA014
4857,25,0,0,,0,,0,0,0,0,0,BRA017
4859,25,0,0,,0,,0,0,0,0,0,BRA022
4859,25,0,0,,0,,0,0,0,0,0,BRA042
4862,25,0,0,,0,,0,0,0,0,0,BRA025
4862,25,0,0,,0,,0,0,0,0,0,BRA009
4860,25,0,0,,0,,0,0,0,0,0,BRA021
4860,25,0,0,,0,,0,0,0,0,0,BRA007
4861,25,0,0,,0,,0,0,0,0,0,BRA003
4861,25,0,0,,0,,0,0,0,0,0,BRA015
4863,25,0,0,,0,,0,0,0,0,0,BRA045
4863,25,0,0,,0,,0,0,0,0,0,BRA005
4866,25,0,0,,0,,0,0,0,0,0,BRA040
4866,25,0,0,,0,,0,0,0,0,0,BRA024
4864,25,0,0,,0,,0,0,0,0,0,BRA020
4864,25,0,0,,0,,0,0,0,0,0,BRA033
4865,25,21,0,48%,437,,11,1,0,1,11,BRA016
4865,25,15,0,52%,477,,12,1,0,1,6,BRA028
4867,26,0,0,,0,,0,0,0,0,0,BRA014
4867,26,0,0,,0,,0,0,0,0,0,BRA033
4868,26,0,0,,0,,0,0,0,0,0,BRA040
4868,26,0,0,,0,,0,0,0,0,0,BRA021
4871,26,0,0,,0,,0,0,0,0,0,BRA009
4871,26,0,0,,0,,0,0,0,0,0,BRA045
4869,26,0,0,,0,,0,0,0,0,0,BRA007
4869,26,0,0,,0,,0,0,0,0,0,BRA022
4872,26,0,0,,0,,0,0,0,0,0,BRA025
4872,26,0,0,,0,,0,0,0,0,0,BRA042
4870,26,8,0,43%,269,,19,2,0,1,6,BRA003
4870,26,11,0,57%,364,,18,2,0,1,6,BRA016
4875,26,0,0,,0,,0,0,0,0,0,BRA017
4875,26,0,0,,0,,0,0,0,0,0,BRA005
4873,26,0,0,,0,,0,0,0,0,0,BRA043
4873,26,0,0,,0,,0,0,0,0,0,BRA015
4874,26,0,0,,0,,0,0,0,0,0,BRA018
4874,26,0,0,,0,,0,0,0,0,0,BRA028
4876,26,0,0,,0,,0,0,0,0,0,BRA024
4876,26,0,0,,0,,0,0,0,0,0,BRA020
4879,27,0,0,,0,,0,0,0,0,0,BRA003
4879,27,0,0,,0,,0,0,0,0,0,BRA042
4877,27,0,0,,0,,0,0,0,0,0,BRA033
4877,27,0,0,,0,,0,0,0,0,0,BRA009
4878,27,0,0,,0,,0,0,0,0,0,BRA016
4878,27,0,0,,0,,0,0,0,0,0,BRA017
4880,27,0,0,,0,,0,0,0,0,0,BRA045
4880,27,0,0,,0,,0,0,0,0,0,BRA024
4882,27,0,0,,0,,0,0,0,0,0,BRA043
4882,27,0,0,,0,,0,0,0,0,0,BRA025
4881,27,0,0,,0,,0,0,0,0,0,BRA015
4881,27,0,0,,0,,0,0,0,0,0,BRA018
4883,27,0,0,,0,,0,0,0,0,0,BRA020
4883,27,0,0,,0,,0,0,0,0,0,BRA021
4885,27,0,0,,0,,0,0,0,0,0,BRA022
4885,27,0,0,,0,,0,0,0,0,0,BRA005
4884,27,0,0,,0,,0,0,0,0,0,BRA040
4884,27,0,0,,0,,0,0,0,0,0,BRA007
4886,27,0,0,,0,,0,0,0,0,0,BRA028
4886,27,0,0,,0,,0,0,0,0,0,BRA014
4696,9,0,0,,0,,0,0,0,0,0,BRA015
4696,9,0,0,,0,,0,0,0,0,0,BRA009
4698,28,8,0,39%,385,,16,2,0,1,1,BRA024
4698,28,21,0,61%,587,,13,2,0,0,5,BRA016
4699,28,0,0,,0,,0,0,0,0,0,BRA025
4699,28,0,0,,0,,0,0,0,0,0,BRA033
4700,28,0,0,,0,,0,0,0,0,0,BRA018
4700,28,0,0,,0,,0,0,0,0,0,BRA021
4701,28,0,0,,0,,0,0,0,0,0,BRA007
4701,28,0,0,,0,,0,0,0,0,0,BRA014
4702,28,0,0,,0,,0,0,0,0,0,BRA022
4702,28,0,0,,0,,0,0,0,0,0,BRA028
4703,28,0,0,,0,,0,0,0,0,0,BRA042
4703,28,0,0,,0,,0,0,0,0,0,BRA005
4704,28,0,0,,0,,0,0,0,0,0,BRA003
4704,28,0,0,,0,,0,0,0,0,0,BRA020
4706,28,0,0,,0,,0,0,0,0,0,BRA017
4706,28,0,0,,0,,0,0,0,0,0,BRA040
4705,28,0,0,,0,,0,0,0,0,0,BRA043
4705,28,0,0,,0,,0,0,0,0,0,BRA045
4887,29,0,0,,0,,0,0,0,0,0,BRA025
4887,29,0,0,,0,,0,0,0,0,0,BRA024
4888,29,0,0,,0,,0,0,0,0,0,BRA007
4888,29,0,0,,0,,0,0,0,0,0,BRA042
4889,29,0,0,,0,,0,0,0,0,0,BRA017
4889,29,0,0,,0,,0,0,0,0,0,BRA022
4890,29,0,0,,0,,0,0,0,0,0,BRA005
4890,29,0,0,,0,,0,0,0,0,0,BRA014
4891,29,12,0,46%,411,,7,1,0,2,5,BRA003
4891,29,5,0,54%,485,,11,1,0,8,3,BRA021
4892,29,6,0,53%,418,,15,3,0,3,4,BRA016
4892,29,17,0,47%,375,,19,4,0,4,7,BRA020
4893,29,0,0,,0,,0,0,0,0,0,BRA015
4893,29,0,0,,0,,0,0,0,0,0,BRA028
4894,29,0,0,,0,,0,0,0,0,0,BRA033
4894,29,0,0,,0,,0,0,0,0,0,BRA040
4896,29,0,0,,0,,0,0,0,0,0,BRA043
4896,29,0,0,,0,,0,0,0,0,0,BRA009
4895,29,0,0,,0,,0,0,0,0,0,BRA018
4895,29,0,0,,0,,0,0,0,0,0,BRA045
4897,30,0,0,,0,,0,0,0,0,0,BRA005
4897,30,0,0,,0,,0,0,0,0,0,BRA007
4901,30,0,0,,0,,0,0,0,0,0,BRA018
4901,30,0,0,,0,,0,0,0,0,0,BRA033
4898,30,9,0,54%,470,,12,1,0,3,6,BRA045
4898,30,11,0,46%,399,,18,1,0,0,7,BRA015
4899,30,0,0,,0,,0,0,0,0,0,BRA028
4899,30,0,0,,0,,0,0,0,0,0,BRA021
4900,30,0,0,,0,,0,0,0,0,0,BRA003
4900,30,0,0,,0,,0,0,0,0,0,BRA017
4902,30,0,0,,0,,0,0,0,0,0,BRA020
4902,30,0,0,,0,,0,0,0,0,0,BRA025
4903,30,0,0,,0,,0,0,0,0,0,BRA016
4903,30,0,0,,0,,0,0,0,0,0,BRA009
4905,30,0,0,,0,,0,0,0,0,0,BRA022
4905,30,0,0,,0,,0,0,0,0,0,BRA040
4904,30,0,0,,0,,0,0,0,0,0,BRA014
4904,30,0,0,,0,,0,0,0,0,0,BRA042
4906,30,0,0,,0,,0,0,0,0,0,BRA043
4906,30,0,0,,0,,0,0,0,0,0,BRA024
4907,31,0,0,,0,,0,0,0,0,0,BRA018
4907,31,0,0,,0,,0,0,0,0,0,BRA020
4909,31,0,0,,0,,0,0,0,0,0,BRA003
4909,31,0,0,,0,,0,0,0,0,0,BRA022
4908,31,0,0,,0,,0,0,0,0,0,BRA033
4908,31,0,0,,0,,0,0,0,0,0,BRA015
4910,31,0,0,,0,,0,0,0,0,0,BRA017
4910,31,0,0,,0,,0,0,0,0,0,BRA045
4911,31,0,0,,0,,0,0,0,0,0,BRA043
4911,31,0,0,,0,,0,0,0,0,0,BRA005
4912,31,0,0,,0,,0,0,0,0,0,BRA014
4912,31,0,0,,0,,0,0,0,0,0,BRA040
4913,31,0,0,,0,,0,0,0,0,0,BRA025
4913,31,0,0,,0,,0,0,0,0,0,BRA016
4914,31,0,0,,0,,0,0,0,0,0,BRA007
4914,31,0,0,,0,,0,0,0,0,0,BRA028
4915,31,0,0,,0,,0,0,0,0,0,BRA009
4915,31,0,0,,0,,0,0,0,0,0,BRA021
4916,31,0,0,,0,,0,0,0,0,0,BRA024
4916,31,0,0,,0,,0,0,0,0,0,BRA042
4918,32,0,0,,0,,0,0,0,0,0,BRA045
4918,32,0,0,,0,,0,0,0,0,0,BRA025
4917,32,0,0,,0,,0,0,0,0,0,BRA022
4917,32,0,0,,0,,0,0,0,0,0,BRA024
4919,32,0,0,,0,,0,0,0,0,0,BRA016
4919,32,0,0,,0,,0,0,0,0,0,BRA015
4920,32,0,0,,0,,0,0,0,0,0,BRA040
4920,32,0,0,,0,,0,0,0,0,0,BRA028
4921,32,0,0,,0,,0,0,0,0,0,BRA020
4921,32,0,0,,0,,0,0,0,0,0,BRA043
4922,32,0,0,,0,,0,0,0,0,0,BRA018
4922,32,0,0,,0,,0,0,0,0,0,BRA009
4923,32,0,0,,0,,0,0,0,0,0,BRA042
4923,32,0,0,,0,,0,0,0,0,0,BRA017
4925,32,0,0,,0,,0,0,0,0,0,BRA021
4925,32,0,0,,0,,0,0,0,0,0,BRA014
4924,32,0,0,,0,,0,0,0,0,0,BRA003
4924,32,0,0,,0,,0,0,0,0,0,BRA005
4926,32,0,0,,0,,0,0,0,0,0,BRA033
4926,32,0,0,,0,,0,0,0,0,0,BRA007
4927,33,10,0,67%,440,,12,5,0,0,8,BRA022
4927,33,12,0,33%,212,,24,2,0,4,5,BRA016
4928,33,16,0,57%,495,,14,0,0,3,8,BRA033
4928,33,13,0,43%,393,,16,1,0,0,0,BRA005
4929,33,0,0,,0,,0,0,0,0,0,BRA009
4929,33,0,0,,0,,0,0,0,0,0,BRA003
4933,33,0,0,,0,,0,0,0,0,0,BRA043
4933,33,0,0,,0,,0,0,0,0,0,BRA021
4930,33,0,0,,0,,0,0,0,0,0,BRA042
4930,33,0,0,,0,,0,0,0,0,0,BRA045
4932,33,0,0,,0,,0,0,0,0,0,BRA014
4932,33,0,0,,0,,0,0,0,0,0,BRA020
4931,33,0,0,,0,,0,0,0,0,0,BRA025
4931,33,0,0,,0,,0,0,0,0,0,BRA028
4935,33,0,0,,0,,0,0,0,0,0,BRA017
4935,33,0,0,,0,,0,0,0,0,0,BRA018
4936,33,0,0,,0,,0,0,0,0,0,BRA007
4936,33,0,0,,0,,0,0,0,0,0,BRA024
4934,33,0,0,,0,,0,0,0,0,0,BRA015
4934,33,0,0,,0,,0,0,0,0,0,BRA040
4937,35,0,0,,0,,0,0,0,0,0,BRA042
4937,35,0,0,,0,,0,0,0,0,0,BRA028
4947,34,0,0,,0,,0,0,0,0,0,BRA025
4947,34,0,0,,0,,0,0,0,0,0,BRA017
4948,34,0,0,,0,,0,0,0,0,0,BRA009
4948,34,0,0,,0,,0,0,0,0,0,BRA022
4950,34,0,0,,0,,0,0,0,0,0,BRA043
4950,34,0,0,,0,,0,0,0,0,0,BRA003
4951,34,0,0,,0,,0,0,0,0,0,BRA021
4951,34,0,0,,0,,0,0,0,0,0,BRA016
4953,34,0,0,,0,,0,0,0,0,0,BRA028
4953,34,0,0,,0,,0,0,0,0,0,BRA024
4952,34,0,0,,0,,0,0,0,0,0,BRA018
4952,34,0,0,,0,,0,0,0,0,0,BRA040
4949,34,14,0,51%,440,,17,2,0,3,8,BRA007
4949,34,13,0,49%,447,,20,2,0,0,3,BRA015
4956,34,0,0,,0,,0,0,0,0,0,BRA020
4956,34,0,0,,0,,0,0,0,0,0,BRA005
4954,34,0,0,,0,,0,0,0,0,0,BRA014
4954,34,0,0,,0,,0,0,0,0,0,BRA045
4955,34,0,0,,0,,0,0,0,0,0,BRA033
4955,34,0,0,,0,,0,0,0,0,0,BRA042
4939,35,0,0,,0,,0,0,0,0,0,BRA003
4939,35,0,0,,0,,0,0,0,0,0,BRA040
4938,35,0,0,,0,,0,0,0,0,0,BRA020
4938,35,0,0,,0,,0,0,0,0,0,BRA009
4940,35,0,0,,0,,0,0,0,0,0,BRA015
4940,35,0,0,,0,,0,0,0,0,0,BRA024
4941,35,0,0,,0,,0,0,0,0,0,BRA016
4941,35,0,0,,0,,0,0,0,0,0,BRA045
4942,35,10,0,61%,459,,22,4,0,1,7,BRA017
4942,35,13,0,39%,310,,23,1,0,1,3,BRA007
4943,35,0,0,,0,,0,0,0,0,0,BRA005
4943,35,0,0,,0,,0,0,0,0,0,BRA021
4944,35,0,0,,0,,0,0,0,0,0,BRA033
4944,35,0,0,,0,,0,0,0,0,0,BRA043
4945,35,0,0,,0,,0,0,0,0,0,BRA022
4945,35,0,0,,0,,0,0,0,0,0,BRA014
4946,35,0,0,,0,,0,0,0,0,0,BRA018
4946,35,0,0,,0,,0,0,0,0,0,BRA025
4957,36,0,0,,0,,0,0,0,0,0,BRA005
4957,36,0,0,,0,,0,0,0,0,0,BRA028
4958,36,0,0,,0,,0,0,0,0,0,BRA003
4958,36,0,0,,0,,0,0,0,0,0,BRA007
4960,36,0,0,,0,,0,0,0,0,0,BRA017
4960,36,0,0,,0,,0,0,0,0,0,BRA021
4959,36,0,0,,0,,0,0,0,0,0,BRA042
4959,36,0,0,,0,,0,0,0,0,0,BRA040
4961,36,0,0,,0,,0,0,0,0,0,BRA022
4961,36,0,0,,0,,0,0,0,0,0,BRA043
4962,36,0,0,,0,,0,0,0,0,0,BRA024
4962,36,0,0,,0,,0,0,0,0,0,BRA018
4963,36,0,0,,0,,0,0,0,0,0,BRA045
4963,36,0,0,,0,,0,0,0,0,0,BRA020
4965,36,0,0,,0,,0,0,0,0,0,BRA009
4965,36,0,0,,0,,0,0,0,0,0,BRA014
4964,36,0,0,,0,,0,0,0,0,0,BRA015
4964,36,0,0,,0,,0,0,0,0,0,BRA025
4966,36,0,0,,0,,0,0,0,0,0,BRA016
4966,36,0,0,,0,,0,0,0,0,0,BRA033
4967,37,0,0,,0,,0,0,0,0,0,BRA043
4967,37,0,0,,0,,0,0,0,0,0,BRA017
4968,37,0,0,,0,,0,0,0,0,0,BRA028
4968,37,0,0,,0,,0,0,0,0,0,BRA033
4969,37,0,0,,0,,0,0,0,0,0,BRA021
4969,37,0,0,,0,,0,0,0,0,0,BRA045
4972,37,0,0,,0,,0,0,0,0,0,BRA015
4972,37,0,0,,0,,0,0,0,0,0,BRA022
4973,37,0,0,,0,,0,0,0,0,0,BRA014
4973,37,0,0,,0,,0,0,0,0,0,BRA018
4971,37,0,0,,0,,0,0,0,0,0,BRA040
4971,37,0,0,,0,,0,0,0,0,0,BRA009
4970,37,0,0,,0,,0,0,0,0,0,BRA020
4970,37,0,0,,0,,0,0,0,0,0,BRA042
4975,37,0,0,,0,,0,0,0,0,0,BRA024
4975,37,0,0,,0,,0,0,0,0,0,BRA003
4974,37,0,0,,0,,0,0,0,0,0,BRA005
4974,37,0,0,,0,,0,0,0,0,0,BRA016
4976,37,0,0,,0,,0,0,0,0,0,BRA007
4976,37,0,0,,0,,0,0,0,0,0,BRA025
4977,38,0,0,,0,,0,0,0,0,0,BRA015
4977,38,0,0,,0,,0,0,0,0,0,BRA017
4978,38,0,0,,0,,0,0,0,0,0,BRA020
4978,38,0,0,,0,,0,0,0,0,0,BRA028
4982,38,0,0,,0,,0,0,0,0,0,BRA009
4982,38,0,0,,0,,0,0,0,0,0,BRA005
4984,38,0,0,,0,,0,0,0,0,0,BRA025
4984,38,0,0,,0,,0,0,0,0,0,BRA021
4986,38,0,0,,0,,0,0,0,0,0,BRA024
4986,38,0,0,,0,,0,0,0,0,0,BRA014
4980,38,0,0,,0,,0,0,0,0,0,BRA045
4980,38,0,0,,0,,0,0,0,0,0,BRA040
4981,38,0,0,,0,,0,0,0,0,0,BRA042
4981,38,0,0,,0,,0,0,0,0,0,BRA043
4979,38,0,0,,0,,0,0,0,0,0,BRA016
4979,38,0,0,,0,,0,0,0,0,0,BRA007
4983,38,0,0,,0,,0,0,0,0,0,BRA003
4983,38,0,0,,0,,0,0,0,0,0,BRA033
4985,38,0,0,,0,,0,0,0,0,0,BRA018
4985,38,0,0,,0,,0,0,0,0,0,BRA022
4987,1,16,0,55%,388,,21,2,0,0,5,BRA016
4987,1,13,0,45%,326,,20,2,0,3,3,BRA014
4988,1,10,0,50%,426,,14,4,0,4,2,BRA005
4988,1,17,0,50%,406,,20,2,0,2,11,BRA033
4989,1,3,0,26%,250,,14,0,1,1,3,BRA030
4989,1,26,11,74%,702,,9,2,0,1,5,BRA022
4990,1,17,0,55%,473,,21,4,1,0,10,BRA036
4990,1,11,0,45%,401,,17,3,0,2,5,BRA025
4993,1,11,0,44%,391,,15,1,0,2,4,BRA015
4993,1,13,0,56%,487,,17,3,0,4,2,BRA018
4994,1,7,0,46%,391,,14,2,1,3,1,BRA020
4994,1,17,0,54%,449,,17,1,0,0,7,BRA043
4991,1,17,0,61%,502,,17,2,0,1,11,BRA028
4991,1,10,0,39%,335,,17,1,0,1,2,BRA003
4992,1,12,0,46%,430,,12,1,0,6,6,BRA021
4992,1,19,0,54%,502,,17,2,0,1,4,BRA042
4996,1,11,0,62%,439,,16,3,0,0,4,BRA044
4996,1,5,0,38%,279,,27,5,0,2,2,BRA024
4995,1,8,0,49%,452,,11,1,1,2,3,BRA040
4995,1,16,0,51%,462,,10,2,0,2,4,BRA006
4997,2,13,0,41%,334,,14,2,0,0,6,BRA024
4997,2,8,0,59%,477,,18,1,1,1,5,BRA003
4998,2,10,0,57%,456,,13,3,0,4,4,BRA025
4998,2,9,0,43%,353,,22,2,0,3,2,BRA016
4999,2,13,0,46%,437,,16,2,0,1,7,BRA015
4999,2,11,0,54%,487,,13,4,0,5,2,BRA014
5000,2,12,0,47%,381,,18,2,0,3,6,BRA020
5000,2,14,0,53%,436,,13,6,0,0,7,BRA044
5001,2,8,2,46%,411,,9,1,0,2,0,BRA022
5001,2,16,8,54%,466,,17,2,0,1,7,BRA005
5002,2,14,0,41%,373,,7,3,0,1,3,BRA043
5002,2,18,0,59%,492,,10,2,0,6,13,BRA021
5003,2,7,0,56%,445,,13,4,0,5,3,BRA018
5003,2,20,0,44%,351,,18,1,0,2,15,BRA040
5006,2,6,0,43%,345,,26,7,0,4,9,BRA006
5006,2,8,0,57%,451,,17,3,0,2,4,BRA028
5004,2,8,0,39%,377,,17,3,0,5,1,BRA030
5004,2,11,0,61%,589,,12,1,0,3,5,BRA033
5005,2,10,0,60%,549,,14,3,0,1,4,BRA042
5005,2,19,0,40%,373,,15,1,0,5,6,BRA036
5008,3,13,0,61%,466,,15,6,0,1,8,BRA044
5008,3,7,0,39%,312,,16,2,1,0,1,BRA028
5007,3,16,0,63%,642,,12,2,0,3,5,BRA042
5007,3,7,0,37%,380,,11,0,0,1,0,BRA030
5009,3,5,0,37%,326,,24,5,0,1,4,BRA020
5009,3,19,0,63%,536,,16,6,0,1,11,BRA025
5010,3,21,0,74%,445,,13,6,1,5,13,BRA033
5010,3,7,0,26%,171,,24,4,1,1,6,BRA024
5011,3,15,0,60%,462,,20,6,0,3,5,BRA040
5011,3,13,0,40%,307,,13,5,0,3,4,BRA014
5012,3,11,0,36%,324,,7,4,1,4,2,BRA003
5012,3,16,0,64%,537,,8,0,0,3,9,BRA005
5013,3,15,4,42%,355,,19,2,0,2,9,BRA022
5013,3,7,2,58%,500,,6,2,0,3,6,BRA015
5014,3,8,0,57%,443,,17,6,0,7,2,BRA021
5014,3,13,0,43%,338,,15,5,0,0,4,BRA006
5015,3,15,0,46%,357,,11,2,0,4,3,BRA036
5015,3,22,0,54%,390,,17,2,0,3,16,BRA018
5016,3,9,0,51%,385,,17,4,0,0,5,BRA016
5016,3,12,0,49%,388,,13,1,0,1,2,BRA043
5017,4,13,0,47%,438,,20,4,0,1,0,BRA036
5017,4,14,0,53%,483,,15,1,1,0,4,BRA014
5018,4,11,0,42%,310,,21,4,0,0,3,BRA006
5018,4,11,0,58%,413,,17,4,0,3,5,BRA016
5019,4,10,0,54%,464,,12,0,0,1,4,BRA030
5019,4,19,0,46%,399,,13,4,0,4,7,BRA003
5020,4,15,0,46%,415,,11,2,0,0,7,BRA043
5020,4,18,0,54%,472,,9,1,0,6,8,BRA040
5022,4,21,0,53%,457,,16,0,0,2,5,BRA005
5022,4,9,0,47%,413,,12,3,0,3,7,BRA044
5021,4,9,0,59%,495,,14,1,0,1,3,BRA025
5021,4,10,0,41%,345,,14,1,0,0,2,BRA024
5024,4,14,0,46%,434,,17,0,1,3,10,BRA042
5024,4,8,0,54%,516,,19,3,0,3,5,BRA028
5023,4,9,0,54%,477,,21,5,0,4,2,BRA015
5023,4,12,0,46%,409,,21,5,0,3,6,BRA033
5025,4,7,2,33%,253,,23,3,1,0,1,BRA022
5025,4,15,5,67%,475,,24,5,1,1,8,BRA021
5026,4,22,0,68%,545,,11,5,1,1,4,BRA018
5026,4,9,0,32%,266,,17,3,0,2,5,BRA020
5027,5,12,0,47%,385,,12,1,0,1,6,BRA003
5027,5,9,0,53%,442,,8,4,0,5,4,BRA020
5028,5,14,0,52%,441,,15,1,2,0,6,BRA044
5028,5,16,0,48%,417,,18,3,0,3,2,BRA036
5029,5,10,0,53%,349,,16,3,0,1,7,BRA014
5029,5,12,0,47%,314,,12,5,0,1,10,BRA030
5030,5,8,0,37%,329,,15,3,1,0,1,BRA040
5030,5,13,0,63%,531,,14,5,0,1,8,BRA042
5033,5,20,0,62%,627,,10,3,0,0,5,BRA015
5033,5,13,0,38%,397,,22,2,0,6,3,BRA025
5032,5,16,0,54%,479,,15,3,0,4,7,BRA005
5032,5,7,0,46%,395,,12,3,0,3,10,BRA006
5031,5,8,0,48%,378,,17,3,0,1,10,BRA021
5031,5,11,0,52%,410,,16,2,0,2,5,BRA018
5034,5,12,6,53%,451,,13,1,0,1,3,BRA022
5034,5,8,4,47%,414,,24,4,0,3,4,BRA016
5035,5,16,0,67%,597,,11,2,0,4,7,BRA043
5035,5,9,0,33%,296,,13,4,0,1,3,BRA024
5036,5,5,0,43%,354,,13,4,0,1,2,BRA028
5036,5,15,0,57%,456,,15,1,0,3,9,BRA033
5038,6,18,0,64%,437,,13,1,0,2,5,BRA021
5038,6,6,0,36%,262,,12,0,1,1,1,BRA014
5037,6,11,0,36%,268,,13,0,0,2,6,BRA018
5037,6,14,0,64%,462,,12,0,0,3,7,BRA005
5039,6,18,0,52%,451,,17,2,0,2,6,BRA040
5039,6,19,0,48%,416,,15,2,0,3,2,BRA036
5041,6,13,0,49%,430,,9,1,0,0,5,BRA015
5041,6,14,0,51%,432,,8,1,0,1,9,BRA030
5040,6,13,0,45%,380,,15,4,0,2,7,BRA003
5040,6,14,0,55%,480,,7,3,0,2,3,BRA044
5042,6,9,0,40%,436,,14,2,0,1,3,BRA025
5042,6,13,0,60%,631,,19,3,0,2,4,BRA042
5043,6,18,0,49%,401,,16,5,0,4,11,BRA016
5043,6,12,0,51%,424,,5,3,1,2,3,BRA028
5045,6,11,0,44%,401,,17,4,0,2,2,BRA006
5045,6,8,0,56%,496,,15,2,0,4,6,BRA024
5046,6,7,1,53%,479,,10,2,0,0,5,BRA043
5046,6,15,4,47%,408,,12,3,0,3,7,BRA022
5044,6,7,0,33%,253,,22,3,0,7,2,BRA020
5044,6,13,0,67%,506,,14,3,0,3,4,BRA033
5047,7,18,0,63%,520,,8,1,0,4,12,BRA005
5047,7,10,0,37%,320,,15,4,0,4,5,BRA040
5050,7,12,0,52%,427,,9,2,0,1,7,BRA028
5050,7,13,0,48%,392,,10,0,0,4,4,BRA015
5049,7,15,0,60%,460,,5,2,0,3,7,BRA014
5049,7,5,0,40%,322,,29,4,0,1,3,BRA042
5048,7,12,0,57%,478,,17,2,0,0,8,BRA016
5048,7,8,0,43%,380,,14,3,1,2,2,BRA021
5051,7,21,0,53%,417,,13,4,0,2,6,BRA030
5051,7,10,0,47%,379,,10,0,0,7,3,BRA043
5052,7,8,0,40%,362,,25,4,0,1,0,BRA018
5052,7,14,0,60%,536,,13,2,0,3,6,BRA044
5053,7,16,0,62%,430,,24,3,0,3,5,BRA036
5053,7,17,0,38%,279,,19,3,0,1,6,BRA024
5055,7,6,3,32%,283,,13,6,2,0,2,BRA022
5055,7,25,11,68%,564,,6,0,0,1,7,BRA033
5054,7,9,0,42%,229,,26,3,0,4,2,BRA020
5054,7,8,0,58%,304,,14,4,0,0,5,BRA006
5056,7,12,0,44%,344,,22,4,0,0,7,BRA003
5056,7,20,0,56%,428,,8,1,0,6,13,BRA025
5057,8,14,0,39%,267,,16,4,0,2,4,BRA020
5057,8,14,0,61%,425,,18,2,0,0,4,BRA028
5058,8,12,0,46%,425,,10,2,0,1,4,BRA043
5058,8,9,0,54%,482,,12,3,0,0,4,BRA044
5059,8,8,0,46%,457,,14,0,1,1,3,BRA005
5059,8,12,0,54%,504,,8,0,0,1,4,BRA021
5060,8,10,0,59%,502,,17,3,1,1,7,BRA015
5060,8,10,0,41%,351,,19,4,1,4,6,BRA040
5061,8,14,0,51%,476,,9,3,0,0,7,BRA033
5061,8,12,0,49%,485,,11,4,0,7,1,BRA025
5062,8,6,0,38%,323,,16,3,0,1,4,BRA014
5062,8,14,0,62%,526,,9,4,0,2,5,BRA018
5063,8,15,0,52%,394,,12,4,1,2,11,BRA024
5063,8,12,0,48%,377,,13,4,1,0,3,BRA030
5065,8,13,0,42%,314,,13,5,0,1,9,BRA006
5065,8,16,0,58%,414,,14,1,0,9,9,BRA042
5064,8,17,0,51%,381,,10,2,0,4,2,BRA003
5064,8,15,0,49%,384,,20,3,2,2,3,BRA016
5066,8,21,6,48%,452,,16,2,0,1,3,BRA022
5066,8,11,3,52%,473,,18,3,0,0,6,BRA036
5067,9,12,0,50%,375,,14,3,0,1,12,BRA006
5067,9,7,0,50%,406,,16,3,0,3,4,BRA025
5068,9,14,0,64%,433,,7,1,0,2,16,BRA014
5068,9,14,0,36%,265,,16,6,0,1,3,BRA043
5069,9,6,0,48%,452,,11,2,0,3,3,BRA020
5069,9,13,0,52%,473,,10,0,0,1,7,BRA015
5070,9,7,0,42%,376,,13,1,0,7,3,BRA030
5070,9,13,0,58%,505,,11,2,0,4,10,BRA005
5071,9,13,0,40%,344,,18,1,0,2,8,BRA033
5071,9,9,0,60%,503,,14,3,0,3,2,BRA042
5072,9,10,5,54%,443,,12,2,1,1,3,BRA022
5072,9,19,6,46%,371,,15,2,0,6,13,BRA024
5073,9,18,0,48%,371,,27,2,0,1,5,BRA003
5073,9,14,0,52%,408,,16,1,0,2,6,BRA036
5074,9,11,0,51%,373,,15,5,0,3,2,BRA018
5074,9,12,0,49%,362,,22,5,0,4,3,BRA016
5075,9,6,0,32%,255,,18,4,0,1,2,BRA044
5075,9,6,0,68%,535,,10,0,0,7,10,BRA021
5076,9,16,0,39%,324,,12,2,1,3,7,BRA040
5076,9,12,0,61%,506,,4,3,0,2,8,BRA028
5077,10,13,0,40%,322,,13,2,0,2,6,BRA043
5077,10,12,0,60%,469,,8,2,1,3,7,BRA028
5078,10,13,0,52%,404,,11,2,1,1,6,BRA006
5078,10,13,0,48%,375,,16,3,1,6,6,BRA044
5079,10,8,0,52%,472,,17,3,0,2,3,BRA014
5079,10,16,0,48%,428,,15,0,0,4,2,BRA033
5080,10,10,0,40%,394,,11,5,0,5,4,BRA016
5080,10,16,0,60%,564,,8,3,0,6,3,BRA005
5082,10,22,0,58%,478,,21,5,0,1,13,BRA025
5082,10,14,0,42%,353,,21,6,0,0,2,BRA018
5081,10,8,0,63%,580,,14,3,0,1,3,BRA030
5081,10,11,0,37%,337,,11,2,0,4,3,BRA021
5083,10,10,0,54%,501,,8,0,0,3,2,BRA042
5083,10,11,0,46%,432,,17,2,0,1,4,BRA003
5085,10,16,0,54%,443,,20,2,0,1,4,BRA024
5085,10,10,0,46%,395,,17,1,1,1,1,BRA020
5084,10,17,0,46%,468,,5,1,0,0,5,BRA015
5084,10,11,0,54%,522,,12,2,0,2,5,BRA036
5086,10,8,0,52%,442,,7,2,0,1,1,BRA022
5086,10,9,0,48%,424,,21,3,0,1,3,BRA040
5087,11,6,0,41%,333,,17,2,0,2,4,BRA030
5087,11,12,0,59%,454,,22,1,0,4,5,BRA016
5089,11,18,0,54%,424,,10,0,0,1,6,BRA018
5089,11,5,0,46%,370,,18,2,1,1,4,BRA003
5088,11,7,0,32%,261,,12,1,2,0,4,BRA044
5088,11,19,0,68%,508,,12,1,0,2,14,BRA014
5090,11,11,0,63%,500,,14,2,0,2,9,BRA043
5090,11,13,0,37%,293,,16,5,1,4,5,BRA006
5091,11,14,0,62%,605,,12,2,0,1,7,BRA015
5091,11,6,0,38%,382,,12,2,0,3,5,BRA024
5093,11,7,0,41%,462,,13,3,1,0,1,BRA040
5093,11,17,0,59%,654,,12,1,0,2,2,BRA025
5092,11,14,0,60%,492,,18,1,0,3,7,BRA042
5092,11,7,0,40%,333,,16,2,0,2,4,BRA022
5094,11,19,0,53%,506,,12,3,0,1,1,BRA036
5094,11,9,0,47%,464,,22,3,0,1,5,BRA033
5095,11,9,0,38%,346,,20,2,0,3,5,BRA020
5095,11,12,0,62%,549,,9,3,0,4,8,BRA021
5096,11,19,0,54%,537,,11,3,0,0,4,BRA005
5096,11,11,0,46%,452,,5,1,1,5,6,BRA028
5098,12,14,0,41%,374,,7,0,0,1,7,BRA024
5098,12,8,0,59%,546,,8,3,0,1,5,BRA040
5097,12,12,0,41%,365,,8,1,0,0,5,BRA014
5097,12,10,0,59%,529,,7,2,0,3,8,BRA025
5099,12,8,0,48%,396,,17,6,0,6,2,BRA036
5099,12,19,0,52%,422,,18,4,0,1,7,BRA016
5101,12,18,0,57%,430,,12,2,0,2,11,BRA033
5101,12,12,0,43%,329,,11,6,0,1,2,BRA006
5100,12,11,0,48%,325,,21,2,0,0,10,BRA030
5100,12,13,0,52%,337,,11,1,0,2,7,BRA020
5102,12,10,0,46%,404,,12,2,0,0,5,BRA043
5102,12,12,0,54%,462,,17,2,0,7,9,BRA005
5103,12,9,0,60%,563,,17,3,0,2,3,BRA028
5103,12,8,0,40%,385,,19,2,0,5,2,BRA021
5104,12,10,0,52%,507,,10,0,0,4,2,BRA042
5104,12,14,0,48%,475,,12,3,0,0,8,BRA044
5105,12,8,0,47%,453,,6,1,0,1,3,BRA015
5105,12,11,0,53%,478,,13,2,0,3,8,BRA003
5106,12,8,0,61%,454,,15,2,0,1,5,BRA018
5106,12,15,0,39%,297,,10,2,0,5,6,BRA022
5107,13,5,0,52%,419,,12,5,0,1,2,BRA020
5107,13,14,0,48%,391,,12,1,0,2,6,BRA040
5108,13,7,0,38%,372,,12,3,0,0,3,BRA044
5108,13,21,0,62%,590,,16,1,0,0,6,BRA025
5109,13,13,0,56%,503,,19,3,0,0,4,BRA005
5109,13,11,0,44%,406,,13,1,0,2,4,BRA036
5110,13,16,0,53%,447,,18,1,0,5,2,BRA042
5110,13,10,0,47%,397,,14,3,0,3,10,BRA016
5112,13,16,0,60%,535,,7,0,0,7,13,BRA021
5112,13,8,0,40%,394,,15,2,0,1,1,BRA015
5111,13,8,0,63%,456,,17,4,0,4,6,BRA030
5111,13,7,0,37%,283,,19,3,0,3,2,BRA028
5113,13,23,0,59%,456,,12,1,0,1,10,BRA003
5113,13,9,0,41%,322,,11,2,0,2,2,BRA022
5114,13,3,0,36%,315,,13,1,0,1,2,BRA024
5114,13,22,0,64%,537,,17,2,0,0,11,BRA018
5115,13,12,0,41%,351,,17,1,0,3,4,BRA033
5115,13,11,0,59%,506,,10,2,0,5,6,BRA043
5116,13,13,0,61%,433,,14,2,0,1,7,BRA014
5116,13,14,0,39%,280,,15,4,0,4,6,BRA006
5117,14,8,0,63%,540,,18,1,0,1,6,BRA028
5117,14,10,0,37%,315,,12,1,0,4,5,BRA024
5118,14,21,0,39%,323,,12,1,0,1,7,BRA021
5118,14,6,0,61%,506,,11,5,0,1,4,BRA025
5119,14,8,0,44%,392,,12,1,0,4,2,BRA015
5119,14,16,0,56%,467,,15,1,0,2,6,BRA005
5120,14,10,0,44%,350,,13,3,0,4,1,BRA014
5120,14,20,0,56%,439,,14,2,0,2,7,BRA003
5121,14,12,0,59%,523,,18,2,0,0,2,BRA016
5121,14,9,0,41%,356,,20,1,0,2,2,BRA020
5123,14,8,0,42%,287,,17,6,0,2,2,BRA044
5123,14,16,0,58%,375,,15,2,0,0,9,BRA022
5124,14,9,0,44%,301,,24,3,0,3,2,BRA033
5124,14,14,0,56%,374,,10,3,0,3,5,BRA040
5122,14,15,0,46%,408,,9,1,0,4,2,BRA043
5122,14,7,0,54%,468,,12,0,2,8,3,BRA042
5125,14,9,0,33%,263,,16,3,0,0,3,BRA006
5125,14,20,0,67%,554,,7,1,0,1,6,BRA018
5126,14,8,0,46%,397,,14,5,0,1,2,BRA036
5126,14,21,0,54%,451,,11,2,0,1,8,BRA030
5127,15,20,0,47%,362,,5,3,0,2,7,BRA006
5127,15,18,0,53%,442,,17,3,0,1,2,BRA003
5128,15,17,0,57%,582,,6,0,0,7,13,BRA025
5128,15,8,0,43%,462,,8,0,0,0,4,BRA043
5129,15,8,0,38%,311,,19,4,0,3,9,BRA020
5129,15,15,0,62%,508,,16,2,0,1,8,BRA005
5131,15,10,0,50%,482,,12,2,0,2,6,BRA030
5131,15,13,0,50%,481,,4,2,0,7,7,BRA040
5130,15,12,0,52%,373,,16,3,1,1,10,BRA022
5130,15,9,0,48%,372,,15,2,0,3,1,BRA014
5132,15,13,0,42%,315,,19,2,0,3,8,BRA028
5132,15,21,0,58%,416,,10,2,0,1,13,BRA036
5135,15,14,0,43%,330,,11,2,0,0,11,BRA024
5135,15,8,0,57%,448,,6,1,0,1,4,BRA021
5133,15,8,0,46%,405,,18,3,0,0,5,BRA015
5133,15,11,0,54%,461,,7,3,0,10,5,BRA016
5134,15,10,0,49%,428,,16,0,0,4,5,BRA042
5134,15,11,0,51%,457,,14,1,0,0,2,BRA018
5136,15,8,0,56%,446,,14,3,0,8,8,BRA044
5136,15,18,0,44%,363,,21,1,0,5,4,BRA033
5137,16,11,0,40%,357,,15,3,0,9,4,BRA044
5137,16,20,0,60%,552,,7,0,0,0,3,BRA015
5138,16,14,0,49%,521,,6,0,0,2,3,BRA005
5138,16,15,0,51%,550,,6,1,0,7,4,BRA042
5139,16,9,0,55%,484,,13,1,1,1,4,BRA025
5139,16,12,0,45%,399,,16,3,0,3,4,BRA022
5141,16,16,0,51%,433,,13,1,0,2,5,BRA033
5141,16,9,0,49%,442,,18,2,0,2,4,BRA003
5140,16,14,0,39%,297,,19,4,0,1,7,BRA024
5140,16,17,0,61%,459,,11,4,0,3,9,BRA016
5142,16,8,0,49%,392,,9,1,0,0,4,BRA006
5142,16,3,0,51%,393,,22,2,0,2,10,BRA030
5143,16,11,0,64%,509,,4,3,0,2,11,BRA028
5143,16,11,0,36%,301,,13,2,0,3,7,BRA014
5144,16,12,0,44%,303,,19,2,0,1,4,BRA020
5144,16,19,0,56%,388,,18,3,0,1,5,BRA036
5145,16,10,0,45%,395,,14,2,0,0,3,BRA040
5145,16,26,0,55%,443,,17,4,0,2,9,BRA021
5146,16,7,0,49%,457,,15,1,0,3,6,BRA043
5146,16,11,0,51%,473,,17,2,0,5,6,BRA018
5147,17,13,0,30%,221,,14,2,0,2,6,BRA006
5147,17,13,0,70%,526,,12,2,0,3,9,BRA022
5148,17,8,0,49%,447,,15,4,0,3,5,BRA016
5148,17,12,0,51%,453,,12,1,0,1,5,BRA040
5149,17,8,0,47%,491,,11,0,0,0,2,BRA043
5149,17,16,0,53%,516,,6,0,0,4,7,BRA003
5150,17,15,0,40%,301,,21,4,0,3,9,BRA030
5150,17,20,0,60%,440,,17,2,0,2,9,BRA044
5153,17,16,0,59%,457,,16,4,0,0,4,BRA021
5153,17,10,0,41%,337,,17,2,0,0,3,BRA036
5152,17,17,0,48%,415,,21,4,0,4,5,BRA018
5152,17,13,0,52%,446,,18,3,0,4,7,BRA033
5154,17,13,0,37%,347,,8,2,0,3,2,BRA024
5154,17,8,0,63%,568,,11,2,0,0,6,BRA005
5151,17,10,0,41%,354,,16,1,1,4,5,BRA015
5151,17,19,0,59%,503,,13,4,0,7,8,BRA042
5155,17,16,0,57%,553,,16,2,0,1,4,BRA025
5155,17,12,0,43%,417,,12,4,0,1,5,BRA028
5156,17,10,0,51%,321,,13,1,0,2,7,BRA020
5156,17,8,0,49%,331,,20,1,0,0,5,BRA014
5158,18,9,0,47%,390,,10,2,0,1,7,BRA021
5158,18,9,0,53%,458,,16,3,1,1,4,BRA003
5157,18,9,0,45%,402,,14,3,0,0,3,BRA016
5157,18,9,0,55%,475,,11,1,0,1,8,BRA033
5159,18,21,0,52%,370,,12,3,0,8,6,BRA040
5159,18,8,0,48%,343,,22,4,1,0,6,BRA044
5160,18,2,0,45%,450,,16,3,0,0,1,BRA014
5160,18,17,0,55%,507,,6,1,0,0,12,BRA024
5161,18,15,0,52%,376,,18,3,0,1,6,BRA020
5161,18,7,0,48%,356,,18,4,1,0,6,BRA042
5162,18,17,0,60%,465,,20,6,0,0,8,BRA028
5162,18,8,0,40%,315,,14,3,2,0,8,BRA022
5163,18,10,0,43%,391,,8,1,0,4,4,BRA043
5163,18,15,0,57%,491,,11,2,0,2,9,BRA015
5164,18,14,0,63%,539,,13,1,0,3,4,BRA036
5164,18,4,0,37%,318,,6,1,0,1,1,BRA006
5166,18,24,0,60%,563,,10,2,0,1,12,BRA005
5166,18,9,0,40%,413,,12,3,0,2,3,BRA025
5165,18,8,0,67%,627,,10,2,0,3,9,BRA018
5165,18,14,0,33%,298,,10,1,0,0,8,BRA030
5167,19,13,0,44%,323,,19,1,0,0,3,BRA016
5167,19,20,0,56%,389,,12,3,0,1,7,BRA044
5168,19,13,0,63%,502,,10,1,1,2,11,BRA003
5168,19,8,0,37%,307,,13,1,0,3,4,BRA040
5169,19,14,0,34%,339,,4,0,0,1,8,BRA024
5169,19,5,0,66%,636,,4,1,0,0,7,BRA042
5170,19,21,0,62%,466,,15,2,0,4,6,BRA021
5170,19,12,0,38%,300,,18,2,0,0,3,BRA033
5172,19,19,0,58%,442,,14,1,0,1,3,BRA022
5172,19,5,0,42%,330,,18,1,1,1,2,BRA020
5173,19,11,0,55%,476,,14,2,0,3,5,BRA018
5173,19,9,0,45%,391,,22,2,0,0,6,BRA028
5174,19,11,0,47%,481,,7,0,0,1,3,BRA043
5174,19,12,0,53%,542,,16,0,0,2,1,BRA036
5171,19,10,0,64%,546,,8,1,0,1,0,BRA015
5171,19,13,0,36%,282,,15,0,0,5,8,BRA006
5175,19,17,0,69%,619,,10,1,0,2,10,BRA025
5175,19,11,0,31%,282,,18,0,0,1,4,BRA030
5176,19,12,0,64%,538,,8,3,1,2,7,BRA005
5176,19,13,0,36%,313,,12,4,0,1,3,BRA014
5177,20,5,0,49%,407,,13,2,2,4,2,BRA044
5177,20,13,0,51%,406,,16,3,0,2,4,BRA024
5178,20,17,0,59%,538,,14,1,0,1,7,BRA040
5178,20,16,0,41%,364,,12,3,0,1,2,BRA006
5179,20,9,0,41%,284,,19,1,0,8,8,BRA020
5179,20,10,0,59%,429,,13,3,0,1,6,BRA043
5180,20,9,0,46%,374,,19,3,0,0,5,BRA016
5180,20,11,0,54%,447,,17,3,0,2,0,BRA014
5181,20,25,0,58%,587,,12,1,0,3,6,BRA036
5181,20,3,0,42%,437,,13,1,0,1,1,BRA025
5182,20,20,8,54%,379,,15,2,0,5,4,BRA022
5182,20,11,4,46%,320,,26,3,0,3,3,BRA030
5183,20,8,0,53%,491,,12,3,0,2,0,BRA003
5183,20,15,0,47%,430,,10,1,0,0,8,BRA028
5184,20,16,0,39%,387,,12,2,0,0,3,BRA015
5184,20,12,0,61%,590,,7,1,0,6,6,BRA018
5185,20,22,0,44%,277,,25,4,0,2,10,BRA021
5185,20,9,0,56%,364,,15,2,0,2,5,BRA042
5186,20,18,0,56%,472,,13,1,0,5,7,BRA005
5186,20,11,0,44%,386,,12,3,0,2,2,BRA033
5187,21,12,0,38%,313,,19,4,0,0,1,BRA020
5187,21,17,0,62%,490,,11,2,0,3,7,BRA044
5188,21,16,0,47%,496,,16,4,0,2,3,BRA042
5188,21,20,0,53%,551,,11,0,0,1,7,BRA036
5189,21,12,0,49%,385,,13,5,0,2,7,BRA025
5189,21,11,0,51%,399,,15,5,0,1,6,BRA016
5190,21,14,0,36%,290,,14,2,0,2,5,BRA006
5190,21,14,0,64%,516,,12,2,0,1,8,BRA028
5191,21,8,0,43%,360,,18,3,0,1,1,BRA030
5191,21,15,0,57%,465,,9,0,0,3,3,BRA033
5192,21,12,2,43%,372,,23,3,0,0,0,BRA022
5192,21,13,5,57%,484,,16,4,0,0,6,BRA005
5193,21,12,0,38%,351,,6,1,1,3,4,BRA043
5193,21,12,0,62%,575,,19,5,0,2,6,BRA021
5194,21,15,0,52%,429,,11,3,0,1,5,BRA015
5194,21,12,0,48%,388,,14,2,0,4,7,BRA014
5195,21,14,0,53%,505,,17,2,1,1,4,BRA018
5195,21,6,0,47%,469,,12,2,0,1,2,BRA040
5196,21,10,0,36%,284,,13,3,0,2,3,BRA024
5196,21,19,0,64%,509,,12,1,0,0,6,BRA003
5198,22,8,0,46%,383,,19,2,1,1,5,BRA036
5198,22,17,0,54%,440,,22,5,0,1,6,BRA018
5199,22,5,0,61%,549,,10,1,0,4,6,BRA044
5199,22,10,0,39%,345,,22,3,0,2,2,BRA028
5197,22,8,0,53%,407,,14,5,0,5,8,BRA042
5197,22,21,0,47%,359,,23,4,0,0,8,BRA030
5201,22,14,0,49%,368,,16,4,0,1,2,BRA003
5201,22,20,0,51%,344,,18,4,1,10,10,BRA005
5200,22,8,0,63%,588,,14,1,0,3,2,BRA021
5200,22,14,0,37%,345,,18,4,0,1,5,BRA006
5204,22,14,0,60%,510,,14,3,0,2,7,BRA033
5204,22,9,0,40%,350,,11,3,0,1,3,BRA024
5203,22,11,2,40%,345,,11,3,0,6,3,BRA022
5203,22,14,8,60%,520,,12,0,0,0,8,BRA015
5202,22,7,0,48%,414,,16,2,0,2,3,BRA016
5202,22,12,0,52%,452,,14,2,0,3,4,BRA043
5205,22,13,0,51%,430,,16,0,0,1,4,BRA040
5205,22,13,0,49%,420,,12,1,0,2,9,BRA014
5206,22,14,0,65%,572,,14,4,0,3,9,BRA020
5206,22,6,0,35%,330,,9,4,0,1,4,BRA025
5207,23,15,0,53%,464,,10,0,0,0,7,BRA042
5207,23,5,0,47%,420,,10,0,0,1,3,BRA028
5208,23,4,0,53%,463,,16,2,0,5,5,BRA005
5208,23,15,0,47%,416,,19,2,1,1,5,BRA044
5209,23,7,0,23%,169,,17,1,3,2,2,BRA030
5209,23,18,0,77%,539,,15,4,1,5,4,BRA003
5210,23,16,0,54%,476,,15,0,0,5,4,BRA018
5210,23,5,0,46%,420,,15,4,0,1,3,BRA020
5211,23,8,0,36%,294,,17,2,0,1,11,BRA036
5211,23,15,0,64%,507,,9,1,0,1,9,BRA014
5212,23,18,0,74%,690,,15,3,0,3,5,BRA025
5212,23,9,0,26%,248,,12,3,1,0,3,BRA024
5213,23,16,0,49%,312,,20,6,0,2,11,BRA033
5213,23,7,0,51%,351,,14,3,0,2,1,BRA015
5215,23,7,0,53%,437,,13,6,0,2,5,BRA022
5215,23,20,0,47%,402,,24,5,1,0,9,BRA021
5214,23,12,0,52%,363,,19,2,0,1,4,BRA006
5214,23,10,0,48%,365,,22,4,0,3,1,BRA016
5216,23,12,0,56%,517,,9,1,0,0,7,BRA043
5216,23,12,0,44%,448,,9,0,0,3,1,BRA040
5217,24,12,0,53%,438,,23,1,0,0,4,BRA044
5217,24,10,0,47%,406,,20,2,1,0,2,BRA036
5218,24,11,0,62%,587,,17,3,0,3,5,BRA005
5218,24,11,0,38%,369,,16,3,0,2,2,BRA006
5219,24,8,0,46%,367,,21,5,1,2,3,BRA028
5219,24,7,0,54%,426,,23,2,1,0,3,BRA033
5220,24,12,0,49%,407,,9,2,0,1,6,BRA003
5220,24,14,0,51%,403,,7,2,0,2,10,BRA020
5222,24,15,0,48%,431,,11,1,0,2,2,BRA040
5222,24,11,0,52%,462,,9,1,0,3,2,BRA042
5223,24,14,0,56%,604,,7,0,0,0,4,BRA015
5223,24,15,0,44%,473,,6,3,0,2,6,BRA025
5221,24,16,5,47%,376,,24,4,0,2,7,BRA022
5221,24,9,3,53%,426,,11,1,0,1,3,BRA016
5224,24,10,0,60%,591,,6,1,0,1,5,BRA043
5224,24,19,0,40%,382,,8,3,0,0,6,BRA024
5225,24,9,0,55%,361,,13,4,0,2,2,BRA030
5225,24,7,0,45%,305,,10,2,0,3,6,BRA014
5226,24,10,0,54%,412,,10,3,0,2,7,BRA018
5226,24,10,0,46%,360,,18,3,0,1,3,BRA021
5227,25,25,0,62%,514,,13,4,0,0,4,BRA016
5227,25,7,0,38%,322,,26,7,0,0,3,BRA028
5228,25,15,0,53%,424,,19,4,0,3,4,BRA033
5228,25,4,0,47%,382,,18,3,1,5,4,BRA020
5230,25,13,0,69%,595,,10,0,0,2,8,BRA015
5230,25,7,0,31%,267,,17,1,0,3,6,BRA030
5229,25,20,0,62%,531,,15,2,0,0,10,BRA040
5229,25,16,0,38%,333,,22,5,0,1,2,BRA036
5231,25,12,0,35%,278,,17,2,1,4,3,BRA018
5231,25,16,0,65%,499,,16,5,0,3,9,BRA005
5232,25,12,0,52%,473,,11,3,0,1,6,BRA025
5232,25,14,0,48%,460,,13,3,0,0,4,BRA042
5233,25,13,0,49%,429,,13,2,0,1,3,BRA014
5233,25,9,0,51%,440,,12,1,0,3,7,BRA021
5234,25,17,0,56%,423,,20,2,0,2,13,BRA003
5234,25,14,0,44%,351,,18,2,0,4,6,BRA044
5236,25,6,2,57%,440,,19,2,0,1,3,BRA043
5236,25,13,3,43%,336,,17,3,0,0,2,BRA022
5235,25,13,0,65%,581,,18,2,0,2,2,BRA006
5235,25,12,0,35%,326,,19,2,0,2,3,BRA024
5239,26,8,0,51%,489,,11,5,0,2,1,BRA036
5239,26,9,0,49%,449,,12,2,0,0,11,BRA024
5237,26,15,0,33%,262,,19,4,0,3,5,BRA030
5237,26,7,0,67%,555,,11,3,0,6,3,BRA043
5238,26,9,2,51%,392,,14,1,0,3,5,BRA022
5238,26,12,9,49%,372,,19,3,0,0,6,BRA033
5241,26,16,0,48%,423,,13,1,0,1,7,BRA003
5241,26,5,0,52%,488,,5,2,0,1,2,BRA025
5240,26,7,0,63%,362,,16,2,0,0,6,BRA020
5240,26,10,0,37%,217,,23,4,0,0,1,BRA006
5242,26,16,0,56%,592,,11,1,0,1,3,BRA005
5242,26,13,0,44%,477,,7,1,0,2,1,BRA040
5243,26,13,0,44%,348,,15,2,0,4,5,BRA028
5243,26,14,0,56%,425,,12,1,0,1,6,BRA015
5244,26,12,0,53%,437,,15,4,0,0,11,BRA018
5244,26,10,0,47%,398,,4,2,1,2,11,BRA044
5245,26,8,0,41%,354,,14,2,0,2,3,BRA014
5245,26,7,0,59%,474,,12,2,0,2,6,BRA042
5246,26,8,0,27%,245,,21,3,0,3,0,BRA016
5246,26,17,0,73%,627,,12,2,0,2,10,BRA021
5248,27,9,0,53%,415,,22,1,0,2,5,BRA028
5248,27,8,0,47%,368,,22,5,0,0,5,BRA020
5247,27,14,0,41%,284,,22,2,0,2,9,BRA033
5247,27,9,0,59%,432,,17,4,0,1,2,BRA025
5249,27,9,0,40%,348,,14,3,0,2,5,BRA036
5249,27,10,0,60%,498,,14,4,0,1,7,BRA022
5250,27,12,0,45%,379,,6,0,0,2,3,BRA024
5250,27,7,0,55%,437,,12,1,0,0,8,BRA030
5251,27,14,0,57%,464,,8,2,0,2,9,BRA015
5251,27,6,0,43%,357,,10,5,2,3,6,BRA040
5253,27,14,0,45%,379,,16,2,0,0,6,BRA005
5253,27,11,0,55%,438,,16,2,0,4,6,BRA021
5252,27,13,0,56%,477,,10,2,0,2,5,BRA043
5252,27,14,0,44%,372,,13,2,0,4,2,BRA044
5254,27,12,0,38%,294,,17,3,0,3,9,BRA006
5254,27,11,0,62%,490,,19,4,0,2,5,BRA042
5256,27,9,0,62%,407,,23,3,0,2,5,BRA003
5256,27,9,0,38%,260,,19,7,1,1,5,BRA016
5255,27,18,0,55%,416,,15,2,0,2,3,BRA014
5255,27,5,0,45%,364,,12,0,1,2,6,BRA018
5257,28,7,0,52%,437,,27,4,0,0,0,BRA022
5257,28,14,0,48%,405,,15,3,0,2,4,BRA024
5258,28,13,0,46%,426,,12,3,0,0,8,BRA006
5258,28,14,0,54%,538,,13,1,0,2,3,BRA025
5259,28,19,0,66%,488,,16,2,0,0,13,BRA003
5259,28,8,0,34%,278,,18,4,0,4,2,BRA036
5260,28,18,0,61%,490,,8,1,0,3,5,BRA040
5260,28,11,0,39%,324,,17,4,0,1,6,BRA028
5261,28,7,0,52%,334,,21,6,0,0,5,BRA044
5261,28,14,0,48%,307,,26,5,0,2,4,BRA021
5262,28,15,0,43%,369,,19,2,0,2,5,BRA030
5262,28,12,0,57%,498,,8,2,0,5,5,BRA005
5263,28,12,0,53%,385,,21,3,0,3,9,BRA020
5263,28,14,0,47%,367,,14,3,0,0,4,BRA015
5264,28,14,0,56%,402,,13,1,0,2,7,BRA042
5264,28,9,0,44%,315,,17,2,0,0,3,BRA033
5265,28,15,0,54%,414,,8,0,0,1,6,BRA014
5265,28,9,0,46%,374,,17,3,0,2,4,BRA043
5266,28,7,0,49%,458,,13,0,1,0,3,BRA018
5266,28,16,0,51%,446,,13,1,1,3,6,BRA016
5267,29,21,0,51%,376,,16,2,0,3,8,BRA028
5267,29,9,0,49%,382,,11,2,1,1,4,BRA043
5268,29,14,0,49%,412,,6,1,0,4,9,BRA016
5268,29,10,0,51%,443,,11,2,0,0,1,BRA005
5269,29,11,0,58%,464,,12,1,0,4,4,BRA042
5269,29,8,0,42%,342,,16,3,0,1,0,BRA003
5271,29,21,0,70%,478,,17,2,0,8,9,BRA021
5271,29,4,0,30%,217,,27,3,0,0,2,BRA030
5270,29,8,0,59%,444,,18,6,2,5,3,BRA044
5270,29,14,0,41%,289,,18,4,1,2,6,BRA006
5274,29,19,0,62%,423,,15,1,0,0,4,BRA024
5274,29,13,0,38%,267,,11,5,1,3,5,BRA020
5273,29,3,0,54%,526,,15,3,0,0,5,BRA025
5273,29,18,0,46%,436,,9,3,0,4,3,BRA018
5275,29,10,0,42%,320,,17,1,1,6,8,BRA036
5275,29,13,0,58%,445,,15,4,0,1,7,BRA015
5272,29,11,0,46%,386,,12,2,0,0,4,BRA022
5272,29,19,0,54%,442,,24,3,0,9,6,BRA040
5276,29,13,0,48%,314,,17,0,0,0,2,BRA014
5276,29,10,0,52%,336,,17,5,0,2,7,BRA033
5277,30,20,0,59%,488,,14,2,0,3,5,BRA005
5277,30,6,0,41%,352,,11,3,0,2,3,BRA028
5278,30,13,0,59%,517,,8,2,0,2,9,BRA043
5278,30,7,0,41%,375,,16,5,0,1,0,BRA006
5279,30,13,0,42%,293,,23,6,0,0,4,BRA030
5279,30,13,0,58%,407,,16,1,0,4,4,BRA016
5280,30,15,0,33%,228,,14,1,0,1,4,BRA020
5280,30,11,0,67%,479,,10,1,0,2,3,BRA021
5281,30,9,0,41%,306,,17,3,0,0,6,BRA036
5281,30,16,0,59%,404,,18,2,0,1,8,BRA033
5282,30,10,1,58%,462,,21,4,0,2,5,BRA042
5282,30,7,3,42%,340,,16,0,0,1,3,BRA022
5283,30,19,0,49%,365,,7,2,0,5,11,BRA018
5283,30,5,0,51%,384,,20,5,0,3,0,BRA003
5285,30,13,0,37%,367,,10,5,0,6,4,BRA024
5285,30,17,0,63%,620,,9,1,0,3,6,BRA015
5284,30,12,0,57%,388,,16,4,0,2,8,BRA044
5284,30,10,0,43%,306,,19,5,0,1,0,BRA014
5286,30,12,0,51%,474,,4,3,1,1,11,BRA040
5286,30,14,0,49%,462,,14,3,0,0,9,BRA025
5287,31,17,0,46%,330,,29,4,0,1,5,BRA033
5287,31,11,0,54%,379,,14,3,0,2,1,BRA006
5288,31,14,0,55%,348,,16,3,0,2,3,BRA020
5288,31,14,0,45%,280,,24,1,1,4,5,BRA030
5290,31,21,8,49%,426,,13,2,0,1,7,BRA018
5290,31,6,0,51%,430,,14,1,0,0,3,BRA022
5289,31,17,10,46%,369,,30,3,0,2,6,BRA036
5289,31,9,3,54%,428,,27,3,0,2,2,BRA016
5291,31,12,0,44%,389,,12,1,0,1,5,BRA015
5291,31,11,0,56%,470,,11,2,0,5,7,BRA003
5293,31,16,0,52%,427,,16,1,0,2,7,BRA044
5293,31,17,0,48%,401,,11,1,1,3,4,BRA042
5292,31,17,0,63%,459,,19,0,0,0,5,BRA021
5292,31,8,0,37%,286,,24,2,0,0,1,BRA028
5294,31,21,0,43%,369,,13,2,1,1,3,BRA014
5294,31,15,0,57%,489,,17,3,0,2,5,BRA025
5295,31,16,0,61%,559,,9,0,0,4,3,BRA040
5295,31,10,0,39%,374,,8,1,0,1,1,BRA024
5296,31,7,0,56%,545,,8,0,1,1,7,BRA005
5296,31,11,0,44%,429,,13,0,0,1,4,BRA043
5297,32,12,4,46%,427,,21,3,0,1,5,BRA003
5297,32,20,9,54%,478,,4,1,0,2,7,BRA022
5298,32,9,0,38%,279,,18,2,0,1,4,BRA030
5298,32,15,0,62%,461,,11,1,0,5,4,BRA028
5299,32,16,0,38%,281,,24,5,0,3,4,BRA020
5299,32,8,0,62%,485,,20,2,0,1,4,BRA040
5300,32,14,0,53%,452,,15,2,0,1,11,BRA033
5300,32,9,0,47%,433,,9,1,0,1,1,BRA043
5303,32,12,0,47%,367,,16,2,0,1,4,BRA006
5303,32,10,0,53%,397,,17,1,0,1,2,BRA014
5301,32,8,0,56%,509,,19,3,0,1,1,BRA015
5301,32,8,0,44%,397,,20,1,1,6,6,BRA021
5304,32,11,0,47%,416,,16,2,0,4,9,BRA025
5304,32,20,0,53%,454,,12,1,0,4,3,BRA044
5302,32,15,0,60%,525,,21,3,0,1,3,BRA042
5302,32,12,0,40%,344,,17,4,1,2,3,BRA016
5305,32,17,0,44%,363,,14,4,0,0,8,BRA024
5305,32,15,0,56%,485,,11,4,0,0,5,BRA018
5306,32,17,0,59%,552,,15,2,0,0,6,BRA005
5306,32,7,0,41%,409,,12,1,0,2,5,BRA036
5307,33,9,0,43%,415,,15,2,0,2,2,BRA043
5307,33,16,0,57%,541,,10,1,0,3,4,BRA042
5308,33,10,0,51%,315,,16,3,0,1,4,BRA006
5308,33,15,0,49%,325,,16,3,0,0,3,BRA018
5309,33,2,0,51%,354,,20,3,0,2,7,BRA036
5309,33,11,0,49%,330,,17,5,0,0,4,BRA030
5310,33,11,0,64%,424,,13,2,0,3,7,BRA016
5310,33,6,0,36%,247,,29,5,0,2,6,BRA020
5313,33,6,0,48%,474,,12,0,1,1,1,BRA021
5313,33,11,0,52%,506,,12,0,0,0,6,BRA025
5314,33,16,0,59%,497,,11,1,0,5,11,BRA005
5314,33,9,0,41%,363,,15,0,0,1,2,BRA015
5311,33,17,0,56%,402,,13,3,0,2,7,BRA014
5311,33,5,0,44%,341,,12,4,1,1,4,BRA003
5312,33,13,0,46%,281,,15,3,0,6,6,BRA040
5312,33,8,0,54%,325,,18,3,1,3,4,BRA033
5315,33,13,3,48%,444,,18,2,0,0,13,BRA044
5315,33,14,5,52%,472,,22,4,1,2,5,BRA022
5316,33,14,0,66%,520,,12,3,0,2,5,BRA028
5316,33,14,0,34%,267,,16,3,0,3,4,BRA024
5317,34,13,0,45%,360,,20,4,0,4,6,BRA036
5317,34,11,0,55%,439,,20,2,0,0,4,BRA028
5318,34,10,0,67%,698,,5,0,0,1,6,BRA015
5318,34,10,0,33%,331,,17,3,0,2,7,BRA016
5319,34,21,0,41%,322,,10,2,0,1,4,BRA006
5319,34,18,0,59%,467,,21,1,0,1,7,BRA003
5320,34,13,5,60%,522,,12,3,0,3,6,BRA022
5320,34,18,3,40%,351,,14,3,0,2,5,BRA014
5322,34,11,0,35%,323,,14,0,0,1,2,BRA024
5322,34,13,0,65%,581,,16,1,0,4,5,BRA021
5323,34,13,0,56%,577,,12,2,0,0,2,BRA042
5323,34,18,0,44%,446,,5,1,0,4,6,BRA018
5324,34,13,0,31%,243,,14,2,0,4,10,BRA020
5324,34,13,0,69%,562,,13,4,0,2,6,BRA005
5321,34,9,0,43%,333,,13,4,0,3,2,BRA044
5321,34,15,0,57%,422,,29,1,0,1,8,BRA033
5325,34,9,0,55%,237,,22,3,1,3,11,BRA030
5325,34,11,0,45%,203,,19,2,0,8,7,BRA040
5326,34,13,0,48%,426,,8,2,0,1,8,BRA043
5326,34,8,0,52%,460,,16,3,1,2,4,BRA025
5327,35,15,0,53%,410,,15,4,0,3,13,BRA043
5327,35,21,0,47%,369,,13,2,0,3,13,BRA018
5328,35,11,0,38%,316,,18,1,0,0,3,BRA016
5328,35,12,0,62%,484,,20,1,0,4,5,BRA024
5329,35,7,0,32%,262,,24,4,0,2,1,BRA020
5329,35,13,0,68%,534,,18,4,0,3,5,BRA036
5331,35,14,0,47%,363,,13,2,0,5,1,BRA003
5331,35,12,0,53%,395,,15,4,2,4,4,BRA033
5330,35,11,0,40%,265,,12,4,0,1,6,BRA006
5330,35,14,0,60%,392,,13,1,0,0,8,BRA030
5332,35,8,0,37%,293,,21,4,1,2,4,BRA022
5332,35,21,0,63%,499,,20,3,0,3,9,BRA025
5333,35,11,0,57%,433,,14,2,1,7,3,BRA028
5333,35,18,0,43%,318,,16,4,0,4,9,BRA014
5334,35,10,0,55%,516,,9,0,0,4,5,BRA005
5334,35,18,0,45%,418,,7,0,0,3,5,BRA042
5335,35,13,0,59%,471,,20,2,0,2,6,BRA040
5335,35,11,0,41%,327,,11,1,1,1,3,BRA021
5336,35,14,0,40%,305,,12,1,1,6,8,BRA044
5336,35,14,0,60%,442,,15,3,0,0,6,BRA015
5337,36,15,0,49%,433,,13,1,0,2,2,BRA018
5337,36,10,0,51%,438,,20,2,0,1,1,BRA033
5339,36,12,0,27%,242,,12,3,0,1,2,BRA024
5339,36,18,0,73%,629,,16,3,0,3,6,BRA005
5340,36,11,0,57%,419,,13,2,0,0,4,BRA025
5340,36,13,0,43%,322,,21,4,0,2,6,BRA028
5342,36,13,0,51%,459,,10,2,0,0,3,BRA015
5342,36,19,0,49%,441,,10,2,0,3,9,BRA042
5341,36,14,0,51%,400,,13,1,0,3,4,BRA020
5341,36,6,0,49%,397,,15,3,0,1,5,BRA014
5338,36,21,0,54%,338,,21,4,1,3,7,BRA030
5338,36,8,0,46%,306,,10,4,0,1,9,BRA044
5343,36,15,0,59%,501,,19,3,0,0,8,BRA021
5343,36,12,0,41%,360,,23,3,0,2,3,BRA036
5344,36,13,0,44%,400,,6,3,0,2,5,BRA006
5344,36,9,0,56%,515,,11,2,0,2,5,BRA022
5345,36,10,0,37%,282,,13,3,0,2,3,BRA016
5345,36,8,0,63%,480,,21,3,1,1,5,BRA040
5346,36,20,0,54%,461,,10,3,0,3,10,BRA043
5346,36,7,0,46%,411,,20,2,0,2,5,BRA003
5347,37,12,0,35%,289,,26,4,0,6,2,BRA020
5347,37,19,0,65%,526,,16,1,0,0,4,BRA042
5348,37,8,0,43%,369,,13,3,1,0,3,BRA022
5348,37,14,0,57%,486,,20,4,0,1,3,BRA028
5349,37,4,0,52%,371,,27,1,1,1,2,BRA036
5349,37,10,0,48%,333,,19,1,0,0,8,BRA006
5351,37,21,0,57%,504,,12,2,0,2,3,BRA018
5351,37,4,0,43%,387,,13,3,0,1,2,BRA030
5352,37,15,0,57%,522,,11,5,0,0,3,BRA005
5352,37,4,0,43%,397,,10,3,0,3,3,BRA025
5350,37,13,0,45%,399,,14,6,0,4,8,BRA043
5350,37,8,0,55%,484,,17,3,0,2,4,BRA015
5355,37,7,0,30%,225,,27,3,0,4,2,BRA016
5355,37,6,0,70%,495,,22,3,0,4,6,BRA033
5353,37,11,0,66%,438,,17,5,0,0,4,BRA014
5353,37,14,0,34%,234,,17,3,0,2,3,BRA024
5354,37,9,0,53%,349,,12,2,0,3,2,BRA040
5354,37,16,0,47%,307,,14,3,0,1,10,BRA044
5356,37,17,0,40%,372,,16,1,0,2,2,BRA003
5356,37,10,0,60%,546,,14,3,0,1,4,BRA021
5365,38,7,0,46%,314,,13,1,0,3,4,BRA025
5365,38,13,0,54%,341,,12,3,0,3,7,BRA030
5358,38,15,0,65%,559,,16,0,0,1,1,BRA021
5358,38,14,0,35%,304,,20,1,0,4,5,BRA033
5360,38,15,0,51%,442,,10,1,0,3,5,BRA003
5360,38,12,0,49%,440,,10,0,0,4,7,BRA040
5364,38,14,0,60%,553,,7,0,0,2,5,BRA005
5364,38,10,0,40%,364,,11,0,0,0,4,BRA014
5361,38,4,0,52%,402,,12,2,0,2,5,BRA043
5361,38,14,0,48%,358,,21,4,0,4,9,BRA036
5357,38,6,0,49%,399,,13,1,0,2,3,BRA018
5357,38,13,0,51%,381,,11,2,0,4,9,BRA028
5359,38,8,0,61%,421,,18,4,0,1,5,BRA022
5359,38,17,0,39%,262,,16,4,0,0,7,BRA020
5362,38,6,0,36%,309,,12,4,0,1,2,BRA024
5362,38,6,0,64%,540,,21,1,0,0,3,BRA042
5363,38,14,0,78%,761,,11,2,0,2,4,BRA015
5363,38,11,0,22%,216,,14,2,0,1,2,BRA006
5366,38,6,0,47%,295,,20,1,0,1,4,BRA016
5366,38,7,0,53%,327,,15,0,1,3,3,BRA044
5368,1,11,0,56%,553,,18,2,0,2,4,BRA021
5368,1,1,0,44%,437,,15,1,1,3,4,BRA043
5367,1,4,0,35%,316,,17,3,1,0,1,BRA003
5367,1,12,6,65%,577,,14,1,0,2,8,BRA033
5369,1,23,0,40%,361,,18,2,0,3,4,BRA005
5369,1,12,0,60%,517,,12,2,0,5,2,BRA040
5370,1,6,0,49%,442,,23,2,2,4,0,BRA018
5370,1,15,0,51%,444,,19,1,0,1,5,BRA016
5371,1,11,0,62%,380,,17,0,0,1,1,BRA045
5371,1,7,0,38%,227,,11,3,0,6,6,BRA038
5372,1,11,0,67%,590,,7,1,0,3,7,BRA009
5372,1,6,0,33%,310,,10,5,0,3,4,BRA042
5375,1,14,0,61%,490,,9,0,0,4,15,BRA022
5375,1,17,0,39%,317,,8,0,0,2,8,BRA001
5373,1,13,0,54%,376,,8,2,0,1,6,BRA020
5373,1,20,0,46%,332,,21,5,0,1,9,BRA036
5374,1,15,0,61%,579,,12,1,0,2,10,BRA015
5374,1,6,0,39%,391,,20,4,0,3,2,BRA025
5376,1,12,0,69%,494,,14,3,0,1,9,BRA028
5376,1,6,0,31%,227,,20,3,1,1,4,BRA014
5377,2,11,0,66%,497,,16,4,0,3,6,BRA033
5377,2,11,0,34%,268,,21,3,0,3,4,BRA036
5378,2,10,0,42%,341,,23,5,0,0,5,BRA038
5378,2,15,0,58%,462,,20,3,0,0,6,BRA022
5379,2,17,0,70%,533,,11,3,0,1,5,BRA018
5379,2,13,0,30%,229,,14,1,0,1,4,BRA020
5380,2,4,0,41%,451,,15,2,0,3,1,BRA016
5380,2,12,0,59%,622,,12,5,0,6,2,BRA040
5381,2,9,0,42%,391,,18,3,0,1,5,BRA003
5381,2,25,0,58%,523,,7,1,0,3,14,BRA005
5382,2,13,0,66%,529,,24,4,0,3,5,BRA015
5382,2,10,0,34%,270,,20,4,1,5,5,BRA045
5383,2,18,0,62%,495,,12,0,0,3,6,BRA014
5383,2,9,0,38%,313,,26,4,0,1,2,BRA001
5384,2,17,0,54%,406,,11,4,0,0,11,BRA042
5384,2,12,0,46%,362,,16,6,1,2,5,BRA028
5385,2,20,0,44%,434,,17,3,0,4,11,BRA025
5385,2,14,0,56%,535,,8,2,0,4,5,BRA021
5386,2,19,0,44%,443,,10,2,0,5,1,BRA009
5386,2,13,0,56%,537,,14,3,0,1,10,BRA043
5387,3,13,0,46%,403,,21,2,0,2,7,BRA020
5387,3,8,0,54%,484,,12,3,1,1,2,BRA040
5388,3,16,4,66%,645,,12,2,0,1,5,BRA003
5388,3,10,3,34%,333,,8,2,0,5,3,BRA009
5389,3,8,0,63%,536,,10,4,1,3,2,BRA021
5389,3,12,0,37%,318,,24,1,0,3,5,BRA014
5390,3,7,0,46%,373,,18,1,1,3,1,BRA045
5390,3,12,0,54%,420,,22,4,0,1,4,BRA001
5391,3,20,0,66%,537,,15,3,0,1,7,BRA018
5391,3,9,0,34%,282,,16,2,0,3,1,BRA038
5393,3,13,0,51%,419,,18,2,0,0,6,BRA016
5393,3,11,0,49%,407,,12,2,0,1,3,BRA042
5392,3,14,0,47%,360,,12,0,0,3,4,BRA022
5392,3,15,0,53%,390,,20,1,0,1,8,BRA033
5394,3,6,0,42%,411,,15,3,0,1,3,BRA036
5394,3,14,0,58%,562,,23,3,0,0,5,BRA015
5395,3,11,0,52%,430,,14,3,0,3,7,BRA028
5395,3,10,0,48%,426,,13,1,0,1,5,BRA043
5396,3,15,0,55%,530,,8,1,0,0,5,BRA005
5396,3,10,0,45%,449,,14,5,0,1,4,BRA025
5397,4,27,0,66%,544,,7,1,0,1,15,BRA018
5397,4,6,0,34%,293,,9,1,0,1,4,BRA001
5398,4,10,8,48%,426,,17,2,0,3,7,BRA003
5398,4,11,4,52%,447,,17,1,0,1,5,BRA020
5399,4,17,0,66%,527,,16,1,0,0,9,BRA014
5399,4,4,0,34%,298,,19,4,0,1,1,BRA038
5400,4,6,0,39%,346,,13,1,1,1,2,BRA021
5400,4,18,0,61%,518,,19,2,0,1,8,BRA036
5401,4,11,0,56%,581,,7,2,0,4,8,BRA043
5401,4,12,0,44%,479,,12,1,0,0,1,BRA015
5402,4,6,0,56%,459,,17,1,0,0,7,BRA009
5402,4,15,3,44%,377,,16,1,0,0,2,BRA022
5403,4,16,0,43%,342,,21,4,0,1,4,BRA045
5403,4,16,0,57%,447,,18,6,0,2,5,BRA005
5404,4,8,0,55%,403,,21,5,0,3,2,BRA033
5404,4,15,0,45%,335,,18,2,0,3,13,BRA042
5405,4,12,0,55%,572,,19,0,0,1,4,BRA025
5405,4,13,0,45%,471,,18,3,0,4,2,BRA016
5406,4,13,0,49%,457,,9,1,0,2,5,BRA040
5406,4,11,0,51%,454,,14,1,0,0,5,BRA028
5407,5,13,0,52%,449,,15,2,0,4,4,BRA003
5407,5,9,1,48%,418,,30,5,0,3,7,BRA028
5410,5,19,0,51%,387,,17,4,0,1,6,BRA016
5410,5,15,0,49%,376,,23,5,0,1,9,BRA014
5409,5,8,0,52%,385,,25,5,1,1,6,BRA038
5409,5,17,0,48%,368,,15,2,0,2,2,BRA043
5408,5,3,0,33%,331,,14,2,0,3,3,BRA040
5408,5,14,0,67%,648,,14,0,0,0,7,BRA015
5411,5,11,0,38%,373,,19,5,0,5,2,BRA022
5411,5,17,0,62%,593,,16,2,0,4,0,BRA005
5413,5,14,0,49%,399,,23,3,0,2,7,BRA018
5413,5,5,0,51%,419,,11,1,0,3,9,BRA009
5412,5,12,0,63%,456,,19,1,0,1,5,BRA042
5412,5,17,0,37%,257,,16,2,0,0,5,BRA020
5414,5,14,0,55%,529,,7,1,0,5,3,BRA001
5414,5,13,0,45%,433,,15,3,0,2,7,BRA036
5416,5,5,0,49%,384,,18,3,0,1,2,BRA045
5416,5,17,0,51%,391,,14,2,0,1,5,BRA021
5415,5,16,0,45%,330,,24,5,0,3,4,BRA033
5415,5,11,0,55%,415,,19,4,0,1,1,BRA025
5417,6,10,1,39%,363,,18,2,0,0,2,BRA038
5417,6,12,4,61%,561,,12,0,0,0,4,BRA003
5418,6,8,0,45%,439,,12,3,0,0,2,BRA014
5418,6,12,0,55%,520,,11,0,0,3,3,BRA022
5419,6,20,0,76%,718,,13,2,0,1,11,BRA015
5419,6,6,0,24%,238,,12,5,0,3,3,BRA016
5420,6,13,0,49%,374,,14,3,0,2,2,BRA020
5420,6,18,0,51%,354,,20,2,0,1,9,BRA001
5421,6,11,0,47%,441,,12,1,0,1,5,BRA009
5421,6,7,0,53%,499,,12,1,0,2,7,BRA040
5422,6,10,0,60%,386,,19,6,0,1,5,BRA028
5422,6,11,0,40%,270,,16,1,0,1,2,BRA045
5423,6,12,0,52%,502,,10,1,0,2,2,BRA043
5423,6,10,0,48%,477,,17,3,0,2,4,BRA005
5425,6,8,0,28%,271,,13,4,1,0,2,BRA036
5425,6,27,0,72%,662,,14,2,1,0,10,BRA025
5424,6,15,0,62%,479,,12,2,0,1,7,BRA033
5424,6,7,0,38%,310,,11,1,1,1,2,BRA021
5426,6,10,0,40%,372,,9,0,0,3,5,BRA042
5426,6,12,0,60%,541,,12,2,0,4,3,BRA018
5427,7,19,0,49%,432,,15,3,0,1,9,BRA001
5427,7,12,0,51%,464,,16,2,0,1,3,BRA028
5428,7,10,0,60%,461,,22,3,0,0,9,BRA036
5428,7,7,0,40%,312,,22,4,0,1,3,BRA014
5429,7,26,0,61%,548,,9,4,0,1,6,BRA022
5429,7,6,0,39%,384,,10,2,1,0,1,BRA025
5430,7,13,4,62%,546,,12,1,0,1,4,BRA042
5430,7,6,5,38%,337,,17,2,0,2,4,BRA003
5432,7,18,0,48%,338,,18,1,0,1,8,BRA045
5432,7,13,0,52%,358,,20,3,0,5,6,BRA009
5431,7,18,0,55%,411,,18,4,1,4,7,BRA016
5431,7,9,0,45%,358,,26,3,1,1,0,BRA043
5433,7,11,0,31%,229,,15,5,3,1,4,BRA018
5433,7,12,0,69%,489,,15,4,1,4,7,BRA005
5434,7,16,0,51%,368,,19,4,0,3,2,BRA033
5434,7,8,0,49%,373,,18,4,0,2,2,BRA015
5435,7,8,0,37%,282,,17,2,0,1,4,BRA020
5435,7,16,0,63%,474,,17,2,0,0,4,BRA021
5436,7,12,0,52%,501,,11,2,0,0,3,BRA040
5436,7,16,0,48%,451,,19,1,0,0,6,BRA038
5439,8,12,3,53%,498,,9,0,0,2,4,BRA036
5439,8,9,4,47%,449,,15,2,0,0,4,BRA003
5438,8,8,0,46%,376,,19,2,0,0,7,BRA014
5438,8,17,0,54%,452,,15,2,0,0,5,BRA025
5437,8,10,0,55%,422,,22,5,0,5,3,BRA042
5437,8,10,0,45%,357,,22,2,0,2,2,BRA045
5442,8,10,0,54%,481,,20,2,0,1,2,BRA001
5442,8,22,0,46%,434,,17,2,0,2,5,BRA009
5441,8,12,0,54%,424,,25,3,0,3,9,BRA038
5441,8,8,0,46%,396,,8,3,1,0,3,BRA020
5440,8,12,0,39%,398,,10,3,0,0,5,BRA043
5440,8,20,0,61%,617,,10,1,0,2,9,BRA040
5443,8,9,0,61%,462,,19,3,0,2,4,BRA033
5443,8,9,0,39%,291,,14,4,0,1,6,BRA016
5444,8,9,0,38%,336,,9,0,0,4,5,BRA021
5444,8,15,0,62%,538,,9,0,0,0,9,BRA018
5445,8,12,0,45%,399,,23,2,0,6,7,BRA028
5445,8,15,0,55%,494,,12,1,0,1,5,BRA005
5446,8,16,0,57%,547,,7,0,1,1,9,BRA015
5446,8,12,0,43%,410,,12,2,0,5,4,BRA022
5447,9,22,0,60%,521,,18,1,0,2,2,BRA033
5447,9,13,0,40%,349,,24,3,1,0,3,BRA038
5448,9,10,5,33%,323,,16,2,0,1,3,BRA003
5448,9,7,3,67%,652,,7,1,0,2,5,BRA040
5449,9,15,0,51%,415,,12,3,0,1,3,BRA016
5449,9,17,0,49%,395,,17,0,0,3,3,BRA001
5451,9,20,0,53%,488,,9,0,0,1,10,BRA005
5451,9,9,0,47%,445,,17,1,0,1,3,BRA036
5450,9,25,0,52%,344,,20,1,0,2,11,BRA045
5450,9,10,0,48%,336,,18,4,0,2,2,BRA014
5452,9,12,0,61%,562,,15,2,0,1,4,BRA015
5452,9,10,0,39%,363,,15,2,0,4,6,BRA009
5455,9,19,0,65%,617,,12,0,0,4,7,BRA022
5455,9,10,0,35%,345,,12,2,0,2,2,BRA043
5453,9,8,0,38%,315,,19,2,1,1,2,BRA042
5453,9,30,0,62%,501,,9,1,0,0,14,BRA021
5454,9,16,0,41%,277,,16,3,0,4,7,BRA020
5454,9,19,0,59%,370,,15,0,0,0,12,BRA028
5456,9,17,0,56%,572,,13,0,0,4,5,BRA025
5456,9,7,0,44%,453,,16,2,0,2,1,BRA018
5457,10,11,0,32%,316,,8,1,0,1,4,BRA001
5457,10,21,0,68%,663,,6,0,0,4,6,BRA033
5458,10,15,0,64%,473,,11,4,0,3,12,BRA036
5458,10,7,0,36%,294,,14,4,0,0,2,BRA018
5459,10,9,0,35%,296,,14,1,0,0,1,BRA020
5459,10,20,0,65%,513,,12,0,0,5,14,BRA009
5460,10,9,0,52%,483,,12,0,0,2,3,BRA021
5460,10,14,0,48%,427,,13,1,0,2,7,BRA038
5461,10,17,0,48%,479,,11,1,0,3,3,BRA040
5461,10,22,0,52%,501,,9,1,0,0,4,BRA022
5462,10,9,0,49%,456,,24,3,0,4,3,BRA005
5462,10,10,0,51%,479,,11,1,0,2,2,BRA015
5464,10,21,0,63%,557,,11,3,1,1,2,BRA025
5464,10,15,0,37%,334,,17,4,0,4,3,BRA045
5463,10,11,3,51%,315,,16,2,0,3,5,BRA014
5463,10,13,4,49%,305,,17,2,0,3,5,BRA003
5465,10,8,0,37%,313,,19,2,0,0,3,BRA043
5465,10,21,0,63%,511,,9,0,0,2,3,BRA042
5466,10,10,0,44%,301,,27,5,0,1,5,BRA028
5466,10,14,0,56%,355,,13,1,1,1,7,BRA016
5467,11,20,0,51%,390,,13,4,0,1,5,BRA018
5467,11,10,0,49%,384,,14,2,0,3,6,BRA033
5468,11,18,0,62%,537,,14,3,0,2,12,BRA015
5468,11,9,0,38%,338,,16,1,0,2,1,BRA038
5469,11,7,0,42%,354,,17,3,0,5,4,BRA005
5469,11,17,0,58%,476,,19,3,0,3,2,BRA001
5470,11,18,0,43%,400,,14,1,0,2,3,BRA022
5470,11,19,0,57%,505,,9,0,0,0,8,BRA021
5471,11,14,0,61%,469,,17,3,0,3,8,BRA045
5471,11,15,0,39%,320,,22,2,0,0,3,BRA036
5473,11,22,0,62%,450,,21,4,1,1,13,BRA028
5473,11,15,0,38%,299,,18,3,0,0,4,BRA009
5472,11,7,1,52%,480,,16,0,1,3,7,BRA025
5472,11,18,12,48%,461,,12,1,0,4,6,BRA003
5474,11,8,0,36%,305,,14,2,1,0,10,BRA042
5474,11,11,0,64%,558,,8,2,0,1,4,BRA040
5476,11,16,0,49%,370,,23,4,0,4,3,BRA016
5476,11,8,0,51%,368,,19,3,0,4,4,BRA020
5475,11,15,0,57%,494,,22,3,0,0,13,BRA043
5475,11,7,0,43%,382,,10,2,0,3,2,BRA014
5478,12,8,0,34%,260,,19,2,2,2,3,BRA043
5478,12,20,0,66%,472,,22,4,0,3,7,BRA045
5477,12,21,0,41%,373,,11,1,0,1,8,BRA021
5477,12,7,0,59%,550,,22,1,0,1,0,BRA028
5479,12,18,0,64%,655,,14,3,0,3,5,BRA040
5479,12,17,0,36%,375,,10,3,0,2,4,BRA025
5480,12,12,3,52%,345,,22,3,0,2,7,BRA016
5480,12,8,2,48%,336,,16,2,0,2,3,BRA003
5481,12,15,0,47%,339,,19,4,0,2,8,BRA014
5481,12,7,0,53%,401,,20,6,0,1,3,BRA018
5483,12,14,0,59%,539,,10,2,0,3,8,BRA001
5483,12,8,0,41%,381,,13,1,0,2,4,BRA015
5482,12,19,0,43%,383,,17,4,0,1,7,BRA042
5482,12,9,0,57%,508,,15,3,0,1,4,BRA022
5485,12,8,0,37%,302,,24,1,0,4,3,BRA020
5485,12,14,0,63%,513,,26,1,0,1,4,BRA033
5484,12,13,0,43%,355,,16,1,0,2,0,BRA036
5484,12,9,0,57%,453,,15,2,0,4,8,BRA038
5486,12,12,0,45%,373,,15,0,0,2,9,BRA005
5486,12,20,0,55%,438,,9,0,0,6,9,BRA009
5487,13,13,0,56%,467,,14,1,0,6,10,BRA022
5487,13,5,0,44%,373,,19,2,0,1,2,BRA016
5488,13,15,2,56%,484,,9,2,0,1,6,BRA003
5488,13,11,0,44%,386,,12,2,0,1,6,BRA001
5489,13,18,0,60%,366,,12,3,0,5,8,BRA018
5489,13,20,0,40%,238,,18,2,1,5,10,BRA045
5490,13,11,0,45%,335,,11,5,0,1,3,BRA025
5490,13,19,0,55%,371,,11,4,0,3,12,BRA028
5493,13,17,0,49%,450,,15,2,0,1,6,BRA015
5493,13,13,0,51%,475,,10,3,0,5,7,BRA021
5491,13,9,0,64%,639,,13,1,0,1,11,BRA040
5491,13,11,0,36%,359,,12,1,0,1,6,BRA014
5492,13,6,0,35%,277,,16,2,1,3,2,BRA042
5492,13,22,0,65%,480,,20,3,0,0,6,BRA036
5494,13,10,0,45%,401,,11,1,0,1,6,BRA009
5494,13,15,0,55%,477,,13,3,0,2,6,BRA038
5495,13,17,0,54%,407,,18,2,1,1,4,BRA020
5495,13,9,0,46%,361,,21,4,1,1,2,BRA005
5496,13,17,0,61%,428,,18,4,0,2,5,BRA043
5496,13,13,0,39%,297,,21,5,0,1,0,BRA033
5497,14,9,0,39%,333,,17,0,1,3,3,BRA014
5497,14,12,0,61%,522,,13,1,0,3,5,BRA015
5498,14,16,0,51%,414,,21,1,0,0,11,BRA016
5498,14,9,0,49%,408,,14,3,0,1,8,BRA009
5499,14,11,0,38%,268,,17,2,0,5,4,BRA036
5499,14,9,0,62%,436,,12,2,0,0,4,BRA043
5500,14,12,0,38%,345,,14,1,0,1,7,BRA020
5500,14,27,0,62%,543,,11,1,0,1,9,BRA025
5501,14,13,0,55%,428,,23,4,0,2,5,BRA005
5501,14,7,0,45%,360,,10,1,0,0,6,BRA021
5503,14,7,0,45%,403,,13,4,0,0,3,BRA001
5503,14,21,0,55%,488,,7,1,0,3,4,BRA042
5502,14,11,0,52%,360,,19,2,0,1,7,BRA028
5502,14,8,0,48%,339,,21,0,0,1,4,BRA038
5504,14,10,0,45%,273,,22,4,0,3,6,BRA022
5504,14,26,0,55%,311,,16,3,0,4,13,BRA045
5505,14,9,3,39%,369,,17,4,0,4,1,BRA003
5505,14,19,7,61%,543,,9,1,0,5,4,BRA018
5506,14,10,0,62%,458,,17,2,0,1,2,BRA040
5506,14,12,0,38%,287,,17,3,0,3,4,BRA033
5507,15,17,0,47%,391,,12,2,0,2,7,BRA009
5507,15,10,0,53%,442,,22,4,0,1,1,BRA021
5508,15,13,0,58%,484,,14,3,0,0,5,BRA040
5508,15,19,0,42%,328,,11,2,0,1,6,BRA036
5509,15,10,0,67%,650,,9,2,0,2,4,BRA001
5509,15,14,0,33%,337,,10,2,0,2,2,BRA038
5511,15,9,0,44%,348,,16,1,0,3,3,BRA020
5511,15,9,0,56%,420,,18,4,0,1,5,BRA014
5512,15,12,0,64%,480,,17,6,0,0,14,BRA018
5512,15,11,0,36%,276,,17,0,0,3,5,BRA022
5514,15,8,0,56%,459,,11,3,0,0,4,BRA015
5514,15,7,0,44%,355,,26,3,0,5,7,BRA042
5510,15,8,0,59%,502,,17,4,0,0,9,BRA028
5510,15,9,0,41%,381,,13,2,0,1,1,BRA033
5513,15,16,0,48%,373,,10,3,0,2,7,BRA045
5513,15,17,0,52%,405,,16,3,0,3,4,BRA003
5515,15,14,0,45%,405,,15,0,0,1,3,BRA043
5515,15,18,0,55%,481,,16,3,0,2,7,BRA025
5516,15,15,0,49%,361,,18,2,0,2,3,BRA016
5516,15,12,0,51%,380,,16,2,0,5,3,BRA005
5517,16,7,0,31%,262,,21,6,0,3,5,BRA020
5517,16,18,0,69%,545,,15,2,0,0,7,BRA015
5518,16,16,0,42%,339,,19,1,0,0,4,BRA016
5518,16,5,0,58%,456,,17,2,0,7,4,BRA038
5519,16,5,0,43%,341,,19,2,0,3,1,BRA005
5519,16,9,0,57%,426,,11,1,0,5,6,BRA033
5520,16,15,0,51%,339,,20,3,0,3,10,BRA036
5520,16,6,0,49%,347,,13,2,1,1,2,BRA028
5524,16,4,0,37%,354,,14,1,0,1,0,BRA014
5524,16,14,0,63%,579,,16,2,0,5,3,BRA009
5521,16,27,0,52%,515,,16,0,0,0,7,BRA025
5521,16,8,0,48%,485,,12,2,1,1,2,BRA042
5523,16,8,0,39%,304,,18,4,0,1,3,BRA043
5523,16,29,0,61%,442,,15,1,0,2,12,BRA018
5522,16,16,5,42%,354,,13,3,0,0,2,BRA003
5522,16,9,3,58%,466,,20,5,0,0,7,BRA022
5525,16,9,0,43%,358,,11,2,0,2,2,BRA040
5525,16,23,0,57%,434,,15,3,0,3,13,BRA045
5526,16,23,0,62%,535,,11,1,0,1,4,BRA021
5526,16,10,0,38%,335,,13,0,0,2,5,BRA001
5527,17,12,0,65%,446,,26,3,1,0,3,BRA045
5527,17,6,0,35%,246,,19,3,1,1,6,BRA020
5528,17,10,0,49%,421,,23,2,0,1,6,BRA043
5528,17,8,0,51%,444,,9,1,0,1,1,BRA003
5529,17,8,0,42%,430,,12,3,0,1,3,BRA038
5529,17,15,0,58%,590,,13,1,0,1,10,BRA005
5531,17,5,0,54%,416,,21,4,0,1,1,BRA022
5531,17,14,0,46%,352,,21,6,0,0,7,BRA036
5530,17,21,0,68%,569,,13,4,0,3,13,BRA042
5530,17,7,0,32%,291,,11,1,0,0,1,BRA014
5532,17,12,0,51%,338,,9,1,0,0,8,BRA016
5532,17,6,0,49%,369,,13,2,0,0,2,BRA021
5533,17,13,0,45%,381,,19,2,0,2,8,BRA015
5533,17,6,0,55%,446,,19,2,0,3,3,BRA028
5534,17,13,0,50%,502,,10,1,0,2,4,BRA018
5534,17,8,0,50%,517,,12,1,0,5,2,BRA040
5535,17,13,0,54%,400,,23,3,0,4,4,BRA033
5535,17,12,0,46%,361,,20,4,0,1,3,BRA009
5536,17,7,0,53%,476,,8,2,1,4,1,BRA025
5536,17,10,0,47%,399,,15,2,0,1,8,BRA001
5537,18,11,0,55%,361,,9,2,0,4,7,BRA045
5537,18,19,0,45%,296,,19,1,0,2,4,BRA016
5538,18,6,0,28%,224,,22,3,0,0,3,BRA001
5538,18,12,0,72%,548,,8,1,0,1,9,BRA043
5539,18,10,0,40%,379,,10,2,0,1,4,BRA040
5539,18,17,0,60%,533,,9,2,0,1,9,BRA021
5540,18,10,7,44%,436,,11,3,0,3,1,BRA003
5540,18,12,3,56%,536,,12,0,0,4,6,BRA015
5541,18,8,0,37%,322,,16,2,0,0,5,BRA036
5541,18,3,0,63%,546,,12,2,0,1,2,BRA009
5542,18,13,0,38%,368,,18,3,0,0,4,BRA038
5542,18,15,0,62%,584,,18,1,0,2,5,BRA025
5543,18,8,0,39%,384,,17,2,0,1,3,BRA005
5543,18,21,0,61%,544,,9,2,0,1,12,BRA042
5544,18,12,0,42%,347,,10,1,0,1,6,BRA018
5544,18,11,0,58%,474,,14,1,0,2,4,BRA028
5545,18,13,0,34%,261,,18,1,0,1,2,BRA014
5545,18,23,0,66%,495,,15,0,0,0,8,BRA033
5547,19,11,2,47%,395,,11,4,0,2,3,BRA003
5547,19,16,4,53%,410,,11,2,0,5,11,BRA021
5548,19,7,0,58%,521,,7,1,1,3,3,BRA040
5548,19,9,0,42%,381,,11,2,0,1,2,BRA001
5550,19,18,0,59%,491,,13,2,0,4,4,BRA033
5550,19,10,0,41%,338,,20,4,0,5,2,BRA045
5549,19,11,0,52%,342,,20,4,0,0,3,BRA016
5549,19,11,0,48%,328,,18,3,0,5,4,BRA036
5551,19,13,0,48%,386,,15,1,0,2,6,BRA038
5551,19,12,0,52%,419,,24,3,0,0,7,BRA042
5552,19,10,0,46%,371,,14,4,0,1,3,BRA022
5552,19,15,0,54%,413,,22,4,0,2,7,BRA028
5553,19,16,0,59%,439,,16,3,0,1,5,BRA043
5553,19,13,0,41%,297,,18,5,0,1,3,BRA020
5554,19,18,0,43%,379,,12,1,0,3,3,BRA014
5554,19,14,0,57%,507,,15,0,0,3,5,BRA005
5555,19,11,0,54%,485,,15,4,0,2,6,BRA015
5555,19,14,0,46%,430,,8,3,0,5,6,BRA018
5557,20,11,0,63%,522,,15,3,0,0,9,BRA021
5557,20,13,0,37%,315,,24,2,0,1,5,BRA043
5558,20,3,0,58%,395,,25,2,0,3,3,BRA020
5558,20,15,0,42%,272,,21,2,0,1,11,BRA036
5559,20,16,0,60%,482,,12,2,0,2,9,BRA022
5559,20,5,0,40%,331,,28,5,0,0,2,BRA001
5560,20,26,0,61%,509,,14,1,0,0,10,BRA015
5560,20,13,0,39%,349,,15,4,0,3,6,BRA025
5563,20,14,0,53%,398,,15,1,0,2,3,BRA045
5563,20,10,0,47%,343,,20,2,0,9,5,BRA038
5561,20,17,0,67%,503,,15,2,0,4,4,BRA018
5561,20,7,0,33%,256,,20,4,0,2,5,BRA016
5562,20,13,0,63%,530,,9,4,0,3,7,BRA005
5562,20,12,0,37%,314,,24,4,0,1,4,BRA040
5564,20,6,0,37%,295,,14,2,0,1,7,BRA009
5564,20,13,0,63%,491,,11,2,0,2,8,BRA042
5565,20,7,0,58%,485,,12,3,0,1,4,BRA003
5565,20,12,0,42%,350,,15,3,0,3,7,BRA033
5566,20,10,0,42%,266,,18,2,0,0,5,BRA028
5566,20,16,0,58%,360,,15,1,0,1,2,BRA014
5567,21,12,0,49%,396,,10,1,0,0,4,BRA014
5567,21,13,0,51%,412,,13,1,0,0,6,BRA001
5568,21,18,0,44%,378,,19,1,0,1,3,BRA009
5568,21,15,0,56%,483,,12,2,0,1,2,BRA043
5570,21,12,0,39%,332,,15,2,0,0,5,BRA003
5570,21,14,0,61%,509,,15,0,0,1,6,BRA005
5569,21,10,0,49%,434,,16,1,0,1,4,BRA025
5569,21,18,0,51%,433,,14,2,0,1,7,BRA021
5573,21,11,0,34%,238,,22,6,0,0,9,BRA036
5573,21,18,0,66%,455,,12,3,0,2,4,BRA033
5572,21,18,0,59%,484,,16,0,0,2,8,BRA038
5572,21,6,0,41%,341,,16,2,0,1,4,BRA022
5571,21,30,0,59%,454,,9,1,0,2,8,BRA028
5571,21,5,0,41%,346,,22,2,0,0,0,BRA042
5574,21,16,0,51%,403,,13,1,0,4,5,BRA016
5574,21,8,0,49%,410,,16,3,0,5,5,BRA040
5575,21,13,0,51%,416,,24,5,0,3,2,BRA018
5575,21,15,0,49%,389,,20,3,1,1,8,BRA020
5576,21,17,0,56%,484,,15,2,0,1,8,BRA015
5576,21,9,0,44%,385,,20,4,0,2,3,BRA045
5577,22,15,0,52%,471,,15,2,0,6,8,BRA036
5577,22,2,0,48%,458,,8,1,1,0,0,BRA015
5579,22,4,0,27%,242,,12,2,0,2,3,BRA020
5579,22,22,0,73%,611,,13,3,0,3,11,BRA040
5578,22,12,0,46%,374,,17,3,0,3,8,BRA018
5578,22,12,0,54%,428,,13,3,0,4,6,BRA038
5580,22,3,0,38%,383,,17,4,0,1,0,BRA005
5580,22,24,0,62%,623,,18,4,0,1,7,BRA025
5581,22,8,0,59%,428,,17,7,0,2,5,BRA022
5581,22,16,0,41%,304,,20,5,0,2,5,BRA033
5583,22,16,0,67%,506,,18,2,0,5,13,BRA042
5583,22,6,0,33%,264,,16,1,0,1,0,BRA016
5582,22,17,0,57%,492,,13,0,0,2,3,BRA021
5582,22,18,0,43%,351,,15,4,0,1,6,BRA014
5584,22,7,0,37%,288,,19,5,0,2,4,BRA028
5584,22,11,0,63%,474,,18,4,0,0,9,BRA043
5585,22,9,0,48%,379,,20,3,0,1,4,BRA045
5585,22,12,0,52%,389,,19,5,0,4,8,BRA001
5586,22,10,0,42%,344,,12,3,0,0,6,BRA003
5586,22,13,0,58%,477,,14,2,0,3,6,BRA009
5546,18,18,0,54%,323,,21,3,0,4,11,BRA022
5546,18,10,0,46%,306,,15,3,0,1,4,BRA020
5556,19,10,0,37%,292,,16,3,0,4,6,BRA009
5556,19,8,0,63%,507,,25,4,0,1,4,BRA025
5587,23,7,0,45%,362,,18,3,0,7,4,BRA014
5587,23,24,0,55%,417,,9,2,1,2,11,BRA038
5589,23,12,0,36%,278,,22,5,0,3,3,BRA009
5589,23,12,0,64%,465,,15,2,0,1,9,BRA022
5588,23,9,0,55%,405,,20,2,0,1,7,BRA003
5588,23,11,0,45%,339,,16,1,0,3,3,BRA020
5590,23,17,0,49%,394,,17,5,0,5,6,BRA045
5590,23,18,0,51%,406,,17,2,0,3,5,BRA005
5591,23,15,0,51%,335,,20,3,0,1,6,BRA033
5591,23,8,0,49%,328,,19,3,0,3,2,BRA042
5593,23,11,0,61%,576,,9,0,0,3,2,BRA025
5593,23,14,0,39%,370,,15,3,0,0,5,BRA016
5592,23,18,0,64%,446,,15,1,0,2,10,BRA021
5592,23,6,0,36%,262,,19,3,0,2,0,BRA036
5594,23,17,0,49%,433,,17,2,0,5,8,BRA043
5594,23,9,0,51%,447,,15,2,0,1,2,BRA015
5595,23,9,0,62%,586,,19,1,0,0,1,BRA001
5595,23,10,0,38%,370,,13,2,0,5,3,BRA018
5596,23,21,0,59%,484,,19,4,0,5,10,BRA028
5596,23,8,0,41%,341,,8,3,1,2,5,BRA040
5597,24,17,0,45%,409,,14,1,1,1,6,BRA045
5597,24,16,0,55%,494,,8,1,0,4,6,BRA021
5599,24,20,0,60%,456,,25,2,0,1,10,BRA042
5599,24,7,0,40%,325,,17,2,0,0,3,BRA020
5598,24,16,0,53%,395,,16,3,0,2,7,BRA016
5598,24,13,0,47%,353,,20,2,0,3,4,BRA014
5600,24,16,0,62%,480,,16,4,0,4,9,BRA018
5600,24,9,0,38%,312,,16,2,0,2,1,BRA009
5602,24,16,0,53%,360,,11,0,0,1,7,BRA003
5602,24,13,0,47%,327,,12,2,0,1,4,BRA028
5601,24,9,0,36%,276,,18,1,1,0,4,BRA038
5601,24,17,0,64%,459,,14,2,1,3,11,BRA043
5603,24,13,0,52%,402,,18,2,0,3,6,BRA040
5603,24,11,0,48%,384,,17,1,0,1,3,BRA015
5605,24,7,0,40%,303,,16,3,0,4,2,BRA033
5605,24,11,0,60%,444,,23,4,0,5,5,BRA025
5604,24,7,0,41%,305,,12,1,0,1,5,BRA001
5604,24,12,0,59%,431,,10,2,0,3,9,BRA036
5606,24,16,0,49%,444,,14,1,0,5,7,BRA022
5606,24,11,0,51%,458,,16,4,0,1,2,BRA005
5607,25,8,0,41%,403,,10,1,0,3,2,BRA040
5607,25,23,0,59%,523,,10,2,0,2,12,BRA009
5608,25,9,0,47%,368,,17,0,0,1,4,BRA020
5608,25,10,0,53%,386,,13,1,1,2,8,BRA001
5610,25,17,0,57%,492,,12,3,0,1,15,BRA038
5610,25,6,0,43%,399,,13,4,0,0,3,BRA003
5609,25,17,0,40%,313,,16,2,0,5,5,BRA036
5609,25,5,0,60%,488,,18,1,0,3,3,BRA025
5611,25,13,0,59%,526,,12,1,0,5,5,BRA015
5611,25,10,0,41%,368,,15,2,1,4,4,BRA016
5612,25,9,0,35%,252,,13,0,1,0,5,BRA021
5612,25,24,0,65%,452,,13,2,0,0,4,BRA033
5614,25,11,0,41%,381,,18,4,0,2,2,BRA014
5614,25,12,0,59%,529,,19,3,0,2,8,BRA022
5613,25,16,0,63%,612,,13,0,0,1,3,BRA005
5613,25,6,0,37%,376,,15,1,1,1,4,BRA043
5616,25,15,0,66%,519,,18,3,0,3,8,BRA028
5616,25,12,0,34%,279,,24,5,0,1,2,BRA045
5615,25,9,0,54%,512,,14,0,0,2,2,BRA042
5615,25,12,0,46%,436,,8,0,1,0,5,BRA018
5617,26,12,0,67%,635,,16,1,1,0,9,BRA015
5617,26,12,0,33%,325,,16,4,0,1,1,BRA033
5618,26,4,0,35%,311,,17,2,1,0,1,BRA020
5618,26,25,0,65%,565,,16,2,0,0,9,BRA021
5619,26,13,0,48%,377,,12,0,1,2,4,BRA018
5619,26,7,0,52%,420,,23,2,0,2,2,BRA005
5621,26,22,0,68%,645,,17,4,0,1,9,BRA025
5621,26,11,0,32%,317,,11,3,0,6,1,BRA022
5623,26,8,0,57%,476,,12,1,0,2,4,BRA042
5623,26,12,0,43%,372,,12,1,0,2,5,BRA003
5620,26,7,0,34%,253,,21,1,0,3,1,BRA016
5620,26,17,0,66%,464,,20,0,0,3,8,BRA043
5622,26,12,0,43%,362,,12,0,0,4,6,BRA036
5622,26,9,0,57%,455,,16,2,0,3,7,BRA014
5624,26,15,0,49%,463,,13,1,0,5,3,BRA040
5624,26,11,0,51%,458,,11,1,0,2,5,BRA038
5625,26,20,0,64%,439,,15,2,0,2,7,BRA045
5625,26,3,0,36%,269,,24,5,0,2,1,BRA009
5626,26,22,0,43%,313,,12,1,0,0,4,BRA001
5626,26,9,0,57%,405,,14,2,0,2,6,BRA028
5627,27,3,0,41%,325,,24,3,0,0,2,BRA016
5627,27,20,0,59%,453,,13,2,0,4,4,BRA033
5628,27,15,0,60%,474,,11,1,1,2,5,BRA040
5628,27,12,0,40%,312,,20,3,0,2,4,BRA043
5629,27,8,0,43%,374,,16,2,0,1,5,BRA001
5629,27,7,0,57%,493,,12,3,0,5,7,BRA009
5630,27,4,0,31%,290,,20,5,1,1,3,BRA036
5630,27,13,0,69%,614,,11,2,0,1,10,BRA003
5631,27,5,0,33%,307,,19,1,0,5,3,BRA020
5631,27,12,0,67%,583,,12,5,0,0,8,BRA038
5632,27,13,0,56%,406,,19,3,0,5,5,BRA042
5632,27,15,0,44%,311,,21,4,0,0,6,BRA045
5633,27,21,0,57%,498,,19,4,0,0,4,BRA015
5633,27,12,0,43%,381,,15,3,0,2,8,BRA022
5635,27,8,0,53%,560,,12,2,0,0,3,BRA014
5635,27,15,0,47%,510,,13,2,0,2,3,BRA025
5634,27,21,0,59%,520,,13,1,0,6,8,BRA021
5634,27,11,0,41%,375,,12,2,0,1,3,BRA018
5636,27,11,0,57%,509,,11,2,0,0,5,BRA005
5636,27,14,0,43%,388,,17,2,0,2,6,BRA028
5637,28,13,0,39%,341,,30,3,0,2,6,BRA043
5637,28,19,0,61%,530,,11,1,0,4,6,BRA022
5638,28,7,0,45%,371,,18,4,0,1,11,BRA042
5638,28,8,0,55%,459,,9,3,0,3,2,BRA021
5639,28,8,0,38%,296,,18,2,0,1,2,BRA045
5639,28,15,0,62%,468,,18,1,0,5,2,BRA014
5640,28,6,0,55%,541,,13,1,0,3,3,BRA003
5640,28,9,0,45%,448,,10,2,0,2,6,BRA040
5641,28,6,0,57%,495,,16,4,0,0,8,BRA015
5641,28,9,0,43%,396,,23,4,0,6,2,BRA009
5642,28,10,0,43%,319,,16,2,0,0,2,BRA005
5642,28,18,0,57%,405,,25,2,0,3,8,BRA036
5643,28,4,0,47%,424,,20,3,0,1,1,BRA025
5643,28,16,0,53%,425,,19,3,0,3,11,BRA018
5644,28,6,0,59%,410,,19,2,0,2,0,BRA020
5644,28,15,0,41%,281,,32,2,0,0,2,BRA028
5645,28,14,0,53%,426,,12,3,0,1,6,BRA033
5645,28,17,0,47%,378,,20,6,0,2,9,BRA038
5646,28,11,0,54%,453,,17,2,0,2,4,BRA016
5646,28,6,0,46%,386,,15,2,0,1,4,BRA001
5648,29,14,0,42%,357,,19,3,0,3,2,BRA025
5648,29,11,0,58%,453,,16,3,0,0,6,BRA045
5647,29,16,0,58%,457,,9,2,0,5,7,BRA003
5647,29,11,0,42%,336,,14,3,0,2,1,BRA014
5649,29,8,0,40%,304,,16,1,1,3,4,BRA005
5649,29,19,0,60%,446,,16,0,0,0,13,BRA015
5650,29,16,0,50%,447,,10,0,0,5,5,BRA022
5650,29,13,0,50%,445,,16,0,0,3,5,BRA040
5651,29,11,0,46%,386,,19,0,0,1,1,BRA043
5651,29,17,0,54%,463,,17,2,0,2,5,BRA042
5652,29,7,0,45%,364,,14,4,0,2,3,BRA016
5652,29,10,0,55%,426,,15,2,0,0,3,BRA028
5653,29,3,0,45%,410,,25,2,0,0,2,BRA036
5653,29,13,0,55%,504,,15,2,0,5,3,BRA018
5654,29,13,0,62%,508,,11,1,0,4,7,BRA021
5654,29,11,0,38%,325,,12,0,1,3,5,BRA038
5655,29,6,0,52%,458,,17,2,1,0,1,BRA001
5655,29,10,0,48%,437,,10,1,0,1,4,BRA033
5656,29,10,0,51%,421,,14,2,0,5,7,BRA020
5656,29,11,0,49%,408,,13,2,0,1,8,BRA009
5657,30,7,0,54%,443,,19,1,1,1,2,BRA043
5657,30,17,0,46%,366,,16,1,0,2,5,BRA014
5658,30,18,0,67%,367,,13,4,0,5,11,BRA016
5658,30,7,0,33%,187,,22,3,0,3,8,BRA020
5659,30,10,0,55%,518,,7,2,0,1,4,BRA015
5659,30,16,0,45%,437,,8,2,0,8,4,BRA038
5660,30,12,0,53%,385,,17,3,0,0,4,BRA009
5660,30,13,0,47%,346,,15,2,0,0,7,BRA028
5662,30,10,0,57%,369,,12,2,0,4,3,BRA045
5662,30,10,0,43%,274,,23,4,0,3,4,BRA036
5663,30,16,0,60%,521,,8,0,0,4,9,BRA005
5663,30,15,0,40%,354,,11,0,0,1,4,BRA001
5661,30,15,0,44%,345,,16,4,0,1,2,BRA018
5661,30,13,0,56%,429,,16,1,0,1,3,BRA033
5666,30,29,0,57%,573,,16,2,0,0,9,BRA025
5666,30,4,0,43%,438,,13,3,0,0,4,BRA003
5664,30,9,0,59%,395,,14,3,0,1,4,BRA022
5664,30,13,0,41%,286,,21,3,0,1,4,BRA021
5665,30,15,0,51%,421,,16,2,0,2,9,BRA042
5665,30,6,0,49%,436,,18,3,0,2,3,BRA040
5667,31,15,0,60%,484,,13,4,0,1,8,BRA005
5667,31,13,0,40%,332,,16,2,0,6,5,BRA009
5668,31,7,0,39%,360,,17,2,0,0,5,BRA014
5668,31,19,0,61%,550,,15,1,0,2,6,BRA018
5669,31,8,0,43%,333,,18,0,0,1,5,BRA003
5669,31,15,0,57%,436,,14,3,0,2,6,BRA016
5670,31,16,0,44%,340,,22,3,0,1,6,BRA028
5670,31,13,0,56%,435,,13,1,0,1,2,BRA021
5671,31,5,0,48%,285,,18,4,0,2,2,BRA020
5671,31,19,0,52%,302,,29,3,0,2,7,BRA033
5672,31,8,0,39%,391,,10,1,0,3,4,BRA001
5672,31,8,0,61%,609,,11,2,0,4,4,BRA015
5673,31,13,0,39%,333,,19,0,0,2,4,BRA036
5673,31,3,0,61%,524,,17,2,0,4,4,BRA038
5675,31,19,0,55%,354,,9,1,0,2,10,BRA043
5675,31,6,0,45%,294,,20,3,1,0,7,BRA045
5674,31,17,0,68%,615,,13,1,0,0,9,BRA040
5674,31,6,0,32%,301,,20,7,0,1,1,BRA025
5676,31,12,0,43%,316,,8,1,0,1,3,BRA022
5676,31,11,0,57%,400,,18,4,0,3,3,BRA042
5677,32,18,0,41%,331,,15,2,0,1,5,BRA009
5677,32,16,0,59%,464,,12,0,0,2,7,BRA038
5678,32,9,0,60%,427,,16,0,0,2,7,BRA042
5678,32,14,0,40%,288,,15,1,0,2,9,BRA036
5679,32,10,0,36%,278,,19,3,1,1,2,BRA015
5679,32,20,0,64%,463,,13,2,0,6,13,BRA021
5680,32,13,0,43%,314,,16,2,1,1,6,BRA018
5680,32,16,0,57%,402,,20,2,0,2,3,BRA045
5681,32,15,0,56%,345,,23,2,0,3,8,BRA043
5681,32,12,0,44%,284,,26,3,0,0,5,BRA033
5682,32,12,0,69%,517,,12,0,1,0,5,BRA025
5682,32,8,0,31%,229,,25,2,1,1,4,BRA028
5683,32,14,0,48%,426,,17,4,0,4,2,BRA022
5683,32,17,0,52%,449,,12,0,1,1,2,BRA016
5684,32,10,0,46%,352,,15,3,2,3,3,BRA020
5684,32,17,0,54%,409,,16,2,0,2,4,BRA005
5685,32,3,0,41%,368,,16,3,0,4,1,BRA040
5685,32,20,0,59%,469,,13,2,0,2,11,BRA014
5686,32,4,0,58%,547,,9,0,0,5,2,BRA003
5686,32,13,0,42%,398,,8,0,0,1,5,BRA001
5687,33,14,0,43%,330,,23,3,0,0,1,BRA036
5687,33,10,0,57%,428,,12,2,0,2,3,BRA043
5688,33,20,0,41%,279,,22,2,0,2,2,BRA045
5688,33,16,0,59%,401,,20,3,0,8,9,BRA022
5689,33,12,0,48%,343,,12,0,0,4,7,BRA005
5689,33,15,0,52%,374,,14,1,0,2,6,BRA021
5691,33,14,0,44%,387,,18,2,0,5,5,BRA014
5691,33,11,0,56%,488,,11,1,0,1,7,BRA015
5690,33,14,0,57%,535,,13,1,0,3,4,BRA018
5690,33,13,0,43%,395,,17,1,0,2,6,BRA003
5692,33,11,0,34%,280,,20,3,0,1,3,BRA016
5692,33,18,0,66%,511,,13,5,0,2,9,BRA009
5693,33,15,0,47%,416,,15,2,1,3,7,BRA028
5693,33,9,0,53%,476,,11,2,0,1,2,BRA038
5694,33,9,0,51%,347,,22,2,0,2,8,BRA020
5694,33,11,0,49%,374,,18,2,0,2,3,BRA025
5695,33,12,0,46%,374,,20,4,0,3,6,BRA040
5695,33,9,0,54%,442,,22,3,0,1,2,BRA033
5696,33,5,0,30%,236,,17,0,0,1,4,BRA001
5696,33,19,0,70%,517,,8,1,0,7,11,BRA042
5697,34,15,0,36%,276,,26,3,0,0,2,BRA009
5697,34,14,0,64%,479,,14,3,0,0,2,BRA021
5698,34,5,0,58%,508,,19,4,0,0,4,BRA015
5698,34,12,0,42%,369,,21,3,0,0,3,BRA042
5699,34,13,0,64%,447,,19,1,0,3,5,BRA040
5699,34,8,0,36%,247,,20,1,0,4,4,BRA036
5700,34,13,0,55%,564,,10,1,0,4,5,BRA038
5700,34,8,0,45%,461,,9,1,0,1,5,BRA001
5702,34,7,0,49%,333,,10,0,0,2,4,BRA033
5702,34,12,0,51%,347,,19,0,0,1,2,BRA028
5703,34,25,0,53%,353,,13,2,0,2,9,BRA045
5703,34,8,0,47%,337,,18,2,0,4,2,BRA003
5701,34,18,0,45%,452,,14,2,0,1,5,BRA018
5701,34,12,0,55%,543,,7,1,0,1,5,BRA022
5704,34,16,0,32%,296,,12,1,0,1,5,BRA016
5704,34,12,0,68%,621,,11,3,0,1,2,BRA005
5705,34,24,0,57%,381,,16,1,0,2,8,BRA014
5705,34,10,0,43%,299,,20,2,1,2,4,BRA020
5706,34,14,0,45%,453,,10,3,0,0,0,BRA043
5706,34,14,0,55%,542,,11,4,0,0,5,BRA025
5707,35,14,0,52%,420,,16,3,0,2,4,BRA003
5707,35,16,0,48%,394,,14,3,0,5,4,BRA022
5708,35,7,0,35%,255,,18,1,0,2,6,BRA014
5708,35,13,0,65%,454,,15,3,0,2,12,BRA009
5709,35,12,0,54%,469,,18,3,0,1,0,BRA016
5709,35,8,0,46%,406,,13,2,0,1,5,BRA038
5710,35,11,0,46%,398,,11,2,0,4,7,BRA018
5710,35,18,0,54%,441,,10,2,0,0,7,BRA043
5711,35,12,0,40%,336,,13,1,0,4,5,BRA001
5711,35,10,0,60%,495,,11,0,0,1,10,BRA021
5712,35,7,0,48%,326,,26,3,0,8,3,BRA020
5712,35,12,0,52%,355,,15,2,1,1,3,BRA015
5713,35,16,0,47%,354,,14,1,0,3,2,BRA045
5713,35,11,0,53%,387,,16,3,0,2,6,BRA040
5714,35,6,0,57%,593,,17,2,0,3,1,BRA025
5714,35,14,0,43%,443,,15,3,0,2,4,BRA042
5715,35,9,0,55%,350,,15,1,0,2,6,BRA028
5715,35,9,0,45%,289,,19,3,0,0,4,BRA036
5716,35,12,0,66%,451,,18,2,0,5,3,BRA005
5716,35,12,0,34%,227,,27,4,0,0,3,BRA033
5717,36,20,0,45%,242,,20,4,0,2,7,BRA045
5717,36,14,0,55%,294,,16,2,0,3,6,BRA020
5718,36,14,0,52%,410,,11,3,1,5,5,BRA018
5718,36,10,0,48%,395,,11,3,0,3,5,BRA040
5719,36,16,0,63%,433,,13,0,0,3,4,BRA033
5719,36,16,0,37%,258,,22,4,1,1,4,BRA009
5721,36,14,0,60%,597,,8,0,0,5,5,BRA025
5721,36,11,0,40%,400,,18,2,0,1,2,BRA001
5722,36,12,0,34%,301,,20,3,0,0,4,BRA036
5722,36,8,0,66%,565,,18,2,1,1,6,BRA022
5720,36,8,0,58%,518,,12,2,0,2,6,BRA043
5720,36,13,0,42%,374,,11,0,0,0,5,BRA003
5723,36,20,0,44%,377,,18,2,0,1,3,BRA016
5723,36,12,0,56%,497,,15,1,0,3,5,BRA021
5724,36,9,0,39%,330,,20,1,0,1,1,BRA014
5724,36,21,0,61%,496,,19,1,0,2,6,BRA042
5725,36,18,0,40%,359,,16,2,1,3,7,BRA038
5725,36,15,0,60%,553,,10,0,1,2,3,BRA005
5726,36,16,0,59%,481,,22,2,0,1,10,BRA015
5726,36,10,0,41%,347,,22,2,0,2,3,BRA028
5728,37,7,0,39%,258,,17,4,1,1,10,BRA036
5728,37,10,0,61%,411,,19,5,0,2,3,BRA009
5727,37,14,0,52%,422,,13,1,1,2,5,BRA001
5727,37,12,0,48%,405,,15,3,0,5,4,BRA043
5729,37,8,0,43%,367,,9,2,0,0,4,BRA003
5729,37,22,0,57%,470,,6,3,0,2,12,BRA015
5733,37,12,0,48%,415,,15,4,0,0,8,BRA018
5733,37,12,0,52%,441,,13,3,0,0,4,BRA028
5730,37,11,0,37%,289,,15,6,0,1,5,BRA042
5730,37,9,0,63%,503,,18,1,0,1,3,BRA005
5732,37,12,0,62%,508,,14,0,0,4,7,BRA040
5732,37,13,0,38%,317,,20,1,0,3,5,BRA021
5731,37,6,0,46%,262,,24,2,0,1,2,BRA014
5731,37,21,0,54%,299,,25,1,0,0,5,BRA033
5735,37,21,0,47%,419,,12,3,0,2,3,BRA038
5735,37,5,0,53%,479,,16,4,0,3,4,BRA025
5734,37,5,0,58%,470,,28,3,0,1,4,BRA022
5734,37,11,0,42%,341,,26,3,0,0,4,BRA020
5736,37,6,0,36%,254,,19,6,0,2,3,BRA045
5736,37,13,0,64%,450,,23,5,0,1,7,BRA016
5741,38,4,0,54%,501,,22,4,0,2,5,BRA015
5741,38,20,0,46%,421,,9,2,0,5,6,BRA018
5738,38,19,0,45%,304,,23,1,0,0,7,BRA028
5738,38,15,0,55%,370,,19,1,0,2,7,BRA022
5739,38,8,0,31%,285,,13,3,1,0,5,BRA009
5739,38,15,0,69%,611,,10,2,0,1,10,BRA025
5740,38,9,0,47%,464,,9,1,0,0,1,BRA038
5740,38,25,0,53%,486,,13,1,1,1,13,BRA042
5743,38,8,0,42%,366,,12,5,1,1,4,BRA021
5743,38,14,0,58%,494,,15,2,0,1,6,BRA003
5744,38,10,0,62%,589,,16,6,0,1,2,BRA033
5744,38,14,0,38%,350,,15,1,0,1,7,BRA045
5745,38,17,0,53%,412,,14,0,0,0,13,BRA036
5745,38,8,0,47%,384,,15,1,0,0,4,BRA016
5737,38,13,0,77%,745,,6,0,0,5,9,BRA040
5737,38,8,0,23%,231,,9,1,0,0,2,BRA001
5742,38,16,0,68%,520,,22,5,0,1,6,BRA043
5742,38,4,0,32%,248,,22,2,0,1,2,BRA020
5746,1,11,3,41%,345,,7,2,0,3,4,BRA021
5746,1,15,4,59%,501,,10,3,0,1,6,BRA005
5747,1,16,2,33%,304,,12,2,0,3,7,BRA014
5747,1,5,2,67%,638,,10,2,0,1,1,BRA015
5748,1,9,5,38%,306,,15,1,0,2,5,BRA022
5748,1,20,7,62%,512,,18,5,0,2,8,BRA040
5749,1,13,3,63%,533,,13,1,0,0,5,BRA042
5749,1,8,5,37%,321,,10,0,0,0,5,BRA018
5751,1,11,6,51%,456,,13,0,0,2,4,BRA036
5751,1,4,0,49%,458,,17,2,0,1,2,BRA043
5752,1,12,1,63%,573,,15,2,0,2,4,BRA045
5752,1,12,2,37%,321,,6,0,0,2,7,BRA006
5750,1,11,5,61%,473,,11,0,1,1,3,BRA003
5750,1,28,9,39%,290,,11,0,0,4,14,BRA007
5753,1,15,5,48%,378,,16,2,0,2,2,BRA044
5753,1,16,10,52%,399,,19,0,0,5,3,BRA033
5754,1,9,0,47%,415,,19,5,0,1,4,BRA009
5754,1,20,9,53%,450,,13,2,0,1,6,BRA025
5755,1,17,7,61%,494,,17,1,0,1,6,BRA016
5755,1,17,9,39%,315,,13,2,0,1,6,BRA004
5756,2,23,11,53%,378,,17,4,0,2,4,BRA016
5756,2,7,3,47%,338,,24,6,0,1,3,BRA040
5757,2,20,11,66%,641,,13,1,0,1,7,BRA021
5757,2,8,0,34%,332,,11,2,0,0,4,BRA004
5758,2,6,1,56%,393,,13,1,0,2,4,BRA033
5758,2,11,4,44%,313,,16,1,0,1,3,BRA014
5759,2,16,10,60%,378,,13,4,0,3,10,BRA044
5759,2,9,3,40%,253,,23,1,1,3,5,BRA007
5761,2,12,4,53%,473,,6,1,0,2,4,BRA015
5761,2,14,3,47%,419,,13,0,0,0,3,BRA045
5760,2,6,4,39%,372,,16,3,1,3,3,BRA025
5760,2,18,1,61%,566,,11,2,0,0,5,BRA003
5762,2,20,3,61%,420,,18,0,0,3,12,BRA005
5762,2,15,5,39%,293,,23,6,0,4,5,BRA022
5763,2,15,3,60%,648,,12,0,0,1,6,BRA036
5763,2,11,6,40%,446,,15,1,0,1,1,BRA009
5764,2,10,5,44%,364,,20,3,0,1,5,BRA043
5764,2,17,5,56%,457,,14,3,0,2,7,BRA018
5765,2,8,0,44%,352,,10,2,0,2,6,BRA006
5765,2,11,4,56%,444,,16,1,0,1,5,BRA042
5766,3,18,7,42%,299,,11,2,0,3,3,BRA044
5766,3,13,6,58%,421,,11,3,0,1,7,BRA022
5767,3,8,5,37%,323,,13,3,0,1,9,BRA042
5767,3,10,1,63%,571,,16,1,0,2,3,BRA033
5768,3,12,3,53%,364,,19,3,0,7,9,BRA045
5768,3,16,8,47%,347,,16,3,0,4,6,BRA016
5769,3,15,5,32%,277,,14,2,0,1,6,BRA036
5769,3,10,7,68%,564,,16,2,0,2,6,BRA005
5770,3,13,6,43%,430,,10,1,0,3,5,BRA003
5770,3,14,4,57%,556,,12,0,0,0,5,BRA021
5772,3,15,8,52%,430,,11,0,0,5,9,BRA015
5772,3,14,5,48%,403,,23,2,0,5,5,BRA004
5771,3,14,2,45%,427,,14,3,0,0,6,BRA018
5771,3,13,1,55%,509,,8,2,0,1,9,BRA040
5773,3,12,6,33%,250,,13,1,0,2,6,BRA025
5773,3,19,10,67%,499,,21,3,1,0,12,BRA043
5774,3,17,10,52%,382,,18,1,0,1,11,BRA007
5774,3,11,4,48%,372,,20,1,0,1,2,BRA009
5775,3,23,4,58%,519,,16,1,1,3,6,BRA014
5775,3,11,3,42%,388,,11,0,1,0,0,BRA006
5776,4,9,2,51%,392,,11,2,0,5,6,BRA003
5776,4,11,5,49%,383,,15,3,0,1,6,BRA016
5777,4,7,2,44%,363,,22,5,0,0,2,BRA045
5777,4,17,6,56%,459,,18,0,0,5,5,BRA022
5778,4,5,0,49%,454,,9,1,1,0,1,BRA040
5778,4,19,4,51%,442,,11,0,0,2,9,BRA015
5780,4,7,1,35%,322,,26,4,0,0,2,BRA006
5780,4,14,3,65%,600,,25,4,0,1,5,BRA043
5779,4,19,2,65%,423,,19,2,0,0,11,BRA021
5779,4,5,1,35%,239,,19,2,0,4,2,BRA009
5783,4,11,2,59%,537,,15,2,0,3,6,BRA025
5783,4,10,0,41%,374,,13,3,0,1,5,BRA044
5781,4,15,5,53%,398,,20,2,0,1,7,BRA033
5781,4,9,3,47%,363,,12,4,0,2,6,BRA005
5782,4,10,5,45%,365,,13,2,0,2,7,BRA036
5782,4,11,3,55%,436,,12,5,0,3,7,BRA042
5784,4,10,4,38%,332,,16,3,0,1,5,BRA014
5784,4,14,5,62%,525,,8,1,0,2,4,BRA018
5785,4,18,8,60%,462,,21,0,0,6,7,BRA007
5785,4,8,3,40%,321,,27,2,0,4,4,BRA004
5786,5,7,1,46%,346,,16,3,0,1,4,BRA003
5786,5,15,7,54%,394,,19,3,0,1,10,BRA022
5787,5,7,4,54%,469,,20,3,0,4,2,BRA005
5787,5,13,3,46%,390,,10,1,0,4,10,BRA006
5788,5,5,3,43%,331,,14,4,0,7,2,BRA016
5788,5,12,4,57%,421,,17,3,0,1,8,BRA033
5789,5,8,3,62%,594,,13,4,0,2,7,BRA040
5789,5,8,2,38%,367,,9,2,0,2,2,BRA009
5790,5,10,6,42%,357,,14,3,0,3,1,BRA015
5790,5,27,9,58%,448,,10,0,0,2,14,BRA044
5791,5,14,5,39%,302,,17,2,0,1,3,BRA043
5791,5,17,7,61%,465,,16,2,0,2,8,BRA021
5792,5,13,7,36%,297,,20,1,0,4,8,BRA004
5792,5,10,4,64%,536,,9,2,1,0,3,BRA036
5793,5,18,9,51%,370,,14,1,0,1,10,BRA042
5793,5,11,3,49%,371,,18,1,0,1,6,BRA045
5794,5,10,7,53%,414,,9,3,0,2,1,BRA025
5794,5,18,7,47%,362,,22,4,0,0,5,BRA014
5795,5,12,4,41%,362,,12,2,1,1,6,BRA018
5795,5,19,5,59%,534,,18,4,0,0,5,BRA007
5796,6,16,6,56%,419,,24,4,0,3,6,BRA033
5796,6,10,3,44%,322,,19,2,0,1,3,BRA022
5797,6,8,3,51%,378,,19,1,0,2,3,BRA043
5797,6,14,4,49%,365,,15,0,0,2,3,BRA044
5798,6,8,4,47%,358,,28,3,0,1,5,BRA016
5798,6,13,6,53%,409,,14,4,0,1,5,BRA009
5799,6,5,3,34%,257,,8,2,0,3,1,BRA036
5799,6,17,7,66%,467,,22,4,0,2,6,BRA014
5802,6,11,6,56%,492,,11,1,0,2,3,BRA015
5802,6,13,4,44%,386,,15,1,0,1,0,BRA042
5801,6,9,1,58%,480,,7,2,0,1,4,BRA005
5801,6,6,3,42%,353,,20,3,0,2,4,BRA045
5800,6,9,3,62%,523,,18,1,0,2,9,BRA021
5800,6,12,2,38%,327,,17,2,1,1,4,BRA006
5803,6,5,3,30%,264,,21,4,0,1,2,BRA004
5803,6,19,9,70%,622,,11,3,0,1,7,BRA018
5804,6,10,5,43%,391,,12,0,1,3,4,BRA040
5804,6,16,2,57%,495,,15,1,0,2,7,BRA003
5805,6,7,3,36%,361,,16,1,0,0,4,BRA007
5805,6,18,5,64%,643,,15,0,0,2,11,BRA025
5807,7,17,5,47%,377,,21,3,0,2,7,BRA004
5807,7,3,1,53%,441,,24,6,0,1,2,BRA006
5806,7,6,2,31%,243,,10,4,1,4,6,BRA003
5806,7,24,3,69%,514,,11,2,0,2,12,BRA005
5808,7,17,8,45%,378,,10,1,0,2,7,BRA009
5808,7,15,3,55%,456,,12,1,1,0,2,BRA045
5809,7,7,3,57%,465,,21,1,0,1,5,BRA043
5809,7,7,1,43%,355,,14,1,0,3,1,BRA042
5810,7,23,5,56%,476,,12,2,0,2,5,BRA021
5810,7,14,3,44%,380,,16,2,0,1,4,BRA036
5812,7,17,10,52%,363,,24,3,0,1,3,BRA014
5812,7,5,2,48%,362,,15,2,0,0,5,BRA044
5811,7,9,5,45%,406,,16,1,0,2,10,BRA040
5811,7,16,6,55%,490,,14,3,0,3,7,BRA033
5813,7,7,3,53%,533,,9,0,0,6,6,BRA015
5813,7,18,2,47%,470,,16,1,0,4,7,BRA018
5814,7,7,1,47%,323,,16,1,1,5,5,BRA016
5814,7,10,3,53%,367,,14,4,1,2,6,BRA007
5815,7,12,4,49%,505,,17,3,0,1,2,BRA025
5815,7,12,2,51%,494,,12,4,0,2,3,BRA022
5816,8,9,3,34%,332,,15,5,0,0,0,BRA003
5816,8,24,6,66%,601,,16,1,0,0,11,BRA004
5817,8,16,5,49%,399,,20,4,0,0,4,BRA044
5817,8,11,4,51%,415,,22,1,0,0,6,BRA006
5818,8,13,4,58%,560,,17,3,0,2,5,BRA040
5818,8,9,2,42%,423,,13,4,0,3,2,BRA036
5819,8,13,5,45%,339,,18,2,0,3,10,BRA016
5819,8,5,0,55%,434,,13,3,0,5,4,BRA015
5822,8,7,4,41%,309,,13,2,0,4,3,BRA009
5822,8,21,6,59%,421,,11,0,0,2,8,BRA014
5823,8,8,3,40%,312,,24,2,0,4,3,BRA005
5823,8,12,2,60%,445,,12,2,0,4,5,BRA042
5820,8,15,9,62%,442,,14,2,0,2,3,BRA007
5820,8,17,5,38%,271,,23,5,0,1,5,BRA033
5821,8,12,4,39%,240,,16,1,0,0,3,BRA022
5821,8,14,5,61%,369,,25,6,0,1,4,BRA021
5824,8,11,6,57%,483,,10,0,0,3,5,BRA043
5824,8,13,6,43%,375,,19,0,0,1,5,BRA045
5825,8,15,7,45%,442,,14,2,0,0,8,BRA025
5825,8,17,5,55%,541,,12,5,0,0,2,BRA018
5826,9,17,3,60%,453,,15,2,0,4,8,BRA045
5826,9,10,6,40%,319,,10,1,0,4,5,BRA040
5828,9,7,3,43%,360,,20,5,0,1,2,BRA009
5828,9,19,3,57%,440,,11,1,0,1,6,BRA044
5827,9,9,4,32%,259,,17,2,0,6,3,BRA004
5827,9,13,4,68%,536,,10,2,0,5,6,BRA033
5830,9,28,5,66%,553,,15,3,0,1,8,BRA042
5830,9,12,7,34%,299,,17,3,0,2,5,BRA003
5831,9,12,6,47%,390,,26,1,0,3,2,BRA043
5831,9,5,2,53%,431,,23,2,0,2,3,BRA005
5829,9,14,5,49%,423,,19,1,0,1,5,BRA006
5829,9,15,4,51%,445,,20,1,0,0,4,BRA022
5833,9,8,2,48%,392,,23,2,0,3,1,BRA018
5833,9,6,1,52%,405,,21,2,0,0,5,BRA036
5832,9,16,5,48%,434,,15,2,1,2,5,BRA015
5832,9,18,1,52%,444,,12,2,1,2,9,BRA007
5834,9,17,12,53%,439,,18,2,0,4,6,BRA025
5834,9,12,6,47%,396,,11,0,0,0,3,BRA016
5835,9,13,2,48%,329,,13,1,0,1,7,BRA014
5835,9,20,11,52%,359,,21,3,0,3,6,BRA021
5836,10,9,3,57%,531,,13,0,0,0,9,BRA040
5836,10,9,3,43%,416,,17,1,0,1,0,BRA043
5837,10,12,5,53%,434,,21,2,0,0,3,BRA044
5837,10,5,2,47%,398,,19,0,0,1,1,BRA004
5841,10,9,2,45%,333,,26,2,0,2,9,BRA016
5841,10,22,9,55%,413,,15,0,0,2,8,BRA018
5838,10,5,3,43%,448,,16,5,0,0,2,BRA015
5838,10,15,6,57%,564,,16,4,0,2,7,BRA025
5839,10,9,6,48%,342,,25,1,0,4,3,BRA022
5839,10,15,3,52%,365,,12,1,0,0,6,BRA042
5840,10,15,11,48%,473,,10,0,0,3,5,BRA003
5840,10,12,3,52%,517,,11,3,0,2,1,BRA045
5842,10,9,2,56%,440,,21,6,2,3,2,BRA036
5842,10,6,2,44%,365,,28,3,1,0,4,BRA033
5843,10,14,3,42%,375,,6,1,1,1,5,BRA007
5843,10,13,4,58%,518,,23,3,0,0,3,BRA021
5844,10,5,3,32%,237,,19,5,0,7,0,BRA005
5844,10,15,1,68%,462,,24,5,0,2,8,BRA014
5845,10,8,2,27%,231,,10,2,0,0,2,BRA006
5845,10,31,9,73%,588,,11,1,0,1,17,BRA009
5846,11,14,1,61%,480,,23,3,0,2,4,BRA033
5846,11,6,2,39%,328,,14,1,0,1,0,BRA025
5847,11,13,2,68%,553,,10,1,0,4,11,BRA040
5847,11,16,4,32%,263,,14,2,1,0,3,BRA004
5850,11,11,4,47%,357,,23,4,0,3,4,BRA005
5850,11,10,5,53%,394,,18,4,0,1,3,BRA018
5848,11,19,3,58%,466,,12,1,0,0,11,BRA043
5848,11,2,1,42%,351,,18,3,0,2,4,BRA003
5852,11,3,0,33%,342,,14,2,0,1,2,BRA009
5852,11,19,9,67%,645,,14,3,0,2,10,BRA015
5849,11,21,7,56%,439,,17,5,0,1,11,BRA045
5849,11,6,1,44%,359,,16,3,0,2,5,BRA007
5851,11,12,2,53%,464,,14,1,0,0,0,BRA042
5851,11,15,7,47%,412,,17,1,0,5,10,BRA021
5854,11,10,4,39%,253,,20,5,0,1,5,BRA044
5854,11,16,5,61%,395,,17,3,0,2,8,BRA016
5853,11,10,3,44%,407,,14,2,0,3,6,BRA006
5853,11,18,3,56%,525,,25,2,0,0,5,BRA036
5855,11,23,7,31%,202,,22,4,1,2,5,BRA014
5855,11,12,8,69%,453,,14,3,0,6,6,BRA022
5856,12,9,6,49%,366,,23,4,0,4,4,BRA045
5856,12,18,5,51%,353,,12,1,0,3,14,BRA004
5857,12,10,1,41%,282,,23,4,0,2,6,BRA044
5857,12,9,3,59%,415,,15,1,0,2,9,BRA021
5858,12,20,6,52%,518,,8,2,0,4,5,BRA036
5858,12,13,8,48%,498,,17,2,0,1,2,BRA015
5859,12,4,3,57%,504,,13,3,0,4,2,BRA003
5859,12,26,6,43%,359,,18,1,0,0,10,BRA014
5860,12,7,2,27%,242,,18,2,0,1,2,BRA022
5860,12,20,5,73%,620,,16,4,0,2,10,BRA007
5861,12,8,3,27%,257,,17,4,1,1,5,BRA006
5861,12,19,11,73%,685,,9,1,0,2,11,BRA025
5862,12,11,6,38%,306,,12,1,0,0,1,BRA018
5862,12,8,1,62%,484,,15,4,0,3,9,BRA033
5863,12,17,8,52%,442,,18,4,0,0,6,BRA040
5863,12,14,5,48%,414,,5,3,0,2,2,BRA042
5864,12,9,6,43%,391,,27,3,0,1,7,BRA005
5864,12,11,3,57%,503,,14,1,0,1,4,BRA009
5865,12,16,6,59%,399,,16,2,1,2,10,BRA016
5865,12,12,6,41%,291,,18,2,0,2,2,BRA043
5866,13,27,9,67%,569,,12,1,0,0,18,BRA036
5866,13,11,7,33%,307,,14,3,0,2,0,BRA007
5867,13,24,6,64%,485,,9,1,0,1,15,BRA005
5867,13,10,3,36%,298,,13,2,0,3,4,BRA040
5868,13,16,5,41%,360,,20,4,0,2,7,BRA009
5868,13,12,0,59%,509,,13,3,0,0,6,BRA022
5869,13,18,3,62%,490,,16,3,0,3,8,BRA033
5869,13,3,2,38%,332,,14,4,0,5,1,BRA015
5870,13,15,5,38%,403,,9,1,0,1,1,BRA018
5870,13,14,6,62%,621,,16,3,0,0,9,BRA003
5871,13,18,5,68%,514,,16,4,0,3,8,BRA045
5871,13,10,4,32%,251,,14,3,0,5,9,BRA044
5872,13,18,3,74%,600,,18,0,0,0,9,BRA042
5872,13,11,3,26%,211,,21,3,0,0,4,BRA004
5873,13,11,5,53%,385,,9,2,0,1,5,BRA043
5873,13,11,1,47%,346,,26,8,0,1,8,BRA014
5874,13,4,3,39%,388,,20,2,0,1,2,BRA025
5874,13,23,7,61%,587,,12,2,0,1,8,BRA021
5875,13,10,2,63%,455,,14,2,0,5,6,BRA006
5875,13,9,8,37%,276,,18,2,0,1,3,BRA016
5876,14,11,4,37%,372,,11,0,0,2,3,BRA003
5876,14,19,9,63%,621,,5,0,0,1,8,BRA015
5877,14,7,2,43%,363,,19,3,0,2,6,BRA045
5877,14,15,6,57%,461,,21,2,0,1,5,BRA033
5878,14,16,4,44%,354,,16,4,0,1,9,BRA044
5878,14,4,0,56%,471,,25,2,1,0,3,BRA040
5879,14,15,4,42%,334,,21,2,0,3,5,BRA004
5879,14,5,2,58%,449,,24,3,0,9,8,BRA005
5880,14,15,5,32%,216,,22,4,0,0,1,BRA014
5880,14,9,3,68%,455,,14,2,0,5,1,BRA042
5881,14,10,3,36%,332,,16,3,0,1,6,BRA018
5881,14,5,1,64%,588,,14,1,0,3,3,BRA021
5882,14,10,3,38%,334,,18,2,0,1,3,BRA036
5882,14,12,6,62%,536,,20,1,0,1,7,BRA025
5883,14,22,5,67%,533,,18,2,0,0,8,BRA007
5883,14,13,4,33%,264,,12,0,0,2,3,BRA006
5884,14,6,2,47%,292,,18,4,0,2,3,BRA022
5884,14,14,4,53%,329,,19,4,0,5,3,BRA016
5885,14,11,6,43%,407,,14,4,0,1,3,BRA009
5885,14,10,3,57%,526,,16,3,0,3,6,BRA043
5887,15,18,5,40%,368,,17,2,0,1,7,BRA014
5887,15,7,5,60%,542,,13,5,0,7,13,BRA040
5886,15,7,5,49%,486,,7,3,0,1,0,BRA025
5886,15,16,2,51%,464,,18,3,0,1,7,BRA045
5889,15,13,7,45%,364,,12,1,0,6,4,BRA036
5889,15,13,6,55%,439,,12,0,0,3,1,BRA016
5888,15,15,3,27%,257,,18,2,0,1,3,BRA006
5888,15,22,7,73%,704,,10,3,0,1,11,BRA015
5890,15,24,9,70%,588,,19,4,0,1,8,BRA005
5890,15,11,5,30%,264,,18,6,0,1,3,BRA007
5891,15,11,3,44%,329,,26,3,0,1,1,BRA042
5891,15,12,5,56%,409,,20,3,0,2,4,BRA044
5892,15,18,6,62%,451,,16,2,0,4,10,BRA021
5892,15,7,5,38%,286,,23,9,0,0,2,BRA033
5893,15,15,6,52%,438,,18,3,0,3,4,BRA018
5893,15,17,6,48%,409,,21,3,0,0,8,BRA022
5894,15,8,5,51%,317,,22,2,0,4,4,BRA043
5894,15,14,3,49%,295,,34,1,0,2,9,BRA004
5895,15,9,1,40%,353,,21,4,1,1,4,BRA009
5895,15,13,3,60%,531,,16,3,0,4,3,BRA003
5896,16,14,7,32%,239,,19,5,0,1,4,BRA014
5896,16,10,4,68%,493,,13,2,0,6,6,BRA045
5897,16,9,3,49%,423,,24,6,0,1,1,BRA016
5897,16,19,6,51%,418,,20,1,0,1,6,BRA021
5898,16,19,5,49%,440,,19,1,0,2,7,BRA007
5898,16,11,5,51%,460,,10,1,0,1,4,BRA040
5899,16,26,9,72%,638,,10,0,0,2,8,BRA018
5899,16,5,2,28%,246,,20,2,0,2,4,BRA006
5901,16,19,5,55%,510,,15,2,0,4,6,BRA022
5901,16,12,1,45%,412,,13,2,0,3,6,BRA015
5900,16,7,4,37%,290,,31,4,0,1,3,BRA033
5900,16,12,1,63%,464,,21,3,0,2,6,BRA043
5903,16,27,5,52%,411,,12,1,0,1,4,BRA004
5903,16,12,4,48%,407,,20,4,0,0,4,BRA009
5902,16,20,8,71%,614,,25,2,0,2,12,BRA003
5902,16,4,2,29%,265,,19,2,0,1,0,BRA036
5904,16,11,4,42%,341,,16,3,0,1,5,BRA044
5904,16,13,3,58%,461,,24,5,0,1,7,BRA005
5905,16,6,2,55%,507,,17,1,0,0,5,BRA042
5905,16,10,5,45%,408,,14,3,0,1,8,BRA025
5906,17,8,4,35%,314,,9,0,0,1,1,BRA009
5906,17,24,8,65%,578,,11,1,0,0,6,BRA042
5907,17,15,3,71%,661,,19,1,0,1,8,BRA033
5907,17,9,1,29%,262,,18,2,1,1,5,BRA006
5908,17,16,7,49%,366,,21,1,0,0,5,BRA014
5908,17,13,2,51%,367,,19,1,0,3,6,BRA004
5909,17,9,6,48%,327,,25,4,0,2,5,BRA005
5909,17,12,1,52%,336,,18,4,0,3,2,BRA016
5910,17,15,9,43%,383,,24,6,0,1,3,BRA043
5910,17,16,7,57%,492,,18,2,0,1,2,BRA007
5911,17,16,2,60%,549,,16,1,0,1,11,BRA021
5911,17,9,3,40%,388,,9,0,0,1,2,BRA015
5912,17,23,9,59%,601,,14,3,1,3,3,BRA025
5912,17,4,1,41%,434,,17,5,0,0,4,BRA040
5913,17,13,6,63%,514,,15,4,0,2,3,BRA018
5913,17,9,3,37%,306,,23,4,0,1,2,BRA045
5914,17,18,5,57%,450,,13,3,0,1,6,BRA044
5914,17,7,3,43%,365,,20,3,0,1,3,BRA003
5917,18,7,4,48%,328,,26,5,0,0,3,BRA014
5917,18,12,3,52%,344,,17,3,0,4,5,BRA007
5916,18,10,4,30%,232,,18,4,1,2,3,BRA022
5916,18,26,7,70%,503,,14,5,0,0,15,BRA043
5918,18,16,4,58%,543,,19,3,0,6,10,BRA005
5918,18,12,4,42%,415,,12,1,0,6,4,BRA015
5919,18,15,4,41%,355,,20,3,0,0,7,BRA045
5919,18,12,5,59%,504,,7,1,0,2,4,BRA036
5921,18,13,1,49%,451,,20,4,0,0,3,BRA004
5921,18,10,4,51%,472,,21,2,0,1,3,BRA025
5922,18,15,3,45%,342,,14,2,0,0,6,BRA033
5922,18,12,3,55%,407,,22,5,0,1,8,BRA009
5920,18,14,5,46%,402,,18,2,1,1,10,BRA040
5920,18,13,6,54%,480,,15,2,1,1,8,BRA021
5923,18,18,6,62%,603,,9,1,0,1,3,BRA003
5923,18,9,1,38%,355,,18,2,0,1,6,BRA006
5924,18,26,10,67%,531,,18,4,0,2,10,BRA042
5924,18,7,4,33%,271,,15,5,0,1,2,BRA016
5925,18,13,6,51%,487,,18,1,0,4,4,BRA018
5925,18,11,1,49%,460,,12,4,0,1,6,BRA044
5926,19,12,7,56%,569,,10,2,0,4,5,BRA043
5926,19,10,4,44%,454,,2,1,0,1,3,BRA015
5927,19,13,3,48%,419,,12,3,0,2,7,BRA004
5927,19,10,6,52%,453,,13,1,0,1,3,BRA022
5928,19,14,6,65%,497,,15,4,0,4,5,BRA021
5928,19,10,6,35%,286,,21,2,0,1,0,BRA045
5929,19,7,1,38%,335,,15,3,0,1,1,BRA009
5929,19,22,4,62%,521,,16,3,0,3,7,BRA018
5930,19,10,4,37%,389,,13,1,0,1,8,BRA005
5930,19,7,4,63%,668,,18,3,0,2,0,BRA025
5933,19,11,4,68%,567,,12,2,0,0,8,BRA042
5933,19,11,5,32%,271,,20,4,0,5,2,BRA007
5932,19,19,3,66%,635,,10,1,0,1,7,BRA033
5932,19,7,5,34%,338,,22,3,0,4,3,BRA003
5931,19,9,2,51%,419,,21,0,0,1,6,BRA014
5931,19,8,3,49%,408,,13,0,0,0,3,BRA016
5934,19,13,3,62%,544,,16,1,0,0,8,BRA040
5934,19,12,3,38%,324,,22,3,0,1,4,BRA006
5935,19,13,3,49%,377,,17,1,0,2,7,BRA036
5935,19,6,0,51%,399,,16,4,0,0,2,BRA044
5915,17,15,3,46%,329,,14,1,0,2,12,BRA036
5915,17,9,3,54%,414,,12,1,0,4,5,BRA022
5936,20,10,3,49%,339,,20,3,0,0,5,BRA016
5936,20,9,2,51%,331,,27,2,0,1,6,BRA004
5937,20,20,6,60%,424,,14,1,0,0,7,BRA045
5937,20,8,1,40%,298,,11,3,0,2,4,BRA006
5938,20,9,4,42%,333,,19,4,1,0,4,BRA042
5938,20,19,4,58%,432,,18,3,2,0,7,BRA018
5939,20,9,5,30%,296,,10,1,0,1,1,BRA036
5939,20,9,2,70%,681,,14,1,0,2,8,BRA043
5940,20,9,1,47%,417,,17,1,1,1,5,BRA021
5940,20,20,6,53%,465,,22,4,0,1,7,BRA005
5941,20,12,2,41%,354,,17,1,0,3,9,BRA044
5941,20,7,3,59%,530,,13,2,0,4,5,BRA033
5943,20,14,5,63%,541,,15,1,0,0,8,BRA025
5943,20,13,7,37%,326,,18,3,0,0,4,BRA009
5942,20,19,9,57%,455,,13,2,0,4,8,BRA003
5942,20,11,3,43%,344,,15,4,0,0,5,BRA007
5944,20,7,2,47%,480,,10,2,0,2,4,BRA022
5944,20,15,3,53%,522,,7,2,0,2,5,BRA040
5946,21,16,4,73%,737,,9,1,0,5,9,BRA015
5946,21,5,3,27%,290,,21,2,0,2,1,BRA045
5947,21,13,3,40%,347,,13,3,0,1,3,BRA004
5947,21,17,6,60%,515,,12,2,0,7,6,BRA021
5948,21,7,1,53%,507,,11,2,0,2,2,BRA025
5948,21,14,3,47%,458,,26,2,0,0,2,BRA003
5951,21,9,0,56%,526,,12,0,0,0,3,BRA043
5951,21,11,5,44%,432,,11,1,0,6,5,BRA018
5952,21,12,6,51%,393,,18,4,0,1,7,BRA036
5952,21,14,1,49%,397,,18,4,0,0,3,BRA009
5949,21,12,3,37%,309,,17,1,0,0,5,BRA006
5949,21,15,7,63%,522,,16,3,0,1,9,BRA042
5950,21,11,5,44%,402,,18,0,0,2,3,BRA007
5950,21,9,0,56%,473,,18,4,0,0,6,BRA044
5954,21,13,3,71%,572,,11,1,0,0,14,BRA033
5954,21,13,5,29%,247,,24,4,0,0,3,BRA014
5953,21,12,4,44%,325,,13,3,0,2,8,BRA016
5953,21,20,2,56%,428,,7,1,0,1,5,BRA040
5955,21,0,0,,0,,0,0,0,0,0,BRA005
5955,21,0,0,,0,,0,0,0,0,0,BRA022
5945,20,7,2,66%,567,,7,4,0,2,3,BRA015
5945,20,13,4,34%,292,,13,1,0,0,1,BRA014
5956,22,20,4,43%,386,,12,4,0,1,1,BRA044
5956,22,8,1,57%,490,,14,2,0,1,2,BRA022
5957,22,31,7,68%,591,,15,1,0,0,11,BRA015
5957,22,8,3,32%,290,,17,5,0,3,4,BRA004
5959,22,10,3,42%,364,,8,2,0,3,2,BRA042
5959,22,25,8,58%,484,,12,1,0,2,8,BRA033
5961,22,12,3,47%,476,,11,2,0,1,1,BRA003
5961,22,17,6,53%,519,,6,0,0,2,6,BRA021
5958,22,11,6,41%,353,,20,4,0,1,3,BRA036
5958,22,16,6,59%,506,,19,4,0,2,4,BRA005
5960,22,13,4,38%,316,,14,2,0,2,7,BRA007
5960,22,12,4,62%,520,,9,0,0,0,3,BRA009
5962,22,18,5,55%,466,,13,0,0,1,7,BRA018
5962,22,9,3,45%,402,,18,2,0,1,5,BRA040
5963,22,13,3,59%,446,,22,5,0,0,7,BRA014
5963,22,9,2,41%,322,,18,4,0,6,1,BRA006
5964,22,15,5,33%,245,,22,2,1,5,3,BRA045
5964,22,9,6,67%,482,,18,2,2,2,7,BRA016
5965,22,5,2,48%,501,,21,5,0,2,2,BRA043
5965,22,14,7,52%,541,,8,1,0,2,3,BRA025
5966,23,9,5,38%,299,,18,3,2,3,4,BRA033
5966,23,21,6,62%,455,,14,3,0,4,9,BRA005
5967,23,8,2,36%,368,,18,3,0,0,0,BRA044
5967,23,14,3,64%,628,,11,0,0,3,8,BRA025
5968,23,13,6,54%,453,,9,1,0,1,7,BRA036
5968,23,9,3,46%,411,,12,2,1,1,3,BRA042
5971,23,11,5,26%,243,,17,5,0,3,3,BRA006
5971,23,27,3,74%,630,,13,4,0,2,9,BRA043
5969,23,17,6,64%,504,,16,1,0,1,6,BRA003
5969,23,4,1,36%,284,,15,3,1,2,2,BRA016
5972,23,8,4,45%,365,,11,3,1,2,3,BRA022
5972,23,19,4,55%,417,,9,1,0,2,6,BRA045
5970,23,14,8,44%,364,,9,3,0,3,5,BRA040
5970,23,14,4,56%,463,,17,5,0,3,5,BRA015
5974,23,17,2,58%,434,,16,0,0,2,15,BRA021
5974,23,16,5,42%,332,,10,0,0,1,5,BRA009
5973,23,15,6,56%,421,,15,2,0,3,9,BRA014
5973,23,13,7,44%,363,,17,1,0,3,3,BRA018
5975,23,11,4,57%,462,,11,2,0,3,8,BRA007
5975,23,10,3,43%,355,,16,1,0,4,5,BRA004
5976,24,15,8,51%,459,,14,2,0,0,4,BRA009
5976,24,15,0,49%,446,,12,2,0,1,10,BRA040
5977,24,17,8,45%,405,,20,2,0,2,3,BRA004
5977,24,14,4,55%,477,,22,2,0,1,6,BRA036
5978,24,17,4,68%,611,,16,2,1,0,5,BRA005
5978,24,9,1,32%,284,,17,2,0,1,4,BRA006
5979,24,17,4,77%,686,,6,1,0,8,9,BRA025
5979,24,8,5,23%,195,,19,5,0,0,6,BRA014
5982,24,17,7,56%,457,,16,2,0,1,8,BRA042
5982,24,14,5,44%,345,,21,3,0,3,3,BRA045
5983,24,6,2,43%,396,,18,3,1,2,5,BRA043
5983,24,14,4,57%,531,,13,0,0,2,2,BRA021
5980,24,16,3,58%,558,,15,1,0,3,7,BRA015
5980,24,13,4,42%,425,,9,2,0,0,6,BRA044
5981,24,16,8,54%,475,,15,3,0,7,5,BRA003
5981,24,10,2,46%,423,,13,3,0,4,3,BRA022
5984,24,11,5,51%,376,,12,5,1,0,12,BRA018
5984,24,13,5,49%,371,,19,1,0,0,10,BRA007
5985,24,5,2,52%,375,,17,3,0,3,6,BRA016
5985,24,17,8,48%,350,,18,3,0,1,10,BRA033
5986,25,30,8,69%,515,,14,2,0,0,11,BRA021
5986,25,12,5,31%,232,,16,0,0,0,8,BRA006
5987,25,17,5,56%,595,,14,1,0,1,6,BRA003
5987,25,21,6,44%,484,,7,1,0,1,4,BRA040
5988,25,11,2,52%,511,,12,4,0,2,4,BRA015
5988,25,13,6,48%,474,,13,2,0,3,7,BRA042
5991,25,20,4,55%,455,,16,4,0,2,4,BRA004
5991,25,13,2,45%,392,,18,2,0,0,6,BRA018
5990,25,16,4,48%,328,,20,2,0,2,7,BRA016
5990,25,9,5,52%,360,,19,3,0,2,3,BRA009
5992,25,8,2,51%,409,,26,2,0,2,9,BRA022
5992,25,15,4,49%,403,,9,2,0,1,5,BRA033
5989,25,10,2,58%,459,,19,3,0,0,3,BRA036
5989,25,12,4,42%,340,,16,4,0,0,6,BRA014
5993,25,9,4,67%,575,,10,1,0,1,5,BRA005
5993,25,7,3,33%,296,,21,2,0,4,4,BRA045
5994,25,15,6,41%,349,,18,4,0,1,3,BRA007
5994,25,14,4,59%,493,,17,5,0,1,4,BRA025
5995,25,13,2,51%,399,,16,4,0,1,3,BRA044
5995,25,13,3,49%,378,,13,1,1,3,10,BRA043
5996,26,13,5,35%,300,,22,0,0,2,4,BRA014
5996,26,22,8,65%,566,,15,3,0,1,3,BRA044
5997,26,12,2,47%,389,,18,5,0,3,3,BRA016
5997,26,11,3,53%,438,,13,4,0,1,5,BRA007
5998,26,9,4,38%,236,,22,5,0,3,1,BRA040
5998,26,17,1,62%,361,,18,3,0,2,10,BRA033
5999,26,10,5,58%,574,,14,4,0,3,5,BRA015
5999,26,11,3,42%,425,,15,3,0,2,5,BRA018
6000,26,11,5,53%,429,,11,2,1,3,1,BRA009
6000,26,14,5,47%,384,,21,2,0,1,4,BRA045
6002,26,21,10,63%,588,,12,1,0,5,6,BRA025
6002,26,9,2,37%,356,,18,2,0,1,2,BRA022
6001,26,15,5,54%,496,,15,2,0,0,8,BRA043
6001,26,7,7,46%,451,,12,0,0,0,5,BRA042
6003,26,8,1,52%,417,,14,2,0,2,7,BRA006
6003,26,10,4,48%,419,,24,2,0,0,3,BRA004
6004,26,6,3,37%,337,,16,4,0,1,6,BRA005
6004,26,18,5,63%,569,,17,1,0,1,13,BRA003
6005,26,12,1,69%,518,,17,3,0,2,4,BRA021
6005,26,7,3,31%,241,,23,5,1,0,2,BRA036
6006,28,17,6,68%,615,,8,5,0,3,9,BRA018
6006,28,6,4,32%,305,,12,0,1,1,3,BRA036
6016,27,16,6,62%,605,,15,3,0,2,5,BRA003
6016,27,9,3,38%,365,,17,2,0,1,4,BRA004
6017,27,12,2,65%,577,,12,1,0,6,4,BRA009
6017,27,6,3,35%,328,,20,3,0,1,3,BRA014
6018,27,16,5,58%,539,,8,1,0,1,10,BRA015
6018,27,11,4,42%,389,,16,3,0,4,6,BRA016
6019,27,12,3,56%,589,,15,0,0,2,7,BRA025
6019,27,13,4,44%,479,,13,0,0,1,2,BRA018
6020,27,19,5,61%,491,,23,5,1,4,9,BRA006
6020,27,11,6,39%,329,,28,2,1,0,2,BRA044
6021,27,25,7,46%,391,,16,1,0,1,9,BRA005
6021,27,9,2,54%,448,,12,3,0,0,10,BRA042
6024,27,14,5,60%,449,,11,2,0,2,10,BRA040
6024,27,8,1,40%,301,,20,2,1,1,4,BRA036
6022,27,10,4,44%,350,,13,3,0,4,4,BRA043
6022,27,11,3,56%,428,,18,1,1,1,7,BRA045
6023,27,13,4,39%,274,,16,4,0,1,4,BRA022
6023,27,13,4,61%,413,,17,2,0,2,10,BRA021
6025,27,13,4,46%,334,,23,1,0,0,2,BRA033
6025,27,17,10,54%,390,,24,2,0,0,7,BRA007
6007,28,11,1,39%,325,,16,5,0,0,7,BRA044
6007,28,17,2,61%,513,,13,3,0,1,1,BRA009
6008,28,7,2,44%,461,,12,2,1,1,0,BRA003
6008,28,23,8,56%,583,,6,1,0,0,6,BRA042
6010,28,14,4,42%,436,,18,1,1,2,2,BRA004
6010,28,15,9,58%,615,,13,1,0,1,3,BRA033
6011,28,19,4,51%,486,,18,2,0,1,6,BRA022
6011,28,6,2,49%,463,,12,2,0,2,6,BRA006
6009,28,16,5,58%,423,,17,2,0,5,2,BRA021
6009,28,15,4,42%,296,,23,2,0,1,7,BRA014
6012,28,12,2,52%,431,,14,2,0,2,3,BRA005
6012,28,20,6,48%,381,,19,2,0,0,6,BRA043
6013,28,13,4,55%,437,,14,4,0,1,2,BRA016
6013,28,6,1,45%,352,,16,3,0,4,11,BRA025
6014,28,7,3,47%,451,,11,0,0,2,7,BRA007
6014,28,8,3,53%,515,,16,2,0,2,4,BRA015
6015,28,21,6,45%,381,,15,4,0,0,12,BRA045
6015,28,14,6,55%,463,,12,2,0,0,5,BRA040
6027,29,13,2,65%,623,,9,1,0,0,7,BRA018
6027,29,16,3,35%,337,,7,1,0,2,7,BRA016
6026,29,10,4,53%,483,,10,2,0,1,5,BRA044
6026,29,10,4,47%,429,,23,2,1,0,7,BRA004
6028,29,17,7,49%,420,,15,3,0,2,4,BRA014
6028,29,4,2,51%,427,,16,1,1,4,6,BRA005
6030,29,12,6,36%,339,,23,2,0,2,4,BRA022
6030,29,10,2,64%,596,,12,0,0,3,1,BRA042
6031,29,7,0,55%,557,,13,1,0,1,2,BRA015
6031,29,10,3,45%,453,,14,1,0,1,4,BRA025
6029,29,17,6,41%,338,,20,2,0,1,8,BRA006
6029,29,10,2,59%,503,,22,4,0,0,4,BRA009
6032,29,20,7,63%,515,,11,0,0,1,9,BRA045
6032,29,9,7,37%,328,,12,3,0,2,4,BRA003
6033,29,8,0,36%,283,,18,4,0,5,4,BRA036
6033,29,14,7,64%,513,,14,0,0,1,10,BRA033
6034,29,12,3,37%,291,,11,4,0,0,2,BRA007
6034,29,16,8,63%,497,,23,5,0,2,7,BRA021
6035,29,8,3,46%,389,,23,5,0,2,1,BRA040
6035,29,29,8,54%,408,,17,1,0,3,11,BRA043
6036,30,11,4,47%,362,,10,1,1,1,8,BRA044
6036,30,7,2,53%,416,,15,2,0,0,2,BRA016
6039,30,12,5,51%,482,,19,1,0,0,4,BRA033
6039,30,6,2,49%,472,,17,2,0,4,2,BRA025
6037,30,18,8,57%,542,,15,1,0,4,10,BRA040
6037,30,14,3,43%,423,,14,1,0,3,2,BRA004
6042,30,14,5,41%,337,,14,4,0,1,3,BRA005
6042,30,15,5,59%,467,,23,2,0,2,6,BRA018
6040,30,5,3,40%,366,,14,1,0,0,3,BRA042
6040,30,10,3,60%,514,,12,1,0,1,8,BRA021
6041,30,9,1,43%,376,,13,2,0,1,4,BRA043
6041,30,17,8,57%,488,,15,0,0,1,5,BRA003
6038,30,9,2,46%,370,,17,3,0,0,2,BRA045
6038,30,8,6,54%,411,,12,2,0,1,5,BRA007
6044,30,29,2,69%,513,,19,5,0,0,12,BRA036
6044,30,11,3,31%,251,,19,2,0,2,5,BRA006
6043,30,9,3,33%,291,,22,1,0,2,4,BRA014
6043,30,13,3,67%,608,,12,1,0,1,3,BRA022
6045,30,17,6,38%,375,,19,3,0,2,6,BRA009
6045,30,8,3,62%,629,,14,2,0,0,2,BRA015
6046,31,15,5,45%,385,,12,1,0,0,7,BRA042
6046,31,7,2,55%,460,,31,6,0,2,4,BRA040
6047,31,8,0,43%,348,,12,1,0,1,2,BRA044
6047,31,14,4,57%,457,,16,1,0,3,5,BRA021
6048,31,6,2,37%,388,,20,4,0,0,4,BRA014
6048,31,15,4,63%,630,,6,1,0,5,6,BRA003
6050,31,11,5,68%,579,,19,1,0,1,2,BRA022
6050,31,6,1,32%,274,,17,3,1,1,4,BRA007
6051,31,16,2,60%,469,,21,1,0,2,8,BRA005
6051,31,9,1,40%,317,,16,2,0,0,3,BRA009
6049,31,8,2,32%,263,,19,4,0,3,3,BRA036
6049,31,19,7,68%,567,,12,1,0,1,8,BRA015
6052,31,15,8,60%,487,,19,1,0,0,16,BRA045
6052,31,6,2,40%,348,,18,3,0,1,2,BRA004
6053,31,16,11,41%,281,,21,6,0,2,7,BRA016
6053,31,21,10,59%,371,,21,3,0,1,11,BRA043
6054,31,21,7,53%,472,,13,1,0,0,10,BRA006
6054,31,8,4,47%,444,,19,2,0,1,4,BRA025
6055,31,4,4,36%,375,,9,2,0,4,2,BRA018
6055,31,24,10,64%,615,,9,0,0,0,15,BRA033
6056,32,14,4,51%,448,,18,3,0,4,7,BRA005
6056,32,16,5,49%,437,,12,1,0,3,10,BRA040
6058,32,12,2,60%,637,,9,0,0,0,4,BRA042
6058,32,6,1,40%,409,,17,2,0,2,2,BRA004
6057,32,6,3,41%,351,,16,3,0,0,1,BRA009
6057,32,17,2,59%,493,,16,4,0,1,5,BRA022
6059,32,7,2,53%,430,,6,2,0,2,6,BRA006
6059,32,15,7,47%,405,,15,1,0,2,3,BRA016
6061,32,16,4,47%,488,,9,1,0,2,4,BRA018
6061,32,9,2,53%,536,,13,2,0,1,5,BRA003
6062,32,9,2,41%,466,,14,0,0,0,3,BRA021
6062,32,11,6,59%,660,,12,0,0,0,2,BRA025
6060,32,16,2,61%,386,,11,5,1,1,7,BRA033
6060,32,13,8,39%,250,,21,6,0,2,6,BRA015
6063,32,7,0,49%,368,,18,2,0,1,7,BRA036
6063,32,17,6,51%,394,,16,1,0,0,7,BRA007
6064,32,17,6,60%,495,,23,4,0,2,3,BRA045
6064,32,3,2,40%,343,,17,3,0,1,1,BRA044
6065,32,7,3,58%,425,,16,3,1,3,2,BRA043
6065,32,9,5,42%,308,,21,3,0,1,0,BRA014
6066,33,20,8,41%,357,,19,4,1,0,9,BRA036
6066,33,8,2,59%,526,,14,3,0,0,3,BRA025
6067,33,10,6,55%,438,,25,2,0,0,3,BRA007
6067,33,22,5,45%,353,,18,2,0,4,10,BRA006
6068,33,6,3,36%,346,,20,4,0,1,0,BRA009
6068,33,15,4,64%,575,,13,2,0,0,9,BRA043
6069,33,16,1,62%,549,,11,2,0,0,9,BRA003
6069,33,7,3,38%,347,,11,1,0,0,2,BRA015
6072,33,8,4,26%,227,,20,3,1,1,3,BRA045
6072,33,12,3,74%,642,,10,1,0,3,4,BRA033
6070,33,20,6,42%,345,,14,5,0,3,6,BRA044
6070,33,8,3,58%,466,,14,2,0,2,6,BRA040
6071,33,8,2,48%,468,,10,3,0,1,2,BRA018
6071,33,16,5,52%,475,,17,2,0,2,6,BRA021
6074,33,11,3,46%,446,,13,5,0,3,2,BRA004
6074,33,13,5,54%,517,,19,6,0,0,8,BRA005
6073,33,17,5,69%,604,,8,1,0,0,13,BRA042
6073,33,6,2,31%,287,,14,2,0,1,3,BRA014
6075,33,13,2,62%,435,,11,3,0,2,7,BRA022
6075,33,17,7,38%,273,,20,4,0,0,10,BRA016
6076,34,14,4,57%,627,,13,0,0,1,5,BRA009
6076,34,6,3,43%,488,,14,1,0,4,2,BRA003
6077,34,7,2,34%,333,,12,3,0,2,6,BRA006
6077,34,17,5,66%,651,,15,3,0,0,7,BRA015
6079,34,11,1,55%,456,,18,1,0,6,5,BRA021
6079,34,10,5,45%,387,,12,0,0,0,4,BRA033
6080,34,12,3,59%,525,,15,3,0,1,9,BRA043
6080,34,6,3,41%,379,,20,0,0,1,2,BRA004
6081,34,16,5,72%,624,,14,0,0,2,8,BRA025
6081,34,8,2,28%,255,,16,1,1,1,2,BRA045
6078,34,7,1,49%,386,,15,2,1,2,3,BRA042
6078,34,25,3,51%,380,,15,2,0,2,5,BRA044
6082,34,11,6,43%,359,,13,4,0,1,2,BRA005
6082,34,21,6,57%,446,,12,1,0,0,8,BRA007
6083,34,17,8,56%,556,,13,4,0,1,8,BRA018
6083,34,12,5,44%,445,,8,2,1,1,5,BRA022
6084,34,14,3,40%,282,,15,2,0,1,10,BRA036
6084,34,9,3,60%,420,,17,2,0,3,5,BRA016
6085,34,12,5,43%,374,,10,0,0,1,4,BRA014
6085,34,9,3,57%,481,,16,3,0,3,6,BRA040
6086,35,5,2,60%,507,,10,3,0,1,6,BRA003
6086,35,8,5,40%,337,,12,1,0,1,5,BRA036
6087,35,23,8,63%,626,,10,4,0,1,8,BRA018
6087,35,9,3,37%,394,,9,2,0,1,1,BRA006
6088,35,13,5,38%,431,,16,1,0,3,7,BRA025
6088,35,9,4,62%,679,,12,3,0,1,3,BRA042
6089,35,21,7,56%,472,,12,1,0,3,14,BRA044
6089,35,12,5,44%,396,,17,0,0,6,4,BRA005
6090,35,14,4,63%,503,,12,1,0,0,3,BRA015
6090,35,11,2,37%,299,,26,6,0,1,8,BRA022
6091,35,13,5,35%,308,,17,3,0,3,5,BRA004
6091,35,19,3,65%,537,,12,1,0,1,8,BRA009
6093,35,16,5,57%,487,,7,0,0,0,5,BRA033
6093,35,15,7,43%,360,,15,2,0,8,8,BRA043
6092,35,9,4,51%,349,,17,1,0,2,4,BRA014
6092,35,8,3,49%,340,,18,4,0,1,1,BRA045
6094,35,5,1,31%,235,,20,3,0,0,4,BRA016
6094,35,13,4,69%,499,,12,5,0,1,3,BRA021
6095,35,10,4,40%,338,,17,3,0,1,3,BRA007
6095,35,12,7,60%,491,,16,2,0,1,11,BRA040
6099,36,14,5,60%,509,,12,4,0,1,4,BRA004
6099,36,15,5,40%,343,,23,4,0,2,5,BRA014
6097,36,16,6,49%,428,,20,4,0,3,6,BRA021
6097,36,14,6,51%,438,,16,4,0,0,8,BRA015
6098,36,19,3,66%,575,,7,2,0,0,7,BRA018
6098,36,12,4,34%,303,,20,3,0,2,3,BRA045
6100,36,11,4,36%,327,,17,3,0,1,5,BRA009
6100,36,9,2,64%,588,,13,2,0,0,4,BRA042
6096,36,8,2,54%,434,,16,3,0,1,3,BRA007
6096,36,15,6,46%,360,,21,4,0,0,8,BRA043
6102,36,10,6,48%,398,,10,2,0,1,5,BRA005
6102,36,10,3,52%,413,,15,5,0,0,11,BRA016
6103,36,11,7,42%,414,,22,2,0,3,5,BRA040
6103,36,12,2,58%,566,,14,2,0,2,5,BRA025
6101,36,13,4,58%,523,,8,2,0,0,5,BRA044
6101,36,19,6,42%,366,,8,1,0,1,7,BRA003
6104,36,8,3,31%,245,,15,1,1,0,0,BRA036
6104,36,20,10,69%,529,,16,2,0,5,9,BRA022
6105,36,21,8,71%,694,,10,2,0,1,3,BRA033
6105,36,9,4,29%,284,,9,2,0,6,2,BRA006
6106,37,21,8,46%,407,,19,2,0,0,6,BRA043
6106,37,12,5,54%,470,,9,4,0,2,4,BRA022
6111,37,21,6,67%,572,,16,3,0,2,11,BRA018
6111,37,9,4,33%,295,,20,2,0,1,3,BRA044
6112,37,10,4,51%,524,,14,2,0,1,4,BRA025
6112,37,15,2,49%,506,,16,3,0,0,7,BRA004
6107,37,14,2,63%,459,,15,1,0,0,9,BRA003
6107,37,13,5,37%,274,,19,3,0,2,5,BRA006
6109,37,24,10,68%,444,,19,6,0,3,10,BRA045
6109,37,9,7,32%,204,,11,3,1,0,3,BRA036
6110,37,9,3,62%,485,,12,1,0,1,8,BRA042
6110,37,12,7,38%,281,,16,4,0,0,4,BRA016
6108,37,19,5,58%,508,,15,4,0,0,7,BRA015
6108,37,9,3,42%,376,,10,1,0,4,7,BRA005
6113,37,3,2,42%,398,,17,4,0,0,1,BRA040
6113,37,28,9,58%,512,,14,3,0,0,7,BRA021
6114,37,9,4,38%,283,,21,3,0,1,5,BRA014
6114,37,14,3,62%,431,,16,4,1,1,9,BRA007
6115,37,11,6,63%,533,,19,3,0,0,8,BRA033
6115,37,14,4,37%,315,,17,4,0,1,4,BRA009
6119,38,9,4,47%,429,,19,3,0,6,10,BRA043
6119,38,9,4,53%,504,,18,2,0,1,0,BRA015
6116,38,22,8,63%,492,,17,7,1,4,7,BRA005
6116,38,9,5,37%,298,,20,1,0,1,2,BRA025
6117,38,13,6,44%,348,,13,1,0,3,4,BRA009
6117,38,8,2,56%,439,,28,5,1,1,5,BRA018
6118,38,20,5,57%,576,,17,2,0,3,3,BRA040
6118,38,14,4,43%,426,,11,1,0,0,7,BRA006
6120,38,12,3,56%,472,,13,3,0,2,2,BRA021
6120,38,18,4,44%,366,,17,2,2,0,4,BRA045
6121,38,11,4,37%,284,,16,1,0,2,4,BRA004
6121,38,17,9,63%,462,,18,4,0,1,13,BRA022
6122,38,10,3,39%,299,,29,4,1,2,0,BRA007
6122,38,13,3,61%,450,,20,4,1,1,8,BRA042
6123,38,13,4,53%,350,,11,2,0,4,6,BRA016
6123,38,15,8,47%,313,,18,3,0,0,12,BRA014
6124,38,10,1,51%,326,,16,5,0,0,4,BRA036
6124,38,14,8,49%,333,,18,5,0,2,5,BRA044
6125,38,17,1,65%,613,,14,5,0,1,5,BRA033
6125,38,10,6,35%,332,,16,3,0,2,6,BRA003
6126,1,6,2,60%,649,86%,15,1,1,3,4,BRA025
6126,1,12,2,40%,425,81%,20,3,0,0,7,BRA018
6127,1,21,6,66%,545,88%,24,3,0,2,4,BRA045
6127,1,10,5,34%,286,72%,10,2,1,2,5,BRA021
6128,1,10,2,46%,472,85%,5,1,0,0,2,BRA013
6128,1,22,3,54%,532,90%,7,0,0,1,4,BRA040
6129,1,15,5,62%,580,85%,12,3,0,3,6,BRA043
6129,1,14,4,38%,363,76%,11,1,0,4,2,BRA001
6130,1,19,7,67%,596,88%,11,4,0,3,9,BRA044
6130,1,11,6,33%,321,78%,18,3,0,3,3,BRA005
6131,1,13,4,45%,412,75%,16,2,0,1,4,BRA028
6131,1,12,2,55%,491,82%,18,0,0,1,3,BRA007
6132,1,11,2,65%,515,84%,14,0,0,0,6,BRA015
6132,1,13,3,35%,293,73%,15,0,0,0,2,BRA022
6133,1,14,1,30%,271,77%,16,3,0,1,9,BRA014
6133,1,18,8,70%,646,92%,10,1,0,3,3,BRA003
6134,1,7,1,48%,446,84%,15,2,0,2,7,BRA034
6134,1,10,5,52%,480,86%,20,4,0,3,7,BRA042
6135,1,13,3,46%,409,80%,7,1,0,0,8,BRA009
6135,1,7,4,54%,498,81%,23,4,0,0,3,BRA033
6136,2,12,5,54%,395,84%,29,4,0,2,7,BRA007
6136,2,8,2,46%,352,80%,21,3,0,5,6,BRA040
6137,2,18,5,51%,345,79%,17,1,0,0,12,BRA001
6137,2,14,5,49%,345,82%,15,1,0,1,6,BRA021
6138,2,9,4,52%,467,82%,16,1,0,1,2,BRA015
6138,2,17,6,48%,413,84%,16,1,0,2,5,BRA034
6139,2,14,3,51%,497,85%,12,1,0,1,7,BRA013
6139,2,11,3,49%,476,86%,7,1,0,1,7,BRA042
6140,2,12,5,61%,497,86%,22,2,0,6,6,BRA005
6140,2,11,3,39%,321,78%,19,4,0,1,5,BRA045
6141,2,3,1,31%,273,69%,13,3,1,0,1,BRA022
6141,2,16,6,69%,576,85%,19,2,0,3,7,BRA018
6142,2,17,4,64%,559,84%,8,2,0,2,3,BRA044
6142,2,10,2,36%,306,75%,13,1,0,2,3,BRA014
6143,2,7,2,56%,483,81%,15,2,0,2,9,BRA028
6143,2,13,2,44%,390,79%,14,2,0,0,8,BRA033
6144,2,7,1,51%,602,85%,15,2,1,1,4,BRA003
6144,2,22,6,49%,587,86%,9,3,0,3,7,BRA025
6145,2,10,1,49%,375,77%,15,3,0,0,7,BRA009
6145,2,20,11,51%,391,77%,14,1,0,2,10,BRA043
6146,3,19,6,56%,464,85%,14,1,0,0,10,BRA009
6146,3,9,1,44%,388,79%,12,1,0,2,4,BRA025
6149,3,7,0,28%,237,71%,17,6,0,2,1,BRA014
6149,3,16,4,72%,589,85%,17,4,0,2,14,BRA033
6151,3,5,1,42%,413,80%,15,3,0,0,0,BRA015
6151,3,18,5,58%,556,88%,25,4,0,2,10,BRA005
6152,3,14,3,45%,316,73%,16,2,0,0,8,BRA042
6152,3,12,2,55%,370,80%,17,3,0,2,7,BRA022
6147,3,9,2,66%,640,88%,12,2,0,1,2,BRA003
6147,3,23,7,34%,334,83%,22,2,0,2,8,BRA007
6148,3,8,1,48%,401,88%,18,1,0,1,2,BRA013
6148,3,18,7,52%,431,86%,12,2,0,3,5,BRA021
6150,3,10,3,30%,261,63%,15,1,0,3,1,BRA043
6150,3,28,12,70%,575,85%,14,1,0,2,8,BRA034
6153,3,8,0,41%,350,77%,14,3,0,1,4,BRA018
6153,3,22,6,59%,462,83%,15,4,0,5,18,BRA028
6154,3,14,5,60%,445,79%,12,2,0,3,7,BRA045
6154,3,15,8,40%,305,68%,14,1,1,0,8,BRA001
6156,4,18,7,67%,557,86%,14,4,0,5,3,BRA044
6156,4,4,1,33%,282,70%,24,4,0,0,3,BRA001
6157,4,9,5,62%,535,87%,14,4,0,2,7,BRA005
6157,4,7,2,38%,317,77%,17,4,0,2,6,BRA042
6158,4,4,3,38%,380,82%,20,4,0,3,2,BRA013
6158,4,14,4,62%,585,89%,12,2,0,2,12,BRA015
6159,4,11,4,42%,345,82%,15,4,1,0,6,BRA028
6159,4,17,7,58%,470,86%,12,5,0,1,6,BRA021
6160,4,7,1,48%,395,80%,12,4,0,1,6,BRA009
6160,4,23,6,52%,417,82%,19,1,0,5,8,BRA018
6161,4,9,4,62%,619,89%,10,1,0,3,3,BRA003
6161,4,15,6,38%,389,77%,15,2,0,1,6,BRA033
6162,4,18,4,66%,517,84%,7,1,0,1,9,BRA022
6162,4,7,1,34%,274,72%,18,2,0,3,3,BRA045
6163,4,8,2,36%,370,83%,22,3,0,1,1,BRA040
6163,4,18,8,64%,657,90%,15,1,0,0,8,BRA025
6164,4,7,1,53%,393,78%,21,1,1,0,7,BRA007
6164,4,20,9,47%,343,76%,18,1,0,1,9,BRA043
6165,4,18,3,47%,338,71%,16,2,1,1,4,BRA034
6165,4,13,2,53%,373,73%,10,1,0,0,6,BRA014
6166,5,11,1,78%,721,89%,13,3,0,0,11,BRA025
6166,5,5,1,22%,212,65%,24,4,0,0,1,BRA028
6167,5,10,4,44%,389,82%,16,3,0,2,4,BRA043
6167,5,15,5,56%,481,86%,18,2,0,4,7,BRA018
6169,5,9,3,37%,289,69%,19,3,0,1,2,BRA045
6169,5,20,7,63%,472,80%,16,2,0,1,7,BRA044
6170,5,10,4,47%,366,74%,21,3,0,2,3,BRA033
6170,5,11,5,53%,409,79%,15,2,0,0,10,BRA015
6171,5,10,4,52%,392,76%,14,3,0,1,3,BRA042
6171,5,11,5,48%,378,78%,20,5,0,1,3,BRA007
6172,5,11,3,42%,327,79%,18,2,0,1,3,BRA014
6172,5,14,4,58%,437,82%,17,3,0,3,7,BRA021
6168,5,23,11,37%,358,79%,16,2,0,0,10,BRA005
6168,5,18,8,63%,607,88%,15,2,0,1,6,BRA003
6173,5,14,4,43%,419,86%,14,2,0,0,5,BRA034
6173,5,10,5,57%,545,87%,12,1,0,4,6,BRA040
6175,5,24,9,65%,516,84%,16,1,0,2,8,BRA013
6175,5,11,4,35%,287,68%,18,3,0,3,2,BRA001
6174,5,8,5,41%,328,77%,12,2,0,2,5,BRA009
6174,5,22,9,59%,465,84%,12,2,0,2,9,BRA022
6176,6,11,2,31%,260,75%,15,1,1,1,6,BRA018
6176,6,18,5,69%,588,86%,13,3,0,0,3,BRA005
6177,6,16,7,39%,298,76%,24,3,2,0,11,BRA044
6177,6,11,3,61%,462,82%,16,2,2,3,6,BRA021
6178,6,13,4,47%,393,80%,13,2,0,1,4,BRA007
6178,6,14,6,53%,438,80%,17,3,0,4,5,BRA033
6179,6,14,3,41%,351,77%,11,4,0,0,7,BRA045
6179,6,16,6,59%,508,84%,17,0,0,1,4,BRA013
6181,6,14,2,43%,422,81%,20,2,0,1,5,BRA001
6181,6,9,1,57%,553,85%,11,4,0,5,2,BRA009
6182,6,8,2,75%,719,90%,18,1,0,1,9,BRA025
6182,6,6,0,25%,246,71%,16,2,0,0,1,BRA034
6183,6,14,5,44%,436,85%,18,2,0,1,3,BRA043
6183,6,5,2,56%,562,88%,17,3,0,2,5,BRA015
6180,6,7,1,61%,557,82%,6,2,0,1,2,BRA040
6180,6,14,1,39%,341,75%,13,3,1,2,4,BRA042
6184,6,18,3,68%,612,87%,18,2,0,1,6,BRA003
6184,6,14,6,32%,294,75%,13,1,0,2,3,BRA022
6185,6,13,3,49%,450,82%,14,1,0,2,2,BRA028
6185,6,10,2,51%,462,81%,15,2,0,0,2,BRA014
6186,7,16,5,55%,445,82%,14,1,0,0,6,BRA014
6186,7,11,5,45%,387,79%,21,1,0,1,1,BRA022
6187,7,16,5,61%,501,79%,17,3,0,4,9,BRA033
6187,7,13,6,39%,324,70%,10,2,1,0,3,BRA043
6188,7,18,3,68%,599,86%,15,1,0,0,14,BRA005
6188,7,7,4,32%,306,78%,13,4,0,4,1,BRA021
6189,7,15,2,31%,296,79%,8,3,0,1,10,BRA034
6189,7,6,1,69%,673,90%,14,1,0,1,4,BRA003
6190,7,4,2,45%,437,81%,10,1,0,0,2,BRA015
6190,7,19,7,55%,500,87%,13,3,0,2,12,BRA028
6191,7,6,1,48%,442,79%,16,5,1,2,2,BRA044
6191,7,14,6,52%,460,83%,20,1,0,3,4,BRA007
6193,7,8,3,59%,497,80%,10,1,0,6,6,BRA009
6193,7,6,1,41%,359,72%,18,4,0,2,1,BRA045
6192,7,17,4,45%,407,82%,12,4,0,0,7,BRA018
6192,7,16,6,55%,496,84%,12,1,0,0,5,BRA040
6194,7,11,1,40%,411,83%,15,4,0,1,6,BRA013
6194,7,11,5,60%,638,89%,13,2,0,0,3,BRA025
6195,7,12,6,44%,337,73%,19,3,0,5,7,BRA042
6195,7,12,4,56%,427,80%,22,4,0,2,9,BRA001
6197,8,22,6,45%,333,76%,14,3,0,2,10,BRA045
6197,8,11,3,55%,415,79%,12,2,0,2,4,BRA028
6196,8,13,4,51%,399,78%,24,3,1,0,4,BRA044
6196,8,10,2,49%,392,80%,18,3,1,4,2,BRA034
6198,8,13,7,60%,540,86%,10,2,0,5,3,BRA005
6198,8,15,6,40%,355,81%,14,4,0,3,1,BRA043
6199,8,20,5,47%,342,80%,17,2,0,1,9,BRA014
6199,8,9,3,53%,414,79%,13,3,0,1,2,BRA013
6200,8,11,3,60%,467,81%,16,3,0,1,3,BRA009
6200,8,15,7,40%,326,72%,19,2,0,3,3,BRA042
6201,8,6,3,30%,278,68%,13,5,0,0,0,BRA022
6201,8,20,6,70%,632,88%,19,1,0,2,8,BRA025
6202,8,8,1,51%,439,79%,26,3,0,3,3,BRA018
6202,8,6,4,49%,439,80%,18,6,0,1,3,BRA033
6203,8,17,7,43%,440,86%,7,2,0,2,5,BRA007
6203,8,16,6,57%,588,85%,10,0,0,0,4,BRA021
6204,8,13,6,40%,409,79%,13,2,2,1,4,BRA001
6204,8,12,3,60%,619,88%,14,2,0,2,1,BRA015
6205,8,17,9,42%,446,82%,14,1,0,2,4,BRA003
6205,8,17,3,58%,610,89%,6,1,0,1,7,BRA040
6206,9,11,3,44%,396,73%,14,3,0,2,3,BRA043
6206,9,18,3,56%,457,74%,14,3,0,2,14,BRA028
6207,9,22,5,72%,568,87%,15,2,0,0,6,BRA005
6207,9,7,3,28%,225,72%,19,3,1,6,3,BRA014
6208,9,13,5,27%,238,65%,16,4,0,0,7,BRA009
6208,9,14,4,73%,668,87%,12,2,0,0,4,BRA044
6209,9,8,3,48%,303,77%,22,4,0,2,5,BRA033
6209,9,8,3,52%,326,77%,23,4,0,0,9,BRA042
6210,9,19,4,53%,462,87%,14,3,0,1,8,BRA021
6210,9,15,2,47%,417,85%,18,1,0,0,7,BRA015
6212,9,7,2,58%,548,83%,15,2,0,4,5,BRA003
6212,9,21,7,42%,391,78%,9,1,0,1,9,BRA001
6213,9,14,6,43%,329,81%,16,4,0,0,11,BRA045
6213,9,21,10,57%,447,87%,12,0,0,5,8,BRA040
6211,9,10,4,43%,372,80%,16,5,0,4,1,BRA025
6211,9,15,2,57%,467,81%,18,2,0,0,5,BRA007
6214,9,9,4,42%,405,84%,13,2,0,1,1,BRA013
6214,9,13,7,58%,563,88%,15,4,0,4,6,BRA018
6215,9,12,5,39%,323,75%,14,6,0,2,4,BRA034
6215,9,13,4,61%,487,83%,16,3,0,3,7,BRA022
6216,10,9,3,48%,397,76%,30,4,0,0,6,BRA042
6216,10,13,3,52%,449,77%,8,2,0,1,3,BRA028
6218,10,18,4,57%,463,85%,17,0,0,2,4,BRA009
6218,10,7,2,43%,365,80%,17,3,0,2,4,BRA013
6217,10,11,3,53%,403,77%,15,2,0,1,5,BRA014
6217,10,14,6,47%,369,73%,20,3,0,2,3,BRA045
6220,10,10,3,67%,573,87%,20,4,0,2,6,BRA003
6220,10,10,3,33%,291,77%,13,2,0,0,1,BRA043
6219,10,19,7,49%,421,84%,15,2,0,3,11,BRA040
6219,10,14,4,51%,425,87%,12,3,0,2,8,BRA015
6221,10,9,3,47%,414,81%,30,5,0,1,7,BRA033
6221,10,14,5,53%,449,83%,13,2,0,0,5,BRA025
6222,10,18,3,66%,533,85%,8,1,0,1,12,BRA018
6222,10,5,3,34%,297,66%,14,1,0,3,1,BRA044
6223,10,12,2,46%,412,75%,17,4,0,1,3,BRA034
6223,10,10,4,54%,457,81%,18,2,0,2,6,BRA007
6224,10,11,3,53%,409,86%,16,5,0,0,10,BRA022
6224,10,9,8,47%,383,82%,7,2,0,1,7,BRA021
6225,10,17,3,47%,434,82%,13,2,0,3,11,BRA001
6225,10,12,4,53%,504,83%,7,2,0,1,6,BRA005
6226,11,9,3,38%,318,78%,18,3,0,3,3,BRA042
6226,11,14,5,62%,509,85%,15,3,0,1,5,BRA003
6228,11,13,2,60%,546,84%,10,3,0,4,2,BRA043
6228,11,13,7,40%,382,79%,27,4,0,1,1,BRA044
6227,11,10,3,44%,338,73%,22,2,0,3,3,BRA014
6227,11,8,2,56%,432,81%,17,3,0,4,6,BRA018
6229,11,18,2,64%,499,82%,14,2,0,4,10,BRA015
6229,11,13,3,36%,287,75%,19,2,0,0,6,BRA045
6232,11,12,4,63%,586,86%,14,2,0,0,7,BRA025
6232,11,10,3,37%,357,78%,13,3,0,0,4,BRA001
6230,11,16,9,51%,493,89%,15,2,0,3,4,BRA005
6230,11,15,4,49%,479,87%,9,2,0,0,7,BRA022
6231,11,12,5,40%,340,72%,9,2,1,0,1,BRA009
6231,11,21,9,60%,463,82%,24,4,0,3,13,BRA007
6233,11,9,3,58%,505,82%,12,2,0,2,4,BRA033
6233,11,17,6,42%,358,78%,15,3,0,1,4,BRA013
6235,11,14,4,39%,348,80%,20,4,0,1,2,BRA028
6235,11,15,4,61%,535,85%,10,3,1,1,7,BRA040
6234,11,11,5,63%,601,91%,11,2,0,1,9,BRA021
6234,11,7,0,37%,357,85%,8,0,0,1,5,BRA034
6236,12,14,5,57%,454,83%,24,3,1,5,6,BRA042
6236,12,9,5,43%,362,81%,17,3,1,1,1,BRA045
6237,12,10,2,51%,417,82%,15,0,0,1,8,BRA014
6237,12,12,3,49%,413,84%,13,5,0,2,3,BRA001
6238,12,13,1,48%,501,88%,16,2,0,1,2,BRA022
6238,12,6,2,52%,528,88%,12,3,0,3,7,BRA040
6239,12,10,1,52%,476,84%,14,3,0,0,4,BRA043
6239,12,5,3,48%,455,80%,16,2,0,2,2,BRA025
6240,12,7,1,43%,365,80%,23,8,0,1,3,BRA034
6240,12,10,4,57%,471,82%,23,2,0,4,4,BRA018
6241,12,13,8,55%,408,84%,18,6,3,0,6,BRA021
6241,12,15,5,45%,340,79%,21,4,3,0,4,BRA033
6242,12,20,3,63%,554,89%,9,2,0,1,9,BRA003
6242,12,21,7,37%,332,81%,11,0,0,0,8,BRA009
6243,12,22,10,40%,333,78%,19,2,0,1,7,BRA007
6243,12,11,2,60%,510,84%,11,1,0,2,8,BRA015
6244,12,10,6,46%,402,76%,11,0,0,0,7,BRA044
6244,12,14,6,54%,472,83%,13,2,0,3,4,BRA028
6245,12,22,6,68%,672,88%,10,1,0,2,8,BRA005
6245,12,7,1,32%,314,82%,10,0,0,3,5,BRA013
6246,13,11,4,67%,575,87%,12,0,0,2,5,BRA043
6246,13,17,3,33%,291,79%,15,0,0,0,6,BRA013
6247,13,7,2,48%,368,76%,22,2,0,2,5,BRA034
6247,13,13,4,52%,382,82%,24,2,0,1,5,BRA045
6249,13,4,1,39%,424,83%,19,2,0,1,2,BRA005
6249,13,23,5,61%,648,89%,10,1,0,1,5,BRA025
6248,13,24,8,51%,421,80%,13,3,0,1,10,BRA009
6248,13,8,3,49%,424,82%,19,2,0,0,3,BRA015
6250,13,26,7,71%,552,86%,11,3,0,0,9,BRA021
6250,13,16,2,29%,228,70%,17,3,1,3,5,BRA042
6251,13,5,3,49%,399,80%,12,1,0,1,5,BRA014
6251,13,11,5,51%,420,85%,19,2,0,1,3,BRA007
6252,13,15,6,54%,521,85%,11,3,0,3,3,BRA018
6252,13,8,2,46%,453,83%,8,1,0,1,5,BRA001
6253,13,16,4,54%,425,79%,21,4,0,1,2,BRA044
6253,13,14,5,46%,362,79%,21,2,0,1,4,BRA022
6254,13,17,4,49%,410,86%,15,4,0,1,8,BRA040
6254,13,13,7,51%,429,82%,16,6,0,0,2,BRA033
6255,13,20,6,53%,436,85%,11,3,1,2,4,BRA003
6255,13,14,3,47%,388,82%,16,5,0,1,6,BRA028
6256,14,9,4,57%,497,81%,17,0,0,0,1,BRA021
6256,14,17,4,43%,357,77%,15,1,1,2,6,BRA009
6257,14,12,3,54%,377,84%,21,7,0,0,7,BRA015
6257,14,18,8,46%,315,80%,9,2,0,2,10,BRA042
6261,14,10,4,45%,330,74%,26,4,1,0,7,BRA045
6261,14,14,7,55%,402,80%,18,3,0,1,5,BRA007
6258,14,17,5,67%,521,85%,17,6,0,2,10,BRA025
6258,14,9,4,33%,269,69%,12,4,1,0,8,BRA044
6262,14,15,5,43%,353,75%,17,5,0,1,4,BRA022
6262,14,17,5,57%,430,80%,14,1,0,0,11,BRA043
6259,14,10,4,44%,405,80%,20,2,0,4,2,BRA033
6259,14,14,7,56%,506,82%,18,2,1,4,7,BRA005
6260,14,13,6,38%,337,72%,23,3,0,4,3,BRA034
6260,14,9,1,62%,543,77%,10,3,0,1,3,BRA001
6263,14,18,8,60%,548,87%,7,1,0,1,9,BRA018
6263,14,6,2,40%,377,79%,14,3,1,0,3,BRA003
6264,14,11,2,52%,391,83%,10,1,0,1,15,BRA014
6264,14,14,1,48%,400,83%,13,4,0,2,3,BRA040
6265,14,8,4,40%,418,77%,13,3,0,3,0,BRA013
6265,14,10,5,60%,601,87%,12,2,0,1,4,BRA028
6266,15,13,3,62%,491,82%,16,2,1,1,3,BRA033
6266,15,10,3,38%,301,70%,18,2,0,1,2,BRA022
6267,15,6,4,58%,557,84%,16,1,1,1,5,BRA005
6267,15,21,8,42%,392,82%,15,1,0,1,7,BRA034
6268,15,12,4,46%,494,84%,9,0,0,1,3,BRA015
6268,15,14,5,54%,570,85%,10,2,0,2,4,BRA018
6269,15,13,2,44%,391,83%,17,1,0,2,10,BRA040
6269,15,13,3,56%,503,86%,14,1,0,1,8,BRA021
6270,15,11,6,43%,315,81%,20,2,0,1,6,BRA009
6270,15,11,1,57%,420,81%,16,3,0,1,8,BRA014
6271,15,9,3,51%,436,76%,14,2,0,1,7,BRA043
6271,15,15,4,49%,439,80%,17,2,0,1,5,BRA045
6272,15,12,3,65%,566,84%,23,4,0,2,9,BRA025
6272,15,9,6,35%,302,74%,19,5,0,0,3,BRA042
6273,15,13,5,57%,525,85%,9,2,1,3,11,BRA028
6273,15,6,4,43%,426,77%,12,2,1,0,3,BRA001
6276,16,15,2,36%,262,72%,22,5,0,3,9,BRA013
6276,16,11,3,64%,472,82%,13,1,0,0,3,BRA022
6277,16,9,2,47%,419,79%,17,2,0,3,4,BRA034
6277,16,24,12,53%,450,86%,20,2,0,2,8,BRA033
6278,16,10,5,48%,472,83%,11,0,0,4,2,BRA015
6278,16,12,4,52%,490,82%,17,4,0,0,4,BRA044
6282,16,9,4,42%,387,75%,11,1,0,2,2,BRA042
6282,16,14,3,58%,509,81%,11,2,0,3,4,BRA018
6279,16,9,1,42%,420,84%,11,1,0,2,2,BRA043
6279,16,22,9,58%,547,91%,12,1,0,1,8,BRA021
6280,16,7,3,52%,421,85%,17,5,0,1,1,BRA045
6280,16,12,6,48%,398,82%,20,3,0,1,6,BRA003
6281,16,15,9,54%,442,78%,13,1,0,0,5,BRA028
6281,16,9,3,46%,388,79%,14,2,0,0,4,BRA009
6283,16,2,1,26%,234,61%,13,2,0,1,2,BRA001
6283,16,29,4,74%,614,90%,8,2,0,2,14,BRA040
6284,16,8,4,42%,340,71%,15,3,0,1,3,BRA025
6284,16,16,2,58%,443,78%,12,1,0,1,10,BRA014
6285,16,21,6,58%,510,86%,15,4,0,1,6,BRA007
6285,16,5,2,42%,405,80%,18,2,0,3,3,BRA005
6286,17,9,3,54%,460,79%,19,5,0,4,2,BRA040
6286,17,16,2,46%,381,77%,12,1,0,2,5,BRA009
6287,17,9,1,66%,607,86%,17,4,0,2,1,BRA021
6287,17,10,4,34%,311,78%,21,3,0,1,3,BRA025
6288,17,16,4,43%,387,80%,13,2,0,6,9,BRA003
6288,17,10,4,57%,537,86%,8,2,0,1,2,BRA015
6289,17,11,4,51%,407,75%,20,5,0,2,8,BRA018
6289,17,16,5,49%,388,80%,19,3,0,0,8,BRA045
6291,17,8,4,51%,516,84%,16,1,0,0,2,BRA001
6291,17,14,4,49%,489,86%,18,2,0,0,9,BRA033
6292,17,9,3,59%,493,81%,9,2,0,3,2,BRA044
6292,17,11,4,41%,327,70%,27,2,0,1,5,BRA042
6290,17,5,1,33%,284,66%,21,2,0,5,2,BRA013
6290,17,22,7,67%,557,81%,15,4,0,0,13,BRA034
6293,17,10,2,47%,348,80%,12,4,0,1,6,BRA022
6293,17,10,2,53%,392,78%,18,2,0,0,8,BRA007
6294,17,20,4,63%,555,82%,14,1,0,1,8,BRA043
6294,17,8,3,37%,341,69%,20,1,0,2,5,BRA014
6295,17,8,4,36%,329,75%,13,1,0,1,2,BRA028
6295,17,12,3,64%,562,82%,13,1,0,1,6,BRA005
6296,20,23,9,51%,373,77%,11,3,0,1,8,BRA013
6296,20,8,3,49%,385,76%,13,2,0,3,3,BRA040
6306,18,14,2,54%,443,82%,14,3,0,0,9,BRA003
6306,18,14,4,46%,377,80%,15,3,0,0,3,BRA013
6307,18,6,2,52%,482,82%,13,4,0,1,2,BRA001
6307,18,21,6,48%,438,81%,11,1,0,2,9,BRA007
6308,18,15,4,47%,393,82%,9,4,1,2,4,BRA009
6308,18,14,2,53%,423,83%,11,3,1,2,4,BRA034
6309,18,9,3,53%,407,84%,8,0,0,1,4,BRA040
6309,18,14,6,47%,375,80%,17,2,0,1,3,BRA005
6311,18,9,4,52%,420,83%,28,3,0,3,5,BRA021
6311,18,9,3,48%,402,82%,17,3,0,2,2,BRA018
6312,18,13,5,59%,460,82%,20,2,0,1,5,BRA015
6312,18,13,4,41%,310,75%,18,1,1,1,7,BRA014
6310,18,15,7,45%,398,87%,7,1,0,0,2,BRA043
6310,18,17,5,55%,491,87%,15,3,0,1,3,BRA042
6313,18,14,8,54%,559,85%,20,1,0,1,1,BRA025
6313,18,13,3,46%,481,85%,17,3,0,1,1,BRA045
6314,18,7,1,44%,357,74%,16,2,0,2,3,BRA044
6314,18,10,4,56%,453,81%,17,1,0,3,5,BRA033
6315,18,19,6,60%,545,85%,8,3,0,0,7,BRA022
6315,18,13,7,40%,376,76%,17,3,0,0,7,BRA028
6316,19,12,4,47%,409,84%,21,2,1,1,4,BRA043
6316,19,11,6,53%,463,82%,20,3,0,5,4,BRA040
6317,19,12,9,41%,466,80%,8,1,0,3,7,BRA025
6317,19,9,3,59%,649,85%,8,1,0,0,5,BRA015
6318,19,14,8,32%,263,80%,15,3,0,3,5,BRA003
6318,19,15,6,68%,553,89%,10,1,0,1,5,BRA021
6319,19,9,2,25%,190,59%,16,5,0,0,3,BRA034
6319,19,17,6,75%,547,86%,16,3,0,1,15,BRA028
6320,19,9,2,54%,471,81%,25,2,0,0,3,BRA045
6320,19,26,12,46%,416,77%,18,1,0,0,3,BRA033
6322,19,12,2,54%,535,83%,14,2,0,3,3,BRA018
6322,19,9,1,46%,457,82%,13,2,0,2,5,BRA007
6321,19,20,8,54%,494,80%,12,4,0,1,3,BRA005
6321,19,13,4,46%,411,80%,13,2,0,2,4,BRA009
6323,19,11,4,47%,459,84%,8,0,0,0,4,BRA022
6323,19,10,1,53%,517,84%,13,2,1,1,4,BRA001
6324,19,6,3,39%,358,75%,17,2,0,1,2,BRA042
6324,19,7,2,61%,561,84%,20,1,0,1,6,BRA014
6325,19,12,2,42%,335,80%,21,0,1,1,6,BRA013
6325,19,16,6,58%,464,82%,16,1,0,0,4,BRA044
6297,20,14,5,38%,343,74%,18,2,0,1,5,BRA028
6297,20,20,2,62%,517,85%,15,1,0,0,3,BRA007
6298,20,16,2,45%,349,73%,14,3,0,2,4,BRA034
6298,20,14,4,55%,413,76%,12,1,0,3,9,BRA042
6300,20,15,6,54%,459,79%,9,2,0,3,4,BRA043
6300,20,6,3,46%,422,74%,21,2,0,2,4,BRA001
6299,20,10,4,31%,230,64%,17,4,1,0,3,BRA009
6299,20,22,6,69%,506,83%,14,2,0,3,11,BRA033
6301,20,4,1,55%,550,82%,8,2,1,0,3,BRA015
6301,20,15,4,45%,452,84%,12,1,0,5,8,BRA022
6302,20,10,6,67%,752,90%,13,2,0,0,6,BRA025
6302,20,7,5,33%,378,81%,16,4,0,0,2,BRA018
6303,20,4,1,35%,313,77%,19,2,0,1,4,BRA045
6303,20,15,5,65%,555,88%,18,2,0,1,7,BRA021
6304,20,11,4,26%,256,67%,15,4,0,0,1,BRA044
6304,20,20,4,74%,718,85%,16,2,0,0,12,BRA005
6326,21,7,0,52%,385,78%,17,2,0,2,4,BRA007
6326,21,5,3,48%,357,78%,25,1,0,3,6,BRA040
6327,21,17,7,62%,458,80%,18,3,0,2,8,BRA015
6327,21,13,3,38%,281,70%,20,3,1,0,7,BRA034
6328,21,16,6,56%,493,82%,18,2,0,1,8,BRA003
6328,21,7,2,44%,398,82%,17,2,0,2,1,BRA025
6330,21,17,7,43%,314,75%,21,2,0,4,9,BRA009
6330,21,8,1,57%,420,75%,13,2,0,0,2,BRA043
6329,21,12,3,46%,422,83%,17,4,0,1,6,BRA018
6329,21,7,3,54%,488,85%,14,3,0,0,5,BRA022
6331,21,8,3,41%,325,76%,21,6,1,2,5,BRA013
6331,21,19,4,59%,448,83%,13,3,0,0,8,BRA042
6332,21,12,2,51%,469,82%,12,3,0,0,3,BRA001
6332,21,11,6,49%,443,82%,9,2,1,0,6,BRA021
6334,21,19,4,36%,329,78%,17,2,0,4,6,BRA045
6334,21,17,4,64%,582,87%,12,3,0,4,4,BRA005
6333,21,14,4,57%,495,81%,14,2,0,1,5,BRA028
6333,21,20,3,43%,387,72%,24,3,0,0,4,BRA033
6335,21,15,6,49%,428,78%,18,3,0,0,6,BRA044
6335,21,8,4,51%,445,83%,20,2,0,1,4,BRA014
6275,15,16,3,45%,399,81%,14,2,0,1,5,BRA044
6275,15,11,3,55%,475,80%,15,1,0,1,8,BRA003
6274,15,6,3,32%,236,67%,25,4,0,1,2,BRA007
6274,15,22,6,68%,484,82%,16,3,0,0,11,BRA013
6337,22,12,0,43%,352,78%,19,3,0,0,6,BRA009
6337,22,18,8,57%,476,83%,12,2,0,1,5,BRA025
6336,22,21,9,58%,533,88%,21,5,0,1,5,BRA045
6336,22,5,3,42%,394,78%,10,1,1,3,3,BRA001
6338,22,17,1,59%,571,85%,12,1,0,1,8,BRA044
6338,22,9,4,41%,412,77%,11,1,0,0,3,BRA040
6339,22,10,2,44%,416,73%,21,3,0,2,3,BRA005
6339,22,7,1,56%,522,80%,16,1,0,0,6,BRA015
6340,22,9,4,35%,285,77%,14,2,0,0,1,BRA013
6340,22,26,9,65%,515,89%,16,2,0,2,12,BRA021
6341,22,24,11,60%,534,89%,14,2,0,3,4,BRA003
6341,22,9,3,40%,357,77%,9,2,0,1,2,BRA007
6342,22,16,5,51%,369,74%,19,3,0,1,11,BRA043
6342,22,15,3,49%,371,73%,12,2,0,3,3,BRA034
6343,22,7,4,36%,297,74%,14,2,1,0,5,BRA042
6343,22,11,0,64%,540,86%,16,2,0,0,5,BRA022
6344,22,19,4,51%,457,84%,16,3,0,3,8,BRA018
6344,22,14,4,49%,445,83%,14,2,0,0,5,BRA028
6345,22,12,5,43%,297,62%,23,4,0,2,5,BRA033
6345,22,11,2,57%,360,70%,14,4,0,1,3,BRA014
6346,23,13,8,48%,409,74%,19,1,0,1,8,BRA007
6346,23,10,2,52%,436,75%,19,1,0,2,4,BRA043
6347,23,8,2,58%,509,79%,17,3,0,0,2,BRA018
6347,23,15,6,42%,352,72%,13,3,0,0,5,BRA009
6348,23,17,7,31%,263,75%,19,6,0,0,7,BRA013
6348,23,11,3,69%,611,90%,19,2,0,1,4,BRA015
6349,23,7,1,53%,424,79%,18,3,0,1,6,BRA003
6349,23,10,4,47%,371,77%,16,2,0,1,6,BRA033
6350,23,12,6,63%,498,83%,19,2,0,1,3,BRA014
6350,23,16,3,37%,277,66%,24,2,0,2,11,BRA034
6351,23,10,3,46%,346,75%,17,3,0,0,2,BRA005
6351,23,16,5,54%,394,77%,18,1,0,2,9,BRA042
6352,23,7,5,38%,371,77%,13,4,0,1,4,BRA028
6352,23,11,4,62%,602,84%,13,1,0,2,3,BRA021
6354,23,4,1,37%,312,67%,8,1,0,0,5,BRA045
6354,23,17,5,63%,527,84%,11,1,0,1,9,BRA022
6353,23,7,2,51%,578,84%,14,2,0,0,5,BRA040
6353,23,8,3,49%,568,85%,8,1,0,0,1,BRA025
6355,23,7,3,56%,555,87%,12,1,0,0,5,BRA044
6355,23,10,5,44%,450,81%,19,1,0,2,4,BRA001
6356,24,11,1,55%,423,75%,22,3,0,3,8,BRA043
6356,24,10,2,45%,369,69%,19,1,0,2,4,BRA018
6357,24,12,2,54%,392,78%,16,3,0,3,11,BRA042
6357,24,10,2,46%,353,73%,19,2,0,2,4,BRA007
6358,24,9,3,38%,304,77%,13,2,0,1,3,BRA014
6358,24,15,6,62%,492,86%,17,2,0,1,8,BRA021
6359,24,12,3,41%,423,81%,10,1,0,1,4,BRA013
6359,24,7,0,59%,615,85%,16,1,0,2,3,BRA001
6360,24,13,3,55%,397,75%,14,2,0,4,8,BRA033
6360,24,4,0,45%,348,71%,16,3,0,0,3,BRA015
6361,24,14,3,59%,457,76%,14,4,0,2,7,BRA009
6361,24,14,4,41%,315,73%,21,3,0,1,6,BRA022
6362,24,13,2,58%,471,81%,15,5,0,2,4,BRA025
6362,24,11,4,42%,347,71%,17,5,0,2,5,BRA028
6363,24,18,4,37%,296,72%,15,4,0,0,3,BRA034
6363,24,5,3,63%,530,83%,18,3,0,0,2,BRA040
6364,24,7,1,52%,432,84%,19,4,1,0,2,BRA045
6364,24,13,4,48%,395,80%,19,1,1,0,5,BRA044
6365,24,12,5,53%,434,80%,13,4,0,3,6,BRA005
6365,24,16,5,47%,385,82%,14,5,1,0,6,BRA003
6305,20,16,3,48%,321,75%,19,1,0,2,8,BRA014
6305,20,11,5,52%,349,77%,18,3,0,0,4,BRA003
6367,25,8,1,38%,334,75%,13,1,0,0,3,BRA034
6367,25,21,4,62%,553,86%,11,1,0,5,4,BRA025
6366,25,8,1,58%,551,85%,21,4,0,1,3,BRA045
6366,25,17,3,42%,404,81%,23,2,0,0,4,BRA013
6368,25,17,7,38%,302,82%,19,3,0,0,6,BRA044
6368,25,22,5,62%,488,86%,13,2,1,1,13,BRA021
6369,25,10,1,53%,464,78%,18,1,1,4,1,BRA001
6369,25,14,4,47%,419,77%,13,1,1,1,5,BRA009
6370,25,12,3,40%,362,77%,19,3,0,2,6,BRA018
6370,25,8,2,60%,551,80%,16,1,0,2,3,BRA005
6372,25,16,9,49%,456,85%,15,3,0,4,5,BRA003
6372,25,11,3,51%,474,84%,14,2,0,0,3,BRA022
6371,25,9,3,42%,384,76%,14,1,0,0,6,BRA007
6371,25,7,1,58%,555,81%,11,2,0,2,3,BRA033
6373,25,6,2,45%,354,72%,15,4,0,1,4,BRA042
6373,25,14,3,55%,425,80%,15,7,0,5,4,BRA040
6374,25,13,6,30%,273,67%,19,1,0,1,6,BRA043
6374,25,14,5,70%,634,87%,16,2,0,4,5,BRA015
6375,25,19,5,52%,323,75%,14,4,0,0,6,BRA014
6375,25,14,5,48%,318,79%,15,2,1,3,4,BRA028
6376,26,13,4,49%,452,84%,14,1,0,1,6,BRA042
6376,26,7,3,51%,476,81%,12,1,0,0,2,BRA001
6377,26,6,4,40%,380,80%,9,1,0,0,0,BRA013
6377,26,20,8,60%,550,87%,12,3,0,1,17,BRA025
6378,26,11,3,42%,374,81%,11,4,0,0,3,BRA034
6378,26,15,9,58%,502,84%,15,0,0,1,6,BRA003
6379,26,7,2,51%,438,80%,26,2,0,2,4,BRA021
6379,26,15,4,49%,421,80%,15,2,0,1,6,BRA005
6380,26,9,5,55%,580,86%,13,0,0,1,2,BRA015
6380,26,8,2,45%,469,85%,11,2,0,1,3,BRA028
6381,26,9,4,48%,367,68%,16,2,0,0,5,BRA033
6381,26,12,2,52%,396,69%,16,2,0,2,6,BRA043
6382,26,11,7,39%,352,78%,17,4,0,2,1,BRA009
6382,26,13,3,61%,519,87%,15,1,0,2,3,BRA045
6383,26,6,4,46%,428,83%,17,2,0,1,4,BRA018
6383,26,13,7,54%,508,81%,12,2,0,1,6,BRA040
6384,26,11,4,57%,394,80%,19,2,1,1,7,BRA014
6384,26,9,5,43%,316,73%,19,3,0,0,2,BRA022
6385,26,10,3,62%,480,82%,12,5,0,6,4,BRA044
6385,26,15,6,38%,292,72%,15,2,1,1,8,BRA007
6155,3,14,3,46%,397,82%,17,2,1,0,6,BRA044
6155,3,13,3,54%,444,84%,11,1,0,3,10,BRA040
6386,27,14,2,51%,532,87%,10,1,0,0,7,BRA022
6386,27,7,6,49%,540,86%,13,2,0,1,2,BRA025
6387,27,16,7,61%,707,91%,4,1,0,3,5,BRA015
6387,27,10,2,39%,453,86%,8,0,0,1,1,BRA001
6388,27,13,3,32%,257,72%,16,2,0,2,4,BRA007
6388,27,11,5,68%,562,84%,17,1,0,2,3,BRA021
6389,27,4,1,56%,433,81%,19,6,0,1,2,BRA018
6389,27,17,4,44%,334,76%,15,5,0,3,7,BRA033
6390,27,22,8,63%,563,87%,18,1,0,2,6,BRA005
6390,27,6,1,37%,326,80%,16,3,1,0,6,BRA043
6393,27,7,1,39%,314,71%,18,6,1,1,0,BRA045
6393,27,12,5,61%,483,82%,19,3,0,4,7,BRA028
6391,27,10,4,37%,317,75%,17,6,0,2,5,BRA003
6391,27,15,5,63%,512,88%,8,2,0,2,12,BRA040
6392,27,16,7,61%,423,81%,18,2,0,2,7,BRA042
6392,27,9,4,39%,276,72%,20,1,0,2,7,BRA009
6394,27,10,4,56%,421,81%,20,5,0,1,8,BRA014
6394,27,13,6,44%,335,77%,15,4,0,0,5,BRA013
6395,27,20,5,40%,317,76%,15,1,0,2,11,BRA034
6395,27,17,4,60%,480,82%,11,0,1,2,5,BRA044
6396,28,12,3,43%,382,79%,10,4,0,3,8,BRA043
6396,28,7,2,57%,534,85%,10,1,0,0,4,BRA028
6397,28,13,7,46%,432,82%,18,1,0,0,10,BRA021
6397,28,11,3,54%,504,85%,9,2,0,1,4,BRA015
6398,28,18,2,59%,447,83%,17,3,1,0,8,BRA045
6398,28,12,3,41%,327,80%,24,2,0,1,2,BRA040
6400,28,17,2,64%,497,86%,15,3,0,1,9,BRA005
6400,28,9,1,36%,279,76%,20,3,0,2,5,BRA014
6399,28,6,3,36%,397,85%,13,3,0,3,1,BRA001
6399,28,10,4,64%,678,90%,10,3,0,0,5,BRA003
6401,28,8,4,39%,312,67%,17,3,0,3,2,BRA033
6401,28,7,1,61%,458,81%,21,2,0,2,4,BRA042
6402,28,20,6,76%,603,86%,13,2,0,5,9,BRA025
6402,28,10,5,24%,203,66%,25,3,1,0,5,BRA007
6403,28,8,0,30%,269,76%,18,2,0,0,2,BRA034
6403,28,17,8,70%,618,92%,8,1,0,3,8,BRA022
6404,28,18,5,51%,444,83%,13,3,0,0,7,BRA009
6404,28,10,4,49%,428,83%,13,2,0,0,6,BRA044
6406,29,13,5,48%,389,82%,15,3,0,0,3,BRA022
6406,29,16,6,52%,404,81%,16,2,0,0,6,BRA021
6407,29,8,2,56%,466,82%,19,3,0,1,2,BRA015
6407,29,12,4,44%,359,77%,19,3,0,3,5,BRA040
6408,29,7,3,32%,276,67%,10,3,0,0,1,BRA034
6408,29,20,7,68%,542,86%,5,3,0,3,12,BRA007
6409,29,15,1,58%,409,78%,14,3,0,1,7,BRA014
6409,29,17,3,42%,314,72%,20,2,0,0,3,BRA045
6410,29,14,4,44%,410,82%,17,2,1,1,9,BRA018
6410,29,18,6,56%,511,87%,14,6,0,1,10,BRA044
6411,29,9,1,42%,289,73%,23,3,1,1,4,BRA042
6411,29,17,6,58%,386,82%,16,0,0,6,6,BRA028
6412,29,3,0,67%,648,87%,16,2,0,0,5,BRA025
6412,29,8,6,33%,326,74%,16,4,0,0,4,BRA033
6414,29,27,8,70%,566,91%,13,0,0,0,10,BRA003
6414,29,7,2,30%,256,77%,12,3,0,2,3,BRA043
6413,29,15,8,40%,362,83%,15,0,0,2,3,BRA001
6413,29,10,2,60%,510,86%,16,1,0,1,16,BRA005
6415,29,8,0,43%,377,77%,10,3,0,1,3,BRA009
6415,29,21,7,57%,474,84%,13,1,0,1,6,BRA013
6416,30,13,4,48%,462,84%,8,0,0,2,4,BRA025
6416,30,10,3,52%,486,82%,17,0,0,1,5,BRA001
6417,30,9,2,35%,274,70%,21,1,0,0,2,BRA007
6417,30,9,4,65%,492,82%,10,2,0,0,8,BRA009
6418,30,14,5,32%,252,73%,20,3,0,5,4,BRA042
6418,30,10,1,68%,559,84%,15,2,0,2,7,BRA003
6419,30,15,6,48%,447,81%,16,0,0,1,1,BRA043
6419,30,12,3,52%,468,81%,18,3,0,0,4,BRA044
6420,30,9,4,57%,502,81%,23,4,0,1,5,BRA015
6420,30,12,6,43%,375,81%,18,1,0,1,5,BRA045
6421,30,12,2,45%,417,77%,19,2,0,0,7,BRA005
6421,30,13,6,55%,500,81%,14,2,1,2,4,BRA022
6422,30,16,6,38%,300,76%,14,5,1,1,4,BRA033
6422,30,21,6,62%,448,85%,13,2,0,2,12,BRA013
6423,30,15,2,45%,424,81%,15,1,0,1,4,BRA014
6423,30,12,5,55%,516,82%,9,2,0,1,4,BRA018
6424,30,11,6,69%,699,88%,13,0,0,2,1,BRA021
6424,30,7,2,31%,317,75%,17,1,1,1,4,BRA034
6425,30,8,3,52%,418,78%,15,3,0,2,7,BRA040
6425,30,14,9,48%,387,82%,14,1,0,2,5,BRA028
6405,28,7,3,38%,346,78%,18,3,0,1,1,BRA013
6405,28,18,6,62%,552,87%,7,1,0,2,10,BRA018
6426,31,14,6,39%,315,77%,24,2,1,0,6,BRA042
6426,31,15,3,61%,483,87%,8,1,0,0,4,BRA045
6427,31,16,7,49%,372,81%,17,3,0,1,6,BRA044
6427,31,10,3,51%,391,81%,20,5,1,2,4,BRA028
6428,31,8,1,30%,240,65%,17,3,0,1,2,BRA022
6428,31,24,10,70%,531,86%,15,2,0,2,12,BRA040
6429,31,8,4,31%,293,71%,16,2,0,0,0,BRA043
6429,31,17,4,69%,617,86%,10,2,0,0,10,BRA025
6431,31,10,5,40%,317,76%,12,3,0,1,4,BRA014
6431,31,8,2,60%,486,80%,24,4,0,1,4,BRA001
6432,31,22,4,71%,496,82%,19,2,0,0,15,BRA021
6432,31,8,3,29%,210,61%,17,5,0,2,4,BRA033
6430,31,14,3,55%,429,80%,11,3,0,2,5,BRA015
6430,31,11,2,45%,363,77%,15,3,0,0,5,BRA007
6434,31,16,7,70%,565,87%,19,2,0,1,5,BRA003
6434,31,9,4,30%,242,73%,30,5,0,1,2,BRA009
6433,31,5,0,39%,400,85%,18,2,0,1,0,BRA034
6433,31,13,5,61%,600,88%,13,0,0,3,9,BRA018
6435,31,11,5,37%,288,75%,13,2,0,2,3,BRA013
6435,31,14,3,63%,494,87%,21,4,0,3,6,BRA005
6436,32,23,5,67%,534,85%,14,2,1,1,9,BRA022
6436,32,10,4,33%,273,72%,12,3,0,2,2,BRA044
6437,32,17,2,56%,484,83%,12,4,0,0,8,BRA005
6437,32,13,7,44%,398,77%,12,1,0,4,3,BRA025
6438,32,6,5,61%,473,86%,23,4,1,0,5,BRA040
6438,32,11,5,39%,309,77%,26,3,0,0,3,BRA033
6442,32,18,6,39%,288,74%,25,1,0,0,5,BRA009
6442,32,9,5,61%,439,79%,19,2,0,1,3,BRA015
6439,32,10,3,45%,439,81%,8,1,0,1,2,BRA018
6439,32,16,5,55%,506,83%,18,3,0,0,8,BRA001
6441,32,20,8,63%,470,80%,13,1,0,0,7,BRA021
6441,32,7,3,37%,290,71%,17,2,0,1,8,BRA042
6440,32,5,1,45%,316,72%,19,3,0,0,2,BRA034
6440,32,14,4,55%,368,75%,19,4,1,2,5,BRA045
6443,32,12,5,63%,512,84%,9,2,0,1,11,BRA028
6443,32,9,4,37%,318,78%,20,3,0,1,5,BRA003
6444,32,15,6,60%,410,79%,15,1,0,1,5,BRA007
6444,32,8,2,40%,279,71%,22,1,0,5,3,BRA014
6445,32,9,4,52%,427,75%,13,3,0,1,8,BRA043
6445,32,13,2,48%,419,78%,16,3,0,1,3,BRA013
6446,33,8,2,35%,277,66%,10,1,1,1,6,BRA034
6446,33,17,1,65%,508,83%,10,2,1,8,13,BRA001
6447,33,15,5,47%,346,75%,10,0,1,1,7,BRA015
6447,33,10,2,53%,397,81%,18,3,0,4,2,BRA042
6448,33,13,4,34%,258,68%,30,4,0,4,4,BRA009
6448,33,13,4,66%,501,81%,16,6,0,2,3,BRA021
6449,33,12,3,56%,550,86%,14,7,0,1,3,BRA018
6449,33,10,3,44%,445,82%,17,4,0,0,4,BRA003
6450,33,8,3,51%,332,72%,18,3,0,3,4,BRA045
6450,33,16,2,49%,326,70%,25,4,0,3,5,BRA007
6452,33,7,3,44%,346,73%,14,2,0,4,4,BRA033
6452,33,18,8,56%,430,78%,22,3,0,0,6,BRA005
6453,33,19,4,71%,611,89%,12,2,0,1,7,BRA025
6453,33,6,2,29%,256,71%,17,4,0,0,2,BRA044
6451,33,21,5,40%,330,82%,11,2,0,2,6,BRA013
6451,33,5,4,60%,515,84%,15,5,0,1,5,BRA028
6454,33,3,0,39%,345,72%,16,2,0,2,5,BRA043
6454,33,16,7,61%,542,84%,18,0,0,3,4,BRA022
6455,33,7,3,36%,262,61%,24,1,0,4,4,BRA014
6455,33,19,2,64%,447,78%,15,2,0,3,5,BRA040
6456,34,15,8,45%,396,83%,13,1,0,0,5,BRA044
6456,34,17,5,55%,461,83%,9,0,0,4,7,BRA003
6457,34,23,11,62%,539,85%,11,2,0,0,10,BRA007
6457,34,7,3,38%,341,78%,15,3,0,1,0,BRA013
6458,34,11,4,76%,672,90%,14,3,0,2,5,BRA005
6458,34,5,1,24%,212,66%,19,3,2,0,0,BRA034
6459,34,14,2,55%,392,74%,21,4,0,2,7,BRA043
6459,34,14,6,45%,312,74%,17,4,0,3,8,BRA045
6460,34,5,2,53%,354,80%,24,4,1,3,4,BRA022
6460,34,18,7,47%,318,76%,20,6,0,2,6,BRA033
6461,34,14,5,53%,513,87%,6,1,1,1,10,BRA015
6461,34,13,5,47%,458,84%,13,2,0,1,6,BRA018
6462,34,10,4,49%,364,71%,14,2,0,1,5,BRA009
6462,34,18,4,51%,349,72%,12,1,0,1,10,BRA014
6463,34,11,4,44%,359,80%,18,5,0,0,2,BRA040
6463,34,20,4,56%,440,84%,22,3,0,0,8,BRA021
6464,34,6,2,41%,359,76%,13,2,0,0,3,BRA025
6464,34,15,5,59%,489,82%,14,1,0,2,2,BRA042
6465,34,10,2,54%,458,85%,20,2,0,2,4,BRA001
6465,34,12,5,46%,409,83%,19,1,0,2,7,BRA028
6466,35,12,2,43%,339,71%,22,2,0,3,5,BRA015
6466,35,16,3,57%,442,74%,14,2,0,1,9,BRA044
6467,35,11,2,52%,427,87%,15,2,1,0,3,BRA045
6467,35,17,6,48%,410,84%,23,3,0,4,4,BRA003
6468,35,8,2,51%,386,79%,24,3,0,2,4,BRA007
6468,35,12,4,49%,376,75%,16,2,1,3,10,BRA005
6469,35,9,3,34%,266,62%,22,4,0,0,4,BRA034
6469,35,22,7,66%,493,80%,8,2,0,5,11,BRA033
6470,35,16,7,48%,420,80%,20,6,0,1,4,BRA001
6470,35,8,3,52%,444,83%,14,1,0,2,6,BRA040
6471,35,13,2,59%,438,81%,9,1,0,3,6,BRA043
6471,35,13,5,41%,321,71%,13,0,1,0,8,BRA021
6472,35,12,4,40%,333,74%,13,2,0,1,1,BRA009
6472,35,5,1,60%,472,83%,18,3,2,3,9,BRA028
6473,35,8,3,51%,441,79%,14,2,0,4,3,BRA042
6473,35,7,0,49%,427,79%,17,2,0,3,1,BRA018
6474,35,16,11,65%,544,88%,12,2,0,3,4,BRA025
6474,35,10,3,35%,285,75%,21,2,0,0,2,BRA014
6475,35,13,4,42%,293,68%,24,3,0,1,4,BRA013
6475,35,14,2,58%,415,80%,16,4,0,5,2,BRA022
6476,36,15,3,55%,485,76%,10,1,0,2,11,BRA028
6476,36,12,2,45%,422,75%,17,2,0,0,4,BRA005
6477,36,19,6,52%,437,85%,19,2,0,0,9,BRA040
6477,36,16,3,48%,419,84%,16,2,0,1,5,BRA009
6478,36,18,7,49%,428,82%,18,2,0,1,8,BRA003
6478,36,10,1,51%,444,82%,14,4,0,0,5,BRA015
6480,36,18,7,43%,387,82%,17,2,0,0,9,BRA021
6480,36,16,4,57%,527,85%,14,3,0,0,4,BRA025
6481,36,13,7,54%,470,86%,18,2,0,2,6,BRA018
6481,36,16,1,46%,409,88%,15,1,0,4,8,BRA045
6479,36,1,1,52%,370,76%,20,6,0,0,2,BRA001
6479,36,24,9,48%,339,78%,13,0,0,3,9,BRA033
6482,36,8,2,35%,246,73%,19,2,0,1,3,BRA044
6482,36,10,2,65%,445,84%,22,4,0,2,7,BRA042
6485,36,13,6,64%,502,78%,13,1,0,1,6,BRA043
6485,36,18,8,36%,283,69%,22,2,0,1,7,BRA014
6483,36,17,6,59%,450,80%,17,2,0,2,7,BRA013
6483,36,5,0,41%,302,74%,12,1,0,1,6,BRA034
6484,36,6,1,44%,390,77%,9,1,0,2,1,BRA022
6484,36,13,7,56%,478,81%,23,2,0,1,3,BRA007
6486,37,16,4,59%,508,87%,15,1,0,0,8,BRA005
6486,37,21,9,41%,354,78%,19,4,1,0,9,BRA040
6488,37,24,7,56%,540,87%,10,6,0,0,8,BRA018
6488,37,9,5,44%,429,79%,9,3,0,0,6,BRA021
6487,37,13,5,35%,285,72%,18,4,0,2,4,BRA013
6487,37,17,3,65%,530,88%,19,3,0,5,10,BRA003
6489,37,19,7,61%,544,85%,20,4,0,1,9,BRA025
6489,37,13,3,39%,347,81%,15,2,0,0,7,BRA045
6490,37,9,3,51%,387,78%,18,5,0,2,14,BRA033
6490,37,9,3,49%,394,78%,17,4,1,0,5,BRA044
6491,37,10,3,37%,291,73%,17,1,1,1,4,BRA022
6491,37,22,3,63%,477,81%,12,3,0,1,8,BRA028
6492,37,10,3,47%,382,74%,19,2,0,3,1,BRA001
6492,37,15,3,53%,407,79%,21,1,1,2,4,BRA007
6493,37,12,1,68%,581,84%,13,2,0,0,9,BRA015
6493,37,14,2,32%,276,65%,13,1,0,1,4,BRA014
6494,37,14,5,57%,475,84%,13,1,0,4,5,BRA009
6494,37,10,4,43%,359,77%,16,3,0,2,4,BRA034
6495,37,8,3,31%,237,63%,21,3,1,1,5,BRA043
6495,37,18,7,69%,514,85%,14,2,0,7,7,BRA042
6496,38,11,3,45%,386,81%,17,1,1,0,1,BRA003
6496,38,16,5,55%,445,83%,17,3,1,1,6,BRA021
6497,38,13,4,48%,379,79%,15,4,0,0,5,BRA005
6497,38,10,1,52%,397,80%,17,3,0,2,10,BRA009
6500,38,17,3,54%,394,78%,15,1,0,3,8,BRA018
6500,38,13,0,46%,341,71%,18,4,0,0,7,BRA007
6502,38,8,1,58%,458,78%,15,2,0,3,6,BRA028
6502,38,16,4,42%,339,74%,14,1,1,2,5,BRA034
6505,38,16,3,41%,334,81%,6,2,0,0,2,BRA045
6505,38,25,8,59%,457,86%,11,2,0,3,10,BRA033
6498,38,8,1,44%,390,79%,11,2,0,4,3,BRA044
6498,38,13,1,56%,485,81%,17,2,1,1,6,BRA013
6499,38,10,3,53%,560,87%,11,2,0,1,7,BRA025
6499,38,3,1,47%,507,85%,15,4,0,0,5,BRA015
6501,38,12,3,51%,443,82%,21,1,0,0,1,BRA040
6501,38,8,3,49%,420,83%,21,3,0,5,1,BRA043
6503,38,22,6,58%,400,77%,19,2,0,0,8,BRA001
6503,38,11,4,42%,300,67%,15,5,0,3,4,BRA022
6504,38,7,1,54%,432,79%,23,3,0,3,1,BRA042
6504,38,10,1,46%,354,71%,11,0,0,2,5,BRA014
6506,1,11,2,72%,702,89%,7,4,0,1,2,BRA009
6506,1,7,4,28%,269,75%,23,0,0,2,3,BRA042
6507,1,11,3,60%,549,86%,12,0,0,0,4,BRA005
6507,1,6,1,40%,362,79%,18,1,0,1,4,BRA006
6508,1,12,7,43%,392,77%,15,1,0,0,3,BRA014
6508,1,20,7,57%,511,81%,11,1,0,2,5,BRA028
6509,1,2,1,42%,396,79%,17,4,1,1,2,BRA018
6509,1,17,5,58%,526,85%,13,4,0,0,6,BRA021
6510,1,26,11,65%,607,82%,12,3,0,2,12,BRA025
6510,1,8,5,35%,335,71%,18,4,1,1,2,BRA040
6513,1,16,8,55%,497,87%,15,0,0,2,3,BRA013
6513,1,6,1,45%,416,81%,4,0,1,1,6,BRA012
6511,1,9,3,57%,474,78%,5,4,0,0,4,BRA015
6511,1,15,6,43%,351,75%,17,1,0,1,4,BRA007
6512,1,14,5,43%,389,85%,19,1,0,1,0,BRA044
6512,1,20,11,57%,510,87%,15,1,0,2,4,BRA003
6514,1,18,9,53%,379,79%,12,1,0,3,6,BRA033
6514,1,8,5,47%,349,79%,16,2,0,1,1,BRA023
6515,1,15,3,72%,598,90%,14,4,0,1,5,BRA022
6515,1,8,2,28%,235,70%,9,1,0,0,5,BRA024
6517,2,0,0,,0,,0,0,0,0,0,BRA033
6517,2,0,0,,0,,0,0,0,0,0,BRA012
6516,2,17,7,45%,431,81%,8,3,0,1,4,BRA028
6516,2,11,5,55%,513,81%,9,2,0,3,5,BRA021
6518,2,10,1,48%,403,78%,10,1,0,1,2,BRA014
6518,2,12,4,52%,424,81%,14,2,0,1,7,BRA015
6519,2,11,4,59%,614,88%,10,1,0,1,2,BRA018
6519,2,14,4,41%,426,81%,12,0,0,2,3,BRA013
6520,2,13,3,43%,375,73%,15,4,0,0,11,BRA006
6520,2,4,2,57%,504,79%,17,3,0,0,4,BRA025
6521,2,13,2,47%,380,82%,15,3,0,0,5,BRA024
6521,2,14,5,53%,433,86%,12,2,1,1,10,BRA042
6522,2,21,4,51%,461,83%,12,0,0,0,8,BRA044
6522,2,14,4,49%,466,82%,9,0,0,1,4,BRA005
6523,2,10,4,64%,507,89%,19,3,0,0,7,BRA003
6523,2,18,5,36%,291,80%,12,3,0,1,2,BRA023
6524,2,10,4,58%,517,85%,14,2,0,3,1,BRA022
6524,2,22,10,42%,377,81%,25,3,0,1,6,BRA040
6525,2,19,4,47%,421,79%,15,0,0,4,6,BRA007
6525,2,9,5,53%,482,80%,11,3,0,0,3,BRA009
6527,3,13,5,34%,255,72%,15,2,0,0,4,BRA033
6527,3,10,2,66%,477,82%,18,5,0,0,5,BRA028
6526,3,11,2,54%,411,84%,8,1,0,0,2,BRA015
6526,3,13,4,46%,342,80%,21,2,0,0,8,BRA044
6528,3,15,6,54%,531,87%,7,1,0,1,4,BRA005
6528,3,9,3,46%,450,84%,12,0,0,1,6,BRA013
6529,3,16,5,51%,384,85%,16,1,0,1,8,BRA014
6529,3,17,6,49%,399,85%,17,3,0,2,3,BRA003
6531,3,9,4,57%,539,89%,10,0,0,0,7,BRA009
6531,3,14,3,43%,406,87%,16,2,0,1,4,BRA023
6532,3,10,3,28%,250,66%,11,1,0,1,2,BRA012
6532,3,17,7,72%,632,85%,13,4,0,1,12,BRA040
6533,3,20,6,61%,519,87%,14,1,0,1,5,BRA018
6533,3,13,4,39%,333,80%,10,1,1,1,4,BRA024
6530,3,9,1,35%,259,71%,15,7,0,2,2,BRA021
6530,3,22,11,65%,456,87%,16,1,0,0,6,BRA042
6534,3,13,7,52%,544,86%,8,2,0,0,8,BRA025
6534,3,17,12,48%,490,83%,10,1,0,0,8,BRA022
6535,3,9,1,47%,367,76%,15,2,0,1,1,BRA006
6535,3,20,11,53%,394,74%,27,1,0,0,9,BRA007
6536,4,23,6,64%,504,91%,16,3,0,4,8,BRA022
6536,4,9,3,36%,305,81%,12,5,0,4,3,BRA009
6537,4,8,2,52%,513,83%,19,4,0,1,2,BRA025
6537,4,11,4,48%,474,81%,13,2,0,0,3,BRA015
6538,4,12,6,37%,295,79%,20,2,0,2,2,BRA024
6538,4,13,3,63%,487,82%,12,2,0,2,7,BRA013
6541,4,0,0,,0,,0,0,0,0,0,BRA033
6541,4,0,0,,0,,0,0,0,0,0,BRA005
6539,4,20,7,43%,362,89%,9,3,0,1,4,BRA014
6539,4,19,7,57%,464,85%,18,2,0,1,7,BRA021
6542,4,14,6,46%,442,82%,14,0,1,0,3,BRA018
6542,4,16,5,54%,505,84%,10,0,0,0,4,BRA028
6540,4,15,5,44%,346,75%,11,3,1,5,5,BRA044
6540,4,23,8,56%,435,79%,18,2,0,1,8,BRA040
6544,4,18,9,63%,539,87%,13,2,0,3,8,BRA003
6544,4,13,4,37%,309,79%,14,3,0,2,6,BRA007
6545,4,8,2,47%,430,87%,14,2,0,0,4,BRA042
6545,4,12,3,53%,478,87%,12,2,0,2,6,BRA023
6543,4,4,1,39%,376,73%,18,2,0,0,0,BRA012
6543,4,21,4,61%,544,86%,14,1,0,4,6,BRA006
6546,5,4,3,46%,442,80%,12,2,0,1,2,BRA018
6546,5,24,11,54%,501,87%,20,3,0,0,10,BRA022
6548,5,24,10,67%,488,84%,8,1,0,0,18,BRA021
6548,5,11,5,33%,255,73%,11,3,1,0,2,BRA005
6547,5,17,8,33%,245,68%,23,2,0,0,5,BRA033
6547,5,13,4,67%,479,83%,19,4,0,1,5,BRA040
6549,5,11,3,58%,512,86%,9,1,1,3,4,BRA042
6549,5,17,2,42%,371,77%,19,3,0,1,6,BRA007
6551,5,4,2,37%,362,81%,12,4,0,1,3,BRA015
6551,5,23,5,63%,583,88%,16,1,0,3,11,BRA003
6553,5,19,4,53%,419,83%,16,1,0,0,9,BRA014
6553,5,12,8,47%,395,77%,12,1,0,2,4,BRA023
6550,5,12,5,37%,342,77%,9,3,0,2,3,BRA012
6550,5,14,7,63%,601,86%,11,2,0,4,4,BRA028
6552,5,6,2,69%,571,87%,14,3,0,0,3,BRA009
6552,5,19,6,31%,238,78%,18,1,0,7,9,BRA024
6554,5,18,6,49%,348,75%,14,2,0,3,10,BRA006
6554,5,11,2,51%,368,75%,16,1,0,3,5,BRA044
6555,5,6,1,36%,281,69%,14,3,0,2,2,BRA013
6555,5,17,4,64%,493,85%,16,6,0,1,7,BRA025
6556,6,17,2,37%,254,70%,19,0,0,6,8,BRA033
6556,6,8,2,63%,444,84%,13,10,0,0,0,BRA009
6557,6,9,5,43%,437,81%,14,4,0,0,4,BRA005
6557,6,24,8,57%,570,88%,10,1,0,0,13,BRA025
6559,6,15,1,37%,316,74%,19,5,0,3,4,BRA028
6559,6,11,4,63%,517,82%,19,5,0,0,7,BRA040
6558,6,12,5,51%,412,79%,21,3,0,0,2,BRA003
6558,6,11,4,49%,392,76%,16,4,0,2,9,BRA021
6560,6,14,2,38%,337,83%,12,2,0,0,5,BRA044
6560,6,12,3,62%,539,88%,9,1,0,0,2,BRA023
6561,6,10,5,35%,313,71%,11,3,0,0,2,BRA014
6561,6,18,3,65%,559,84%,13,1,0,1,8,BRA018
6562,6,11,4,67%,603,90%,10,2,1,2,3,BRA022
6562,6,10,5,33%,303,75%,9,2,0,0,3,BRA007
6563,6,13,5,40%,296,75%,16,3,0,1,3,BRA015
6563,6,9,1,60%,438,78%,14,4,0,3,4,BRA042
6565,6,13,3,52%,417,70%,21,4,0,2,3,BRA006
6565,6,9,4,48%,399,72%,15,3,0,1,0,BRA013
6564,6,16,4,44%,334,76%,19,3,0,1,3,BRA012
6564,6,15,5,56%,412,79%,10,1,0,0,9,BRA024
6566,7,10,4,35%,343,86%,6,0,0,1,2,BRA023
6566,7,21,8,65%,652,92%,16,1,0,2,8,BRA021
6567,7,7,2,58%,537,87%,10,2,0,5,4,BRA025
6567,7,14,4,42%,394,83%,8,1,0,0,10,BRA007
6568,7,8,1,56%,469,84%,15,2,0,1,4,BRA009
6568,7,18,2,44%,362,81%,16,3,0,1,9,BRA044
6571,7,13,4,40%,369,76%,15,2,1,0,5,BRA042
6571,7,14,4,60%,567,84%,12,3,0,4,9,BRA018
6569,7,12,3,61%,470,82%,22,1,0,2,0,BRA040
6569,7,13,3,39%,301,72%,14,2,0,0,2,BRA013
6570,7,16,6,56%,457,87%,20,1,0,1,6,BRA003
6570,7,9,2,44%,372,79%,17,3,1,0,4,BRA022
6572,7,27,7,72%,771,90%,2,0,0,2,11,BRA005
6572,7,12,0,28%,304,79%,11,3,0,0,2,BRA012
6573,7,14,6,45%,356,77%,21,5,0,0,5,BRA033
6573,7,18,4,55%,410,81%,14,2,0,1,3,BRA014
6574,7,14,1,36%,382,78%,12,0,0,1,7,BRA006
6574,7,11,7,64%,682,87%,11,0,0,3,5,BRA028
6576,8,10,3,31%,288,73%,13,0,0,0,0,BRA044
6576,8,19,4,69%,635,88%,16,2,0,5,10,BRA028
6577,8,7,3,57%,406,82%,29,4,0,1,7,BRA003
6577,8,21,3,43%,304,77%,16,2,0,1,7,BRA033
6578,8,12,4,66%,630,89%,7,1,0,3,10,BRA025
6578,8,5,2,34%,343,78%,7,4,1,0,1,BRA023
6579,8,5,1,55%,538,86%,13,1,0,1,5,BRA015
6579,8,25,7,45%,448,83%,12,1,0,2,11,BRA018
6580,8,22,5,63%,477,81%,12,2,0,1,9,BRA013
6580,8,9,1,37%,296,65%,10,2,0,3,1,BRA007
6581,8,12,3,63%,513,80%,17,2,0,1,10,BRA042
6581,8,11,1,37%,302,65%,17,5,0,1,4,BRA006
6583,8,18,6,64%,607,88%,14,2,0,1,5,BRA022
6583,8,11,2,36%,339,79%,17,3,0,0,2,BRA021
6584,8,24,5,59%,532,87%,12,1,0,0,4,BRA040
6584,8,12,4,41%,383,75%,14,2,0,1,5,BRA005
6582,8,21,5,39%,328,84%,20,2,0,3,8,BRA012
6582,8,13,7,61%,520,89%,10,1,0,0,2,BRA009
6585,8,12,2,49%,350,81%,17,0,1,0,6,BRA014
6585,8,17,7,51%,353,80%,14,2,0,0,6,BRA024
6586,9,7,3,47%,463,87%,9,1,0,1,4,BRA009
6586,9,14,5,53%,515,87%,11,2,0,4,7,BRA025
6587,9,11,4,46%,354,81%,10,0,1,1,6,BRA023
6587,9,12,4,54%,426,86%,15,6,0,2,5,BRA018
6588,9,14,7,45%,506,83%,11,1,0,0,3,BRA028
6588,9,19,2,55%,593,86%,7,1,0,0,3,BRA007
6589,9,24,11,66%,515,85%,10,1,0,2,12,BRA021
6589,9,10,2,34%,276,69%,13,3,0,1,3,BRA012
6590,9,19,4,53%,461,80%,16,4,0,2,2,BRA040
6590,9,2,0,47%,413,76%,13,4,0,1,3,BRA015
6595,9,0,0,,0,,0,0,0,0,0,BRA024
6595,9,0,0,,0,,0,0,0,0,0,BRA003
6591,9,8,1,47%,426,80%,15,2,0,3,1,BRA013
6591,9,18,11,53%,484,82%,14,0,0,2,5,BRA044
6592,9,10,3,65%,549,89%,21,5,1,1,3,BRA022
6592,9,15,4,35%,296,78%,12,2,0,1,5,BRA014
6593,9,8,2,47%,379,81%,18,1,0,1,1,BRA006
6593,9,14,6,53%,421,78%,13,1,0,1,9,BRA033
6594,9,20,8,69%,721,87%,13,2,0,0,12,BRA005
6594,9,9,3,31%,318,75%,17,4,0,0,5,BRA042
6597,10,14,6,40%,361,83%,15,2,0,0,5,BRA023
6597,10,15,5,60%,513,86%,12,2,0,1,13,BRA006
6596,10,11,6,71%,622,88%,18,2,0,2,4,BRA025
6596,10,10,5,29%,255,71%,12,4,0,1,6,BRA044
6598,10,12,2,38%,330,74%,13,2,0,0,5,BRA007
6598,10,17,6,62%,527,84%,11,3,0,1,7,BRA040
6599,10,14,10,45%,333,77%,19,3,0,0,8,BRA042
6599,10,15,5,55%,406,80%,18,3,0,4,5,BRA033
6600,10,7,2,26%,202,70%,9,2,0,3,0,BRA024
6600,10,30,16,74%,561,89%,8,1,0,0,11,BRA021
6602,10,17,6,61%,460,85%,15,3,0,2,6,BRA003
6602,10,12,4,39%,303,78%,16,3,0,3,2,BRA028
6603,10,7,1,42%,454,87%,11,0,0,3,5,BRA018
6603,10,8,1,58%,640,88%,8,0,0,0,3,BRA009
6601,10,27,8,67%,549,88%,2,2,0,1,16,BRA015
6601,10,4,1,33%,296,75%,18,6,0,0,1,BRA012
6604,10,15,3,38%,264,70%,20,3,0,2,5,BRA014
6604,10,21,7,62%,439,80%,16,5,0,2,10,BRA005
6605,10,9,5,29%,265,72%,15,2,0,2,5,BRA013
6605,10,23,7,71%,628,87%,11,2,0,1,14,BRA022
6606,11,16,5,44%,391,83%,25,4,0,4,3,BRA044
6606,11,5,2,56%,499,85%,22,2,2,1,2,BRA022
6609,11,0,0,,0,,0,0,0,0,0,BRA003
6609,11,0,0,,0,,0,0,0,0,0,BRA012
6607,11,12,1,58%,517,87%,17,1,1,1,5,BRA007
6607,11,12,5,42%,384,79%,8,1,0,2,5,BRA018
6610,11,11,4,42%,415,79%,13,3,0,0,1,BRA028
6610,11,10,3,58%,570,82%,14,2,0,0,2,BRA025
6608,11,21,6,58%,374,83%,13,2,0,1,9,BRA033
6608,11,9,4,42%,286,77%,26,3,0,1,3,BRA013
6611,11,13,4,49%,445,84%,14,2,1,1,2,BRA040
6611,11,9,1,51%,441,85%,12,1,1,1,9,BRA009
6613,11,6,3,56%,410,80%,17,3,1,0,5,BRA021
6613,11,14,3,44%,318,79%,20,1,0,2,4,BRA015
6612,11,10,4,48%,385,80%,12,4,0,0,2,BRA023
6612,11,19,7,52%,409,84%,15,1,0,0,3,BRA005
6614,11,11,3,38%,304,69%,19,2,0,0,3,BRA024
6614,11,15,3,62%,490,81%,16,4,0,1,5,BRA006
6615,11,19,6,49%,400,79%,29,1,0,0,5,BRA042
6615,11,8,2,51%,405,82%,19,3,0,3,3,BRA014
6617,12,0,0,,0,,0,0,0,0,0,BRA018
6617,12,0,0,,0,,0,0,0,0,0,BRA003
6616,12,6,1,45%,321,77%,22,4,0,0,4,BRA044
6616,12,15,4,55%,386,85%,22,1,0,1,3,BRA033
6619,12,9,2,45%,408,75%,12,3,0,0,6,BRA013
6619,12,11,5,55%,490,82%,11,3,0,1,6,BRA028
6618,12,13,5,28%,264,78%,14,3,0,0,2,BRA042
6618,12,14,4,72%,660,89%,20,1,0,0,4,BRA022
6620,12,16,4,47%,360,76%,16,1,0,0,10,BRA014
6620,12,16,7,53%,411,74%,15,1,0,1,5,BRA007
6621,12,12,3,37%,290,76%,16,2,0,3,4,BRA009
6621,12,15,5,63%,488,86%,23,5,0,0,5,BRA021
6622,12,18,10,60%,435,81%,9,2,0,4,15,BRA040
6622,12,11,4,40%,308,73%,13,2,0,0,4,BRA006
6624,12,14,5,52%,450,87%,16,1,0,1,1,BRA015
6624,12,14,3,48%,408,87%,18,2,0,2,1,BRA023
6623,12,16,2,45%,397,85%,14,1,0,1,7,BRA024
6623,12,11,0,55%,486,87%,9,0,0,3,4,BRA005
6625,12,15,0,60%,526,85%,13,2,0,2,6,BRA025
6625,12,10,2,40%,350,82%,13,4,0,0,2,BRA012
6627,13,22,6,61%,640,88%,8,1,0,0,8,BRA022
6627,13,15,4,39%,412,83%,12,2,0,0,5,BRA028
6626,13,11,4,65%,427,81%,16,0,1,2,4,BRA023
6626,13,11,4,35%,229,62%,14,3,0,4,8,BRA013
6628,13,19,10,62%,500,84%,15,3,0,4,6,BRA040
6628,13,20,2,38%,311,79%,8,4,0,1,6,BRA024
6629,13,30,4,60%,507,85%,12,2,1,3,16,BRA006
6629,13,9,5,40%,368,78%,11,1,0,0,1,BRA009
6630,13,10,7,31%,273,65%,18,1,1,4,4,BRA007
6630,13,13,1,69%,582,82%,14,1,0,2,7,BRA021
6631,13,8,6,50%,373,77%,24,3,0,3,5,BRA033
6631,13,9,7,50%,371,79%,11,1,0,1,3,BRA015
6632,13,18,2,57%,511,83%,13,4,0,0,8,BRA044
6632,13,12,2,43%,395,72%,14,1,0,1,5,BRA012
6633,13,15,6,38%,359,82%,19,2,0,0,6,BRA005
6633,13,14,4,62%,595,88%,13,3,0,2,6,BRA018
6634,13,23,9,69%,583,88%,17,4,0,3,11,BRA025
6634,13,9,4,31%,268,71%,16,3,0,0,3,BRA014
6575,7,11,3,36%,318,79%,11,2,1,4,5,BRA024
6575,7,19,6,64%,575,89%,13,1,0,0,6,BRA015
6636,14,8,5,39%,292,79%,20,3,0,4,2,BRA013
6636,14,14,3,61%,459,83%,11,2,0,1,4,BRA014
6637,14,20,7,42%,263,71%,21,6,0,1,5,BRA042
6637,14,14,3,58%,367,76%,15,1,0,1,2,BRA040
6638,14,7,2,42%,380,82%,15,2,0,1,3,BRA025
6638,14,18,5,58%,506,86%,14,4,0,0,4,BRA021
6639,14,19,9,41%,373,80%,14,4,0,4,3,BRA005
6639,14,21,7,59%,527,87%,13,2,1,2,5,BRA022
6640,14,8,1,44%,447,78%,8,2,0,0,3,BRA015
6640,14,7,1,56%,551,84%,16,3,0,3,9,BRA028
6641,14,7,4,59%,428,84%,19,3,1,1,3,BRA007
6641,14,17,9,41%,287,78%,15,6,1,1,8,BRA033
6642,14,14,6,51%,386,77%,15,1,1,2,1,BRA018
6642,14,13,3,49%,360,75%,15,4,1,3,5,BRA006
6643,14,13,6,46%,367,78%,11,3,0,1,7,BRA009
6643,14,17,8,54%,426,80%,12,1,0,0,7,BRA003
6644,14,12,5,45%,350,74%,22,3,1,1,4,BRA044
6644,14,19,5,55%,420,83%,14,4,0,2,3,BRA024
6645,14,16,5,52%,470,87%,19,3,0,3,2,BRA012
6645,14,6,3,48%,450,85%,13,1,0,4,3,BRA023
6649,15,0,0,,0,,0,0,0,0,0,BRA003
6649,15,0,0,,0,,0,0,0,0,0,BRA005
6646,15,8,3,57%,545,89%,13,3,0,2,2,BRA009
6646,15,18,9,43%,393,87%,17,2,0,2,7,BRA015
6647,15,7,2,45%,413,84%,14,2,0,4,0,BRA028
6647,15,15,4,55%,485,87%,14,1,1,0,7,BRA023
6648,15,11,6,42%,347,82%,12,0,0,0,7,BRA044
6648,15,17,10,58%,491,87%,18,3,0,0,7,BRA021
6650,15,15,7,32%,304,79%,14,0,0,1,2,BRA033
6650,15,14,3,68%,634,89%,13,0,0,0,3,BRA025
6651,15,33,12,68%,686,91%,7,1,0,1,7,BRA022
6651,15,5,3,32%,344,72%,16,2,0,1,1,BRA012
6654,15,21,10,66%,576,92%,16,2,0,1,8,BRA018
6654,15,4,2,34%,297,83%,7,0,1,1,4,BRA040
6653,15,14,3,47%,436,81%,7,2,1,1,6,BRA007
6653,15,11,4,53%,471,81%,13,3,0,1,6,BRA024
6652,15,10,5,41%,316,72%,16,2,0,0,11,BRA013
6652,15,12,6,59%,463,82%,12,3,0,4,5,BRA042
6655,15,5,0,59%,449,77%,15,0,0,2,3,BRA006
6655,15,12,1,41%,317,68%,25,1,0,2,5,BRA014
6635,13,0,0,,0,,0,0,0,0,0,BRA003
6635,13,0,0,,0,,0,0,0,0,0,BRA042
6656,16,21,7,57%,501,82%,17,0,0,1,6,BRA005
6656,16,6,5,43%,391,75%,16,2,0,0,3,BRA007
6657,16,0,0,,0,,0,0,0,0,0,BRA025
6657,16,0,0,,0,,0,0,0,0,0,BRA003
6658,16,11,5,74%,611,88%,14,2,0,3,5,BRA028
6658,16,7,4,26%,203,68%,9,2,1,0,5,BRA024
6659,16,3,1,48%,449,83%,16,3,1,2,1,BRA042
6659,16,18,7,52%,473,85%,19,4,0,0,2,BRA044
6660,16,17,10,61%,486,86%,14,3,0,1,3,BRA040
6660,16,9,5,39%,312,77%,22,3,0,0,5,BRA023
6663,16,18,3,47%,441,86%,17,3,0,3,6,BRA012
6663,16,13,6,53%,497,86%,14,3,0,1,4,BRA018
6661,16,16,4,52%,412,82%,11,3,0,4,9,BRA013
6661,16,10,5,48%,404,80%,14,0,0,3,2,BRA021
6662,16,8,4,52%,420,78%,15,1,1,2,2,BRA015
6662,16,12,2,48%,399,78%,19,0,1,2,4,BRA006
6664,16,15,2,61%,450,84%,13,2,0,0,5,BRA009
6664,16,15,5,39%,285,69%,16,1,0,2,4,BRA014
6666,17,7,3,45%,426,79%,9,1,0,0,5,BRA025
6666,17,19,4,55%,496,81%,10,0,1,0,5,BRA042
6667,17,15,7,67%,538,84%,15,1,0,0,8,BRA007
6667,17,8,2,33%,285,69%,17,1,0,3,2,BRA012
6669,17,11,4,69%,534,82%,14,1,0,0,10,BRA003
6669,17,9,5,31%,247,61%,15,3,0,2,4,BRA013
6668,17,8,5,52%,399,82%,17,2,0,1,5,BRA014
6668,17,12,4,48%,386,80%,19,4,0,3,5,BRA040
6670,17,16,9,49%,485,83%,10,4,0,0,8,BRA028
6670,17,17,7,51%,496,85%,6,4,0,1,1,BRA009
6671,17,12,4,66%,658,90%,15,2,0,0,1,BRA021
6671,17,2,0,34%,341,79%,16,2,1,3,1,BRA033
6672,17,11,3,52%,389,82%,21,3,0,0,5,BRA023
6672,17,7,2,48%,365,81%,14,1,1,4,3,BRA024
6673,17,11,3,57%,501,89%,14,3,0,2,3,BRA018
6673,17,12,2,43%,364,83%,15,4,0,1,11,BRA044
6674,17,11,5,55%,607,86%,14,1,0,1,4,BRA005
6674,17,14,5,45%,484,86%,9,0,0,0,10,BRA015
6675,17,26,10,61%,509,88%,14,3,0,0,12,BRA022
6675,17,7,2,39%,344,78%,15,1,0,0,2,BRA006
6677,18,12,6,39%,320,81%,10,1,0,2,8,BRA013
6677,18,13,2,61%,508,86%,9,1,0,2,5,BRA015
6676,18,21,4,57%,453,82%,15,3,0,2,4,BRA044
6676,18,9,3,43%,354,71%,19,1,0,1,3,BRA007
6678,18,8,2,41%,378,81%,15,1,1,1,4,BRA006
6678,18,9,5,59%,540,86%,9,2,0,1,8,BRA021
6679,18,9,4,54%,472,86%,15,2,0,4,4,BRA022
6679,18,18,8,46%,413,86%,13,1,0,2,5,BRA023
6680,18,9,4,49%,442,77%,16,5,0,1,2,BRA042
6680,18,13,4,51%,445,81%,14,1,0,3,9,BRA028
6681,18,18,9,66%,516,83%,21,0,1,2,7,BRA033
6681,18,9,2,34%,276,74%,11,5,0,1,3,BRA024
6682,18,12,4,48%,533,91%,10,1,0,0,2,BRA025
6682,18,19,8,52%,571,91%,11,2,0,0,7,BRA018
6683,18,9,4,38%,289,68%,15,6,0,1,3,BRA003
6683,18,22,11,62%,437,77%,8,3,0,1,11,BRA040
6684,18,18,6,53%,482,88%,14,2,1,4,8,BRA005
6684,18,11,6,47%,435,84%,14,4,0,2,2,BRA009
6685,18,10,4,48%,312,76%,22,3,0,3,3,BRA012
6685,18,15,3,52%,320,72%,14,1,2,0,7,BRA014
6665,16,15,8,46%,406,83%,12,0,0,0,3,BRA033
6665,16,12,1,54%,463,87%,11,2,0,2,7,BRA022
6686,19,6,0,48%,349,74%,24,5,0,3,1,BRA040
6686,19,12,2,52%,379,70%,20,2,0,1,3,BRA021
6687,19,19,7,56%,400,81%,14,2,0,0,7,BRA014
6687,19,15,8,44%,334,77%,22,5,0,1,5,BRA044
6688,19,7,3,42%,351,77%,19,3,0,0,4,BRA018
6688,19,13,3,58%,461,86%,20,2,0,1,4,BRA033
6689,19,3,0,61%,570,87%,5,1,0,0,0,BRA009
6689,19,23,6,39%,347,78%,11,1,0,5,18,BRA013
6691,19,15,9,39%,435,83%,14,1,0,1,0,BRA028
6691,19,25,11,61%,659,88%,6,0,0,0,10,BRA005
6690,19,0,0,,0,,0,0,0,0,0,BRA003
6690,19,0,0,,0,,0,0,0,0,0,BRA006
6693,19,12,4,36%,365,84%,10,1,0,0,4,BRA024
6693,19,22,10,64%,628,88%,10,0,0,1,15,BRA025
6694,19,12,2,49%,429,84%,19,4,0,2,3,BRA022
6694,19,13,3,51%,439,88%,12,1,0,1,6,BRA015
6692,19,11,3,54%,383,81%,16,1,0,5,5,BRA007
6692,19,9,1,46%,336,77%,11,1,0,0,7,BRA023
6695,19,7,2,28%,206,57%,16,3,0,1,3,BRA012
6695,19,33,6,72%,523,86%,14,1,0,3,11,BRA042
6696,20,14,5,54%,442,82%,14,3,0,2,1,BRA009
6696,20,17,7,46%,383,76%,23,1,0,2,11,BRA042
6697,20,13,5,59%,487,85%,14,2,0,0,4,BRA021
6697,20,9,3,41%,351,80%,9,2,0,3,1,BRA018
6698,20,15,3,49%,396,83%,12,2,0,2,4,BRA015
6698,20,9,3,51%,419,84%,15,4,0,1,3,BRA007
6699,20,12,6,42%,346,74%,15,4,0,0,2,BRA025
6699,20,18,5,58%,468,82%,13,1,0,0,9,BRA040
6700,20,8,2,36%,303,71%,19,4,0,0,3,BRA014
6700,20,14,3,64%,527,84%,12,0,0,3,8,BRA028
6703,20,0,0,,0,,0,0,0,0,0,BRA044
6703,20,0,0,,0,,0,0,0,0,0,BRA003
6701,20,14,3,57%,459,83%,11,1,0,4,5,BRA033
6701,20,12,1,43%,346,78%,16,4,0,1,5,BRA023
6702,20,23,9,55%,399,79%,9,2,0,1,11,BRA013
6702,20,12,5,45%,322,75%,20,1,0,4,6,BRA012
6704,20,8,2,72%,572,87%,10,0,0,1,8,BRA022
6704,20,11,5,28%,231,77%,16,4,1,1,4,BRA024
6705,20,11,7,36%,318,72%,11,3,0,2,4,BRA006
6705,20,14,4,64%,558,82%,14,1,0,1,10,BRA005
6706,21,14,3,54%,461,78%,17,3,0,2,3,BRA018
6706,21,19,8,46%,402,75%,18,2,0,1,8,BRA013
6707,21,19,3,58%,509,86%,17,1,0,0,5,BRA007
6707,21,3,1,42%,377,80%,9,0,1,1,1,BRA009
6708,21,3,2,27%,232,72%,6,1,2,3,1,BRA028
6708,21,21,7,73%,594,88%,16,1,0,1,6,BRA021
6709,21,13,4,73%,543,83%,21,2,0,4,10,BRA042
6709,21,3,3,27%,212,60%,24,4,0,0,0,BRA024
6710,21,11,4,30%,295,82%,13,1,0,0,2,BRA012
6710,21,17,11,70%,694,91%,13,0,0,0,5,BRA033
6711,21,13,3,47%,418,80%,12,2,2,2,1,BRA022
6711,21,19,7,53%,467,83%,15,2,1,1,5,BRA040
6712,21,11,4,48%,538,89%,9,1,0,0,2,BRA006
6712,21,11,8,52%,585,89%,18,1,0,0,6,BRA025
6713,21,20,9,66%,607,89%,11,3,0,0,11,BRA003
6713,21,11,3,34%,321,79%,8,0,0,1,7,BRA023
6716,22,17,8,62%,531,84%,20,3,0,2,9,BRA021
6716,22,8,1,38%,334,73%,27,4,0,3,2,BRA042
6717,22,10,7,55%,455,81%,16,3,0,2,5,BRA015
6717,22,15,2,45%,382,78%,23,5,0,4,2,BRA044
6721,22,0,0,,0,,0,0,0,0,0,BRA014
6721,22,0,0,,0,,0,0,0,0,0,BRA003
6718,22,9,2,37%,338,76%,12,2,0,2,4,BRA012
6718,22,12,5,63%,572,87%,13,0,1,1,10,BRA040
6719,22,12,5,46%,403,82%,17,2,0,1,3,BRA033
6719,22,18,6,54%,455,85%,28,3,0,0,3,BRA028
6720,22,15,4,53%,531,87%,9,4,0,1,6,BRA025
6720,22,12,5,47%,481,85%,17,1,0,0,2,BRA022
6722,22,25,6,62%,515,85%,13,0,0,0,5,BRA005
6722,22,8,1,38%,315,73%,12,2,0,1,8,BRA013
6723,22,14,4,56%,481,82%,16,1,0,4,7,BRA006
6723,22,6,2,44%,393,76%,16,2,0,1,5,BRA007
6724,22,6,2,55%,502,84%,12,2,0,1,1,BRA009
6724,22,16,3,45%,410,85%,15,3,0,1,5,BRA023
6725,22,11,1,67%,505,83%,19,3,0,2,9,BRA018
6725,22,8,2,33%,252,66%,20,0,0,0,0,BRA024
6714,21,16,5,45%,338,78%,22,2,0,2,7,BRA044
6714,21,14,3,55%,404,80%,18,3,0,1,5,BRA005
6715,21,12,2,45%,336,75%,15,2,0,2,7,BRA015
6715,21,14,4,55%,397,79%,19,3,0,1,9,BRA014
6726,23,16,2,42%,285,73%,15,4,0,1,8,BRA044
6726,23,8,4,58%,423,81%,17,2,1,1,2,BRA040
6727,23,19,8,62%,478,89%,15,3,0,0,9,BRA042
6727,23,7,2,38%,300,80%,14,2,0,0,3,BRA023
6728,23,18,4,65%,609,88%,12,3,0,3,10,BRA025
6728,23,13,2,35%,338,81%,12,2,0,0,5,BRA015
6729,23,13,5,54%,491,83%,14,3,0,1,4,BRA003
6729,23,14,4,46%,413,83%,9,2,0,1,4,BRA007
6730,23,16,5,53%,470,81%,18,5,0,0,3,BRA018
6730,23,12,2,47%,440,82%,14,3,0,1,3,BRA028
6731,23,5,1,36%,298,65%,16,1,0,3,1,BRA014
6731,23,24,5,64%,520,82%,20,0,0,2,8,BRA021
6733,23,19,7,67%,506,88%,12,3,0,2,17,BRA033
6733,23,11,5,33%,254,72%,20,4,0,1,2,BRA005
6734,23,12,5,54%,481,86%,20,1,0,3,2,BRA022
6734,23,11,5,46%,410,79%,20,4,0,3,5,BRA009
6732,23,9,3,42%,314,72%,12,0,0,1,9,BRA024
6732,23,23,5,58%,411,85%,7,1,0,2,15,BRA013
6735,23,15,6,29%,242,72%,10,3,0,1,4,BRA012
6735,23,17,1,71%,593,88%,11,3,0,1,8,BRA006
6737,24,18,4,57%,446,83%,18,2,0,1,5,BRA024
6737,24,12,7,43%,348,76%,29,4,0,2,5,BRA009
6736,24,14,4,30%,259,71%,16,2,0,0,3,BRA012
6736,24,14,2,70%,593,88%,9,2,0,4,11,BRA028
6738,24,10,5,53%,446,84%,18,4,0,4,2,BRA023
6738,24,16,5,47%,397,83%,17,2,0,1,6,BRA014
6740,24,10,5,31%,293,76%,19,3,0,1,4,BRA013
6740,24,11,4,69%,641,90%,11,0,0,1,4,BRA025
6739,24,14,6,40%,378,82%,10,2,0,3,3,BRA007
6739,24,8,2,60%,565,86%,15,1,0,2,5,BRA042
6741,24,17,8,51%,459,77%,17,4,0,3,2,BRA018
6741,24,9,0,49%,460,80%,18,3,0,0,5,BRA022
6742,24,15,6,57%,474,88%,16,1,0,3,2,BRA040
6742,24,13,3,43%,364,84%,13,2,1,0,3,BRA033
6743,24,0,0,,0,,0,0,0,0,0,BRA015
6743,24,0,0,,0,,0,0,0,0,0,BRA003
6744,24,16,2,56%,505,83%,18,1,0,0,7,BRA006
6744,24,12,4,44%,419,78%,11,1,0,1,6,BRA044
6745,24,19,6,67%,630,89%,10,0,0,0,9,BRA021
6745,24,5,2,33%,318,72%,9,3,0,1,2,BRA005
6746,25,8,2,51%,376,78%,21,3,0,1,2,BRA012
6746,25,14,3,49%,365,77%,17,2,0,2,4,BRA024
6747,25,13,3,49%,434,82%,11,0,0,1,4,BRA022
6747,25,17,6,51%,447,84%,15,1,0,0,7,BRA007
6748,25,18,7,49%,413,80%,22,2,0,2,7,BRA033
6748,25,6,0,51%,422,82%,13,2,0,0,2,BRA009
6750,25,0,0,,0,,0,0,0,0,0,BRA003
6750,25,0,0,,0,,0,0,0,0,0,BRA021
6749,25,13,1,46%,420,81%,16,2,0,8,9,BRA028
6749,25,11,3,54%,492,81%,18,3,0,2,3,BRA040
6752,25,16,5,59%,406,80%,14,2,0,1,10,BRA044
6752,25,7,2,41%,301,78%,19,3,1,1,3,BRA023
6751,25,25,6,57%,449,82%,16,1,0,2,11,BRA013
6751,25,13,5,43%,368,76%,16,3,0,3,0,BRA006
6753,25,3,2,45%,467,85%,10,1,0,0,1,BRA015
6753,25,17,3,55%,568,88%,9,0,0,2,2,BRA042
6754,25,14,6,57%,526,85%,8,1,0,2,4,BRA025
6754,25,22,4,43%,394,78%,17,4,1,0,4,BRA005
6755,25,22,8,61%,484,83%,12,1,0,0,9,BRA014
6755,25,18,6,39%,331,78%,13,1,0,0,7,BRA018
6756,26,21,7,58%,498,84%,13,2,1,0,7,BRA005
6756,26,10,5,42%,358,82%,18,3,0,2,1,BRA012
6757,26,13,6,37%,337,81%,15,2,0,0,6,BRA007
6757,26,18,6,63%,554,90%,13,3,0,1,10,BRA025
6758,26,6,3,30%,203,69%,8,1,0,2,4,BRA023
6758,26,11,4,70%,462,87%,16,3,0,2,12,BRA021
6759,26,8,2,60%,558,84%,16,2,0,1,2,BRA042
6759,26,11,2,40%,363,80%,18,2,0,3,4,BRA018
6760,26,30,8,72%,547,86%,15,1,0,5,12,BRA033
6760,26,7,2,28%,222,59%,14,3,1,0,4,BRA014
6762,26,10,3,64%,485,83%,11,0,0,2,7,BRA009
6762,26,16,8,36%,275,74%,15,1,0,1,3,BRA044
6761,26,20,4,44%,305,76%,10,2,2,2,5,BRA024
6761,26,17,5,56%,411,84%,16,4,0,0,5,BRA015
6765,26,0,0,,0,,0,0,0,0,0,BRA022
6765,26,0,0,,0,,0,0,0,0,0,BRA003
6764,26,16,4,68%,493,84%,15,3,0,3,5,BRA040
6764,26,11,3,32%,228,69%,11,4,0,2,7,BRA013
6763,26,26,10,71%,675,89%,16,3,0,2,8,BRA028
6763,26,17,6,29%,273,75%,7,1,1,0,6,BRA006
6766,27,13,4,60%,504,88%,17,1,1,0,8,BRA025
6766,27,10,5,40%,341,80%,13,4,0,1,1,BRA023
6767,27,13,4,55%,463,85%,15,3,0,0,4,BRA015
6767,27,14,5,45%,394,75%,18,1,0,0,4,BRA018
6768,27,9,3,29%,250,73%,12,1,0,0,3,BRA044
6768,27,19,7,71%,605,88%,14,3,0,2,12,BRA028
6769,27,22,7,78%,682,89%,23,4,0,2,12,BRA042
6769,27,6,1,22%,206,62%,11,1,1,1,0,BRA006
6770,27,11,1,70%,504,83%,14,4,0,1,7,BRA040
6770,27,9,4,30%,224,68%,24,3,0,1,3,BRA005
6771,27,10,4,53%,408,86%,13,5,0,1,7,BRA022
6771,27,16,7,47%,364,81%,23,3,0,0,10,BRA021
6772,27,12,4,49%,311,81%,23,2,0,1,6,BRA014
6772,27,21,8,51%,314,82%,14,5,0,2,9,BRA024
6773,27,14,6,53%,432,79%,23,1,0,0,2,BRA003
6773,27,8,2,47%,407,80%,11,2,0,4,1,BRA033
6774,27,13,6,52%,405,77%,11,3,0,1,17,BRA013
6774,27,12,4,48%,384,77%,14,2,0,4,6,BRA007
6775,27,17,5,43%,389,88%,18,2,0,2,4,BRA009
6775,27,8,3,57%,511,87%,16,1,1,2,3,BRA012
6780,28,0,0,,0,,0,0,0,0,0,BRA023
6780,28,0,0,,0,,0,0,0,0,0,BRA018
6776,28,19,3,64%,502,82%,12,1,0,5,3,BRA040
6776,28,14,5,36%,285,72%,20,3,0,0,4,BRA015
6777,28,8,3,36%,321,75%,14,3,0,0,3,BRA044
6777,28,17,4,64%,544,84%,11,3,0,3,11,BRA013
6778,28,17,6,44%,388,79%,11,5,0,2,4,BRA028
6778,28,13,5,56%,470,78%,16,1,0,1,6,BRA007
6779,28,26,8,68%,563,86%,11,1,0,0,5,BRA022
6779,28,13,5,32%,258,70%,14,4,0,0,5,BRA014
6781,28,0,0,,0,,0,0,0,0,0,BRA003
6781,28,0,0,,0,,0,0,0,0,0,BRA024
6782,28,9,2,47%,441,86%,9,2,0,0,7,BRA009
6782,28,21,10,53%,497,86%,13,3,0,1,5,BRA025
6783,28,9,3,39%,353,79%,11,0,0,4,6,BRA005
6783,28,16,6,61%,543,85%,9,0,0,3,6,BRA042
6784,28,11,6,37%,266,65%,18,3,0,0,6,BRA006
6784,28,16,4,63%,463,82%,17,2,0,2,5,BRA033
6785,28,18,7,64%,605,90%,20,1,0,1,6,BRA021
6785,28,7,4,36%,351,82%,13,2,0,5,2,BRA012
6786,29,14,4,69%,581,87%,14,0,0,0,3,BRA042
6786,29,19,8,31%,267,75%,12,0,0,1,6,BRA033
6788,29,10,3,29%,207,62%,10,3,0,0,2,BRA014
6788,29,20,1,71%,475,81%,15,3,0,2,18,BRA005
6787,29,11,6,49%,448,81%,10,1,0,0,4,BRA023
6787,29,11,3,51%,431,83%,20,4,1,0,3,BRA006
6790,29,9,4,57%,496,83%,13,2,0,0,4,BRA025
6790,29,16,1,43%,363,80%,9,2,0,0,10,BRA044
6789,29,10,5,28%,275,78%,12,1,0,1,4,BRA013
6789,29,21,4,72%,686,87%,8,1,0,2,10,BRA022
6791,29,12,2,56%,469,85%,10,2,0,2,3,BRA015
6791,29,10,5,44%,371,81%,17,6,0,1,5,BRA012
6792,29,3,1,38%,290,70%,26,3,0,1,0,BRA007
6792,29,19,5,62%,450,84%,17,5,0,3,4,BRA040
6793,29,18,4,37%,227,70%,18,5,0,4,3,BRA024
6793,29,12,6,63%,386,80%,15,3,1,0,9,BRA021
6794,29,10,3,45%,405,78%,22,2,0,0,5,BRA003
6794,29,14,4,55%,484,81%,14,3,0,1,3,BRA028
6795,29,20,4,57%,406,80%,15,1,0,1,12,BRA009
6795,29,6,3,43%,328,69%,15,3,0,1,4,BRA018
6796,30,18,6,59%,433,85%,18,3,0,1,7,BRA023
6796,30,16,6,41%,290,78%,19,2,1,2,7,BRA005
6798,30,9,2,56%,493,88%,14,2,0,2,7,BRA033
6798,30,13,5,44%,395,86%,19,2,0,2,5,BRA013
6797,30,12,1,33%,308,76%,12,3,0,1,3,BRA044
6797,30,20,4,67%,610,87%,7,2,0,2,8,BRA022
6799,30,12,6,62%,528,89%,11,2,0,2,2,BRA042
6799,30,27,8,38%,313,85%,19,2,0,0,6,BRA014
6801,30,0,0,,0,,0,0,0,0,0,BRA003
6801,30,0,0,,0,,0,0,0,0,0,BRA012
6800,30,16,5,69%,636,88%,12,0,0,1,8,BRA021
6800,30,7,4,31%,293,72%,10,1,0,2,2,BRA015
6802,30,5,0,41%,359,81%,16,2,1,0,3,BRA028
6802,30,21,9,59%,518,87%,16,2,0,1,5,BRA025
6803,30,23,12,63%,480,83%,16,1,0,1,9,BRA040
6803,30,13,6,37%,278,70%,8,0,0,0,8,BRA009
6804,30,13,3,36%,270,77%,11,0,0,3,5,BRA007
6804,30,17,5,64%,489,89%,16,2,1,4,3,BRA018
6805,30,23,6,48%,354,80%,19,1,0,0,4,BRA024
6805,30,12,4,52%,401,81%,19,3,0,0,3,BRA006
6809,31,0,0,,0,,0,0,0,0,0,BRA018
6809,31,0,0,,0,,0,0,0,0,0,BRA003
6806,31,15,6,59%,559,88%,18,2,0,1,2,BRA015
6806,31,15,8,41%,388,85%,9,3,0,1,6,BRA023
6807,31,26,11,53%,380,80%,15,0,0,4,10,BRA005
6807,31,7,3,47%,350,77%,16,2,0,1,8,BRA024
6808,31,9,3,53%,412,78%,11,2,1,2,6,BRA040
6808,31,13,4,47%,359,76%,19,4,1,0,8,BRA006
6810,31,20,6,55%,374,78%,27,4,0,1,6,BRA033
6810,31,8,3,45%,309,72%,17,7,1,1,3,BRA044
6811,31,7,2,33%,247,68%,16,3,0,1,4,BRA014
6811,31,23,7,67%,483,84%,20,1,0,3,6,BRA007
6812,31,9,4,40%,413,80%,8,2,0,3,6,BRA013
6812,31,16,3,60%,593,87%,11,2,0,1,4,BRA028
6813,31,21,4,57%,612,89%,6,2,0,0,2,BRA042
6813,31,5,4,43%,475,86%,16,1,0,1,2,BRA022
6814,31,6,2,29%,207,57%,16,4,1,0,1,BRA009
6814,31,18,3,71%,497,86%,14,2,0,0,10,BRA021
6815,31,19,3,65%,646,92%,15,3,0,0,11,BRA025
6815,31,9,3,35%,354,86%,16,2,0,1,3,BRA012
6816,32,17,11,57%,444,82%,16,2,0,3,4,BRA040
6816,32,9,2,43%,344,78%,19,4,0,2,5,BRA024
6817,32,21,7,46%,323,78%,12,2,0,3,9,BRA033
6817,32,7,2,54%,394,79%,18,1,0,0,2,BRA015
6820,32,0,0,,0,,0,0,0,0,0,BRA003
6820,32,0,0,,0,,0,0,0,0,0,BRA042
6818,32,14,5,61%,621,86%,9,2,0,0,3,BRA022
6818,32,15,5,39%,408,81%,16,3,0,1,4,BRA028
6819,32,16,2,59%,426,79%,9,1,0,1,4,BRA018
6819,32,17,0,41%,302,76%,12,1,0,0,8,BRA005
6821,32,9,2,33%,278,68%,11,0,0,0,2,BRA007
6821,32,21,8,67%,526,85%,10,1,0,3,11,BRA021
6822,32,7,2,52%,477,87%,13,2,0,0,2,BRA025
6822,32,17,2,48%,425,89%,10,2,0,0,5,BRA014
6823,32,9,2,36%,283,74%,13,4,0,0,3,BRA023
6823,32,15,3,64%,483,84%,17,4,0,0,8,BRA013
6824,32,8,6,41%,337,82%,18,2,0,0,3,BRA044
6824,32,20,5,59%,472,86%,17,1,1,4,5,BRA012
6825,32,17,5,63%,502,85%,16,2,1,1,4,BRA006
6825,32,17,4,37%,295,78%,19,4,0,1,4,BRA009
6826,34,9,6,32%,245,71%,25,5,0,1,4,BRA044
6826,34,11,4,68%,513,84%,23,6,0,0,5,BRA021
6836,33,16,3,41%,320,77%,14,0,0,0,3,BRA040
6836,33,15,4,59%,463,81%,25,3,0,4,4,BRA042
6837,33,15,4,54%,504,82%,15,2,0,0,1,BRA022
6837,33,13,5,46%,423,82%,15,3,0,3,2,BRA005
6841,33,0,0,,0,,0,0,0,0,0,BRA003
6841,33,0,0,,0,,0,0,0,0,0,BRA009
6838,33,9,5,31%,270,68%,15,2,1,0,0,BRA021
6838,33,22,6,69%,559,84%,9,1,0,3,10,BRA025
6839,33,15,5,45%,404,84%,17,2,0,1,2,BRA007
6839,33,22,5,55%,481,87%,16,0,0,0,4,BRA033
6840,33,12,5,40%,325,80%,13,2,0,0,6,BRA014
6840,33,15,6,60%,508,85%,15,1,0,2,5,BRA013
6842,33,13,2,51%,421,75%,19,2,0,0,3,BRA028
6842,33,14,3,49%,411,77%,9,0,0,2,5,BRA015
6843,33,15,6,64%,516,88%,10,0,0,0,4,BRA023
6843,33,8,2,36%,294,81%,20,1,0,1,3,BRA012
6844,33,9,3,47%,360,78%,22,2,0,3,3,BRA044
6844,33,21,6,53%,384,78%,16,2,0,1,16,BRA024
6845,33,16,3,73%,573,86%,14,3,0,0,17,BRA018
6845,33,10,4,27%,223,65%,20,2,0,0,2,BRA006
6827,34,9,2,43%,356,78%,19,2,0,1,4,BRA018
6827,34,25,11,57%,456,83%,16,2,0,4,10,BRA040
6829,34,0,0,,0,,0,0,0,0,0,BRA005
6829,34,0,0,,0,,0,0,0,0,0,BRA003
6828,34,17,6,39%,376,78%,14,2,0,1,4,BRA033
6828,34,7,3,61%,609,85%,14,3,0,1,4,BRA025
6830,34,10,3,53%,415,78%,23,2,0,0,5,BRA007
6830,34,13,5,47%,367,82%,14,2,0,2,4,BRA024
6831,34,8,5,28%,239,64%,11,4,0,2,2,BRA009
6831,34,25,5,72%,597,88%,19,2,0,2,8,BRA015
6833,34,23,6,61%,539,86%,16,4,0,0,9,BRA028
6833,34,6,3,39%,366,79%,12,2,0,3,3,BRA023
6834,34,15,2,42%,360,75%,15,1,1,0,4,BRA014
6834,34,13,2,58%,490,83%,11,0,1,0,4,BRA006
6832,34,18,6,49%,434,82%,12,3,0,0,13,BRA013
6832,34,6,2,51%,479,83%,16,1,0,0,5,BRA042
6835,34,18,4,39%,372,84%,15,2,0,1,5,BRA012
6835,34,19,7,61%,604,91%,14,2,0,2,3,BRA022
6846,35,24,9,69%,562,83%,22,2,0,3,11,BRA028
6846,35,13,7,31%,259,61%,24,4,0,2,3,BRA024
6847,35,9,2,41%,290,74%,18,3,0,0,2,BRA009
6847,35,25,3,59%,396,85%,12,2,0,0,5,BRA014
6849,35,0,0,,0,,0,0,0,0,0,BRA025
6849,35,0,0,,0,,0,0,0,0,0,BRA003
6848,35,10,3,42%,346,77%,20,1,0,2,4,BRA005
6848,35,16,4,58%,463,82%,12,1,0,0,10,BRA007
6851,35,9,1,35%,277,75%,13,1,0,3,3,BRA006
6851,35,32,9,65%,503,86%,15,0,0,2,7,BRA015
6850,35,27,7,66%,553,90%,13,2,0,0,13,BRA021
6850,35,5,1,34%,287,78%,10,1,1,1,3,BRA013
6852,35,10,3,55%,551,88%,20,4,0,2,6,BRA033
6852,35,13,4,45%,468,86%,15,3,0,0,2,BRA022
6853,35,14,4,63%,419,85%,17,6,2,3,8,BRA040
6853,35,11,3,37%,246,76%,16,2,0,1,5,BRA023
6854,35,15,6,56%,486,85%,29,4,0,2,5,BRA042
6854,35,10,5,44%,376,82%,16,2,0,0,5,BRA044
6855,35,5,3,27%,215,60%,16,4,0,2,1,BRA012
6855,35,21,9,73%,525,84%,9,0,0,1,9,BRA018
6856,36,17,7,56%,475,84%,14,3,0,1,9,BRA028
6856,36,8,1,44%,374,80%,8,2,0,3,5,BRA009
6857,36,10,3,48%,373,77%,16,1,1,2,4,BRA003
6857,36,16,8,52%,382,80%,17,7,0,1,6,BRA013
6859,36,9,8,56%,545,87%,21,2,0,1,6,BRA021
6859,36,14,5,44%,420,86%,18,1,0,4,3,BRA033
6858,36,7,2,57%,488,84%,20,5,0,0,4,BRA022
6858,36,5,1,43%,377,78%,26,4,0,0,3,BRA006
6860,36,19,4,58%,421,83%,11,1,0,2,14,BRA024
6860,36,11,6,42%,334,79%,15,4,0,1,6,BRA023
6861,36,13,4,52%,414,83%,9,3,0,4,6,BRA012
6861,36,17,8,48%,372,82%,12,3,1,0,8,BRA007
6862,36,14,9,41%,273,73%,15,3,0,2,7,BRA005
6862,36,13,4,59%,394,81%,8,1,0,3,5,BRA015
6863,36,4,0,32%,243,78%,19,4,0,0,2,BRA014
6863,36,11,5,68%,499,88%,18,3,0,2,3,BRA040
6864,36,10,1,58%,521,84%,16,0,0,1,5,BRA042
6864,36,13,4,42%,375,80%,15,0,0,0,1,BRA025
6865,36,14,1,59%,400,80%,19,3,0,0,17,BRA018
6865,36,6,1,41%,295,71%,16,3,0,1,2,BRA044
6866,37,9,3,51%,366,79%,16,2,0,3,6,BRA003
6866,37,9,3,49%,364,83%,9,3,1,5,3,BRA040
6868,37,27,8,48%,419,81%,11,1,0,2,11,BRA005
6868,37,13,6,52%,446,83%,10,3,0,1,8,BRA009
6867,37,9,2,36%,261,74%,15,2,1,2,9,BRA013
6867,37,19,3,64%,479,86%,14,4,0,0,6,BRA015
6869,37,10,3,44%,369,84%,13,1,1,1,5,BRA012
6869,37,19,6,56%,468,87%,21,1,0,1,2,BRA014
6870,37,13,3,59%,560,87%,16,1,1,0,6,BRA022
6870,37,13,4,41%,411,87%,9,0,1,1,1,BRA023
6871,37,19,8,42%,368,79%,20,3,0,3,8,BRA042
6871,37,11,3,58%,515,83%,19,4,0,1,2,BRA028
6872,37,14,7,63%,580,86%,11,0,0,1,5,BRA025
6872,37,13,2,37%,342,79%,21,3,1,1,6,BRA018
6873,37,10,6,44%,382,85%,21,5,0,1,1,BRA033
6873,37,10,3,56%,475,87%,13,1,0,1,3,BRA024
6874,37,10,4,54%,510,89%,11,2,1,2,6,BRA044
6874,37,15,4,46%,436,86%,21,2,1,1,2,BRA007
6875,37,8,3,32%,283,71%,13,1,0,2,3,BRA006
6875,37,21,13,68%,608,88%,18,0,0,0,8,BRA021
6876,38,16,3,60%,538,83%,21,1,0,0,3,BRA015
6876,38,10,3,40%,360,76%,14,3,0,2,5,BRA022
6878,38,15,2,51%,394,84%,12,0,0,0,3,BRA009
6878,38,14,2,49%,382,78%,19,2,0,2,6,BRA013
6880,38,20,7,65%,470,83%,11,4,0,2,18,BRA028
6880,38,10,4,35%,272,71%,16,1,0,1,3,BRA005
6879,38,24,6,42%,349,88%,17,1,0,1,6,BRA012
6879,38,13,4,58%,493,89%,24,2,1,1,4,BRA042
6881,38,9,3,57%,505,86%,11,0,0,1,4,BRA018
6881,38,8,5,43%,384,81%,11,1,0,2,3,BRA033
6882,38,18,6,45%,309,79%,21,1,0,1,7,BRA024
6882,38,15,6,55%,392,80%,8,1,0,2,4,BRA025
6883,38,9,2,48%,363,84%,16,3,0,0,2,BRA014
6883,38,24,7,52%,378,83%,18,2,0,1,7,BRA044
6885,38,11,4,43%,308,75%,15,1,0,3,3,BRA007
6885,38,8,4,57%,417,84%,9,2,0,4,2,BRA023
6877,38,21,8,51%,391,82%,12,2,0,4,3,BRA040
6877,38,5,1,49%,386,81%,15,3,0,0,5,BRA021
6884,38,0,0,,0,,0,0,0,0,0,BRA003
6884,38,0,0,,0,,0,0,0,0,0,BRA006
6888,1,9,3,40%,324,77%,15,3,0,3,2,BRA043
6888,1,11,5,60%,487,82%,18,3,0,0,4,BRA013
6887,1,2,0,42%,382,74%,11,3,0,3,2,BRA016
6887,1,11,4,58%,504,81%,21,4,0,2,6,BRA028
6886,1,11,3,43%,414,86%,14,3,1,1,4,BRA023
6886,1,13,5,57%,549,89%,10,2,0,1,4,BRA003
6890,1,17,2,63%,525,80%,12,3,0,2,9,BRA021
6890,1,10,4,37%,321,71%,24,2,0,3,2,BRA005
6889,1,10,4,54%,444,81%,10,0,0,4,4,BRA040
6889,1,18,6,46%,377,80%,19,1,0,2,2,BRA010
6891,1,15,4,53%,496,80%,24,2,0,2,6,BRA025
6891,1,10,4,47%,447,80%,16,3,0,1,3,BRA022
6896,2,19,4,79%,728,92%,16,3,0,1,3,BRA003
6896,2,13,3,21%,196,72%,18,3,0,1,3,BRA024
6898,2,23,8,55%,558,88%,13,3,0,1,12,BRA010
6898,2,9,3,45%,472,82%,8,1,0,1,3,BRA009
6897,2,8,5,44%,426,74%,11,1,0,1,4,BRA015
6897,2,25,13,56%,515,81%,19,0,0,3,8,BRA005
6899,2,15,3,55%,486,85%,18,5,0,5,8,BRA016
6899,2,12,5,45%,420,80%,16,0,0,1,3,BRA007
6900,2,13,7,34%,284,72%,15,1,0,2,11,BRA004
6900,2,9,3,66%,555,88%,19,1,1,1,5,BRA021
6901,2,11,5,42%,421,80%,17,3,0,1,1,BRA013
6901,2,14,8,58%,571,87%,7,1,0,0,7,BRA025
6902,2,10,1,52%,430,82%,20,3,0,3,3,BRA022
6902,2,9,1,48%,400,82%,31,3,0,0,3,BRA033
6903,2,13,3,52%,474,87%,16,1,0,4,5,BRA042
6903,2,12,3,48%,443,85%,18,2,0,3,7,BRA023
6904,2,25,7,59%,515,83%,28,2,0,2,9,BRA028
6904,2,6,1,41%,379,79%,14,3,0,2,4,BRA040
6905,2,9,6,46%,371,81%,29,2,0,1,5,BRA044
6905,2,13,1,54%,416,84%,17,3,1,4,8,BRA043
6907,3,18,7,65%,541,88%,16,3,0,1,5,BRA021
6907,3,9,2,35%,286,74%,25,4,1,3,5,BRA016
6906,3,24,8,47%,491,86%,16,2,0,0,7,BRA025
6906,3,5,2,53%,571,88%,14,3,0,0,5,BRA015
6908,3,11,5,35%,369,75%,16,3,0,0,2,BRA024
6908,3,12,3,65%,668,86%,11,1,0,0,6,BRA033
6909,3,11,6,61%,475,82%,14,2,0,2,4,BRA005
6909,3,13,1,39%,309,77%,16,4,0,0,0,BRA013
6910,3,10,4,42%,381,76%,16,1,0,2,3,BRA007
6910,3,16,3,58%,505,82%,16,1,0,1,7,BRA010
6911,3,11,5,60%,559,86%,15,5,0,1,4,BRA042
6911,3,8,3,40%,379,82%,16,2,0,1,3,BRA044
6912,3,10,5,43%,339,76%,13,2,0,1,1,BRA022
6912,3,9,3,57%,433,78%,24,2,0,1,4,BRA028
6913,3,15,4,69%,509,82%,15,2,0,2,9,BRA043
6913,3,11,4,31%,237,68%,13,0,1,0,4,BRA004
6914,3,12,1,59%,561,90%,9,2,0,2,4,BRA023
6914,3,15,6,41%,392,87%,8,1,0,1,7,BRA009
6915,3,11,6,32%,290,77%,9,1,0,0,2,BRA040
6915,3,12,2,68%,587,88%,22,1,0,0,6,BRA003
6916,4,10,2,39%,390,80%,20,3,0,3,2,BRA025
6916,4,8,2,61%,596,87%,17,3,0,1,1,BRA021
6917,4,9,4,48%,406,81%,14,5,0,0,4,BRA022
6917,4,13,3,52%,438,82%,19,5,0,2,6,BRA010
6918,4,6,0,56%,459,80%,23,5,0,0,5,BRA003
6918,4,10,3,44%,362,78%,20,0,0,3,8,BRA033
6920,4,7,1,42%,337,72%,17,3,0,2,3,BRA004
6920,4,11,5,58%,452,84%,19,3,1,1,4,BRA028
6919,4,13,4,48%,379,82%,16,4,0,3,2,BRA024
6919,4,13,3,52%,410,79%,15,2,0,2,6,BRA023
6921,4,9,4,36%,352,82%,7,1,1,3,0,BRA016
6921,4,23,13,64%,591,91%,15,2,0,0,10,BRA015
6922,4,31,9,74%,609,87%,10,0,0,2,16,BRA005
6922,4,10,5,26%,210,63%,9,2,0,1,7,BRA009
6923,4,16,5,59%,513,85%,17,2,0,1,5,BRA040
6923,4,11,5,41%,354,76%,23,5,0,1,4,BRA043
6924,4,22,2,58%,484,86%,18,3,0,1,13,BRA013
6924,4,5,4,42%,375,81%,14,3,0,2,2,BRA044
6925,4,25,5,68%,634,90%,14,2,0,4,5,BRA042
6925,4,8,5,32%,304,68%,16,2,0,1,6,BRA007
6926,5,14,5,66%,610,87%,21,4,0,1,7,BRA003
6926,5,9,2,34%,326,73%,12,3,0,2,2,BRA022
6927,5,6,3,33%,306,62%,20,1,0,3,2,BRA028
6927,5,11,1,67%,620,81%,21,2,0,1,5,BRA005
6928,5,6,2,33%,275,67%,26,5,0,5,3,BRA024
6928,5,16,4,67%,541,82%,19,2,0,2,11,BRA004
6929,5,15,5,67%,637,88%,15,3,0,0,5,BRA021
6929,5,7,1,33%,314,78%,17,3,0,2,4,BRA009
6930,5,10,3,46%,414,80%,23,5,0,1,6,BRA044
6930,5,14,4,54%,474,82%,17,2,0,0,4,BRA025
6932,5,15,2,46%,319,82%,17,2,1,1,10,BRA010
6932,5,7,4,54%,397,75%,18,0,0,2,3,BRA016
6931,5,8,1,52%,383,76%,15,2,1,0,6,BRA040
6931,5,17,5,48%,369,79%,21,5,0,4,5,BRA033
6933,5,10,2,55%,516,86%,21,2,0,1,0,BRA043
6933,5,11,4,45%,425,84%,25,3,0,0,3,BRA042
6934,5,16,7,62%,538,84%,7,2,0,1,11,BRA007
6934,5,11,4,38%,339,77%,21,1,0,1,6,BRA013
6935,5,10,3,40%,405,81%,12,2,0,5,1,BRA023
6935,5,21,7,60%,584,85%,14,0,0,0,5,BRA015
6936,11,15,5,57%,605,87%,13,2,0,3,4,BRA042
6936,11,5,3,43%,464,80%,16,1,0,1,1,BRA003
6946,6,7,4,53%,542,87%,24,1,0,2,3,BRA028
6946,6,7,2,47%,471,85%,14,3,0,2,5,BRA009
6947,6,9,4,54%,527,84%,16,1,1,1,4,BRA044
6947,6,12,3,46%,452,85%,19,4,0,1,2,BRA022
6948,6,9,1,49%,429,82%,15,2,0,1,8,BRA007
6948,6,11,5,51%,456,82%,16,2,0,4,2,BRA033
6949,6,13,6,59%,571,87%,22,2,0,0,3,BRA023
6949,6,5,2,41%,395,83%,10,2,1,1,4,BRA010
6950,6,7,5,46%,388,80%,22,0,0,1,4,BRA015
6950,6,14,5,54%,442,85%,16,3,0,2,7,BRA042
6952,6,22,6,53%,429,85%,14,6,0,5,9,BRA040
6952,6,10,6,47%,399,80%,26,7,0,1,2,BRA021
6951,6,6,2,41%,387,79%,19,4,0,1,2,BRA043
6951,6,13,3,59%,562,85%,14,1,0,0,5,BRA016
6953,6,13,5,45%,308,73%,11,2,0,2,4,BRA013
6953,6,14,4,55%,361,79%,16,1,1,1,4,BRA004
6956,7,9,4,27%,231,70%,22,2,0,4,2,BRA013
6956,7,5,0,73%,620,85%,18,2,0,2,6,BRA023
6957,7,15,3,57%,468,84%,16,1,0,1,9,BRA004
6957,7,11,4,43%,368,78%,14,2,1,0,2,BRA022
6958,7,11,4,54%,511,87%,12,3,0,0,6,BRA015
6958,7,11,3,46%,446,84%,16,1,0,1,3,BRA024
6959,7,17,6,55%,519,84%,23,1,0,1,6,BRA009
6959,7,7,3,45%,433,80%,21,1,0,0,6,BRA016
6961,7,14,6,41%,459,83%,8,1,0,2,5,BRA007
6961,7,20,9,59%,647,86%,17,2,0,2,6,BRA021
6960,7,11,5,58%,503,83%,15,2,0,1,2,BRA003
6960,7,18,3,42%,354,77%,12,2,0,0,8,BRA010
6962,7,8,2,52%,403,75%,23,5,0,0,4,BRA028
6962,7,11,1,48%,372,73%,21,3,0,1,5,BRA033
6963,7,9,3,37%,267,76%,21,3,0,1,2,BRA044
6963,7,13,5,63%,423,85%,17,2,0,2,9,BRA040
6964,7,29,7,73%,680,86%,10,1,0,1,11,BRA025
6964,7,5,3,27%,277,60%,11,5,0,1,1,BRA043
6965,7,14,8,52%,496,82%,18,0,0,3,5,BRA005
6965,7,13,4,48%,468,78%,11,0,0,1,3,BRA042
6968,8,7,4,39%,269,75%,16,4,2,3,5,BRA040
6968,8,16,8,61%,425,83%,21,2,2,0,7,BRA013
6966,8,4,2,38%,329,80%,21,1,0,4,3,BRA023
6966,8,18,8,62%,517,88%,12,1,0,3,11,BRA021
6967,8,13,3,39%,339,81%,10,1,0,2,6,BRA009
6967,8,15,6,61%,545,87%,18,3,0,1,12,BRA015
6969,8,20,4,38%,350,78%,23,1,1,1,5,BRA010
6969,8,14,4,62%,581,85%,12,3,0,2,3,BRA033
6970,8,9,5,62%,528,84%,11,2,0,1,8,BRA028
6970,8,9,4,38%,326,69%,12,3,0,2,5,BRA007
6971,8,10,4,49%,451,80%,13,0,0,2,2,BRA022
6971,8,15,3,51%,463,80%,21,3,0,0,3,BRA042
6972,8,8,2,32%,293,75%,7,1,0,2,3,BRA044
6972,8,14,4,68%,603,86%,16,1,0,1,2,BRA003
6973,8,6,2,51%,471,83%,13,2,1,1,3,BRA025
6973,8,8,2,49%,459,85%,16,1,0,0,3,BRA004
6974,8,10,4,47%,453,84%,17,0,0,0,4,BRA024
6974,8,17,6,53%,486,83%,18,1,0,1,9,BRA043
6975,8,21,2,53%,476,85%,19,3,0,2,4,BRA005
6975,8,13,3,47%,440,80%,14,1,0,0,4,BRA016
6976,9,11,5,38%,310,81%,10,0,0,2,3,BRA009
6976,9,17,3,62%,509,89%,19,1,0,3,7,BRA003
6977,9,4,1,47%,383,82%,14,1,0,2,1,BRA043
6977,9,12,4,53%,410,87%,27,5,0,0,6,BRA023
6978,9,13,3,45%,396,82%,13,2,1,2,2,BRA016
6978,9,18,6,55%,459,86%,27,4,1,0,9,BRA024
6979,9,14,5,60%,491,85%,18,4,0,5,5,BRA042
6979,9,10,2,40%,341,74%,18,2,0,2,1,BRA010
6980,9,17,3,47%,445,83%,15,1,0,1,7,BRA022
6980,9,13,6,53%,508,87%,16,1,0,2,6,BRA021
6981,9,16,4,59%,424,79%,15,2,1,1,5,BRA005
6981,9,8,4,41%,300,76%,11,1,0,4,4,BRA040
6983,9,21,8,45%,437,88%,16,2,0,2,6,BRA033
6983,9,10,4,55%,517,90%,13,2,2,1,5,BRA015
6982,9,6,1,38%,317,68%,16,2,0,1,3,BRA013
6982,9,17,9,62%,517,81%,15,0,0,1,10,BRA028
6984,9,18,6,49%,479,87%,9,2,1,2,4,BRA025
6984,9,17,6,51%,474,90%,12,1,1,1,8,BRA007
6985,9,13,7,45%,380,81%,23,1,0,1,4,BRA004
6985,9,9,5,55%,471,83%,15,2,1,0,1,BRA044
6986,10,10,2,43%,349,86%,21,4,0,3,9,BRA003
6986,10,5,1,57%,463,85%,12,0,1,3,6,BRA016
6987,10,10,5,55%,412,81%,18,3,0,1,5,BRA040
6987,10,12,6,45%,338,81%,20,2,0,3,2,BRA042
6988,10,15,3,48%,352,82%,14,2,1,0,5,BRA022
6988,10,9,3,52%,378,84%,15,4,0,2,8,BRA015
6989,10,3,2,43%,424,87%,13,2,1,0,2,BRA023
6989,10,14,3,57%,532,89%,11,1,1,2,6,BRA025
6990,10,12,4,36%,306,75%,18,1,0,0,3,BRA010
6990,10,14,7,64%,556,85%,13,1,0,5,8,BRA005
6991,10,9,2,53%,429,79%,16,2,1,5,5,BRA007
6991,10,12,4,47%,380,79%,20,2,0,1,5,BRA004
6992,10,11,2,63%,570,84%,6,0,0,2,8,BRA021
6992,10,8,3,37%,342,73%,8,1,0,2,5,BRA013
6993,10,15,4,79%,572,90%,14,3,0,5,12,BRA028
6993,10,6,1,21%,170,62%,10,4,1,1,0,BRA024
6994,10,20,7,64%,567,87%,15,1,1,3,6,BRA033
6994,10,9,4,36%,327,76%,12,3,1,1,2,BRA043
6995,10,14,6,51%,443,81%,8,2,0,2,4,BRA044
6995,10,25,9,49%,426,83%,18,2,0,0,5,BRA009
6937,11,11,5,33%,277,72%,15,3,0,1,4,BRA015
6937,11,25,7,67%,533,88%,13,2,0,5,11,BRA007
6938,11,11,1,58%,420,84%,20,3,0,2,7,BRA028
6938,11,12,3,42%,318,76%,9,1,0,2,3,BRA023
6939,11,13,6,58%,417,82%,11,3,0,1,9,BRA013
6939,11,18,9,42%,308,76%,24,4,0,2,5,BRA010
6940,11,15,9,44%,359,76%,16,2,0,1,6,BRA004
6940,11,14,8,56%,468,84%,14,0,0,4,4,BRA005
6941,11,13,3,64%,590,85%,21,2,0,0,6,BRA025
6941,11,9,2,36%,336,76%,21,3,0,2,3,BRA033
6942,11,11,2,55%,497,86%,14,1,0,3,6,BRA016
6942,11,11,3,45%,415,86%,15,2,0,0,6,BRA044
6943,11,7,1,44%,321,76%,15,4,0,0,8,BRA009
6943,11,21,6,56%,416,83%,13,2,0,1,10,BRA040
6944,11,18,4,74%,700,87%,9,1,0,3,8,BRA022
6944,11,8,3,26%,251,69%,10,0,0,3,5,BRA043
6996,12,9,2,47%,451,82%,11,3,0,1,3,BRA043
6996,12,16,2,53%,486,86%,15,4,0,2,8,BRA015
6997,12,13,3,56%,528,84%,20,4,0,2,1,BRA003
6997,12,14,4,44%,410,81%,11,1,0,4,6,BRA007
6998,12,19,6,58%,536,82%,16,0,0,0,4,BRA042
6998,12,4,1,42%,401,75%,16,2,1,3,1,BRA028
6999,12,20,6,54%,478,83%,20,1,0,0,9,BRA005
6999,12,9,4,46%,408,80%,11,1,0,0,4,BRA025
7000,12,12,3,42%,363,83%,16,1,0,1,5,BRA010
7000,12,11,1,58%,511,89%,9,2,0,4,2,BRA044
7001,12,17,7,60%,493,87%,14,4,0,1,5,BRA033
7001,12,10,4,40%,335,81%,16,2,0,0,4,BRA021
7003,12,16,5,46%,359,81%,12,3,0,0,5,BRA009
7003,12,10,2,54%,406,84%,16,2,0,2,7,BRA004
7002,12,19,5,60%,411,79%,13,3,0,9,11,BRA013
7002,12,10,7,40%,286,71%,14,4,0,3,7,BRA024
7004,12,15,6,55%,416,86%,12,1,0,1,9,BRA040
7004,12,12,3,45%,369,85%,20,1,0,1,5,BRA023
7005,12,10,1,57%,532,86%,19,1,1,3,4,BRA016
7005,12,15,7,43%,409,84%,16,1,0,0,5,BRA022
6892,1,12,4,54%,461,83%,18,2,0,4,4,BRA015
6892,1,18,6,46%,397,81%,12,0,0,2,7,BRA004
6893,1,15,2,62%,502,86%,18,2,1,0,8,BRA009
6893,1,12,4,38%,322,74%,14,3,0,1,5,BRA007
7006,13,8,2,54%,453,79%,16,1,1,1,5,BRA028
7006,13,14,5,46%,388,77%,15,0,1,1,5,BRA025
7007,13,28,11,64%,560,85%,10,1,0,1,9,BRA033
7007,13,10,5,36%,319,74%,20,4,0,0,4,BRA013
7008,13,10,2,40%,377,80%,18,1,0,1,3,BRA010
7008,13,12,4,60%,555,86%,13,2,0,1,8,BRA015
7015,13,0,0,,0,,0,0,0,0,0,BRA044
7015,13,0,0,,0,,0,0,0,0,0,BRA005
7009,13,8,5,48%,365,78%,21,1,0,2,4,BRA022
7009,13,17,7,52%,385,80%,20,0,0,0,7,BRA009
7010,13,19,5,75%,671,88%,12,3,0,2,11,BRA042
7010,13,3,1,25%,234,64%,13,2,0,0,2,BRA016
7011,13,10,3,45%,376,80%,22,4,0,2,5,BRA003
7011,13,13,7,55%,446,84%,18,3,0,2,4,BRA021
7013,13,14,4,55%,384,83%,16,3,1,4,2,BRA024
7013,13,10,4,45%,317,77%,15,3,1,0,4,BRA040
7014,13,24,11,60%,488,82%,15,2,0,2,11,BRA007
7014,13,5,2,40%,361,72%,13,3,0,0,0,BRA043
7012,13,7,2,40%,350,78%,14,5,0,0,1,BRA004
7012,13,16,5,60%,517,85%,8,5,0,1,8,BRA023
7016,14,13,4,62%,558,85%,19,2,0,0,6,BRA015
7016,14,6,2,38%,337,76%,16,2,0,0,3,BRA040
7018,14,10,1,53%,496,88%,15,2,1,1,6,BRA044
7018,14,13,6,47%,454,85%,18,4,0,0,4,BRA007
7017,14,16,7,63%,572,89%,14,0,0,1,8,BRA021
7017,14,14,1,37%,335,78%,16,3,0,1,6,BRA043
7019,14,11,5,49%,466,83%,18,2,0,1,6,BRA025
7019,14,13,3,51%,475,84%,21,2,0,4,6,BRA016
7020,14,25,8,52%,431,84%,17,3,0,1,5,BRA042
7020,14,15,5,48%,415,81%,12,2,0,2,3,BRA004
7021,14,10,5,57%,472,85%,15,2,0,4,4,BRA022
7021,14,12,3,43%,347,76%,19,3,0,0,5,BRA024
7022,14,19,4,65%,534,86%,15,4,0,2,5,BRA033
7022,14,11,4,35%,298,75%,16,4,0,0,2,BRA009
7023,14,15,4,69%,577,88%,19,3,0,2,8,BRA005
7023,14,7,3,31%,263,75%,9,2,1,1,1,BRA023
7024,14,13,4,37%,350,79%,12,2,0,2,3,BRA013
7024,14,15,1,63%,579,89%,11,3,0,2,3,BRA003
7025,14,13,2,47%,404,78%,18,3,1,2,7,BRA010
7025,14,8,5,53%,460,83%,22,3,0,1,2,BRA028
7026,15,13,4,37%,344,77%,14,2,0,3,5,BRA044
7026,15,8,3,63%,571,86%,25,5,0,2,5,BRA021
7027,15,10,2,45%,408,88%,20,1,0,0,2,BRA016
7027,15,12,2,55%,498,86%,12,0,0,0,4,BRA023
7028,15,13,4,53%,483,83%,17,1,0,0,4,BRA042
7028,15,9,3,47%,424,84%,15,2,0,2,8,BRA033
7029,15,4,3,33%,315,67%,11,1,0,1,1,BRA024
7029,15,23,11,67%,614,85%,14,0,0,4,8,BRA005
7030,15,8,2,48%,401,77%,26,2,0,0,3,BRA022
7030,15,12,1,52%,429,83%,18,3,0,0,4,BRA007
7031,15,11,6,56%,402,75%,17,2,0,3,4,BRA040
7031,15,11,4,44%,314,72%,14,2,1,2,7,BRA025
7033,15,24,8,53%,368,76%,17,1,0,0,7,BRA004
7033,15,19,5,47%,336,77%,18,1,0,2,11,BRA010
7032,15,17,3,63%,528,85%,11,3,0,0,6,BRA043
7032,15,11,4,37%,314,78%,15,1,1,0,8,BRA009
7034,15,10,3,61%,475,80%,10,1,1,1,6,BRA015
7034,15,15,4,39%,304,77%,9,4,1,2,6,BRA013
7035,15,14,4,55%,483,80%,14,0,0,2,1,BRA003
7035,15,13,6,45%,404,75%,19,2,0,3,6,BRA028
6945,11,7,4,34%,299,67%,12,4,0,4,4,BRA024
6945,11,31,12,66%,562,85%,12,1,0,1,9,BRA021
7036,16,16,5,55%,431,82%,13,3,0,1,6,BRA033
7036,16,12,9,45%,382,77%,20,2,0,2,2,BRA016
7037,16,16,3,49%,458,81%,13,2,0,0,4,BRA009
7037,16,10,4,51%,479,83%,11,3,1,1,1,BRA025
7038,16,8,1,41%,288,65%,21,3,0,2,2,BRA004
7038,16,12,3,59%,400,79%,18,3,0,1,7,BRA040
7039,16,13,6,38%,332,77%,14,3,1,1,2,BRA015
7039,16,16,9,62%,545,84%,18,3,0,2,8,BRA003
7040,16,14,8,66%,571,85%,11,3,0,0,9,BRA005
7040,16,11,3,34%,295,70%,9,1,0,3,4,BRA022
7041,16,13,5,48%,438,81%,6,3,0,1,2,BRA043
7041,16,14,8,52%,450,84%,19,2,0,3,7,BRA028
7042,16,19,10,66%,606,84%,16,2,0,1,5,BRA021
7042,16,12,3,34%,314,70%,14,1,0,2,1,BRA010
7043,16,13,3,51%,403,77%,18,3,2,3,2,BRA007
7043,16,10,4,49%,402,79%,16,5,0,1,5,BRA024
7046,17,11,1,36%,271,75%,10,3,2,1,2,BRA004
7046,17,17,6,64%,454,87%,20,5,0,2,11,BRA003
7047,17,18,4,57%,442,84%,18,5,0,1,9,BRA016
7047,17,6,2,43%,341,77%,25,2,0,0,1,BRA040
7048,17,6,3,59%,539,84%,17,3,0,2,4,BRA022
7048,17,17,4,41%,389,75%,16,3,0,2,3,BRA013
7049,17,11,2,37%,316,79%,15,2,0,2,7,BRA025
7049,17,8,1,63%,534,88%,24,4,0,1,2,BRA042
7050,17,19,7,38%,314,76%,14,4,0,1,10,BRA015
7050,17,9,6,62%,530,83%,13,5,0,2,3,BRA021
7051,17,8,3,47%,482,82%,11,1,0,0,3,BRA044
7051,17,13,7,53%,524,87%,17,1,0,1,6,BRA028
7053,17,10,4,52%,464,82%,14,2,0,0,1,BRA023
7053,17,14,3,48%,422,86%,19,3,1,2,7,BRA033
7052,17,18,4,50%,449,82%,13,2,0,1,8,BRA010
7052,17,3,1,50%,464,78%,13,2,0,0,6,BRA043
7054,17,13,6,33%,294,75%,14,4,0,1,2,BRA007
7054,17,20,4,67%,555,86%,14,1,0,1,8,BRA005
7055,17,12,4,37%,326,72%,11,1,0,0,5,BRA024
7055,17,23,6,63%,533,84%,18,2,0,3,11,BRA009
7056,18,12,4,36%,313,69%,18,2,0,2,6,BRA015
7056,18,17,8,64%,547,82%,12,1,0,1,9,BRA044
7059,18,3,0,23%,224,56%,11,0,0,1,4,BRA043
7059,18,26,9,77%,699,88%,10,1,0,2,13,BRA005
7057,18,7,1,46%,361,73%,15,3,0,3,4,BRA024
7057,18,14,5,54%,408,79%,17,0,0,1,6,BRA010
7058,18,15,4,36%,270,67%,22,3,0,1,5,BRA013
7058,18,15,6,64%,493,82%,12,1,0,1,8,BRA016
7060,18,12,4,43%,360,79%,17,4,0,2,3,BRA033
7060,18,21,5,57%,474,86%,15,1,0,0,6,BRA004
7061,18,9,2,53%,301,80%,18,4,0,3,8,BRA040
7061,18,19,8,47%,275,77%,13,5,0,2,10,BRA022
7062,18,8,2,34%,291,78%,11,1,0,1,2,BRA025
7062,18,5,1,66%,557,90%,15,3,0,1,4,BRA003
7063,18,16,6,72%,616,87%,16,5,0,1,7,BRA021
7063,18,10,5,28%,244,68%,16,6,0,1,1,BRA028
7066,19,10,4,39%,314,73%,19,4,1,0,2,BRA013
7066,19,12,7,61%,493,85%,17,3,1,1,4,BRA009
7067,19,5,1,30%,248,69%,22,2,0,0,0,BRA016
7067,19,14,5,70%,557,86%,18,5,0,0,12,BRA004
7068,19,8,3,34%,314,64%,16,4,0,2,2,BRA015
7068,19,7,0,66%,580,78%,13,3,1,2,4,BRA028
7069,19,11,4,57%,481,88%,18,1,0,1,7,BRA022
7069,19,4,1,43%,387,82%,14,2,1,0,3,BRA023
7070,19,13,7,46%,396,85%,18,3,0,0,4,BRA042
7070,19,17,7,54%,446,86%,18,4,0,2,6,BRA021
7071,19,12,2,59%,474,81%,15,1,0,3,5,BRA003
7071,19,11,3,41%,340,73%,17,2,1,3,2,BRA043
7072,19,21,6,43%,345,80%,13,2,0,3,9,BRA007
7072,19,9,6,57%,463,83%,19,4,0,2,6,BRA040
7073,19,7,1,54%,401,81%,20,7,0,5,6,BRA044
7073,19,19,10,46%,354,77%,16,5,0,2,2,BRA024
7074,19,19,8,35%,300,76%,10,2,0,2,3,BRA033
7074,19,16,2,65%,546,85%,12,1,0,0,9,BRA005
7075,19,11,3,56%,579,86%,13,1,0,1,3,BRA025
7075,19,13,7,44%,466,84%,12,1,0,0,4,BRA010
7076,20,11,5,37%,297,77%,14,2,0,4,3,BRA023
7076,20,21,6,63%,482,85%,20,3,0,3,10,BRA003
7077,20,8,3,35%,272,69%,19,0,1,1,2,BRA024
7077,20,20,9,65%,503,85%,9,2,0,1,10,BRA042
7078,20,6,2,55%,421,75%,25,4,0,2,3,BRA015
7078,20,16,5,45%,339,73%,22,3,0,2,7,BRA004
7080,20,12,4,60%,526,88%,9,2,1,0,9,BRA028
7080,20,10,3,40%,369,82%,13,3,0,2,3,BRA016
7079,20,8,3,56%,468,81%,19,3,0,1,4,BRA033
7079,20,9,3,44%,376,78%,17,1,0,0,0,BRA044
7082,20,13,5,70%,635,87%,13,4,0,1,7,BRA021
7082,20,9,4,30%,283,71%,21,5,0,1,2,BRA005
7083,20,20,5,59%,499,85%,19,2,0,1,4,BRA007
7083,20,10,3,41%,361,80%,17,3,0,1,4,BRA009
7081,20,4,0,52%,448,75%,20,4,0,1,3,BRA040
7081,20,12,2,48%,413,74%,15,1,0,1,5,BRA010
7084,20,12,4,59%,569,86%,12,0,0,1,4,BRA022
7084,20,13,4,41%,396,82%,13,1,0,2,5,BRA025
7085,20,3,0,46%,392,76%,13,3,0,0,1,BRA043
7085,20,25,6,54%,441,84%,17,0,0,4,9,BRA013
7064,18,13,6,33%,256,78%,14,3,0,1,4,BRA007
7064,18,8,1,67%,523,89%,11,3,0,2,7,BRA023
7086,21,14,4,36%,328,78%,21,2,0,1,2,BRA044
7086,21,13,3,64%,573,82%,14,0,0,2,4,BRA043
7087,21,12,6,61%,479,81%,18,2,0,2,7,BRA028
7087,21,10,7,39%,302,71%,24,1,0,1,2,BRA040
7088,21,16,8,52%,376,82%,12,1,0,0,10,BRA003
7088,21,11,1,48%,347,80%,14,5,0,3,8,BRA024
7090,21,7,4,51%,404,83%,18,4,0,2,3,BRA042
7090,21,12,5,49%,395,83%,15,2,0,1,2,BRA023
7091,21,16,7,61%,749,90%,8,1,0,1,3,BRA025
7091,21,11,3,39%,473,84%,14,2,0,0,4,BRA013
7089,21,8,1,33%,269,62%,29,3,0,2,6,BRA015
7089,21,13,4,67%,544,83%,11,5,0,1,6,BRA005
7092,21,15,5,49%,440,85%,8,2,0,3,5,BRA022
7092,21,9,5,51%,455,84%,15,2,0,3,3,BRA033
7093,21,10,5,34%,293,77%,16,1,0,2,4,BRA004
7093,21,20,7,66%,559,88%,15,2,0,1,11,BRA021
7094,21,16,2,54%,451,88%,12,3,0,1,7,BRA016
7094,21,15,5,46%,401,86%,12,4,0,1,5,BRA007
7095,21,12,3,61%,439,81%,16,0,0,2,7,BRA009
7095,21,11,5,39%,273,70%,18,3,0,0,3,BRA010
6954,6,10,6,35%,317,76%,24,2,0,1,1,BRA003
6954,6,21,6,65%,550,87%,8,1,0,1,9,BRA005
7044,16,12,5,47%,358,82%,11,2,0,1,4,BRA044
7044,16,18,5,53%,394,82%,20,0,0,1,11,BRA023
7096,22,8,1,47%,383,82%,13,4,0,0,9,BRA007
7096,22,12,7,53%,444,88%,16,2,0,0,5,BRA010
7097,22,13,4,61%,525,84%,22,0,0,2,9,BRA003
7097,22,5,4,39%,344,81%,13,2,0,1,2,BRA040
7098,22,23,9,62%,656,88%,16,1,0,0,4,BRA021
7098,22,6,1,38%,402,81%,18,3,0,1,4,BRA016
7099,22,8,2,60%,487,85%,20,2,0,1,1,BRA024
7099,22,14,3,40%,334,73%,15,2,1,1,4,BRA033
7101,22,18,4,54%,455,82%,12,1,1,1,7,BRA005
7101,22,11,5,46%,400,78%,11,4,0,2,2,BRA013
7100,22,6,3,30%,298,71%,19,4,0,2,4,BRA044
7100,22,17,5,70%,685,87%,7,2,0,2,7,BRA042
7102,22,7,2,49%,455,80%,20,4,0,0,4,BRA022
7102,22,13,4,51%,454,80%,20,2,0,1,4,BRA028
7103,22,11,6,41%,355,78%,15,1,0,2,5,BRA023
7103,22,19,6,59%,481,87%,18,1,0,3,7,BRA009
7104,22,15,3,68%,618,91%,14,1,0,1,12,BRA025
7104,22,7,1,32%,300,74%,12,1,2,3,4,BRA015
7105,22,11,1,63%,431,84%,17,1,0,1,10,BRA043
7105,22,12,4,37%,260,77%,16,3,0,2,5,BRA004
7045,16,11,6,31%,303,76%,20,5,0,2,5,BRA013
7045,16,18,4,69%,659,89%,13,3,0,1,5,BRA042
7106,23,4,3,45%,397,81%,19,4,0,4,2,BRA009
7106,23,11,6,55%,463,87%,25,2,0,2,10,BRA005
7107,23,11,3,53%,462,81%,13,2,0,1,4,BRA016
7107,23,11,2,47%,418,78%,25,2,0,2,3,BRA015
7108,23,6,1,30%,266,68%,19,0,0,0,0,BRA024
7108,23,15,8,70%,619,88%,17,2,0,3,2,BRA023
7110,23,11,5,59%,421,86%,17,3,0,3,5,BRA040
7110,23,9,3,41%,293,77%,24,3,0,0,4,BRA043
7109,23,4,1,41%,354,77%,15,1,0,2,1,BRA003
7109,23,22,8,59%,470,87%,16,2,0,4,10,BRA033
7111,23,17,8,63%,597,90%,15,2,0,1,9,BRA042
7111,23,17,6,37%,351,81%,12,0,0,1,5,BRA007
7112,23,9,0,41%,283,74%,19,1,0,5,8,BRA004
7112,23,16,6,59%,400,83%,18,2,1,4,9,BRA028
6955,6,5,2,34%,353,81%,17,2,0,1,1,BRA024
6955,6,26,10,66%,680,90%,15,2,0,2,8,BRA025
7113,23,11,6,31%,230,65%,18,2,0,3,3,BRA013
7113,23,12,4,69%,486,85%,15,3,0,1,9,BRA044
7114,23,7,1,45%,361,79%,15,2,0,4,5,BRA022
7114,23,11,4,55%,434,79%,21,3,0,0,5,BRA010
7116,24,13,5,45%,343,77%,12,2,1,2,3,BRA023
7116,24,9,4,55%,412,81%,15,2,1,0,4,BRA015
6894,1,9,3,41%,324,75%,16,3,0,0,2,BRA024
6894,1,15,6,59%,466,84%,19,0,0,1,9,BRA042
7118,24,14,3,66%,569,89%,26,1,1,0,7,BRA021
7118,24,13,3,34%,293,73%,16,1,1,0,5,BRA009
7117,24,15,5,60%,386,80%,14,3,0,2,8,BRA040
7117,24,11,5,40%,263,69%,16,3,1,0,7,BRA033
7119,24,5,1,30%,254,73%,18,2,1,0,2,BRA003
7119,24,27,13,70%,578,88%,16,4,0,2,15,BRA022
7120,24,9,2,53%,450,83%,12,2,0,1,6,BRA007
7120,24,11,5,47%,412,86%,17,2,0,1,4,BRA013
7121,24,23,5,57%,423,79%,26,3,0,0,12,BRA010
7121,24,9,3,43%,334,70%,17,4,0,2,3,BRA016
7122,24,4,0,36%,381,79%,17,4,0,3,1,BRA043
7122,24,13,7,64%,647,89%,17,4,0,0,11,BRA042
7123,24,6,3,40%,408,85%,8,1,0,1,3,BRA044
7123,24,22,10,60%,604,89%,9,2,0,1,5,BRA025
7124,24,10,3,36%,315,76%,14,6,0,5,4,BRA028
7124,24,9,2,64%,584,85%,18,2,0,4,3,BRA005
7125,24,10,2,32%,207,63%,21,3,0,2,1,BRA024
7125,24,12,3,68%,421,85%,17,3,0,4,15,BRA004
7065,18,8,1,34%,353,80%,8,2,1,0,0,BRA009
7065,18,31,14,66%,646,90%,12,0,0,1,12,BRA042
7126,25,10,3,58%,488,86%,13,2,0,4,3,BRA005
7126,25,16,5,42%,353,79%,20,2,0,4,5,BRA003
7127,25,13,5,47%,388,74%,18,2,0,2,5,BRA023
7127,25,14,7,53%,420,82%,17,3,0,0,2,BRA010
7128,25,12,2,52%,445,84%,19,5,0,0,6,BRA009
7128,25,12,3,48%,416,82%,23,4,0,0,4,BRA028
7129,25,15,7,60%,511,88%,11,2,0,4,8,BRA033
7129,25,18,7,40%,343,84%,20,3,0,1,7,BRA007
7130,25,17,5,61%,446,80%,10,1,0,2,9,BRA025
7130,25,12,2,39%,298,73%,12,4,0,0,4,BRA024
7131,25,8,3,40%,344,76%,13,0,0,3,2,BRA013
7131,25,12,6,60%,500,83%,15,3,0,2,8,BRA004
7132,25,6,3,44%,366,82%,11,1,0,2,4,BRA040
7132,25,12,4,56%,457,86%,12,2,0,3,6,BRA021
7133,25,14,5,38%,313,70%,12,0,0,0,4,BRA015
7133,25,17,6,62%,501,83%,8,1,0,1,5,BRA042
7134,25,20,6,55%,447,85%,20,0,0,0,7,BRA043
7134,25,14,3,45%,373,81%,14,1,0,0,6,BRA016
7135,25,20,4,44%,404,84%,21,6,0,1,4,BRA044
7135,25,10,4,56%,516,86%,14,2,0,0,2,BRA022
7136,26,14,6,53%,533,85%,10,2,1,3,3,BRA005
7136,26,17,7,47%,485,82%,9,2,0,3,5,BRA042
7137,26,5,2,61%,453,85%,18,4,0,0,6,BRA022
7137,26,11,5,39%,278,78%,17,3,0,0,11,BRA004
7138,26,9,2,43%,402,85%,21,2,0,2,3,BRA043
7138,26,13,1,57%,518,87%,9,1,1,2,7,BRA025
7139,26,12,4,41%,327,75%,13,4,0,1,4,BRA028
7139,26,13,0,59%,440,80%,23,2,0,1,8,BRA033
7140,26,18,3,55%,409,88%,18,1,0,2,11,BRA009
7140,26,10,4,45%,344,79%,14,3,0,2,4,BRA016
7142,26,4,2,35%,255,73%,26,2,0,0,1,BRA044
7142,26,18,5,65%,453,85%,15,0,0,1,2,BRA040
7141,26,4,1,29%,223,65%,17,5,0,6,4,BRA003
7141,26,21,6,71%,506,84%,8,2,0,6,17,BRA010
7143,26,17,6,52%,396,89%,22,3,1,1,8,BRA007
7143,26,16,5,48%,379,85%,17,1,1,2,7,BRA021
7144,26,10,0,61%,402,82%,18,1,1,0,5,BRA023
7144,26,6,5,39%,266,76%,17,1,0,0,1,BRA013
7145,26,17,7,36%,304,75%,15,0,0,2,4,BRA024
7145,26,19,6,64%,537,84%,11,1,0,5,12,BRA015
7146,27,25,9,71%,664,93%,15,0,0,0,13,BRA005
7146,27,7,3,29%,277,82%,13,0,0,2,3,BRA016
7147,27,16,4,62%,500,78%,18,1,0,4,5,BRA043
7147,27,10,3,38%,315,69%,22,4,0,0,4,BRA024
7148,27,11,4,36%,293,79%,22,3,0,1,4,BRA023
7148,27,13,2,64%,519,86%,14,3,0,0,4,BRA021
7149,27,12,5,59%,579,87%,22,1,0,0,2,BRA042
7149,27,8,1,41%,401,81%,17,3,0,0,0,BRA022
7150,27,11,1,46%,451,78%,19,1,0,2,2,BRA009
7150,27,13,6,54%,508,81%,20,1,0,2,7,BRA015
7151,27,15,10,48%,357,79%,12,1,0,2,7,BRA028
7151,27,14,3,52%,377,77%,18,3,0,0,6,BRA007
7152,27,12,4,44%,373,84%,11,1,0,3,5,BRA044
7152,27,16,8,56%,480,88%,14,0,0,1,6,BRA003
7153,27,20,2,59%,486,84%,6,0,0,1,8,BRA010
7153,27,6,1,41%,343,80%,10,3,0,1,5,BRA033
7154,27,11,4,35%,263,72%,24,3,0,1,2,BRA013
7154,27,11,5,65%,473,86%,15,2,0,2,11,BRA040
7155,27,10,4,45%,404,80%,11,2,0,1,5,BRA025
7155,27,9,2,55%,480,85%,15,3,0,1,9,BRA004
7156,28,17,5,51%,419,82%,17,4,0,1,10,BRA007
7156,28,11,2,49%,407,83%,11,2,0,0,3,BRA025
7157,28,8,4,38%,329,78%,21,2,0,1,3,BRA003
7157,28,24,8,62%,506,88%,14,3,0,4,3,BRA009
7159,28,17,1,65%,491,85%,12,1,0,1,8,BRA023
7159,28,6,1,35%,269,73%,14,3,0,0,4,BRA043
7158,28,11,5,43%,359,71%,17,3,0,2,4,BRA024
7158,28,16,2,57%,467,82%,13,4,0,2,6,BRA016
7160,28,11,5,28%,258,69%,22,4,0,2,4,BRA022
7160,28,19,8,72%,672,86%,12,1,0,0,11,BRA021
7161,28,23,10,47%,458,86%,17,2,0,0,4,BRA010
7161,28,8,4,53%,493,86%,4,2,1,3,5,BRA042
7162,28,8,3,39%,328,79%,16,4,0,0,4,BRA028
7162,28,19,6,61%,495,86%,18,6,0,0,7,BRA013
7163,28,15,6,56%,423,82%,17,2,0,2,4,BRA044
7163,28,8,3,44%,339,74%,19,3,0,2,3,BRA004
7167,29,13,2,40%,389,82%,11,2,0,0,3,BRA016
7167,29,3,1,60%,584,86%,10,1,0,0,2,BRA003
7166,29,12,4,41%,366,76%,21,3,0,2,6,BRA033
7166,29,11,5,59%,518,85%,15,5,0,2,7,BRA043
7168,29,11,3,45%,366,82%,12,2,0,1,5,BRA025
7168,29,14,5,55%,447,84%,17,4,0,3,4,BRA023
7169,29,26,5,69%,531,89%,19,2,0,0,8,BRA042
7169,29,7,2,31%,249,67%,21,4,0,0,3,BRA040
7170,29,21,5,75%,675,90%,10,3,0,3,6,BRA021
7170,29,8,4,25%,233,72%,12,1,0,0,1,BRA013
7171,29,13,6,42%,301,75%,20,2,0,3,6,BRA004
7171,29,16,4,58%,424,84%,18,0,0,1,6,BRA007
7172,29,10,3,41%,332,78%,14,0,0,2,6,BRA028
7172,29,14,4,59%,479,80%,14,2,0,1,2,BRA024
7173,29,12,5,49%,458,84%,13,0,0,4,3,BRA009
7173,29,18,7,51%,465,82%,11,1,0,0,6,BRA044
7174,29,11,4,44%,390,79%,15,4,0,0,6,BRA010
7174,29,19,6,56%,490,83%,11,0,0,1,6,BRA005
7175,29,19,8,58%,522,85%,17,1,0,1,3,BRA015
7175,29,14,2,42%,387,82%,15,2,0,3,3,BRA022
7176,30,16,6,45%,431,89%,22,3,0,2,3,BRA033
7176,30,12,7,55%,530,87%,10,1,0,0,7,BRA025
7177,30,11,1,66%,540,85%,23,1,0,2,5,BRA022
7177,30,10,0,34%,276,72%,18,1,1,1,4,BRA043
7178,30,10,3,53%,507,87%,10,2,1,1,10,BRA044
7178,30,13,4,47%,468,88%,13,2,0,0,2,BRA016
7179,30,9,2,60%,551,89%,14,1,0,8,3,BRA042
7179,30,8,3,40%,376,80%,10,2,0,0,1,BRA003
7180,30,23,5,59%,410,85%,8,2,0,2,15,BRA040
7180,30,7,3,41%,285,78%,24,1,0,3,6,BRA009
7181,30,13,3,39%,356,81%,14,3,0,2,9,BRA004
7181,30,22,6,61%,547,87%,13,2,0,0,10,BRA005
7182,30,15,7,64%,494,87%,16,2,0,0,9,BRA010
7182,30,12,3,36%,290,73%,13,1,0,1,6,BRA013
7183,30,11,5,45%,352,80%,24,0,0,0,6,BRA028
7183,30,10,2,55%,443,83%,17,3,0,1,1,BRA023
7164,28,15,9,57%,430,86%,14,2,0,3,7,BRA033
7164,28,10,4,43%,327,77%,11,3,1,0,7,BRA015
7184,30,9,3,40%,357,75%,24,5,0,1,4,BRA024
7184,30,12,6,60%,526,84%,13,1,0,3,5,BRA021
7186,31,17,5,48%,365,78%,17,2,0,2,3,BRA009
7186,31,14,5,52%,384,83%,14,3,0,1,6,BRA004
7187,31,12,1,60%,528,89%,14,0,0,2,4,BRA003
7187,31,11,4,40%,347,81%,15,2,0,3,9,BRA007
7188,31,10,4,42%,470,79%,7,1,0,2,1,BRA005
7188,31,8,3,58%,637,84%,11,1,0,1,3,BRA025
7189,31,9,4,41%,340,78%,21,1,1,1,2,BRA016
7189,31,20,5,59%,459,84%,10,4,1,1,12,BRA022
7191,31,20,9,54%,525,86%,12,0,0,1,3,BRA010
7191,31,8,4,46%,455,79%,17,0,0,0,3,BRA044
7190,31,11,5,71%,624,86%,15,2,0,0,7,BRA042
7190,31,19,7,29%,257,75%,19,1,0,2,2,BRA028
7192,31,15,6,51%,460,82%,26,2,0,1,4,BRA021
7192,31,6,0,49%,444,80%,15,2,0,2,1,BRA033
7193,31,12,3,53%,378,82%,14,0,0,1,5,BRA040
7193,31,10,3,47%,340,78%,20,3,0,4,7,BRA023
7194,31,12,4,42%,385,78%,11,0,0,0,1,BRA013
7194,31,14,2,58%,513,82%,12,1,0,1,6,BRA024
7195,31,10,4,38%,348,77%,7,0,0,3,5,BRA043
7195,31,20,12,62%,545,83%,9,1,0,2,6,BRA015
7196,32,10,3,35%,367,76%,16,2,0,0,2,BRA016
7196,32,18,6,65%,641,89%,19,1,0,1,7,BRA042
7197,32,6,3,25%,234,72%,15,4,0,0,2,BRA044
7197,32,17,4,75%,684,90%,11,1,0,0,9,BRA005
7198,32,17,4,45%,382,81%,19,2,0,0,6,BRA028
7198,32,9,3,55%,467,82%,15,2,0,1,1,BRA025
7200,32,9,3,40%,338,79%,9,2,1,3,2,BRA013
7200,32,12,4,60%,480,85%,16,5,0,6,7,BRA033
7199,32,11,8,41%,384,82%,20,2,0,4,3,BRA003
7199,32,12,2,59%,556,88%,11,0,0,1,3,BRA021
7202,32,9,2,42%,335,77%,8,0,0,1,3,BRA007
7202,32,19,6,58%,456,83%,16,3,0,5,10,BRA043
7203,32,17,6,36%,269,71%,19,4,0,2,3,BRA024
7203,32,20,9,64%,476,87%,11,4,0,4,11,BRA040
7201,32,7,3,45%,329,79%,12,2,0,0,5,BRA004
7201,32,11,3,55%,395,82%,13,1,1,2,5,BRA023
7204,32,12,5,48%,394,83%,20,2,0,0,2,BRA022
7204,32,5,0,52%,435,81%,20,1,0,1,1,BRA009
7205,32,13,5,60%,546,77%,16,5,0,2,8,BRA015
7205,32,13,4,40%,378,72%,14,4,0,3,3,BRA010
6895,1,14,3,55%,477,84%,19,1,0,0,6,BRA033
6895,1,12,3,45%,390,78%,11,1,0,2,3,BRA044
7165,28,5,3,34%,341,75%,14,1,0,0,2,BRA040
7165,28,10,5,66%,665,87%,10,1,0,1,4,BRA005
7115,23,8,5,51%,548,87%,15,5,0,1,2,BRA025
7115,23,14,6,49%,531,88%,24,3,0,0,5,BRA021
7185,30,8,7,41%,291,70%,24,3,0,0,3,BRA007
7185,30,15,5,59%,382,77%,19,1,0,1,10,BRA015
7208,33,13,3,60%,498,85%,9,1,0,1,5,BRA042
7208,33,11,3,40%,335,73%,13,3,0,1,8,BRA004
7206,33,8,5,49%,400,87%,15,1,1,0,6,BRA044
7206,33,9,2,51%,418,85%,16,3,0,1,6,BRA007
7207,33,9,2,45%,379,81%,15,0,0,1,4,BRA013
7207,33,11,2,55%,454,83%,18,2,0,2,4,BRA003
7209,33,20,3,53%,469,87%,12,3,0,2,3,BRA025
7209,33,8,2,47%,407,84%,26,3,0,0,2,BRA016
7210,33,4,1,27%,301,78%,15,1,0,2,1,BRA023
7210,33,12,5,73%,787,91%,16,0,0,3,5,BRA005
7211,33,16,6,64%,538,84%,12,0,0,0,7,BRA010
7211,33,12,3,36%,308,73%,11,3,0,0,3,BRA028
7212,33,12,0,57%,490,83%,15,2,0,0,2,BRA024
7212,33,17,6,43%,372,79%,9,1,0,1,7,BRA022
7213,33,21,9,62%,563,87%,20,2,0,1,6,BRA021
7213,33,8,2,38%,349,81%,15,2,0,0,2,BRA043
7214,33,17,2,54%,437,87%,16,2,0,1,12,BRA033
7214,33,18,3,46%,388,83%,10,1,0,0,6,BRA009
7216,34,17,6,63%,539,88%,12,5,0,1,5,BRA025
7216,34,9,6,37%,313,79%,20,1,1,0,3,BRA040
7217,34,8,1,48%,388,73%,7,3,0,1,3,BRA004
7217,34,21,10,52%,414,80%,15,3,0,2,8,BRA010
7218,34,7,1,65%,561,83%,14,0,0,2,3,BRA013
7218,34,18,7,35%,305,73%,18,0,0,2,8,BRA015
7219,34,3,1,23%,249,67%,13,3,0,2,1,BRA024
7219,34,19,2,77%,819,89%,13,3,0,4,8,BRA005
7220,34,13,6,45%,435,85%,11,1,0,2,1,BRA022
7220,34,12,6,55%,521,88%,15,1,0,0,4,BRA007
7221,34,5,2,46%,345,82%,15,3,2,3,4,BRA016
7221,34,15,7,54%,400,83%,18,2,0,0,4,BRA023
7222,34,6,3,39%,346,82%,15,3,0,1,5,BRA044
7222,34,17,6,61%,530,86%,19,1,0,0,7,BRA021
7223,34,12,4,70%,587,86%,15,3,0,2,3,BRA003
7223,34,5,1,30%,256,73%,20,2,0,1,2,BRA028
7224,34,10,2,34%,284,69%,19,3,0,0,8,BRA043
7224,34,25,6,66%,542,85%,11,1,0,3,10,BRA009
7226,35,9,7,47%,379,77%,18,3,1,1,8,BRA007
7226,35,17,6,53%,422,82%,13,4,0,1,1,BRA024
7227,35,18,3,70%,493,86%,13,2,0,4,10,BRA040
7227,35,8,3,30%,233,64%,18,2,1,1,0,BRA004
7228,35,15,7,55%,433,77%,16,2,0,4,4,BRA021
7228,35,12,5,45%,360,77%,20,4,0,1,5,BRA010
7229,35,18,6,46%,409,86%,14,0,0,1,5,BRA009
7229,35,13,7,54%,468,86%,18,0,0,1,2,BRA025
7230,35,17,2,60%,530,86%,12,2,2,0,7,BRA028
7230,35,7,2,40%,377,79%,11,3,0,1,3,BRA043
7231,35,17,7,43%,390,82%,15,2,0,1,5,BRA023
7231,35,12,1,57%,487,87%,14,3,0,1,7,BRA044
7232,35,8,2,38%,338,78%,17,4,0,2,4,BRA013
7232,35,18,9,62%,518,84%,11,4,0,2,8,BRA042
7233,35,10,3,27%,308,76%,8,0,0,3,6,BRA022
7233,35,8,1,73%,848,89%,13,1,0,1,6,BRA005
7234,35,17,8,44%,420,82%,19,3,0,1,3,BRA015
7234,35,12,7,56%,530,86%,12,0,0,0,2,BRA003
7236,36,11,7,54%,415,84%,22,4,0,2,2,BRA024
7236,36,11,3,46%,351,82%,26,3,1,2,5,BRA009
7237,36,13,5,28%,298,77%,9,1,0,1,2,BRA007
7237,36,21,4,72%,745,90%,10,1,0,1,6,BRA005
7238,36,8,3,43%,362,83%,16,4,0,1,3,BRA016
7238,36,17,6,57%,472,85%,15,0,0,3,7,BRA040
7239,36,11,3,34%,307,73%,16,5,0,1,3,BRA015
7239,36,14,5,66%,597,85%,21,1,0,4,4,BRA021
7240,36,8,0,65%,460,83%,9,1,0,2,3,BRA044
7240,36,16,7,35%,257,71%,20,6,0,0,9,BRA028
7241,36,11,4,40%,306,79%,9,1,0,3,4,BRA004
7241,36,8,3,60%,453,86%,14,3,0,4,7,BRA003
7242,36,5,1,32%,281,72%,11,3,0,0,4,BRA023
7242,36,13,6,68%,611,90%,16,0,0,4,3,BRA033
7243,36,5,3,52%,520,86%,19,4,1,0,5,BRA025
7243,36,11,4,48%,492,87%,18,4,0,0,2,BRA042
7244,36,13,5,52%,435,85%,18,1,0,0,9,BRA013
7244,36,9,4,48%,429,82%,8,1,0,0,0,BRA022
7245,36,22,6,69%,580,84%,10,0,0,1,15,BRA010
7245,36,4,0,31%,273,65%,8,3,0,0,1,BRA043
7215,33,11,5,46%,368,78%,24,0,0,2,6,BRA040
7215,33,11,4,54%,417,81%,25,0,0,2,5,BRA015
7235,35,15,4,53%,434,83%,20,3,1,3,4,BRA033
7235,35,13,4,47%,381,82%,16,2,0,1,5,BRA016
7225,34,7,3,42%,314,75%,16,2,0,3,1,BRA042
7225,34,8,2,58%,431,83%,14,1,0,3,5,BRA033
7246,37,11,4,37%,336,76%,9,0,0,1,5,BRA013
7246,37,16,5,63%,573,88%,14,1,0,2,7,BRA016
7247,37,12,7,39%,353,84%,13,3,0,1,0,BRA007
7247,37,11,3,61%,547,90%,15,3,1,0,2,BRA023
7249,37,7,0,32%,279,71%,18,2,0,6,4,BRA044
7249,37,14,4,68%,587,85%,23,1,0,1,7,BRA015
7248,37,9,3,39%,372,79%,16,4,0,0,2,BRA043
7248,37,25,10,61%,585,87%,13,4,0,0,4,BRA005
7250,37,12,3,40%,302,75%,14,0,1,0,4,BRA028
7250,37,10,4,60%,456,86%,21,4,0,3,1,BRA021
7251,37,7,3,38%,281,75%,19,4,1,1,4,BRA022
7251,37,8,2,62%,454,84%,20,3,0,1,4,BRA040
7252,37,8,2,50%,465,85%,17,1,2,4,2,BRA003
7252,37,11,2,50%,463,86%,19,3,0,1,2,BRA025
7253,37,14,1,43%,317,69%,18,2,0,1,3,BRA024
7253,37,14,5,57%,405,77%,20,0,0,1,11,BRA010
7254,37,19,4,64%,543,87%,20,2,0,0,9,BRA033
7254,37,9,3,36%,307,75%,13,1,0,1,6,BRA004
7255,37,19,8,47%,428,85%,12,3,0,2,4,BRA009
7255,37,7,1,53%,457,83%,15,5,1,0,3,BRA042
7264,38,27,12,48%,390,85%,12,1,0,2,9,BRA044
7264,38,20,5,52%,405,84%,18,2,0,2,6,BRA024
7256,38,15,2,44%,370,79%,12,0,0,0,7,BRA025
7256,38,19,6,56%,471,82%,24,4,0,1,3,BRA010
7257,38,16,5,48%,447,85%,11,0,0,2,4,BRA007
7257,38,15,5,52%,475,88%,13,0,0,1,4,BRA040
7258,38,18,8,56%,480,83%,15,0,0,2,8,BRA003
7258,38,15,4,44%,362,80%,10,1,0,2,5,BRA043
7259,38,9,1,44%,435,82%,9,1,0,1,4,BRA016
7259,38,18,7,56%,556,87%,8,0,0,1,7,BRA004
7261,38,17,3,53%,505,90%,4,0,0,2,7,BRA009
7261,38,12,6,47%,469,86%,7,2,1,0,5,BRA013
7263,38,9,4,48%,424,80%,17,0,0,1,4,BRA033
7263,38,19,8,52%,451,89%,22,3,0,5,5,BRA005
7265,38,9,3,48%,401,86%,10,0,0,0,3,BRA022
7265,38,9,2,52%,422,85%,12,0,0,1,5,BRA023
7260,38,6,1,47%,393,73%,16,2,0,1,5,BRA015
7260,38,16,5,53%,418,80%,13,0,0,6,12,BRA028
7262,38,4,2,36%,305,74%,27,6,0,0,1,BRA042
7262,38,20,1,64%,510,84%,24,3,0,2,7,BRA021
7266,1,7,3,40%,342,77%,14,3,0,1,1,BRA031
7266,1,14,2,60%,490,85%,14,1,0,0,9,BRA019
7267,1,5,3,34%,304,75%,18,3,0,2,4,BRA007
7267,1,12,4,66%,563,88%,9,3,0,2,11,BRA040
7268,1,11,5,28%,251,70%,12,2,0,2,5,BRA022
7268,1,7,3,72%,636,87%,10,1,0,2,4,BRA042
7269,1,18,5,45%,329,82%,19,4,0,3,4,BRA023
7269,1,13,4,55%,398,81%,16,2,0,2,5,BRA005
7271,1,12,3,65%,520,83%,18,3,0,0,4,BRA025
7271,1,12,6,35%,277,70%,17,3,0,2,5,BRA013
7270,1,14,10,62%,503,87%,25,2,0,0,3,BRA021
7270,1,12,5,38%,300,81%,21,3,0,3,4,BRA033
7273,1,18,8,57%,552,87%,12,0,0,2,7,BRA010
7273,1,10,2,43%,428,79%,9,1,0,0,5,BRA014
7272,1,15,6,61%,518,83%,18,5,0,1,10,BRA015
7272,1,7,2,39%,351,72%,14,3,0,5,3,BRA004
7274,1,11,5,57%,557,83%,18,1,0,0,3,BRA003
7274,1,14,4,43%,429,81%,9,2,0,0,1,BRA001
7275,1,11,4,57%,485,86%,24,4,0,0,6,BRA028
7275,1,8,5,43%,362,82%,15,2,0,2,1,BRA043
7276,2,14,3,62%,459,85%,14,5,0,1,12,BRA042
7276,2,9,4,38%,291,74%,16,4,0,1,3,BRA004
7277,2,6,3,43%,419,82%,19,1,0,3,1,BRA013
7277,2,15,5,57%,548,84%,18,3,0,1,4,BRA040
7278,2,9,3,39%,295,72%,13,4,0,3,2,BRA007
7278,2,24,6,61%,442,83%,12,2,0,1,9,BRA010
7279,2,10,4,56%,489,84%,15,1,0,4,1,BRA019
7279,2,8,3,44%,394,84%,22,2,0,0,0,BRA022
7280,2,10,4,56%,483,81%,12,2,0,4,6,BRA001
7280,2,6,4,44%,386,77%,19,3,0,0,4,BRA015
7281,2,5,3,48%,353,81%,21,4,2,1,4,BRA028
7281,2,14,8,52%,378,80%,19,1,0,2,1,BRA023
7283,2,6,4,33%,279,76%,11,0,0,2,3,BRA014
7283,2,17,4,67%,550,88%,10,2,0,1,5,BRA033
7282,2,11,5,41%,366,82%,27,2,0,3,1,BRA003
7282,2,13,1,59%,519,88%,14,0,0,1,5,BRA031
7284,2,10,1,52%,474,87%,15,2,0,0,7,BRA005
7284,2,8,1,48%,448,88%,18,3,0,1,4,BRA043
7286,3,18,2,76%,703,89%,14,2,0,0,8,BRA040
7286,3,2,0,24%,236,70%,20,3,0,3,0,BRA031
7287,3,12,3,52%,491,85%,14,3,0,4,4,BRA033
7287,3,9,4,48%,458,85%,14,0,0,2,4,BRA015
7288,3,9,2,42%,382,84%,14,0,0,2,4,BRA005
7288,3,5,0,58%,514,87%,22,1,0,1,5,BRA042
7289,3,9,4,36%,350,78%,12,4,0,0,4,BRA003
7289,3,10,1,64%,610,87%,21,5,0,0,6,BRA025
7290,3,20,6,65%,672,88%,17,0,0,3,4,BRA021
7290,3,9,1,35%,366,77%,18,0,0,1,2,BRA001
7292,3,13,7,59%,480,84%,22,3,0,2,3,BRA023
7292,3,5,0,41%,337,74%,16,3,1,0,3,BRA043
7294,3,8,3,38%,308,76%,16,2,0,0,2,BRA014
7294,3,14,6,62%,511,84%,14,2,0,1,7,BRA013
7291,3,6,4,33%,244,68%,16,4,1,2,5,BRA028
7291,3,14,3,67%,490,84%,14,4,0,2,6,BRA007
7293,3,15,4,53%,437,77%,8,1,0,2,10,BRA022
7293,3,16,5,47%,390,78%,11,3,0,0,10,BRA010
7296,4,6,2,42%,437,80%,13,1,0,0,1,BRA005
7296,4,11,1,58%,561,86%,13,3,0,1,8,BRA028
7297,4,7,3,48%,419,78%,13,2,0,3,1,BRA014
7297,4,13,3,52%,423,83%,9,3,1,3,9,BRA042
7298,4,5,2,42%,367,77%,13,2,0,2,9,BRA015
7298,4,21,5,58%,494,85%,15,0,0,1,12,BRA010
7299,4,13,5,58%,527,87%,24,3,0,1,4,BRA033
7299,4,11,2,42%,379,84%,11,0,0,0,7,BRA031
7301,4,13,3,62%,428,79%,19,3,0,0,7,BRA013
7301,4,9,3,38%,271,64%,16,5,0,0,2,BRA007
7300,4,8,3,43%,322,75%,16,1,0,3,2,BRA019
7300,4,20,6,57%,413,82%,16,1,0,2,3,BRA001
7303,4,9,1,57%,378,79%,18,3,0,0,9,BRA004
7303,4,5,1,43%,298,73%,13,1,0,6,4,BRA023
7304,4,9,5,29%,249,65%,14,4,0,1,2,BRA022
7304,4,18,8,71%,616,86%,9,3,0,1,9,BRA040
7302,4,10,4,33%,301,71%,16,5,0,1,2,BRA043
7302,4,14,7,67%,600,87%,11,4,0,2,7,BRA025
7306,5,20,9,68%,561,87%,15,2,0,0,14,BRA021
7306,5,9,4,32%,272,76%,13,3,0,2,2,BRA010
7307,5,15,6,58%,422,77%,15,3,0,0,7,BRA033
7307,5,12,5,42%,316,72%,10,4,0,3,5,BRA001
7308,5,12,2,52%,535,86%,10,1,0,0,3,BRA007
7308,5,10,3,48%,505,83%,18,3,0,2,8,BRA015
7309,5,10,3,62%,407,74%,16,2,0,1,6,BRA028
7309,5,14,2,38%,252,64%,23,3,0,1,7,BRA013
7311,5,12,3,49%,440,83%,17,2,0,2,4,BRA003
7311,5,10,3,51%,477,82%,15,2,0,1,3,BRA004
7310,5,4,3,37%,321,74%,17,0,0,2,3,BRA022
7310,5,16,2,63%,534,86%,14,3,0,6,7,BRA023
7312,5,11,5,38%,271,66%,22,2,0,3,3,BRA040
7312,5,8,1,62%,413,75%,20,4,0,2,7,BRA042
7313,5,13,2,49%,484,84%,9,0,0,1,5,BRA043
7313,5,8,4,51%,508,84%,16,4,0,2,3,BRA031
7314,5,14,2,67%,593,88%,9,1,0,0,9,BRA005
7314,5,13,1,33%,281,72%,10,1,0,2,7,BRA014
7317,6,5,3,34%,323,72%,14,1,0,0,2,BRA019
7317,6,17,7,66%,614,87%,18,1,0,3,5,BRA042
7318,6,10,5,37%,286,73%,15,1,0,2,2,BRA023
7318,6,19,7,63%,470,84%,18,1,0,1,11,BRA021
7319,6,12,6,47%,428,82%,13,3,0,1,5,BRA010
7319,6,17,5,53%,446,81%,13,3,0,1,10,BRA033
7316,6,9,2,49%,390,82%,22,3,0,0,6,BRA004
7316,6,3,2,51%,394,80%,17,3,0,4,5,BRA022
7320,6,8,3,46%,408,82%,16,2,0,1,3,BRA031
7320,6,12,2,54%,459,84%,17,1,1,0,8,BRA001
7322,6,9,3,49%,475,84%,17,3,0,0,5,BRA043
7322,6,16,3,51%,502,86%,8,0,0,1,4,BRA015
7321,6,11,5,53%,366,78%,12,2,1,2,9,BRA014
7321,6,25,11,47%,345,77%,19,3,2,3,9,BRA028
7323,6,16,6,67%,541,84%,16,4,0,5,7,BRA005
7323,6,16,8,33%,262,67%,16,3,0,1,6,BRA013
7325,6,19,6,47%,415,81%,21,2,0,2,7,BRA025
7325,6,6,3,53%,483,84%,14,3,0,2,1,BRA040
7324,6,9,4,30%,256,64%,8,1,2,1,2,BRA003
7324,6,20,7,70%,577,86%,12,2,0,3,9,BRA007
7326,7,13,2,65%,510,72%,12,1,0,1,10,BRA021
7326,7,8,4,35%,284,51%,17,2,0,4,5,BRA031
7327,7,15,5,46%,449,85%,14,3,1,1,8,BRA022
7327,7,10,4,54%,535,86%,11,1,0,0,5,BRA015
7329,7,18,5,62%,519,84%,12,1,0,0,6,BRA003
7329,7,12,5,38%,313,72%,15,1,0,2,5,BRA014
7330,7,15,6,42%,301,72%,12,4,0,3,5,BRA023
7330,7,18,5,58%,398,81%,13,2,1,1,10,BRA025
7328,7,18,4,42%,331,74%,16,4,0,1,7,BRA007
7328,7,19,8,58%,437,80%,10,3,0,6,7,BRA033
7331,7,11,6,49%,406,79%,20,4,0,1,4,BRA040
7331,7,11,3,51%,408,78%,16,2,1,4,6,BRA005
7332,7,10,3,60%,474,79%,20,3,0,0,5,BRA028
7332,7,13,6,40%,309,72%,16,2,0,1,5,BRA001
7334,7,11,2,64%,461,83%,12,6,0,5,6,BRA042
7334,7,18,7,36%,268,69%,20,4,0,1,3,BRA013
7333,7,8,1,44%,445,84%,11,0,0,3,3,BRA043
7333,7,12,3,56%,537,86%,17,1,0,2,7,BRA019
7335,7,12,2,42%,336,72%,24,2,0,1,5,BRA004
7335,7,12,5,58%,468,80%,16,2,0,0,8,BRA010
7336,8,11,5,44%,430,85%,15,2,0,1,2,BRA003
7336,8,12,4,56%,517,86%,16,1,0,1,9,BRA022
7337,8,9,5,36%,259,65%,24,3,0,2,7,BRA014
7337,8,22,10,64%,458,82%,17,2,1,2,2,BRA023
7338,8,14,6,33%,269,68%,13,2,1,1,3,BRA033
7338,8,16,5,67%,544,85%,14,3,0,0,7,BRA028
7339,8,16,8,28%,238,72%,9,0,0,5,4,BRA001
7339,8,20,7,72%,605,89%,6,4,0,3,8,BRA007
7340,8,8,2,32%,286,70%,19,4,0,3,1,BRA043
7340,8,13,1,68%,592,84%,11,1,0,1,7,BRA040
7341,8,10,3,41%,388,78%,15,1,0,1,5,BRA015
7341,8,8,3,59%,559,85%,26,1,0,5,3,BRA042
7342,8,11,5,30%,295,74%,15,3,0,0,3,BRA031
7342,8,13,3,70%,689,90%,12,0,0,1,6,BRA025
7343,8,13,2,65%,532,84%,11,1,0,0,6,BRA010
7343,8,8,3,35%,307,72%,17,2,1,2,6,BRA013
7344,8,19,9,46%,480,82%,13,0,0,1,4,BRA005
7344,8,7,3,54%,561,84%,12,2,0,1,4,BRA004
7345,8,12,5,57%,528,85%,26,5,0,3,5,BRA021
7345,8,9,2,43%,418,86%,18,3,0,2,1,BRA019
7347,9,21,8,73%,636,87%,6,3,0,2,12,BRA040
7347,9,8,4,27%,245,69%,13,4,0,4,2,BRA001
7346,9,16,8,41%,364,78%,18,3,0,3,3,BRA003
7346,9,15,4,59%,513,84%,14,3,0,0,4,BRA023
7348,9,20,9,58%,540,82%,11,2,0,0,3,BRA015
7348,9,7,3,42%,407,73%,17,2,0,2,2,BRA028
7349,9,13,6,53%,452,79%,13,1,0,0,5,BRA007
7349,9,7,1,47%,389,75%,14,2,0,4,9,BRA014
7350,9,11,5,33%,282,73%,15,1,0,2,5,BRA022
7350,9,21,4,67%,579,88%,11,2,0,0,6,BRA021
7351,9,14,5,51%,436,83%,13,1,0,1,6,BRA033
7351,9,13,1,49%,414,85%,23,2,0,0,3,BRA043
7353,9,9,6,48%,452,78%,25,1,0,2,4,BRA042
7353,9,12,5,52%,483,81%,14,2,0,1,7,BRA010
7352,9,4,3,36%,302,71%,15,1,1,0,3,BRA031
7352,9,12,5,64%,530,84%,23,2,0,0,4,BRA013
7354,9,4,1,40%,387,80%,15,2,0,2,1,BRA005
7354,9,11,4,60%,564,87%,14,5,0,2,5,BRA019
7355,9,10,5,37%,405,80%,9,0,0,4,7,BRA004
7355,9,21,4,63%,662,89%,16,3,0,2,11,BRA025
7356,10,11,2,46%,428,80%,13,2,0,2,4,BRA003
7356,10,18,9,54%,503,86%,17,2,0,2,7,BRA040
7357,10,9,3,47%,468,83%,19,3,0,3,2,BRA031
7357,10,8,2,53%,508,85%,19,2,0,1,3,BRA007
7358,10,10,1,54%,436,81%,15,3,0,0,4,BRA010
7358,10,9,2,46%,388,78%,21,2,0,1,6,BRA019
7359,10,11,3,44%,378,79%,16,1,0,1,3,BRA001
7359,10,16,5,56%,466,83%,18,2,0,2,2,BRA023
7360,10,18,6,47%,429,85%,15,2,0,2,4,BRA033
7360,10,12,4,53%,465,88%,16,2,0,0,5,BRA025
7361,10,16,6,51%,497,88%,10,1,0,3,6,BRA021
7361,10,12,6,49%,501,86%,19,1,0,2,3,BRA005
7362,10,11,3,43%,372,83%,9,1,0,1,7,BRA043
7362,10,13,4,57%,513,87%,16,4,0,0,4,BRA004
7363,10,11,5,48%,396,76%,24,3,0,4,3,BRA042
7363,10,9,2,52%,416,76%,21,2,0,0,7,BRA028
7364,10,7,2,36%,282,70%,21,3,0,0,0,BRA013
7364,10,16,5,64%,488,82%,24,2,0,2,4,BRA022
7365,10,14,4,42%,397,81%,17,3,0,2,5,BRA014
7365,10,12,5,58%,549,87%,10,0,0,0,8,BRA015
7366,11,12,2,65%,498,91%,21,6,0,0,5,BRA040
7366,11,14,7,35%,280,76%,19,1,0,3,6,BRA033
7367,11,11,2,51%,409,73%,12,1,0,2,5,BRA025
7367,11,16,8,49%,401,76%,19,2,0,0,7,BRA028
7368,11,22,6,55%,490,83%,18,0,0,0,3,BRA003
7368,11,16,4,45%,409,80%,16,4,0,3,2,BRA010
7370,11,15,6,63%,566,83%,16,0,0,2,2,BRA042
7370,11,6,2,37%,341,71%,15,1,0,0,1,BRA007
7369,11,13,9,51%,455,85%,13,3,0,3,3,BRA022
7369,11,11,3,49%,446,81%,16,1,0,2,1,BRA043
7371,11,12,2,49%,386,76%,15,1,0,3,8,BRA001
7371,11,13,5,51%,403,76%,17,1,0,0,10,BRA005
7372,11,8,4,49%,459,84%,23,2,0,0,3,BRA004
7372,11,15,3,51%,454,84%,17,2,0,1,4,BRA031
7373,11,20,7,59%,479,83%,13,2,0,2,7,BRA013
7373,11,11,3,41%,338,81%,9,0,1,1,4,BRA019
7374,11,13,4,28%,262,68%,16,3,0,2,1,BRA014
7374,11,24,7,72%,661,89%,19,3,0,0,11,BRA021
7375,11,7,1,57%,529,88%,14,3,0,1,6,BRA015
7375,11,16,4,43%,411,84%,13,4,0,1,7,BRA023
7376,12,21,4,53%,436,84%,11,4,0,3,5,BRA013
7376,12,9,1,47%,386,84%,15,3,0,0,5,BRA003
7377,12,9,4,41%,267,69%,20,2,0,1,5,BRA023
7377,12,10,3,59%,358,77%,18,3,0,1,9,BRA042
7378,12,13,8,63%,602,87%,22,2,0,2,5,BRA005
7378,12,12,2,37%,363,75%,9,0,0,0,2,BRA015
7379,12,8,1,43%,416,85%,12,4,0,0,4,BRA025
7379,12,10,2,57%,549,86%,13,1,0,0,3,BRA022
7380,12,11,6,59%,543,86%,13,2,0,2,2,BRA019
7380,12,11,6,41%,372,81%,15,2,0,1,6,BRA014
7381,12,15,6,42%,337,82%,16,1,0,3,6,BRA033
7381,12,11,1,58%,476,85%,8,2,0,4,4,BRA004
7382,12,11,3,35%,332,81%,18,5,0,0,4,BRA007
7382,12,16,10,65%,633,89%,8,1,0,2,3,BRA021
7384,12,16,5,61%,485,80%,15,6,0,3,4,BRA040
7384,12,11,5,39%,316,74%,17,3,0,2,5,BRA010
7383,12,11,4,49%,433,82%,14,4,1,2,5,BRA031
7383,12,14,5,51%,428,83%,19,4,0,0,7,BRA028
7385,12,11,5,36%,274,66%,22,3,0,2,4,BRA043
7385,12,16,3,64%,468,81%,19,1,0,2,9,BRA001
7295,3,20,7,56%,444,83%,17,5,0,0,0,BRA019
7295,3,9,3,44%,346,75%,14,4,1,0,4,BRA004
7386,13,18,7,48%,432,77%,16,3,0,1,5,BRA001
7386,13,12,4,52%,471,77%,20,3,0,1,8,BRA025
7387,13,9,3,50%,476,90%,9,2,0,1,5,BRA022
7387,13,10,1,50%,484,85%,13,1,0,2,7,BRA033
7388,13,11,5,40%,331,81%,14,1,0,0,8,BRA007
7388,13,12,5,60%,511,86%,17,2,0,3,8,BRA005
7390,13,18,6,42%,316,72%,16,6,0,4,4,BRA042
7390,13,12,8,58%,428,78%,23,3,0,2,7,BRA021
7389,13,14,4,34%,279,71%,21,4,0,1,3,BRA023
7389,13,13,4,66%,513,83%,14,2,0,0,5,BRA010
7391,13,7,2,25%,242,67%,7,2,0,2,2,BRA004
7391,13,29,2,75%,659,89%,14,2,0,3,15,BRA040
7392,13,11,4,53%,413,81%,14,4,0,1,8,BRA003
7392,13,13,3,47%,373,82%,13,3,0,0,2,BRA028
7393,13,14,0,45%,345,77%,13,1,0,1,8,BRA013
7393,13,12,0,55%,415,80%,12,4,0,2,2,BRA043
7394,13,7,2,68%,545,86%,15,1,0,1,1,BRA014
7394,13,13,2,32%,266,73%,16,5,0,1,3,BRA031
7395,13,4,2,47%,467,81%,12,1,0,2,5,BRA015
7395,13,16,7,53%,501,85%,16,2,1,4,5,BRA019
7396,14,7,3,46%,350,79%,15,3,0,1,2,BRA033
7396,14,12,3,54%,403,81%,20,3,1,2,7,BRA042
7397,14,12,3,58%,510,81%,20,1,1,2,2,BRA028
7397,14,13,4,42%,379,77%,18,3,0,0,3,BRA019
7398,14,12,3,53%,531,82%,13,1,0,1,4,BRA010
7398,14,7,1,47%,473,80%,19,2,0,0,5,BRA025
7399,14,17,7,66%,742,89%,13,1,0,1,6,BRA021
7399,14,9,3,34%,389,79%,7,1,0,0,3,BRA015
7400,14,11,3,61%,616,90%,14,2,1,1,4,BRA005
7400,14,8,1,39%,400,80%,12,3,0,1,2,BRA003
7401,14,11,5,56%,458,83%,13,0,0,0,5,BRA040
7401,14,20,6,44%,361,77%,17,0,0,3,6,BRA014
7402,14,21,4,60%,512,86%,16,2,0,0,11,BRA007
7402,14,8,2,40%,354,78%,18,3,0,1,2,BRA043
7403,14,16,5,47%,338,73%,14,0,0,1,5,BRA001
7403,14,7,2,53%,388,73%,21,4,0,1,4,BRA004
7404,14,28,8,52%,331,79%,12,3,0,1,9,BRA023
7404,14,12,4,48%,313,75%,13,2,0,2,5,BRA013
7406,15,13,4,62%,451,85%,14,1,0,1,8,BRA010
7406,15,17,7,38%,274,73%,17,3,0,0,9,BRA043
7407,15,11,4,48%,419,80%,16,4,1,2,2,BRA042
7407,15,15,6,52%,427,80%,12,2,0,1,8,BRA003
7408,15,15,6,38%,324,77%,13,1,1,2,2,BRA023
7408,15,20,2,62%,507,85%,22,4,1,1,6,BRA033
7409,15,9,4,60%,455,83%,17,2,0,5,11,BRA007
7409,15,11,2,40%,315,75%,15,1,1,2,4,BRA019
7412,15,9,5,43%,426,84%,9,1,0,1,3,BRA015
7412,15,11,5,57%,561,87%,17,1,0,3,5,BRA040
7410,15,6,1,34%,310,75%,17,1,0,1,4,BRA031
7410,15,20,4,66%,586,88%,14,3,0,2,5,BRA005
7411,15,15,7,44%,365,77%,17,2,0,1,4,BRA001
7411,15,7,2,56%,462,79%,13,2,0,1,8,BRA022
7413,15,19,5,41%,350,79%,18,2,0,1,6,BRA013
7413,15,7,2,59%,516,82%,15,2,0,0,3,BRA004
7414,15,9,5,36%,331,76%,15,2,0,0,2,BRA028
7414,15,11,7,64%,559,87%,9,1,1,1,7,BRA021
7415,15,20,3,54%,547,82%,14,1,0,2,9,BRA025
7415,15,6,2,46%,474,81%,10,3,0,0,3,BRA014
7416,16,5,1,54%,456,81%,14,4,0,1,2,BRA010
7416,16,13,6,46%,379,80%,14,4,0,2,9,BRA031
7417,16,1,1,33%,322,80%,14,0,1,1,2,BRA033
7417,16,15,6,67%,658,89%,14,2,0,1,11,BRA005
7418,16,9,3,36%,312,73%,16,1,0,1,2,BRA025
7418,16,12,6,64%,553,84%,14,3,0,2,6,BRA042
7419,16,17,9,65%,637,87%,14,4,0,2,6,BRA021
7419,16,4,2,35%,348,77%,11,1,0,0,3,BRA043
7420,16,15,6,39%,399,79%,16,1,0,0,6,BRA013
7420,16,7,3,61%,631,87%,7,1,0,0,7,BRA015
7422,16,9,1,61%,499,87%,20,1,0,1,5,BRA003
7422,16,12,2,39%,331,83%,15,1,0,2,3,BRA019
7421,16,16,8,54%,489,84%,18,2,0,3,4,BRA007
7421,16,12,3,46%,433,81%,11,0,0,1,5,BRA004
7423,16,8,2,55%,471,83%,13,1,0,1,2,BRA040
7423,16,12,2,45%,390,82%,17,2,0,4,6,BRA023
7424,16,10,5,65%,622,89%,8,0,0,0,8,BRA022
7424,16,17,7,35%,347,83%,14,2,0,2,5,BRA028
7425,16,18,6,59%,402,83%,11,1,0,3,9,BRA001
7425,16,10,5,41%,300,68%,10,1,1,1,3,BRA014
7315,5,10,2,53%,415,79%,12,1,0,0,2,BRA019
7315,5,7,3,47%,370,75%,10,5,0,2,7,BRA025
7426,17,8,2,30%,234,73%,24,5,0,3,1,BRA014
7426,17,16,2,70%,559,85%,13,2,1,1,6,BRA004
7427,17,15,6,53%,489,82%,12,1,0,0,4,BRA025
7427,17,9,3,47%,425,80%,15,1,0,0,2,BRA007
7428,17,16,4,44%,395,79%,9,1,0,2,9,BRA023
7428,17,19,4,56%,495,84%,8,1,0,0,5,BRA031
7429,17,9,4,34%,306,73%,14,1,0,3,3,BRA019
7429,17,31,7,66%,544,86%,8,1,0,4,13,BRA033
7431,17,8,2,56%,599,86%,7,0,0,1,2,BRA015
7431,17,16,4,44%,479,85%,12,1,1,1,4,BRA003
7430,17,12,5,37%,338,73%,13,0,0,1,4,BRA013
7430,17,18,5,63%,582,84%,12,2,0,0,5,BRA021
7432,17,13,4,48%,406,77%,14,2,0,1,4,BRA028
7432,17,10,4,52%,434,81%,19,2,0,2,4,BRA040
7433,17,12,3,52%,422,79%,17,2,0,0,7,BRA042
7433,17,15,4,48%,382,76%,15,2,0,0,3,BRA043
7435,17,9,3,34%,306,80%,16,3,0,2,6,BRA022
7435,17,19,7,66%,602,87%,16,3,0,1,6,BRA005
7434,17,14,3,51%,440,81%,14,2,0,2,9,BRA001
7434,17,10,3,49%,449,79%,15,0,0,2,0,BRA010
7436,18,20,7,55%,415,81%,17,0,1,1,11,BRA043
7436,18,15,2,45%,354,79%,17,1,0,2,5,BRA014
7437,18,11,2,49%,445,87%,14,4,0,3,4,BRA040
7437,18,18,11,51%,456,86%,14,4,0,2,5,BRA021
7438,18,11,2,44%,462,85%,17,1,1,0,6,BRA025
7438,18,6,1,56%,593,87%,7,2,0,0,4,BRA015
7439,18,11,4,51%,489,84%,16,0,0,1,3,BRA003
7439,18,16,3,49%,459,86%,10,3,0,4,8,BRA033
7440,18,19,4,38%,285,71%,19,1,0,2,9,BRA001
7440,18,6,2,62%,481,77%,13,2,0,1,2,BRA013
7441,18,9,2,39%,298,75%,15,2,0,0,3,BRA031
7441,18,7,4,61%,460,82%,21,5,0,3,8,BRA042
7442,18,7,3,48%,397,76%,15,2,0,1,6,BRA028
7442,18,8,3,52%,429,81%,13,1,0,3,6,BRA004
7443,18,5,0,33%,333,75%,16,3,0,1,1,BRA010
7443,18,26,8,67%,653,90%,18,4,0,1,17,BRA005
7444,18,6,4,48%,391,77%,19,2,0,2,3,BRA022
7444,18,10,2,52%,398,75%,21,4,0,3,8,BRA007
7445,18,19,4,65%,539,85%,15,2,0,2,7,BRA023
7445,18,11,5,35%,307,76%,17,5,0,2,4,BRA019
7405,14,12,6,64%,579,87%,23,2,0,1,7,BRA022
7405,14,7,2,36%,330,78%,18,1,0,1,2,BRA031
7446,19,13,8,40%,315,69%,25,3,0,2,6,BRA007
7446,19,18,6,60%,467,78%,7,1,0,0,4,BRA023
7447,19,14,5,36%,330,74%,11,3,0,0,3,BRA019
7447,19,18,5,64%,551,89%,11,1,0,1,5,BRA040
7448,19,9,2,41%,346,78%,9,1,1,3,7,BRA043
7448,19,16,3,59%,481,86%,10,1,0,2,9,BRA003
7449,19,12,7,41%,437,85%,20,4,0,1,2,BRA031
7449,19,11,2,59%,628,89%,15,3,0,0,2,BRA015
7450,19,11,3,55%,519,84%,18,0,0,1,8,BRA014
7450,19,9,2,45%,439,82%,4,0,0,0,4,BRA022
7456,20,7,1,44%,350,75%,17,1,0,1,5,BRA003
7456,20,27,6,56%,426,81%,14,1,0,3,9,BRA001
7457,20,17,6,63%,560,86%,12,3,0,4,5,BRA031
7457,20,3,1,37%,349,74%,13,4,1,1,0,BRA019
7458,20,12,5,56%,501,87%,17,4,1,2,3,BRA010
7458,20,22,6,44%,387,82%,13,2,0,1,6,BRA014
7459,20,13,4,35%,312,68%,20,4,0,0,1,BRA007
7459,20,10,1,65%,566,82%,16,1,0,0,5,BRA040
7460,20,13,3,41%,359,78%,22,0,0,0,5,BRA025
7460,20,8,1,59%,508,83%,9,0,0,0,4,BRA013
7462,20,11,4,41%,379,81%,15,2,0,1,4,BRA021
7462,20,12,5,59%,509,89%,14,0,1,2,7,BRA033
7461,20,14,4,48%,451,81%,13,1,0,1,5,BRA023
7461,20,11,4,52%,488,84%,18,2,0,1,4,BRA005
7463,20,8,2,48%,444,82%,10,2,0,2,5,BRA015
7463,20,11,5,52%,481,85%,10,4,0,2,4,BRA004
7464,20,8,5,42%,309,78%,16,5,0,0,4,BRA022
7464,20,8,7,58%,417,83%,16,4,0,3,5,BRA042
7465,20,11,4,49%,449,79%,20,1,0,1,4,BRA028
7465,20,14,3,51%,434,83%,21,4,0,2,5,BRA043
7466,21,13,7,46%,419,83%,14,2,0,1,1,BRA033
7466,21,15,3,54%,461,85%,16,2,0,1,8,BRA014
7467,21,15,3,40%,341,82%,7,1,1,0,3,BRA031
7467,21,27,7,60%,479,86%,18,5,0,0,9,BRA003
7468,21,7,1,40%,367,82%,13,3,0,3,4,BRA043
7468,21,22,9,60%,560,87%,18,2,0,0,6,BRA005
7470,21,10,4,51%,390,71%,17,3,0,0,6,BRA013
7470,21,7,1,49%,390,73%,13,2,0,0,4,BRA040
7469,21,15,5,59%,528,81%,13,4,0,0,2,BRA010
7469,21,13,3,41%,372,74%,16,1,0,0,4,BRA007
7471,21,18,5,59%,497,88%,12,3,1,2,8,BRA028
7471,21,11,5,41%,358,86%,15,1,1,1,4,BRA023
7472,21,13,5,52%,443,79%,18,1,0,1,8,BRA042
7472,21,11,4,48%,410,77%,11,2,0,1,6,BRA004
7473,21,16,7,35%,350,78%,13,0,0,1,2,BRA001
7473,21,15,8,65%,656,86%,8,1,1,1,5,BRA015
7474,21,11,5,38%,330,73%,17,4,0,0,4,BRA025
7474,21,9,1,62%,534,85%,16,3,0,2,2,BRA021
7475,21,7,3,59%,476,85%,15,2,1,1,1,BRA019
7475,21,12,5,41%,334,82%,16,2,0,2,5,BRA022
7451,19,9,4,41%,322,76%,18,1,0,5,3,BRA001
7451,19,6,2,59%,452,78%,17,3,0,4,8,BRA042
7476,22,9,1,41%,339,76%,18,2,1,1,5,BRA014
7476,22,24,8,59%,485,79%,8,0,0,1,8,BRA013
7477,22,16,5,51%,430,82%,11,1,0,3,9,BRA033
7477,22,8,3,49%,423,84%,8,1,0,2,5,BRA015
7478,22,11,4,51%,501,83%,12,1,0,1,5,BRA005
7478,22,7,0,49%,495,82%,14,1,0,0,3,BRA042
7479,22,9,5,58%,505,84%,12,1,0,2,6,BRA021
7479,22,15,2,42%,369,76%,9,1,0,5,6,BRA001
7480,22,12,7,58%,503,80%,19,2,0,0,8,BRA028
7480,22,15,2,42%,347,73%,15,2,0,0,7,BRA007
7481,22,16,6,43%,404,81%,11,2,0,2,4,BRA022
7481,22,7,4,57%,521,86%,19,2,0,0,2,BRA010
7482,22,19,3,63%,534,86%,16,0,0,1,5,BRA040
7482,22,6,4,37%,325,77%,15,3,0,2,2,BRA031
7484,22,16,5,54%,514,85%,17,1,0,0,3,BRA003
7484,22,15,7,46%,437,82%,18,5,0,0,7,BRA025
7483,22,15,7,43%,363,76%,14,2,0,0,3,BRA023
7483,22,18,5,57%,452,82%,19,5,0,2,3,BRA043
7485,22,6,2,43%,312,72%,16,4,0,2,4,BRA019
7485,22,16,3,57%,395,75%,10,1,0,1,8,BRA004
7486,23,14,3,53%,368,79%,13,1,0,0,4,BRA019
7486,23,9,2,47%,322,78%,20,2,0,2,3,BRA001
7487,23,6,5,32%,219,70%,20,4,0,1,4,BRA004
7487,23,14,4,68%,466,87%,14,1,0,4,10,BRA023
7488,23,15,5,38%,349,82%,10,0,0,1,6,BRA010
7488,23,11,7,62%,595,90%,6,0,0,1,8,BRA015
7489,23,10,3,57%,490,86%,16,4,0,2,7,BRA005
7489,23,6,4,43%,371,78%,15,2,0,1,6,BRA028
7490,23,11,4,72%,777,90%,13,2,0,1,2,BRA021
7490,23,9,2,28%,295,77%,14,2,0,2,3,BRA003
7491,23,6,2,37%,345,72%,11,1,0,1,7,BRA014
7491,23,17,8,63%,571,84%,11,1,0,3,7,BRA042
7492,23,15,3,74%,602,88%,19,1,0,3,8,BRA033
7492,23,10,4,26%,215,68%,13,1,0,1,2,BRA031
7493,23,9,6,35%,293,76%,18,1,0,0,2,BRA043
7493,23,22,7,65%,520,87%,21,2,0,0,11,BRA025
7496,24,3,2,28%,288,74%,18,0,1,0,0,BRA007
7496,24,21,11,72%,731,89%,14,0,0,0,7,BRA015
7497,24,16,5,66%,551,85%,17,1,0,3,11,BRA005
7497,24,10,4,34%,282,66%,12,2,0,1,4,BRA014
7498,24,15,3,61%,487,85%,12,3,0,2,11,BRA004
7498,24,12,4,39%,324,82%,16,3,0,1,7,BRA003
7499,24,14,8,44%,468,88%,11,2,0,1,0,BRA043
7499,24,9,1,56%,572,89%,11,2,0,1,6,BRA031
7500,24,9,1,52%,373,76%,16,2,0,1,5,BRA028
7500,24,16,5,48%,337,77%,22,5,0,1,9,BRA013
7501,24,11,3,58%,441,82%,20,3,0,1,4,BRA021
7501,24,13,4,42%,324,76%,13,1,0,1,10,BRA010
7504,24,5,2,37%,360,68%,10,2,0,1,3,BRA019
7504,24,20,7,63%,571,84%,15,2,0,0,7,BRA025
7502,24,8,3,54%,461,82%,13,2,0,1,5,BRA022
7502,24,10,4,46%,403,79%,16,2,0,0,4,BRA023
7503,24,14,5,39%,301,70%,17,3,0,2,5,BRA033
7503,24,27,6,61%,436,85%,14,2,0,1,8,BRA001
7505,24,14,3,61%,431,79%,19,2,0,3,9,BRA042
7505,24,6,3,39%,300,70%,13,4,0,2,3,BRA040
7506,25,11,2,47%,389,81%,17,2,0,1,6,BRA004
7506,25,14,1,53%,419,83%,15,2,0,3,3,BRA022
7507,25,12,4,55%,428,82%,12,1,0,2,8,BRA005
7507,25,11,5,45%,352,80%,10,3,0,2,5,BRA013
7508,25,11,3,33%,340,81%,14,3,0,1,7,BRA043
7508,25,9,3,67%,707,90%,7,0,0,1,4,BRA015
7509,25,13,6,61%,522,88%,17,2,0,0,5,BRA021
7509,25,6,2,39%,343,79%,10,0,1,3,3,BRA023
7510,25,16,3,59%,482,84%,14,1,0,1,5,BRA003
7510,25,8,4,41%,347,74%,9,2,0,0,2,BRA007
7511,25,12,6,44%,379,81%,15,2,0,0,3,BRA010
7511,25,20,6,56%,457,82%,14,1,0,4,8,BRA033
7512,25,14,5,59%,428,80%,24,6,0,0,3,BRA031
7512,25,10,2,41%,303,73%,26,3,0,0,4,BRA001
7513,25,10,4,49%,422,81%,14,1,0,1,7,BRA014
7513,25,15,11,51%,434,83%,16,3,0,1,7,BRA028
7514,25,8,3,40%,319,75%,25,5,1,1,3,BRA025
7514,25,13,5,60%,446,82%,14,4,0,1,9,BRA040
7515,25,15,6,34%,299,74%,14,2,0,1,4,BRA019
7515,25,9,2,66%,568,87%,16,2,0,0,2,BRA042
7516,26,5,3,61%,483,85%,13,4,0,0,4,BRA004
7516,26,11,3,39%,308,78%,12,1,1,0,5,BRA010
7517,26,17,5,52%,375,83%,22,4,0,3,14,BRA007
7517,26,9,2,48%,374,83%,13,2,1,1,5,BRA033
7518,26,5,1,40%,336,80%,13,7,0,1,2,BRA040
7518,26,14,6,60%,500,87%,10,2,0,0,4,BRA005
7519,26,14,3,63%,512,82%,13,5,0,0,8,BRA003
7519,26,20,6,37%,313,71%,17,4,0,3,5,BRA014
7520,26,14,6,64%,553,87%,17,2,0,0,6,BRA021
7520,26,10,2,36%,311,81%,14,3,0,1,6,BRA031
7521,26,22,8,47%,393,80%,13,2,0,0,10,BRA023
7521,26,13,5,53%,439,82%,17,2,0,2,4,BRA025
7522,26,8,1,54%,568,90%,4,1,0,1,8,BRA015
7522,26,13,4,46%,503,89%,9,1,0,0,3,BRA022
7523,26,10,6,49%,355,74%,21,1,0,2,4,BRA028
7523,26,10,2,51%,370,71%,23,2,0,1,6,BRA001
7525,26,13,3,45%,394,83%,8,0,0,1,5,BRA043
7525,26,16,8,55%,491,84%,14,4,0,2,2,BRA019
7524,26,12,7,36%,236,64%,14,3,0,0,10,BRA013
7524,26,23,8,64%,422,80%,18,3,0,3,10,BRA042
7526,27,14,5,63%,498,83%,12,1,0,4,3,BRA023
7526,27,8,1,37%,291,72%,20,3,0,2,3,BRA014
7527,27,15,6,55%,382,75%,12,1,0,3,8,BRA001
7527,27,13,3,45%,320,69%,22,2,0,2,7,BRA007
7528,27,16,6,52%,439,83%,22,2,0,0,6,BRA003
7528,27,6,2,48%,420,83%,15,1,0,1,1,BRA022
7529,27,16,3,53%,449,88%,13,3,0,4,5,BRA033
7529,27,14,4,47%,423,83%,21,4,1,0,6,BRA028
7530,27,19,6,41%,326,72%,14,7,0,0,1,BRA010
7530,27,23,9,59%,458,79%,13,2,0,2,11,BRA013
7531,27,6,3,45%,408,81%,15,3,0,0,1,BRA031
7531,27,14,7,55%,492,82%,24,1,0,1,6,BRA025
7532,27,22,3,64%,593,88%,7,0,0,1,8,BRA005
7532,27,9,4,36%,335,77%,8,1,0,1,3,BRA004
7533,27,10,2,54%,461,83%,11,3,0,2,4,BRA040
7533,27,14,3,46%,385,77%,14,1,0,0,8,BRA043
7534,27,16,4,71%,691,86%,12,1,0,1,12,BRA021
7534,27,2,0,29%,303,67%,7,1,0,2,2,BRA019
7535,27,10,2,55%,500,86%,8,2,0,2,5,BRA015
7535,27,8,2,45%,420,81%,21,3,0,4,6,BRA042
7452,19,12,5,53%,427,83%,11,2,0,3,6,BRA033
7452,19,14,5,47%,368,82%,19,4,0,2,7,BRA013
7453,19,9,4,42%,353,77%,18,5,0,1,1,BRA028
7453,19,15,6,58%,473,85%,13,2,0,1,6,BRA010
7536,28,16,4,51%,441,82%,12,2,0,3,5,BRA001
7536,28,14,6,49%,431,80%,10,1,1,1,3,BRA040
7537,28,4,2,37%,294,72%,20,2,0,2,3,BRA013
7537,28,26,8,63%,496,87%,15,1,0,0,9,BRA031
7538,28,11,6,27%,206,64%,22,6,0,1,5,BRA022
7538,28,16,3,73%,543,84%,16,3,0,1,7,BRA021
7539,28,13,4,46%,365,81%,12,2,0,0,10,BRA003
7539,28,16,7,54%,442,84%,13,2,0,0,4,BRA023
7540,28,13,2,51%,514,83%,11,3,1,1,2,BRA015
7540,28,11,6,49%,482,84%,23,3,1,4,3,BRA028
7541,28,21,9,54%,487,85%,12,0,0,1,7,BRA005
7541,28,7,2,46%,428,82%,13,0,0,0,2,BRA019
7542,28,15,5,56%,441,82%,19,0,0,2,5,BRA042
7542,28,16,5,44%,357,80%,14,3,0,1,3,BRA010
7543,28,11,1,47%,450,84%,11,1,0,0,9,BRA014
7543,28,15,6,53%,519,87%,6,1,0,0,4,BRA007
7544,28,19,5,54%,404,84%,17,7,1,1,11,BRA025
7544,28,11,6,46%,360,79%,11,2,0,0,3,BRA004
7545,28,37,16,65%,472,84%,10,1,0,1,23,BRA033
7545,28,6,1,35%,284,70%,20,3,0,0,0,BRA043
7494,23,17,4,56%,468,81%,10,2,0,0,4,BRA022
7494,23,11,5,44%,385,76%,18,2,0,0,2,BRA040
7495,23,9,4,45%,352,82%,13,1,1,2,5,BRA013
7495,23,13,7,55%,410,83%,19,3,0,0,8,BRA007
7546,34,16,3,45%,387,82%,17,3,0,0,8,BRA010
7546,34,17,4,55%,472,83%,14,6,0,0,7,BRA043
7556,29,29,6,67%,584,83%,11,1,0,0,8,BRA003
7556,29,10,2,33%,305,72%,9,2,0,1,2,BRA040
7557,29,8,3,37%,269,70%,22,4,0,1,2,BRA021
7557,29,16,2,63%,453,77%,19,2,0,1,7,BRA005
7558,29,9,0,40%,326,66%,17,1,0,0,3,BRA007
7558,29,18,3,60%,475,82%,13,2,0,2,7,BRA031
7559,29,23,8,45%,335,71%,13,0,0,1,7,BRA001
7559,29,12,8,55%,401,75%,19,5,0,2,5,BRA023
7560,29,15,5,49%,397,80%,26,5,0,2,4,BRA025
7560,29,11,5,51%,410,81%,12,2,0,0,2,BRA033
7561,29,8,2,27%,217,70%,8,4,1,1,4,BRA013
7561,29,17,0,73%,546,88%,7,2,0,3,7,BRA022
7562,29,21,8,53%,494,85%,17,0,0,4,5,BRA042
7562,29,9,3,47%,457,81%,13,2,0,0,1,BRA028
7563,29,16,3,51%,429,81%,13,3,0,0,3,BRA004
7563,29,22,6,49%,403,84%,15,4,0,2,6,BRA043
7564,29,13,8,42%,363,83%,16,3,0,1,2,BRA010
7564,29,20,6,58%,484,86%,8,2,0,1,7,BRA019
7565,29,2,2,20%,200,68%,19,4,0,0,0,BRA014
7565,29,18,5,80%,746,90%,12,1,0,0,14,BRA015
7305,4,21,5,58%,407,79%,8,4,0,3,7,BRA003
7305,4,13,6,42%,311,72%,15,2,0,0,3,BRA021
7454,19,15,4,53%,445,82%,10,5,0,2,1,BRA005
7454,19,14,5,47%,388,82%,14,6,0,2,8,BRA025
7566,31,16,3,57%,480,86%,13,1,0,3,6,BRA019
7566,31,7,2,43%,385,81%,15,1,0,0,2,BRA014
7455,19,10,2,48%,443,80%,15,1,0,2,7,BRA004
7455,19,23,7,52%,480,85%,10,2,0,4,9,BRA021
7576,30,14,6,59%,501,86%,18,3,0,0,8,BRA015
7576,30,9,2,41%,367,79%,26,3,0,2,4,BRA023
7577,30,8,5,61%,451,80%,17,3,1,1,8,BRA025
7577,30,9,2,39%,296,72%,19,1,1,1,4,BRA028
7578,30,21,3,62%,534,85%,11,1,0,2,5,BRA022
7578,30,8,2,38%,325,77%,12,1,0,2,4,BRA043
7581,30,12,4,49%,426,83%,14,3,0,1,4,BRA040
7581,30,15,6,51%,453,83%,17,2,0,2,2,BRA033
7579,30,8,5,41%,337,75%,25,3,0,1,1,BRA003
7579,30,11,3,59%,452,82%,16,2,0,1,5,BRA010
7580,30,16,4,43%,372,79%,10,2,0,2,1,BRA001
7580,30,18,7,57%,479,81%,21,3,0,1,9,BRA005
7582,30,8,3,57%,521,85%,18,2,0,4,6,BRA042
7582,30,15,4,43%,378,79%,11,1,0,4,11,BRA007
7583,30,16,4,49%,333,78%,15,3,0,2,8,BRA013
7583,30,7,1,51%,347,76%,13,1,0,4,4,BRA019
7584,30,14,3,40%,302,69%,14,2,1,3,7,BRA014
7584,30,21,10,60%,452,84%,11,3,1,5,6,BRA021
7567,31,11,5,54%,513,84%,9,1,0,1,0,BRA022
7567,31,25,7,46%,445,83%,18,3,0,0,6,BRA025
7568,31,13,4,52%,429,82%,9,4,0,0,6,BRA003
7568,31,14,4,48%,407,76%,10,3,1,2,3,BRA013
7570,31,11,5,42%,361,78%,11,2,0,3,5,BRA040
7570,31,14,3,58%,478,82%,10,1,0,0,7,BRA010
7569,31,11,5,46%,434,87%,20,2,0,1,8,BRA005
7569,31,7,0,54%,493,88%,4,2,0,1,5,BRA015
7571,31,14,7,49%,443,89%,10,1,0,1,5,BRA033
7571,31,10,0,51%,442,88%,13,3,0,0,8,BRA004
7574,31,14,3,54%,483,85%,15,4,0,0,3,BRA028
7574,31,14,3,46%,416,86%,19,2,0,1,2,BRA031
7572,31,15,3,40%,333,77%,15,4,0,5,6,BRA023
7572,31,11,3,60%,471,83%,11,5,0,3,5,BRA042
7573,31,11,3,41%,346,76%,11,2,1,0,6,BRA043
7573,31,14,6,59%,497,82%,14,3,0,1,9,BRA001
7575,31,7,2,32%,268,74%,9,1,2,2,3,BRA007
7575,31,17,6,68%,557,89%,14,0,1,3,8,BRA021
7587,32,12,6,40%,362,74%,14,3,0,1,3,BRA001
7587,32,26,8,60%,515,83%,16,1,0,3,9,BRA025
7586,32,6,0,34%,233,57%,13,3,0,5,2,BRA040
7586,32,9,3,66%,423,75%,13,2,0,2,14,BRA004
7588,32,13,2,56%,437,84%,12,4,0,2,5,BRA023
7588,32,11,5,44%,356,79%,25,3,0,1,2,BRA010
7589,32,10,1,53%,423,85%,13,3,0,1,5,BRA003
7589,32,16,4,47%,380,81%,17,7,0,4,5,BRA028
7590,32,9,6,45%,444,85%,9,1,0,3,5,BRA019
7590,32,12,4,55%,536,88%,15,1,0,1,4,BRA015
7591,32,15,7,60%,549,88%,9,1,0,2,3,BRA021
7591,32,6,3,40%,375,78%,6,1,1,0,1,BRA042
7592,32,9,3,53%,480,83%,12,3,1,0,5,BRA022
7592,32,11,4,47%,443,84%,20,4,2,0,2,BRA033
7593,32,21,8,62%,472,84%,17,2,0,1,6,BRA043
7593,32,12,3,38%,291,75%,12,1,0,0,2,BRA013
7594,32,10,3,45%,408,83%,17,3,0,0,3,BRA031
7594,32,12,4,55%,473,89%,15,3,0,2,6,BRA014
7596,33,9,2,56%,520,85%,14,2,0,1,6,BRA005
7596,33,8,1,44%,408,80%,15,1,0,0,3,BRA003
7597,33,25,10,53%,451,82%,15,0,0,2,11,BRA025
7597,33,7,2,47%,417,80%,17,2,0,0,1,BRA010
7598,33,23,4,59%,498,82%,7,1,0,2,2,BRA001
7598,33,14,1,41%,353,73%,14,1,0,1,5,BRA004
7599,33,15,5,57%,523,83%,14,2,0,0,5,BRA014
7599,33,9,3,43%,395,83%,14,1,0,1,2,BRA040
7600,33,21,5,48%,408,84%,14,4,0,1,6,BRA019
7600,33,11,4,52%,429,82%,17,1,0,1,4,BRA028
7601,33,13,5,37%,239,61%,14,4,0,2,1,BRA013
7601,33,17,8,63%,402,80%,14,1,0,1,5,BRA023
7602,33,16,6,43%,342,78%,19,2,0,3,3,BRA042
7602,33,16,4,57%,422,83%,12,1,0,1,7,BRA033
7603,33,7,1,67%,619,86%,19,1,0,1,5,BRA022
7603,33,15,7,33%,309,77%,20,2,0,1,2,BRA031
7604,33,6,1,43%,390,73%,8,2,0,0,1,BRA015
7604,33,22,6,57%,493,83%,15,1,0,2,8,BRA021
7605,33,14,4,58%,498,83%,14,3,0,0,5,BRA007
7605,33,16,4,42%,369,83%,19,1,0,0,3,BRA043
7547,34,2,0,39%,387,80%,13,2,0,0,1,BRA031
7547,34,18,5,61%,588,90%,20,1,0,1,5,BRA005
7549,34,24,6,63%,518,84%,18,1,0,0,4,BRA025
7549,34,10,4,37%,308,70%,19,1,0,0,4,BRA014
7548,34,8,3,33%,267,70%,22,3,0,2,2,BRA023
7548,34,13,4,67%,528,83%,12,2,0,2,6,BRA033
7550,34,5,2,40%,320,76%,21,3,0,5,1,BRA013
7550,34,20,4,60%,459,84%,10,0,0,0,10,BRA004
7551,34,22,9,52%,452,84%,14,2,0,3,8,BRA028
7551,34,15,8,48%,439,83%,13,1,0,3,5,BRA021
7552,34,9,1,35%,344,86%,8,0,0,1,4,BRA040
7552,34,23,11,65%,640,90%,6,1,0,0,11,BRA015
7553,34,11,5,48%,384,80%,21,1,0,1,2,BRA022
7553,34,9,3,52%,415,82%,17,2,0,0,1,BRA001
7554,34,19,3,55%,470,82%,12,1,0,0,8,BRA007
7554,34,8,0,45%,391,76%,9,0,0,4,4,BRA019
7285,2,18,8,51%,427,81%,14,2,2,2,5,BRA025
7285,2,12,6,49%,433,83%,14,2,0,1,4,BRA021
7585,30,15,8,51%,434,87%,19,1,0,2,6,BRA004
7585,30,12,5,49%,431,87%,16,2,0,1,2,BRA031
7606,35,11,7,43%,314,77%,16,4,0,0,2,BRA033
7606,35,15,5,57%,410,82%,22,3,0,0,6,BRA005
7555,34,20,2,71%,597,84%,14,3,0,1,9,BRA042
7555,34,3,0,29%,252,64%,15,2,0,2,0,BRA003
7607,35,9,1,30%,262,69%,20,5,0,1,1,BRA022
7607,35,14,4,70%,583,87%,18,5,1,0,7,BRA028
7608,35,15,6,56%,424,86%,15,3,0,3,6,BRA040
7608,35,11,2,44%,331,75%,15,2,0,5,4,BRA023
7609,35,15,5,37%,337,79%,16,3,0,0,2,BRA013
7609,35,15,6,63%,565,86%,13,4,0,0,5,BRA015
7616,36,11,3,66%,442,81%,15,3,0,0,9,BRA025
7616,36,13,6,34%,236,66%,15,3,0,1,3,BRA007
7617,36,13,3,49%,353,72%,14,2,0,0,5,BRA001
7617,36,11,5,51%,357,78%,21,3,0,0,6,BRA010
7618,36,7,4,51%,402,84%,14,1,0,0,5,BRA043
7618,36,20,9,49%,395,84%,16,0,0,2,7,BRA042
7619,36,16,5,66%,660,87%,14,5,0,1,10,BRA015
7619,36,11,2,34%,334,79%,19,3,0,1,3,BRA003
7620,36,9,4,48%,305,81%,22,6,0,0,7,BRA005
7620,36,6,4,52%,334,80%,18,3,0,0,3,BRA022
7621,36,17,6,54%,478,84%,16,1,0,1,3,BRA028
7621,36,13,5,46%,412,82%,17,2,0,1,5,BRA040
7610,35,14,2,52%,364,81%,20,2,1,0,5,BRA007
7610,35,12,3,48%,358,79%,16,5,0,6,4,BRA004
7611,35,13,0,54%,376,81%,25,3,0,2,4,BRA010
7611,35,9,2,46%,334,76%,15,3,0,2,0,BRA031
7612,35,24,7,53%,409,79%,10,2,0,0,8,BRA001
7612,35,10,3,47%,369,76%,11,2,0,0,9,BRA014
7622,36,12,4,48%,410,83%,19,1,0,3,6,BRA013
7622,36,15,5,52%,427,84%,20,6,0,3,8,BRA021
7623,36,13,5,41%,337,78%,10,1,1,0,4,BRA033
7623,36,21,6,59%,455,84%,15,4,0,3,12,BRA019
7595,32,13,3,47%,387,77%,13,2,0,1,4,BRA007
7595,32,19,9,53%,425,80%,12,3,0,1,6,BRA005
7613,35,17,8,45%,398,76%,17,3,0,0,6,BRA025
7613,35,5,1,55%,488,82%,13,2,0,1,0,BRA042
7614,35,19,3,65%,502,89%,15,4,0,1,8,BRA003
7614,35,8,1,35%,273,76%,14,5,1,2,2,BRA019
7615,35,22,7,53%,426,87%,11,3,0,0,6,BRA021
7615,35,15,9,47%,397,85%,13,2,0,0,6,BRA043
7624,36,8,0,43%,354,77%,17,2,0,3,3,BRA014
7624,36,9,1,57%,477,84%,17,3,0,0,4,BRA004
7625,36,11,3,47%,363,79%,14,0,0,0,4,BRA031
7625,36,15,4,53%,411,84%,20,2,0,2,5,BRA023
7626,37,9,1,63%,512,87%,20,5,1,1,3,BRA022
7626,37,14,6,37%,285,74%,14,2,1,0,11,BRA007
7628,37,18,11,38%,361,85%,10,2,0,0,3,BRA010
7628,37,13,6,62%,580,87%,5,1,0,1,5,BRA005
7627,37,12,3,28%,249,74%,22,3,0,0,5,BRA025
7627,37,11,3,72%,633,90%,7,1,0,3,2,BRA015
7629,37,18,1,47%,329,71%,13,2,0,2,3,BRA001
7629,37,15,3,53%,357,73%,14,0,0,3,7,BRA013
7631,37,23,4,72%,600,83%,11,1,0,4,8,BRA003
7631,37,4,0,28%,249,62%,10,1,0,0,1,BRA033
7630,37,9,3,46%,291,79%,13,3,0,1,6,BRA031
7630,37,13,6,54%,356,78%,25,5,0,0,7,BRA042
7632,37,13,3,64%,489,82%,23,3,0,1,2,BRA023
7632,37,8,1,36%,279,71%,22,1,0,4,1,BRA019
7633,37,23,6,61%,535,86%,14,3,0,3,11,BRA028
7633,37,11,4,39%,365,81%,9,2,0,0,3,BRA004
7634,37,9,4,36%,280,75%,14,3,0,4,1,BRA040
7634,37,9,4,64%,482,87%,23,3,0,3,5,BRA021
7635,37,25,4,71%,526,88%,27,4,0,0,3,BRA043
7635,37,14,6,29%,213,73%,16,3,1,0,6,BRA014
7642,38,18,6,63%,569,89%,17,1,0,1,6,BRA043
7642,38,7,4,37%,338,81%,14,1,0,0,4,BRA003
7636,38,9,6,48%,312,72%,17,2,0,1,3,BRA007
7636,38,14,6,52%,338,80%,15,4,0,3,6,BRA023
7637,38,13,3,52%,466,88%,15,4,0,1,4,BRA004
7637,38,12,6,48%,439,88%,7,2,0,0,6,BRA021
7638,38,12,2,31%,289,69%,18,2,0,2,5,BRA033
7638,38,31,9,69%,620,85%,4,0,0,0,8,BRA013
7639,38,3,0,32%,260,72%,10,2,0,2,3,BRA014
7639,38,22,8,68%,541,88%,12,3,0,1,9,BRA022
7640,38,19,4,45%,383,75%,18,2,0,2,5,BRA001
7640,38,11,2,55%,463,80%,18,2,0,0,5,BRA042
7641,38,23,4,44%,370,80%,23,4,0,3,4,BRA010
7641,38,4,1,56%,474,78%,26,5,0,0,2,BRA028
7643,38,17,6,44%,404,78%,10,1,0,0,11,BRA031
7643,38,1,1,56%,519,85%,22,2,1,0,4,BRA015
7644,38,13,7,63%,548,88%,11,1,0,0,9,BRA005
7644,38,7,4,37%,328,83%,15,3,0,1,3,BRA025
7645,38,8,3,38%,321,72%,15,2,0,1,4,BRA019
7645,38,13,5,62%,513,84%,17,1,0,0,6,BRA040
7646,1,26,6,66%,545,88%,14,1,0,0,8,BRA022
7646,1,3,1,34%,286,71%,18,0,0,4,1,BRA040
7647,1,10,3,44%,403,82%,7,3,0,1,4,BRA004
7647,1,12,3,56%,502,87%,11,2,0,2,10,BRA021
7648,1,17,4,56%,377,81%,17,4,0,3,11,BRA033
7648,1,19,9,44%,309,69%,14,8,1,0,8,BRA013
7649,1,7,0,48%,421,83%,12,4,0,2,3,BRA024
7649,1,17,9,52%,449,85%,10,2,0,3,7,BRA016
7650,1,9,4,56%,474,84%,6,1,0,0,2,BRA009
7650,1,15,8,44%,382,79%,18,4,0,1,4,BRA015
7651,1,6,1,48%,491,85%,18,4,0,0,3,BRA028
7651,1,15,5,52%,534,87%,12,2,0,2,3,BRA005
7652,1,22,5,66%,444,84%,22,2,0,1,7,BRA023
7652,1,9,4,34%,245,69%,23,3,0,0,1,BRA019
7653,1,13,2,59%,541,84%,20,3,0,3,6,BRA006
7653,1,7,1,41%,395,75%,18,3,2,2,1,BRA001
7654,1,18,8,55%,517,88%,17,1,0,2,5,BRA042
7654,1,7,0,45%,435,86%,14,3,0,2,5,BRA003
7655,1,15,2,49%,418,79%,17,5,0,1,4,BRA010
7655,1,13,7,51%,420,81%,16,4,0,5,5,BRA031
7656,2,22,6,76%,607,84%,7,0,0,2,6,BRA033
7656,2,9,6,24%,198,60%,16,4,0,0,2,BRA024
7658,2,14,4,55%,597,86%,22,1,0,1,7,BRA015
7658,2,15,5,45%,506,85%,12,1,0,5,2,BRA006
7657,2,13,4,55%,444,81%,11,0,1,2,5,BRA031
7657,2,22,9,45%,378,81%,19,3,0,2,5,BRA001
7659,2,5,1,38%,333,73%,18,2,0,1,2,BRA019
7659,2,12,3,62%,525,86%,14,1,0,0,5,BRA022
7660,2,22,6,65%,519,87%,10,4,0,0,7,BRA016
7660,2,15,7,35%,287,77%,22,2,0,2,4,BRA040
7661,2,19,8,53%,420,87%,17,2,0,2,2,BRA021
7661,2,6,1,47%,372,84%,25,6,0,1,3,BRA042
7662,2,17,5,56%,521,84%,14,3,0,0,5,BRA005
7662,2,12,3,44%,408,81%,9,2,0,1,2,BRA003
7663,2,18,5,52%,476,82%,15,5,0,0,8,BRA028
7663,2,7,3,48%,453,77%,13,5,0,3,5,BRA023
7664,2,18,8,59%,485,88%,12,1,0,1,13,BRA010
7664,2,5,3,41%,366,79%,9,4,0,2,2,BRA004
7665,2,11,3,35%,257,68%,15,4,0,2,2,BRA009
7665,2,18,4,65%,469,80%,16,1,1,1,4,BRA013
7666,4,17,2,57%,444,86%,15,3,0,1,9,BRA021
7666,4,10,2,43%,347,76%,21,4,0,1,6,BRA033
7676,3,15,3,33%,242,67%,13,5,0,1,6,BRA010
7676,3,24,7,67%,495,83%,12,2,0,2,9,BRA042
7677,3,11,6,59%,500,81%,10,2,0,1,5,BRA021
7677,3,10,2,41%,354,75%,15,4,0,2,6,BRA003
7678,3,20,7,44%,339,78%,13,1,0,3,12,BRA033
7678,3,7,1,56%,426,84%,14,2,0,0,3,BRA015
7679,3,12,2,58%,503,85%,15,5,0,4,5,BRA022
7679,3,12,4,42%,383,76%,12,3,0,2,4,BRA028
7680,3,20,5,61%,659,89%,10,2,0,0,3,BRA005
7680,3,11,4,39%,415,85%,8,1,0,0,3,BRA016
7681,3,19,2,61%,490,85%,8,0,0,1,8,BRA001
7681,3,18,8,39%,324,75%,16,2,0,2,3,BRA040
7682,3,13,2,58%,428,82%,18,1,1,2,6,BRA031
7682,3,10,4,42%,314,77%,19,4,0,1,7,BRA019
7683,3,17,2,63%,526,85%,5,1,0,2,7,BRA009
7683,3,9,2,37%,320,75%,11,2,0,2,2,BRA004
7684,3,14,4,40%,255,70%,20,5,1,0,3,BRA006
7684,3,18,5,60%,376,81%,20,5,0,3,5,BRA024
7668,4,13,6,54%,417,79%,12,0,0,3,11,BRA003
7668,4,7,3,46%,364,75%,19,1,0,4,6,BRA001
7667,4,18,6,44%,357,77%,20,5,1,0,4,BRA010
7667,4,14,4,56%,447,76%,11,1,0,4,5,BRA013
7669,4,7,2,30%,253,70%,20,5,0,0,0,BRA024
7669,4,21,5,70%,582,88%,15,4,0,2,10,BRA005
7670,4,14,7,49%,473,85%,14,0,0,0,6,BRA004
7670,4,17,5,51%,475,89%,12,2,0,1,4,BRA019
7671,4,17,4,61%,402,83%,14,2,0,2,6,BRA009
7671,4,7,4,39%,256,72%,18,5,0,2,4,BRA031
7672,4,6,3,56%,422,80%,14,1,0,1,9,BRA015
7672,4,15,5,44%,335,73%,14,3,0,4,4,BRA023
7673,4,7,4,45%,386,81%,16,2,1,2,1,BRA022
7673,4,20,8,55%,438,89%,13,0,0,1,8,BRA016
7674,4,11,4,39%,378,78%,16,4,0,0,2,BRA006
7674,4,23,3,61%,537,85%,15,2,0,0,18,BRA028
7675,4,10,3,57%,459,86%,15,2,0,2,2,BRA042
7675,4,8,3,43%,353,81%,8,4,0,0,4,BRA040
7686,5,12,9,31%,261,59%,22,3,1,3,3,BRA001
7686,5,23,8,69%,539,80%,7,4,0,3,11,BRA005
7687,5,16,3,60%,408,78%,8,4,0,1,9,BRA013
7687,5,15,9,40%,285,74%,19,5,0,1,4,BRA003
7688,5,17,8,53%,408,81%,13,1,0,8,10,BRA021
7688,5,13,8,47%,387,77%,18,3,0,1,4,BRA009
7689,5,8,2,52%,403,83%,13,2,0,0,3,BRA022
7689,5,19,5,48%,357,85%,10,1,0,3,6,BRA033
7690,5,33,7,77%,531,87%,12,4,0,2,12,BRA004
7690,5,6,3,23%,173,60%,11,2,1,2,0,BRA024
7691,5,4,1,42%,416,80%,9,2,0,1,1,BRA015
7691,5,8,2,58%,537,83%,11,1,0,3,1,BRA010
7692,5,12,7,47%,417,83%,14,1,0,1,4,BRA040
7692,5,16,3,53%,454,88%,12,2,0,2,8,BRA019
7694,5,4,2,46%,339,72%,14,3,0,2,4,BRA042
7694,5,12,3,54%,383,79%,16,2,0,3,9,BRA023
7693,5,8,3,43%,359,76%,13,5,0,1,3,BRA028
7693,5,12,5,57%,454,82%,22,5,0,2,6,BRA031
7695,5,12,6,58%,546,84%,14,3,0,0,5,BRA006
7695,5,8,4,42%,385,79%,13,3,0,1,7,BRA016
7696,7,6,1,37%,384,77%,13,3,1,1,3,BRA010
7696,7,18,4,63%,648,84%,5,2,0,2,10,BRA005
7706,6,11,2,52%,410,81%,14,2,0,0,4,BRA010
7706,6,14,7,48%,388,79%,11,2,0,3,7,BRA033
7707,6,15,5,41%,333,82%,18,5,0,4,8,BRA013
7707,6,11,4,59%,486,83%,22,5,0,0,3,BRA021
7709,6,5,0,43%,400,80%,14,2,0,1,2,BRA004
7709,6,14,7,57%,526,82%,16,1,0,2,10,BRA005
7708,6,15,9,53%,426,86%,7,2,0,3,6,BRA015
7708,6,13,5,47%,385,82%,8,2,0,1,5,BRA028
7710,6,12,3,36%,290,76%,12,2,0,1,5,BRA003
7710,6,11,6,64%,525,86%,12,3,0,1,4,BRA022
7711,6,21,9,74%,593,88%,5,2,0,1,15,BRA042
7711,6,6,3,26%,215,72%,15,1,1,0,3,BRA019
7712,6,9,2,41%,294,79%,23,4,1,1,4,BRA001
7712,6,17,7,59%,410,85%,11,1,0,4,7,BRA016
7713,6,10,3,37%,302,73%,15,0,1,2,1,BRA023
7713,6,13,6,63%,512,84%,14,3,0,3,5,BRA009
7714,6,17,5,64%,545,84%,18,2,0,0,6,BRA006
7714,6,5,3,36%,302,78%,16,5,2,0,6,BRA031
7715,6,10,5,31%,243,72%,14,0,0,0,5,BRA024
7715,6,16,3,69%,507,88%,11,0,0,2,9,BRA040
7697,7,14,6,42%,358,81%,13,1,2,1,5,BRA016
7697,7,17,3,58%,498,85%,14,4,0,1,3,BRA004
7698,7,11,6,64%,580,88%,14,1,0,1,6,BRA021
7698,7,3,0,36%,316,77%,19,3,0,3,4,BRA024
7699,7,16,3,51%,382,80%,9,1,0,2,6,BRA040
7699,7,11,4,49%,394,79%,13,5,1,1,2,BRA013
7700,7,20,8,55%,465,83%,6,0,0,2,7,BRA033
7700,7,13,3,45%,380,79%,20,3,0,1,7,BRA031
7701,7,11,3,42%,319,78%,9,1,2,2,4,BRA019
7701,7,14,4,58%,426,83%,12,7,0,1,11,BRA028
7702,7,8,5,58%,516,82%,9,1,0,1,5,BRA009
7702,7,12,4,42%,377,74%,19,2,0,3,3,BRA001
7704,7,23,8,64%,486,84%,13,1,0,0,12,BRA023
7704,7,7,3,36%,290,73%,14,1,0,3,5,BRA022
7703,7,13,5,56%,513,80%,11,2,0,2,8,BRA015
7703,7,14,7,44%,414,74%,12,3,0,2,8,BRA042
7705,7,9,4,58%,464,81%,17,6,0,0,4,BRA006
7705,7,12,3,42%,345,73%,23,2,0,1,5,BRA003
7716,8,14,4,48%,357,78%,22,3,1,1,1,BRA010
7716,8,17,2,52%,358,81%,18,2,0,0,6,BRA024
7717,8,7,4,48%,356,80%,10,5,0,3,3,BRA013
7717,8,15,5,52%,372,81%,19,2,1,2,8,BRA042
7718,8,14,3,63%,553,84%,10,2,0,1,8,BRA023
7718,8,16,8,37%,334,76%,16,3,0,0,7,BRA031
7720,8,18,4,44%,384,80%,19,5,0,1,3,BRA040
7720,8,17,4,56%,477,87%,15,1,0,2,4,BRA033
7719,8,18,3,73%,485,83%,12,3,0,4,9,BRA009
7719,8,15,5,27%,188,59%,10,5,0,3,5,BRA016
7721,8,19,8,41%,333,78%,17,0,0,4,8,BRA003
7721,8,10,0,59%,460,86%,9,5,0,0,8,BRA019
7722,8,13,5,37%,316,69%,19,1,0,1,5,BRA001
7722,8,7,4,63%,541,81%,13,2,0,0,6,BRA015
7723,8,17,6,63%,505,86%,9,3,1,2,12,BRA022
7723,8,7,3,37%,302,76%,16,5,1,4,2,BRA021
7724,8,27,7,62%,496,83%,14,3,0,2,13,BRA005
7724,8,5,1,38%,321,75%,10,2,1,0,0,BRA006
7725,8,10,5,44%,433,83%,7,1,0,0,3,BRA028
7725,8,20,7,56%,524,84%,16,2,0,0,12,BRA004
7685,3,19,7,60%,451,87%,18,4,0,2,1,BRA013
7685,3,11,3,40%,299,73%,18,5,1,0,4,BRA023
7726,9,16,6,52%,448,76%,11,0,0,3,8,BRA001
7726,9,5,2,48%,421,76%,11,1,0,4,4,BRA019
7728,9,14,6,49%,419,80%,9,4,0,1,6,BRA016
7728,9,22,10,51%,424,84%,14,1,0,4,5,BRA013
7727,9,14,4,41%,296,78%,21,5,0,2,7,BRA003
7727,9,14,3,59%,421,81%,11,3,0,0,6,BRA040
7729,9,16,4,46%,387,73%,23,2,0,2,7,BRA042
7729,9,17,6,54%,445,77%,11,2,0,1,4,BRA006
7730,9,10,1,43%,435,83%,11,3,0,0,0,BRA015
7730,9,14,3,57%,528,85%,9,3,0,3,9,BRA004
7731,9,6,2,52%,259,39%,10,4,1,1,7,BRA022
7731,9,11,3,48%,251,40%,21,3,0,5,5,BRA031
7732,9,12,6,34%,280,75%,21,4,0,5,3,BRA023
7732,9,11,3,66%,526,87%,9,3,0,2,9,BRA021
7733,9,16,3,49%,367,78%,8,1,0,0,6,BRA033
7733,9,11,3,51%,378,82%,19,3,0,4,2,BRA005
7734,9,9,5,52%,479,82%,12,3,0,1,3,BRA028
7734,9,8,2,48%,434,82%,20,3,0,2,7,BRA010
7735,9,11,4,37%,282,70%,22,2,0,1,2,BRA024
7735,9,16,5,63%,464,85%,11,2,0,1,9,BRA009
7736,10,11,4,39%,354,79%,10,1,1,0,4,BRA019
7736,10,11,4,61%,552,87%,11,2,0,0,3,BRA015
7737,10,16,3,57%,452,78%,18,2,0,3,4,BRA001
7737,10,7,3,43%,348,70%,20,3,0,0,4,BRA013
7738,10,7,6,45%,340,68%,10,4,0,1,5,BRA003
7738,10,17,4,55%,385,75%,9,2,0,0,11,BRA031
7739,10,13,5,53%,429,79%,12,1,0,1,8,BRA004
7739,10,10,3,47%,394,79%,12,3,1,0,6,BRA006
7740,10,13,3,69%,551,88%,16,4,0,1,7,BRA021
7740,10,12,2,31%,253,77%,11,1,1,2,5,BRA010
7741,10,13,9,43%,332,78%,13,3,0,1,1,BRA022
7741,10,11,6,57%,425,84%,15,3,0,3,9,BRA005
7742,10,11,6,48%,411,79%,16,1,0,1,3,BRA028
7742,10,22,6,52%,414,80%,11,2,0,2,10,BRA040
7743,10,12,3,53%,440,85%,14,1,0,0,4,BRA009
7743,10,14,6,47%,391,83%,16,1,0,3,7,BRA033
7744,10,11,2,40%,318,77%,12,3,0,1,1,BRA016
7744,10,16,4,60%,467,83%,13,3,0,1,10,BRA042
7745,10,20,4,52%,391,80%,12,1,0,5,6,BRA023
7745,10,12,2,48%,379,82%,18,2,0,2,2,BRA024
7746,11,13,3,58%,573,86%,15,1,0,3,4,BRA015
7746,11,8,2,42%,427,81%,12,4,0,4,5,BRA031
7747,11,12,6,32%,277,79%,16,4,1,2,6,BRA040
7747,11,16,4,68%,601,88%,11,4,0,1,5,BRA005
7749,11,19,5,43%,334,77%,14,1,0,0,5,BRA019
7749,11,8,4,57%,450,81%,15,3,0,0,4,BRA010
7748,11,17,9,53%,484,84%,13,2,0,3,6,BRA004
7748,11,15,4,47%,404,84%,10,3,1,2,10,BRA022
7750,11,11,4,32%,290,76%,15,3,0,3,4,BRA028
7750,11,16,3,68%,599,88%,14,3,0,1,4,BRA021
7751,11,20,6,51%,369,75%,14,2,1,3,10,BRA013
7751,11,12,4,49%,360,81%,20,6,0,1,2,BRA024
7752,11,11,5,53%,438,75%,16,2,0,0,4,BRA001
7752,11,15,2,47%,406,77%,14,2,0,2,2,BRA042
7753,11,11,4,47%,410,84%,11,1,1,1,5,BRA016
7753,11,16,6,53%,466,86%,13,2,0,2,6,BRA033
7754,11,7,0,36%,293,66%,12,3,0,2,1,BRA003
7754,11,23,6,64%,500,80%,13,1,0,1,7,BRA023
7755,11,9,2,49%,409,76%,22,4,1,5,1,BRA006
7755,11,22,7,51%,415,74%,19,4,0,1,7,BRA009
7756,12,18,9,66%,630,87%,14,2,0,2,9,BRA040
7756,12,10,1,34%,326,76%,19,1,1,0,4,BRA031
7757,12,14,2,47%,456,79%,17,3,0,0,2,BRA005
7757,12,16,3,53%,482,81%,14,2,0,1,5,BRA013
7758,12,18,7,53%,449,80%,13,2,0,1,4,BRA010
7758,12,16,5,47%,413,80%,12,1,0,1,5,BRA016
7759,12,7,3,53%,425,84%,11,4,0,4,8,BRA024
7759,12,16,8,47%,407,80%,14,3,0,0,2,BRA028
7760,12,15,6,63%,622,90%,17,1,0,3,4,BRA021
7760,12,6,1,37%,352,84%,14,2,0,0,3,BRA019
7762,12,20,3,79%,685,89%,9,1,0,1,8,BRA022
7762,12,9,4,21%,183,64%,12,3,1,0,3,BRA001
7761,12,21,2,43%,384,82%,12,2,1,3,11,BRA003
7761,12,11,6,57%,522,86%,9,2,1,0,4,BRA015
7763,12,17,3,32%,276,71%,17,6,0,1,3,BRA009
7763,12,6,2,68%,573,82%,17,3,0,4,3,BRA042
7764,12,29,12,49%,361,82%,12,2,0,2,12,BRA033
7764,12,10,2,51%,392,83%,16,1,1,2,4,BRA004
7765,12,4,3,49%,424,81%,17,3,0,2,4,BRA023
7765,12,12,4,51%,435,80%,16,1,0,2,3,BRA006
7766,13,14,1,45%,368,79%,15,0,0,1,7,BRA019
7766,13,9,1,55%,454,83%,10,2,0,6,6,BRA013
7767,13,12,5,43%,341,81%,13,4,0,0,3,BRA040
7767,13,18,7,57%,441,85%,18,3,0,0,9,BRA010
7768,13,16,3,48%,373,84%,18,4,0,1,9,BRA005
7768,13,10,3,52%,406,85%,13,1,0,1,8,BRA021
7769,13,24,3,61%,372,80%,12,4,2,3,12,BRA016
7769,13,10,3,39%,251,70%,11,6,0,2,1,BRA003
7770,13,17,3,67%,603,85%,7,1,0,3,6,BRA015
7770,13,9,2,33%,300,73%,13,4,0,1,4,BRA024
7771,13,18,8,78%,597,87%,13,4,2,5,7,BRA028
7771,13,10,6,22%,178,60%,13,6,2,3,2,BRA009
7772,13,14,4,49%,325,69%,5,0,0,5,8,BRA001
7772,13,18,8,51%,355,70%,8,1,0,1,5,BRA023
7773,13,5,3,34%,276,72%,11,4,1,1,2,BRA031
7773,13,26,6,66%,513,87%,15,3,0,1,7,BRA004
7774,13,9,4,51%,486,83%,15,3,0,4,3,BRA006
7774,13,19,3,49%,479,87%,8,0,0,1,6,BRA022
7775,13,23,7,61%,446,82%,9,1,0,2,7,BRA033
7775,13,12,3,39%,287,73%,17,3,0,1,3,BRA042
7776,14,15,8,56%,550,88%,9,2,0,0,1,BRA028
7776,14,14,4,44%,427,88%,16,4,0,2,9,BRA016
7777,14,10,6,30%,247,68%,14,4,0,0,5,BRA003
7777,14,23,6,70%,560,87%,11,1,0,3,10,BRA010
7778,14,23,7,53%,430,78%,17,1,0,2,7,BRA021
7778,14,15,5,47%,387,77%,13,2,0,1,7,BRA001
7779,14,7,2,38%,335,73%,10,3,0,4,2,BRA040
7779,14,9,1,62%,527,85%,20,3,0,0,3,BRA015
7780,14,8,3,33%,328,77%,15,5,0,0,3,BRA023
7780,14,17,6,67%,663,90%,14,0,0,1,1,BRA005
7781,14,7,4,49%,395,78%,18,4,0,0,2,BRA006
7781,14,15,4,51%,392,74%,17,1,0,1,5,BRA033
7782,14,11,3,80%,730,89%,14,2,0,1,6,BRA022
7782,14,9,1,20%,182,66%,18,3,0,1,1,BRA009
7783,14,15,5,46%,311,71%,14,3,0,2,4,BRA024
7783,14,13,2,54%,356,75%,16,3,1,0,6,BRA019
7784,14,10,5,49%,352,82%,16,2,0,0,4,BRA013
7784,14,7,2,51%,369,81%,18,2,0,6,2,BRA004
7785,14,4,2,41%,400,80%,7,4,0,1,1,BRA031
7785,14,29,9,59%,527,87%,15,3,0,0,16,BRA042
7786,15,17,3,56%,574,90%,11,2,0,1,6,BRA031
7786,15,8,4,44%,475,88%,11,1,0,0,6,BRA005
7787,15,3,2,42%,374,82%,12,3,0,0,4,BRA015
7787,15,15,6,58%,519,90%,11,0,0,4,6,BRA022
7788,15,16,7,46%,418,82%,15,4,0,2,7,BRA040
7788,15,12,6,54%,489,86%,13,2,0,0,3,BRA021
7789,15,9,4,61%,391,84%,24,4,0,3,3,BRA013
7789,15,12,5,39%,257,77%,20,3,1,0,2,BRA028
7790,15,35,7,72%,553,84%,12,1,1,0,9,BRA033
7790,15,13,5,28%,231,60%,15,2,0,0,2,BRA003
7791,15,13,3,40%,374,76%,12,0,0,2,4,BRA019
7791,15,12,3,60%,562,84%,10,0,0,3,4,BRA006
7792,15,8,2,47%,346,78%,20,7,0,1,0,BRA042
7792,15,11,3,53%,376,81%,9,5,0,2,3,BRA004
7793,15,21,5,53%,412,77%,14,2,0,2,11,BRA001
7793,15,21,3,47%,377,78%,8,2,0,2,3,BRA024
7794,15,11,4,37%,288,75%,11,2,1,1,2,BRA016
7794,15,22,7,63%,479,87%,22,3,0,1,6,BRA023
7795,15,18,6,65%,434,77%,11,1,1,6,9,BRA010
7795,15,9,1,35%,248,67%,19,4,0,0,4,BRA009
7796,16,8,2,54%,434,81%,6,3,0,0,7,BRA006
7796,16,37,13,46%,355,76%,5,1,0,1,19,BRA010
7797,16,18,6,60%,501,87%,16,2,0,0,9,BRA022
7797,16,17,6,40%,344,79%,17,3,0,2,10,BRA013
7798,16,11,3,34%,256,70%,15,2,0,0,2,BRA024
7798,16,20,4,66%,481,86%,10,1,0,3,2,BRA003
7799,16,15,6,53%,426,81%,11,2,0,0,7,BRA031
7799,16,19,2,47%,350,81%,19,1,0,0,11,BRA016
7800,16,12,4,51%,457,82%,12,4,0,1,3,BRA021
7800,16,7,2,49%,433,81%,7,2,0,3,6,BRA015
7802,16,12,6,39%,295,74%,9,0,0,1,2,BRA023
7802,16,12,5,61%,454,83%,15,1,0,2,6,BRA033
7803,16,11,2,60%,496,84%,12,1,0,2,7,BRA005
7803,16,6,2,40%,340,78%,16,1,0,0,4,BRA042
7801,16,19,5,48%,349,79%,13,5,0,0,9,BRA040
7801,16,16,4,52%,370,83%,18,4,0,0,10,BRA004
7804,16,6,2,54%,473,82%,11,1,2,2,2,BRA009
7804,16,14,6,46%,404,81%,7,1,0,2,5,BRA019
7805,16,21,4,68%,647,86%,5,0,0,2,13,BRA028
7805,16,9,7,32%,309,71%,8,5,0,2,2,BRA001
7806,17,17,5,60%,501,84%,7,1,0,4,5,BRA003
7806,17,17,3,40%,338,73%,13,2,0,2,5,BRA028
7807,17,17,4,55%,543,90%,13,0,0,0,8,BRA021
7807,17,17,0,45%,447,87%,11,1,0,1,6,BRA016
7808,17,14,4,41%,338,76%,17,5,0,3,6,BRA006
7808,17,6,2,59%,474,83%,12,3,0,1,8,BRA040
7809,17,18,7,44%,434,82%,18,1,0,2,6,BRA013
7809,17,11,4,56%,542,84%,5,1,0,1,2,BRA015
7810,17,23,1,62%,473,83%,16,2,0,1,7,BRA031
7810,17,16,2,38%,307,75%,16,3,0,2,4,BRA024
7811,17,6,2,36%,328,76%,17,4,0,5,5,BRA042
7811,17,15,3,64%,583,86%,7,2,0,1,3,BRA022
7813,17,15,3,63%,555,87%,7,1,0,1,5,BRA004
7813,17,9,5,37%,334,79%,9,0,0,0,6,BRA023
7812,17,14,2,37%,275,76%,21,4,0,1,6,BRA009
7812,17,15,4,63%,487,88%,18,3,0,3,2,BRA005
7814,17,16,6,44%,408,81%,18,1,0,1,4,BRA010
7814,17,25,4,56%,490,84%,8,3,0,2,10,BRA001
7815,17,16,8,62%,494,84%,17,3,0,3,11,BRA033
7815,17,6,1,38%,310,73%,12,1,0,1,4,BRA019
7816,18,16,2,55%,444,83%,14,2,0,1,3,BRA006
7816,18,14,5,45%,366,77%,17,0,0,1,3,BRA013
7818,18,15,5,26%,211,73%,19,2,0,2,2,BRA024
7818,18,17,10,74%,603,90%,9,0,0,0,3,BRA022
7817,18,10,3,44%,319,70%,18,3,0,1,9,BRA023
7817,18,14,7,56%,406,78%,14,4,0,1,4,BRA010
7819,18,15,5,58%,527,85%,8,0,0,1,2,BRA004
7819,18,15,9,42%,383,80%,15,3,0,2,3,BRA003
7820,18,27,12,63%,550,91%,14,3,0,2,5,BRA021
7820,18,8,2,37%,317,82%,13,3,1,1,4,BRA031
7821,18,8,4,66%,586,88%,10,5,0,4,3,BRA042
7821,18,15,7,34%,297,82%,11,4,0,3,4,BRA028
7822,18,16,7,35%,298,75%,15,2,0,2,4,BRA040
7822,18,23,10,65%,553,87%,18,2,0,2,4,BRA009
7823,18,8,4,38%,372,82%,15,3,0,1,2,BRA016
7823,18,19,6,62%,584,89%,16,1,0,1,9,BRA015
7824,18,7,4,69%,672,90%,10,1,0,1,2,BRA005
7824,18,16,8,31%,296,77%,7,1,0,1,4,BRA019
7825,18,17,5,52%,419,81%,6,3,0,2,7,BRA033
7825,18,15,3,48%,399,77%,16,5,0,1,7,BRA001
7826,19,20,4,64%,541,86%,7,2,0,0,6,BRA042
7826,19,13,9,36%,308,80%,11,5,0,3,3,BRA024
7827,19,17,6,54%,494,82%,16,0,0,0,2,BRA009
7827,19,16,4,46%,410,80%,15,2,0,3,11,BRA003
7828,19,19,8,58%,453,85%,19,1,0,0,5,BRA021
7828,19,13,4,42%,333,81%,19,1,0,1,6,BRA006
7830,19,18,9,52%,391,83%,13,0,0,4,12,BRA033
7830,19,11,5,48%,374,77%,15,1,0,1,5,BRA028
7831,19,13,7,44%,337,81%,20,1,0,1,8,BRA031
7831,19,17,4,56%,429,85%,14,3,0,1,3,BRA013
7829,19,5,2,39%,331,72%,20,2,0,4,5,BRA010
7829,19,24,7,61%,528,82%,11,5,1,2,9,BRA022
7833,19,10,3,35%,318,67%,12,1,0,2,3,BRA001
7833,19,23,6,65%,554,83%,4,0,0,2,6,BRA004
7832,19,14,6,53%,521,83%,11,2,0,2,5,BRA005
7832,19,7,3,47%,474,79%,12,1,0,0,0,BRA015
7834,19,11,3,47%,375,71%,11,4,0,1,5,BRA040
7834,19,27,2,53%,381,80%,11,4,0,3,7,BRA023
7835,19,8,0,58%,490,84%,12,3,0,1,4,BRA019
7835,19,4,2,42%,365,75%,16,4,1,0,4,BRA016
7836,20,18,4,49%,356,79%,18,1,0,1,3,BRA024
7836,20,20,3,51%,355,80%,11,2,1,3,7,BRA016
7837,20,12,7,47%,373,79%,14,3,1,0,6,BRA013
7837,20,16,7,53%,424,86%,11,3,0,5,5,BRA033
7838,20,16,4,49%,484,78%,6,0,0,1,3,BRA015
7838,20,10,3,51%,488,80%,6,0,0,0,4,BRA009
7839,20,5,1,48%,433,84%,16,7,1,0,3,BRA004
7839,20,16,6,52%,469,85%,12,0,0,1,6,BRA021
7841,20,9,3,31%,277,70%,13,1,0,1,1,BRA028
7841,20,21,5,69%,600,88%,12,1,0,1,7,BRA005
7840,20,12,2,61%,484,85%,13,4,0,1,5,BRA042
7840,20,10,4,39%,312,75%,15,3,0,1,6,BRA003
7842,20,7,2,43%,344,77%,10,4,0,1,3,BRA023
7842,20,19,5,57%,429,80%,11,2,0,0,10,BRA019
7843,20,10,3,53%,422,79%,17,0,0,2,7,BRA006
7843,20,18,6,47%,372,76%,16,1,0,0,7,BRA001
7844,20,23,5,52%,445,85%,11,1,0,2,7,BRA010
7844,20,9,3,48%,421,79%,15,1,0,1,5,BRA031
7845,20,12,7,68%,660,91%,12,5,0,0,5,BRA022
7845,20,10,3,32%,314,79%,14,2,0,2,5,BRA040
7846,21,15,3,66%,506,83%,12,1,0,2,13,BRA031
7846,21,10,4,34%,278,69%,18,2,0,1,2,BRA001
7847,21,11,4,39%,347,77%,23,3,0,0,3,BRA009
7847,21,16,5,61%,533,84%,9,4,0,1,8,BRA013
7849,21,21,6,58%,449,86%,10,1,0,1,10,BRA010
7849,21,11,4,42%,338,79%,10,2,0,1,8,BRA004
7848,21,14,4,59%,522,81%,12,1,0,2,8,BRA015
7848,21,7,2,41%,367,78%,11,2,0,4,2,BRA006
7850,21,20,7,45%,423,79%,7,2,0,1,3,BRA021
7850,21,13,5,55%,495,83%,12,2,0,1,5,BRA042
7851,21,9,1,35%,300,77%,14,1,0,2,6,BRA019
7851,21,11,5,65%,558,88%,11,2,0,1,11,BRA022
7852,21,19,8,57%,438,84%,12,2,0,3,5,BRA033
7852,21,8,2,43%,342,80%,10,3,0,1,4,BRA024
7853,21,16,7,33%,266,74%,12,1,1,1,7,BRA023
7853,21,8,2,67%,547,87%,15,5,0,0,5,BRA028
7854,21,21,8,64%,504,87%,10,1,0,0,11,BRA005
7854,21,10,5,36%,287,79%,14,2,0,1,2,BRA003
7855,21,17,5,52%,464,85%,10,3,0,2,7,BRA040
7855,21,15,2,48%,427,82%,23,3,0,0,6,BRA016
7856,22,13,3,54%,391,81%,10,2,0,2,2,BRA006
7856,22,17,2,46%,314,78%,13,0,1,1,6,BRA024
7857,22,14,4,58%,490,81%,15,2,0,1,5,BRA015
7857,22,9,3,42%,369,76%,10,2,0,4,3,BRA033
7858,22,5,3,56%,443,82%,14,4,1,2,4,BRA031
7858,22,13,4,44%,341,80%,14,4,0,4,5,BRA019
7859,22,11,2,45%,396,78%,10,3,0,3,3,BRA004
7859,22,14,5,55%,459,84%,18,0,1,0,8,BRA009
7860,22,19,7,60%,531,82%,20,0,0,0,9,BRA005
7860,22,7,2,40%,370,75%,7,3,0,0,1,BRA016
7861,22,13,3,65%,483,78%,9,3,0,2,4,BRA013
7861,22,12,6,35%,266,63%,13,4,0,1,8,BRA023
7862,22,5,3,30%,260,76%,14,2,0,1,4,BRA003
7862,22,19,13,70%,571,91%,13,3,0,0,12,BRA021
7863,22,16,4,52%,381,77%,17,1,0,4,13,BRA042
7863,22,11,4,48%,362,82%,10,0,0,1,4,BRA010
7864,22,16,5,39%,343,68%,16,1,0,1,6,BRA001
7864,22,11,2,61%,541,79%,9,0,0,1,6,BRA040
7865,22,8,0,68%,628,90%,12,1,0,2,5,BRA022
7865,22,15,5,32%,295,80%,21,1,0,1,6,BRA028
7866,23,28,7,73%,591,85%,10,0,0,0,7,BRA005
7866,23,5,3,27%,233,63%,13,0,0,2,0,BRA024
7867,23,15,6,64%,571,88%,13,1,0,1,11,BRA022
7867,23,7,3,36%,334,82%,13,2,0,3,3,BRA016
7868,23,18,9,66%,557,86%,11,2,0,3,4,BRA009
7868,23,11,5,34%,289,71%,19,2,0,2,2,BRA031
7869,23,11,5,43%,385,76%,16,2,0,0,4,BRA021
7869,23,20,3,57%,487,83%,11,0,0,1,10,BRA033
7870,23,18,9,59%,532,83%,10,0,0,2,2,BRA003
7870,23,12,3,41%,369,75%,10,0,0,2,7,BRA001
7871,23,23,7,64%,484,88%,8,2,0,4,17,BRA019
7871,23,7,2,36%,300,76%,14,2,1,1,3,BRA004
7872,23,13,4,36%,284,73%,14,1,0,0,4,BRA023
7872,23,7,1,64%,494,81%,7,2,0,0,7,BRA015
7873,23,28,11,58%,427,83%,23,3,0,1,10,BRA010
7873,23,8,2,42%,325,73%,16,4,0,2,2,BRA013
7874,23,13,5,28%,269,77%,12,4,0,1,5,BRA040
7874,23,18,6,72%,669,87%,9,2,0,0,9,BRA042
7875,23,14,5,51%,476,80%,9,1,0,0,4,BRA028
7875,23,10,2,49%,464,79%,15,5,0,0,8,BRA006
7876,24,10,2,70%,486,85%,9,2,1,1,3,BRA004
7876,24,15,6,30%,211,72%,14,2,1,1,3,BRA024
7877,24,12,2,57%,460,85%,14,3,0,2,5,BRA006
7877,24,12,3,43%,358,79%,14,4,0,0,4,BRA016
7878,24,17,3,61%,544,90%,16,3,0,0,3,BRA022
7878,24,9,2,39%,350,82%,16,3,0,2,3,BRA033
7879,24,19,4,60%,402,81%,9,0,0,1,8,BRA013
7879,24,8,2,40%,289,73%,15,1,0,1,3,BRA003
7881,24,9,5,43%,313,72%,23,4,0,0,6,BRA001
7881,24,16,4,57%,421,78%,14,4,0,1,1,BRA005
7880,24,15,8,72%,613,85%,10,2,0,1,7,BRA042
7880,24,5,1,28%,242,64%,10,2,0,4,2,BRA023
7882,24,6,1,55%,502,79%,14,2,0,2,4,BRA021
7882,24,14,4,45%,417,80%,19,3,0,0,3,BRA009
7883,24,7,1,54%,451,82%,6,0,0,4,2,BRA040
7883,24,21,7,46%,366,77%,13,0,0,0,14,BRA019
7884,24,24,13,55%,521,87%,4,0,0,0,10,BRA028
7884,24,7,1,45%,435,82%,10,3,0,0,1,BRA031
7885,24,14,4,47%,437,74%,12,1,0,1,5,BRA015
7885,24,15,5,53%,488,81%,8,1,0,5,5,BRA010
7886,25,20,7,39%,283,79%,18,6,0,1,7,BRA031
7886,25,9,2,61%,468,86%,15,6,0,4,3,BRA006
7887,25,11,2,40%,323,72%,14,4,0,2,2,BRA010
7887,25,11,3,60%,445,77%,12,4,0,3,11,BRA033
7888,25,7,2,26%,241,72%,15,2,0,1,6,BRA003
7888,25,12,3,74%,699,90%,7,0,0,0,3,BRA022
7889,25,11,2,48%,404,79%,8,3,0,4,5,BRA016
7889,25,25,10,52%,429,82%,19,2,0,0,4,BRA001
7890,25,15,6,63%,483,86%,12,3,1,0,12,BRA021
7890,25,6,1,37%,296,73%,19,6,1,2,7,BRA013
7891,25,14,4,51%,485,79%,14,2,0,1,8,BRA028
7891,25,12,4,49%,493,82%,10,2,0,2,2,BRA015
7892,25,15,4,57%,386,74%,15,1,0,2,5,BRA023
7892,25,17,9,43%,291,69%,14,2,0,1,9,BRA009
7893,25,12,7,51%,484,82%,6,2,0,3,3,BRA005
7893,25,12,2,49%,451,83%,12,1,0,1,5,BRA004
7894,25,12,4,33%,277,74%,18,3,0,5,7,BRA019
7894,25,10,2,67%,574,87%,9,1,1,4,5,BRA042
7895,25,24,8,67%,516,84%,8,1,0,1,13,BRA040
7895,25,9,4,33%,270,65%,16,2,0,0,2,BRA024
7896,26,6,2,38%,363,80%,10,2,0,1,5,BRA010
7896,26,21,6,62%,592,84%,8,1,0,1,7,BRA005
7898,26,8,4,43%,343,78%,24,4,0,4,3,BRA013
7898,26,10,4,57%,452,84%,17,3,0,2,5,BRA040
7897,26,16,3,68%,716,89%,16,1,0,2,4,BRA028
7897,26,1,0,32%,331,72%,14,3,0,0,3,BRA019
7899,26,15,7,67%,514,85%,7,1,0,5,5,BRA022
7899,26,11,3,33%,245,72%,19,2,0,6,6,BRA023
7900,26,24,9,67%,498,85%,6,0,0,3,14,BRA033
7900,26,6,1,33%,251,65%,15,3,0,1,3,BRA031
7901,26,15,3,70%,550,85%,17,3,0,1,7,BRA006
7901,26,9,2,30%,250,67%,20,3,1,1,2,BRA003
7902,26,12,2,53%,421,74%,20,5,0,3,11,BRA001
7902,26,20,5,47%,366,76%,11,1,0,1,6,BRA009
7904,26,13,5,42%,322,74%,16,6,0,1,7,BRA016
7904,26,15,4,58%,454,85%,11,3,1,2,8,BRA004
7903,26,18,7,57%,473,80%,14,1,0,3,7,BRA015
7903,26,13,3,43%,355,74%,11,3,0,1,3,BRA042
7905,26,7,4,28%,219,73%,14,3,0,1,4,BRA024
7905,26,15,6,72%,548,89%,14,1,0,0,9,BRA021
7906,27,13,3,61%,458,79%,20,3,0,1,10,BRA005
7906,27,9,4,39%,307,72%,16,4,0,2,2,BRA006
7907,27,12,4,54%,420,80%,12,2,0,1,5,BRA009
7907,27,18,2,46%,347,79%,17,4,0,3,10,BRA016
7908,27,5,2,40%,295,72%,16,5,0,0,2,BRA024
7908,27,21,6,60%,431,82%,14,0,0,0,5,BRA010
7910,27,8,1,39%,329,75%,15,5,2,0,4,BRA013
7910,27,21,7,61%,512,84%,11,2,0,0,10,BRA042
7909,27,12,4,51%,440,84%,10,4,3,0,2,BRA022
7909,27,18,6,49%,415,86%,12,1,2,4,6,BRA021
7912,27,11,1,38%,324,75%,17,3,0,1,2,BRA023
7912,27,18,8,62%,498,82%,14,2,0,1,14,BRA031
7911,27,16,7,45%,379,81%,14,1,0,2,4,BRA001
7911,27,11,3,55%,462,81%,12,3,0,1,8,BRA015
7913,27,17,3,45%,374,80%,12,4,0,1,5,BRA040
7913,27,19,4,55%,432,82%,12,3,1,1,8,BRA033
7914,27,17,3,64%,455,83%,9,3,0,2,8,BRA003
7914,27,11,5,36%,258,70%,10,1,1,2,4,BRA019
7915,27,13,4,45%,356,80%,13,2,0,1,2,BRA028
7915,27,19,4,55%,398,82%,19,3,0,0,10,BRA004
7916,28,17,6,61%,568,89%,13,2,0,1,9,BRA042
7916,28,7,2,39%,363,82%,8,4,0,1,4,BRA006
7917,28,14,3,52%,389,80%,21,3,0,2,4,BRA003
7917,28,11,4,48%,358,75%,19,3,0,1,5,BRA040
7921,28,20,8,27%,241,77%,15,2,0,3,7,BRA023
7921,28,7,3,73%,668,88%,15,5,0,0,3,BRA021
7919,28,19,8,65%,611,87%,5,0,0,1,5,BRA015
7919,28,11,5,35%,330,80%,14,3,0,0,4,BRA004
7920,28,21,6,62%,658,91%,5,1,0,2,5,BRA022
7920,28,10,3,38%,409,83%,9,1,0,3,5,BRA031
7918,28,14,4,31%,256,75%,12,2,0,3,7,BRA016
7918,28,11,3,69%,557,88%,9,4,0,3,3,BRA013
7922,28,11,3,42%,311,72%,13,1,0,2,2,BRA019
7922,28,18,8,58%,426,79%,14,6,0,1,4,BRA001
7925,28,6,1,44%,328,74%,16,4,0,2,6,BRA024
7925,28,17,6,56%,394,79%,14,4,0,1,11,BRA009
7923,28,12,6,59%,544,83%,14,1,0,2,6,BRA028
7923,28,12,5,41%,384,78%,15,2,0,0,3,BRA010
7924,28,16,3,68%,516,84%,11,3,0,2,7,BRA005
7924,28,10,3,32%,245,65%,13,3,0,3,9,BRA033
7926,29,5,2,71%,627,89%,4,2,1,3,1,BRA022
7926,29,14,5,29%,250,78%,16,2,0,1,10,BRA005
7928,29,10,4,38%,261,65%,23,4,0,1,4,BRA001
7928,29,16,4,62%,407,80%,15,3,0,0,5,BRA013
7927,29,9,3,47%,455,83%,7,1,0,3,2,BRA028
7927,29,11,2,53%,503,86%,13,4,0,1,5,BRA040
7929,29,20,3,59%,419,81%,7,2,0,2,11,BRA006
7929,29,9,3,41%,312,76%,13,4,0,0,3,BRA004
7930,29,17,6,52%,336,83%,12,3,0,0,11,BRA003
7930,29,6,1,48%,333,81%,11,5,0,0,2,BRA031
7931,29,23,9,68%,671,90%,7,1,0,0,10,BRA021
7931,29,5,3,32%,328,83%,6,0,1,1,1,BRA010
7932,29,12,3,55%,421,81%,11,3,0,3,6,BRA024
7932,29,15,4,45%,357,73%,15,2,0,2,3,BRA023
7933,29,9,4,40%,422,81%,5,0,0,2,4,BRA019
7933,29,15,6,60%,650,86%,11,1,0,1,7,BRA015
7934,29,10,2,48%,399,77%,16,4,0,1,2,BRA009
7934,29,12,5,52%,421,80%,14,1,1,6,6,BRA033
7936,30,17,2,34%,326,77%,9,1,0,1,2,BRA031
7936,30,12,6,66%,650,87%,7,2,0,1,5,BRA015
7937,30,29,10,40%,301,77%,16,4,0,4,12,BRA004
7937,30,13,5,60%,482,86%,13,0,0,1,5,BRA022
7938,30,14,6,52%,339,82%,19,3,1,1,7,BRA013
7938,30,16,5,48%,316,80%,24,4,0,0,3,BRA024
7939,30,13,4,54%,461,82%,10,3,0,0,7,BRA019
7939,30,14,5,46%,412,81%,14,2,0,1,2,BRA010
7940,30,21,4,63%,484,80%,11,2,0,1,13,BRA003
7940,30,9,2,37%,300,66%,10,1,0,0,4,BRA023
7941,30,16,7,33%,338,80%,8,2,0,2,3,BRA028
7941,30,21,6,67%,661,89%,13,3,0,0,11,BRA021
7942,30,12,3,57%,461,80%,18,4,0,1,4,BRA005
7942,30,10,5,43%,350,78%,18,2,1,4,5,BRA040
7943,30,19,11,57%,501,89%,16,1,0,4,9,BRA033
7943,30,11,3,43%,396,83%,13,2,0,0,6,BRA016
7945,30,6,2,57%,441,81%,17,2,0,2,3,BRA006
7945,30,14,6,43%,346,80%,20,4,0,1,5,BRA009
7944,30,13,4,33%,277,66%,13,2,0,0,3,BRA001
7944,30,18,4,67%,563,85%,13,4,0,1,3,BRA042
7946,31,17,5,55%,405,87%,11,2,0,2,6,BRA021
7946,31,21,5,45%,326,80%,14,2,0,1,7,BRA019
7947,31,19,4,49%,389,75%,16,0,0,0,6,BRA003
7947,31,7,3,51%,412,78%,10,1,0,4,5,BRA015
7948,31,16,8,39%,290,78%,23,7,0,0,6,BRA024
7948,31,20,11,61%,463,85%,15,1,0,0,6,BRA028
7950,31,10,2,66%,624,86%,11,1,0,0,6,BRA006
7950,31,16,5,34%,327,80%,16,1,0,1,3,BRA023
7949,31,7,1,32%,248,66%,8,2,0,3,4,BRA009
7949,31,8,2,68%,500,81%,16,3,1,4,10,BRA042
7951,31,17,4,66%,488,85%,12,3,0,2,8,BRA010
7951,31,6,2,34%,269,66%,7,0,1,2,5,BRA016
7952,31,16,2,64%,565,85%,12,3,0,3,16,BRA005
7952,31,5,2,36%,328,76%,18,5,0,1,0,BRA013
7953,31,22,10,63%,511,85%,8,1,0,4,8,BRA022
7953,31,18,8,37%,303,73%,18,3,0,4,7,BRA001
7954,31,17,6,57%,451,84%,8,2,0,1,9,BRA033
7954,31,10,2,43%,350,77%,15,4,0,1,4,BRA004
7955,31,19,8,51%,437,85%,13,2,0,0,3,BRA040
7955,31,16,3,49%,432,84%,10,0,0,1,8,BRA031
7956,32,13,3,63%,563,85%,12,0,0,1,10,BRA005
7956,32,7,4,37%,348,78%,12,4,0,0,0,BRA021
7957,32,19,7,67%,457,82%,10,1,0,1,4,BRA001
7957,32,9,4,33%,234,64%,24,2,1,1,8,BRA023
7959,32,19,8,56%,358,85%,9,3,0,2,15,BRA033
7959,32,5,1,44%,305,75%,14,3,2,0,3,BRA042
7958,32,10,1,34%,211,52%,20,4,1,1,7,BRA019
7958,32,22,4,66%,377,78%,11,4,0,3,10,BRA013
7960,32,20,6,51%,470,88%,10,2,0,0,7,BRA031
7960,32,8,3,49%,472,82%,19,1,0,1,4,BRA004
7961,32,12,3,51%,488,84%,15,3,0,1,3,BRA009
7961,32,11,1,49%,475,78%,13,5,0,3,4,BRA028
7962,32,15,3,42%,407,83%,12,2,0,2,9,BRA006
7962,32,17,7,58%,565,84%,15,0,0,1,5,BRA022
7963,32,15,3,46%,343,78%,11,2,0,0,4,BRA016
7963,32,15,7,54%,387,79%,21,3,0,3,10,BRA003
7964,32,19,3,57%,400,82%,21,3,1,1,15,BRA010
7964,32,9,3,43%,335,76%,11,4,0,1,2,BRA040
7935,29,13,4,39%,347,80%,12,6,0,2,3,BRA016
7935,29,19,7,61%,554,87%,12,2,0,5,5,BRA042
7966,33,9,4,53%,412,78%,13,3,0,0,4,BRA003
7966,33,11,6,47%,376,78%,16,0,0,1,4,BRA010
7967,33,15,6,54%,413,75%,10,1,0,3,11,BRA021
7967,33,9,3,46%,348,72%,17,1,0,1,4,BRA001
7968,33,12,3,53%,486,84%,15,1,1,1,7,BRA040
7968,33,8,2,47%,454,82%,11,3,1,0,4,BRA015
7969,33,10,2,51%,401,85%,7,2,0,0,7,BRA006
7969,33,22,9,49%,384,86%,12,2,0,3,9,BRA033
7971,33,13,6,60%,599,90%,10,2,0,1,6,BRA042
7971,33,13,3,40%,410,88%,6,2,0,2,5,BRA031
7970,33,18,7,65%,623,89%,15,3,0,3,9,BRA022
7970,33,12,5,35%,341,81%,11,2,0,2,2,BRA009
7973,33,12,5,40%,330,78%,20,3,0,1,4,BRA004
7973,33,12,2,60%,497,84%,13,2,0,3,5,BRA013
7974,33,5,3,29%,227,64%,16,4,0,5,4,BRA024
7974,33,24,4,71%,558,84%,11,3,0,2,6,BRA019
7972,33,11,3,65%,527,87%,10,1,0,2,6,BRA028
7972,33,12,2,35%,272,77%,16,3,0,3,7,BRA016
7975,33,4,0,31%,235,60%,22,4,0,3,2,BRA023
7975,33,9,3,69%,519,84%,10,1,0,0,11,BRA005
7976,34,19,12,55%,523,85%,14,3,0,1,7,BRA021
7976,34,8,4,45%,439,82%,16,4,0,2,2,BRA040
7977,34,17,6,72%,576,88%,10,5,0,2,9,BRA033
7977,34,11,1,28%,235,70%,7,3,1,0,0,BRA003
7978,34,5,1,58%,448,80%,12,4,0,2,4,BRA010
7978,34,18,8,42%,329,80%,12,1,0,1,5,BRA009
7980,34,13,3,37%,316,78%,15,2,0,0,5,BRA013
7980,34,21,6,63%,526,87%,8,0,0,2,5,BRA028
7981,34,16,5,55%,405,80%,23,3,0,0,8,BRA001
7981,34,12,5,45%,343,71%,14,2,0,1,3,BRA024
7979,34,14,5,47%,429,82%,16,2,0,1,6,BRA015
7979,34,15,6,53%,480,86%,9,3,0,1,3,BRA022
7982,34,16,7,48%,412,76%,12,1,1,1,3,BRA016
7982,34,14,7,52%,441,79%,15,1,0,1,3,BRA023
7983,34,13,2,54%,459,84%,10,2,0,2,4,BRA042
7983,34,19,8,46%,392,85%,12,4,1,0,7,BRA004
7984,34,9,4,39%,354,85%,13,1,0,3,4,BRA031
7984,34,14,3,61%,555,89%,13,2,0,3,3,BRA005
7985,34,11,3,48%,420,79%,15,1,0,0,10,BRA019
7985,34,13,7,52%,459,84%,11,1,0,1,6,BRA006
7965,32,21,2,72%,613,86%,11,3,0,1,4,BRA015
7965,32,12,3,28%,236,67%,11,2,0,2,2,BRA024
7986,35,17,5,71%,690,92%,8,2,0,2,7,BRA022
7986,35,14,3,29%,283,80%,11,1,1,2,4,BRA013
7987,35,23,5,68%,561,87%,4,1,0,0,11,BRA009
7987,35,13,5,32%,277,71%,18,1,0,1,3,BRA019
7988,35,12,4,45%,344,77%,10,3,0,2,7,BRA042
7988,35,9,3,55%,417,79%,16,5,0,2,6,BRA005
7989,35,12,3,55%,435,78%,11,1,0,0,6,BRA024
7989,35,17,5,45%,366,77%,10,2,0,0,5,BRA003
7990,35,13,3,48%,414,76%,12,0,0,2,8,BRA028
7990,35,20,7,52%,435,80%,9,0,0,2,7,BRA001
7993,35,22,6,55%,468,85%,15,3,0,4,4,BRA004
7993,35,9,6,45%,392,81%,10,2,0,0,7,BRA040
7991,35,10,2,38%,280,65%,11,3,0,0,4,BRA031
7991,35,19,7,62%,441,81%,18,4,0,3,4,BRA016
7992,35,8,1,49%,419,75%,17,2,0,0,2,BRA006
7992,35,12,6,51%,436,77%,17,1,0,0,7,BRA010
7995,35,7,6,48%,518,84%,14,1,0,1,0,BRA015
7995,35,15,3,52%,542,86%,9,0,0,1,6,BRA021
7994,35,8,3,44%,419,79%,16,1,0,2,2,BRA023
7994,35,18,9,56%,522,85%,11,3,0,3,4,BRA033
7997,36,8,4,34%,333,80%,16,0,1,2,3,BRA042
7997,36,18,8,66%,633,88%,16,1,0,1,8,BRA022
7996,36,16,6,43%,377,81%,13,0,0,0,4,BRA006
7996,36,9,5,57%,477,86%,14,3,0,1,9,BRA040
7998,36,14,4,59%,447,80%,17,6,0,3,5,BRA010
7998,36,13,8,41%,320,68%,9,2,0,1,3,BRA001
7999,36,14,2,48%,283,78%,22,6,0,0,8,BRA031
7999,36,8,1,52%,309,83%,15,4,0,1,5,BRA024
8000,36,12,4,36%,319,78%,12,4,0,2,11,BRA013
8000,36,15,2,64%,566,85%,10,4,0,4,9,BRA015
8001,36,11,5,56%,442,79%,5,0,0,1,10,BRA028
8001,36,14,1,44%,357,77%,20,1,1,1,5,BRA003
8002,36,13,6,43%,333,75%,12,4,1,1,3,BRA004
8002,36,18,6,57%,415,82%,9,2,0,2,11,BRA023
8003,36,13,1,68%,515,87%,11,3,0,3,8,BRA021
8003,36,9,4,32%,245,69%,13,5,0,0,5,BRA016
8004,36,28,12,67%,493,81%,8,0,0,3,9,BRA033
8004,36,12,4,33%,254,64%,13,2,0,2,4,BRA019
8005,36,8,2,33%,270,68%,19,5,0,2,2,BRA009
8005,36,11,1,67%,530,84%,10,2,0,5,6,BRA005
8006,37,10,2,59%,511,89%,11,4,0,2,7,BRA042
8006,37,8,3,41%,374,82%,12,5,0,2,2,BRA028
8008,37,9,1,23%,192,72%,11,1,2,3,3,BRA024
8008,37,23,9,77%,639,90%,10,3,0,6,11,BRA022
8007,37,9,3,48%,375,78%,8,5,1,1,7,BRA015
8007,37,13,5,52%,384,83%,15,4,0,1,5,BRA016
8009,37,15,3,59%,428,84%,21,5,0,1,6,BRA013
8009,37,14,3,41%,300,79%,17,4,0,2,6,BRA006
8010,37,26,13,56%,432,87%,17,1,0,1,7,BRA023
8010,37,4,1,44%,350,80%,12,4,0,0,0,BRA010
8013,37,26,7,64%,497,80%,8,1,0,1,7,BRA004
8013,37,12,4,36%,283,72%,12,0,0,0,4,BRA003
8011,37,10,3,64%,512,86%,14,3,0,0,4,BRA021
8011,37,11,4,36%,294,75%,17,7,0,0,2,BRA031
8012,37,6,2,42%,286,72%,11,2,0,2,3,BRA001
8012,37,26,9,58%,401,80%,11,4,0,1,10,BRA033
8015,37,14,7,66%,635,90%,12,1,0,1,3,BRA005
8015,37,6,1,34%,326,78%,11,4,0,1,5,BRA019
8014,37,4,0,55%,467,84%,17,4,1,1,4,BRA040
8014,37,14,7,45%,391,83%,15,2,0,6,3,BRA009
8016,38,17,4,66%,579,91%,14,0,0,1,10,BRA021
8016,38,15,8,34%,313,81%,11,1,0,0,3,BRA006
8017,38,9,4,60%,415,83%,13,1,0,0,3,BRA009
8017,38,25,10,40%,271,75%,19,1,0,2,6,BRA003
8018,38,9,4,38%,297,76%,16,4,0,0,3,BRA031
8018,38,22,9,62%,467,84%,16,4,0,1,8,BRA013
8019,38,36,9,60%,420,82%,14,3,0,0,17,BRA001
8019,38,4,3,40%,319,73%,12,2,1,3,5,BRA004
8020,38,14,3,47%,361,78%,17,1,0,0,5,BRA040
8020,38,13,6,53%,396,79%,14,3,0,2,7,BRA023
8021,38,17,8,57%,505,88%,9,1,0,2,8,BRA019
8021,38,4,2,43%,389,82%,8,3,1,2,1,BRA016
8022,38,13,4,41%,319,77%,16,3,0,5,4,BRA010
8022,38,8,4,59%,463,82%,15,2,0,0,9,BRA022
8023,38,17,7,41%,351,82%,19,6,0,0,4,BRA005
8023,38,17,4,59%,494,84%,11,3,0,1,5,BRA015
8024,38,11,2,52%,306,82%,17,3,0,2,5,BRA033
8024,38,15,8,48%,287,77%,13,2,0,1,6,BRA028
8025,38,13,7,65%,591,90%,14,1,0,0,4,BRA042
8025,38,6,2,35%,330,80%,12,2,0,1,3,BRA024
8026,1,17,5,52%,455,84%,23,2,0,3,4,BRA033
8026,1,12,4,48%,427,79%,12,3,1,2,4,BRA019
8027,1,17,2,45%,333,79%,25,3,0,2,11,BRA001
8027,1,15,8,55%,440,83%,9,2,0,3,1,BRA022
8029,1,9,3,43%,343,72%,13,1,0,3,7,BRA007
8029,1,13,7,57%,435,77%,20,3,0,2,4,BRA010
8030,1,16,2,57%,478,83%,18,3,0,1,8,BRA024
8030,1,11,3,43%,368,78%,19,2,0,1,3,BRA003
8031,1,11,6,53%,471,80%,13,1,0,2,1,BRA028
8031,1,24,6,47%,399,79%,18,2,0,0,5,BRA023
8028,1,16,8,69%,647,88%,13,2,0,1,7,BRA042
8028,1,12,3,31%,295,77%,20,3,0,2,3,BRA009
8032,1,7,3,25%,207,65%,10,5,0,2,3,BRA044
8032,1,26,10,75%,601,87%,15,6,0,2,14,BRA005
8034,1,15,7,59%,541,88%,20,3,0,1,6,BRA021
8034,1,10,3,41%,380,85%,17,3,0,2,3,BRA016
8033,1,12,7,41%,405,77%,14,4,0,4,7,BRA015
8033,1,8,2,59%,576,85%,12,2,0,3,4,BRA018
8035,1,16,4,55%,471,81%,16,2,1,1,11,BRA040
8035,1,17,6,45%,402,77%,12,3,0,1,4,BRA025
8036,2,10,1,37%,341,81%,20,3,0,1,6,BRA003
8036,2,14,4,63%,559,87%,13,3,0,3,10,BRA022
8038,2,7,2,67%,508,80%,21,3,0,2,5,BRA010
8038,2,14,3,33%,245,68%,17,3,0,3,4,BRA019
8037,2,22,8,47%,385,81%,12,3,0,3,7,BRA001
8037,2,17,6,53%,435,83%,18,5,0,1,3,BRA042
8039,2,21,6,49%,488,80%,21,4,1,1,11,BRA018
8039,2,11,7,51%,511,79%,8,2,0,3,5,BRA025
8040,2,16,4,35%,310,81%,14,3,0,2,6,BRA028
8040,2,16,4,65%,588,87%,13,1,0,3,2,BRA021
8041,2,12,2,37%,316,77%,11,3,0,0,9,BRA040
8041,2,15,5,63%,551,84%,21,3,0,1,6,BRA005
8042,2,13,7,65%,466,80%,15,3,0,0,5,BRA033
8042,2,11,3,35%,255,69%,19,4,0,0,2,BRA044
8043,2,16,9,41%,343,78%,10,2,0,2,7,BRA023
8043,2,18,7,59%,497,84%,9,1,0,2,3,BRA016
8044,2,10,2,48%,392,80%,23,2,0,1,8,BRA015
8044,2,18,7,52%,392,81%,21,5,0,4,5,BRA024
8045,2,5,3,40%,366,78%,9,2,0,5,3,BRA009
8045,2,13,5,60%,539,83%,18,1,0,0,6,BRA007
8047,3,16,5,33%,288,73%,14,4,0,2,7,BRA016
8047,3,23,6,67%,613,87%,12,1,0,2,6,BRA042
8046,3,12,3,70%,598,90%,15,3,0,1,5,BRA022
8046,3,20,18,30%,256,76%,8,0,0,2,8,BRA023
8048,3,10,2,45%,437,82%,15,3,0,1,3,BRA015
8048,3,21,6,55%,508,84%,20,3,0,0,12,BRA033
8049,3,19,8,56%,368,76%,16,4,0,1,6,BRA001
8049,3,12,6,44%,294,73%,19,3,1,0,2,BRA040
8050,3,18,5,56%,471,81%,8,3,0,4,9,BRA018
8050,3,12,5,44%,369,78%,18,3,2,1,5,BRA010
8051,3,8,3,41%,398,80%,11,3,1,3,5,BRA003
8051,3,16,6,59%,574,86%,18,3,0,2,1,BRA005
8052,3,24,13,74%,642,88%,14,4,0,3,7,BRA021
8052,3,12,6,26%,225,69%,12,2,1,1,2,BRA009
8053,3,12,6,49%,432,80%,12,5,0,2,5,BRA025
8053,3,15,4,51%,410,83%,16,3,1,2,7,BRA019
8054,3,15,1,42%,329,81%,10,0,1,4,11,BRA024
8054,3,18,8,58%,463,86%,16,4,0,1,8,BRA028
8055,3,15,6,55%,430,80%,19,1,0,5,7,BRA044
8055,3,12,6,45%,355,75%,19,4,0,0,6,BRA007
8056,4,9,4,44%,397,77%,15,3,0,5,4,BRA040
8056,4,10,3,56%,496,80%,17,6,0,0,4,BRA018
8057,4,23,9,80%,733,89%,12,3,0,1,9,BRA022
8057,4,8,1,20%,195,59%,19,3,0,1,1,BRA044
8058,4,9,5,55%,476,80%,12,4,0,2,6,BRA019
8058,4,15,4,45%,404,78%,19,3,1,5,4,BRA001
8059,4,10,4,49%,406,79%,24,7,0,2,5,BRA016
8059,4,15,5,51%,423,79%,28,2,0,1,3,BRA007
8061,4,10,4,39%,349,77%,15,2,0,2,2,BRA003
8061,4,14,4,61%,532,84%,11,2,0,0,8,BRA021
8060,4,15,4,58%,486,87%,9,4,0,3,9,BRA028
8060,4,7,4,42%,374,81%,16,3,0,2,4,BRA042
8062,4,21,7,58%,470,75%,20,2,0,2,7,BRA010
8062,4,11,3,42%,353,69%,9,5,0,3,4,BRA025
8063,4,22,7,39%,341,81%,14,1,0,0,5,BRA009
8063,4,9,1,61%,536,85%,8,3,0,4,9,BRA005
8064,4,17,7,57%,524,88%,29,6,0,1,6,BRA033
8064,4,15,4,43%,396,84%,13,2,1,1,4,BRA024
8065,4,16,2,52%,511,88%,9,2,0,2,5,BRA023
8065,4,21,8,48%,488,85%,6,2,0,3,5,BRA015
8067,5,17,3,60%,550,86%,13,4,0,1,4,BRA007
8067,5,14,9,40%,379,79%,18,3,0,5,1,BRA040
8066,5,12,3,46%,423,84%,11,2,0,2,4,BRA028
8066,5,14,5,54%,516,85%,10,4,0,2,3,BRA003
8068,5,10,3,37%,271,61%,17,3,0,2,4,BRA001
8068,5,20,9,63%,438,78%,16,5,0,3,5,BRA010
8069,5,7,1,46%,465,86%,12,1,0,0,6,BRA019
8069,5,8,7,54%,551,86%,17,2,0,1,1,BRA005
8070,5,14,6,42%,406,83%,9,1,0,1,7,BRA024
8070,5,23,5,58%,551,89%,22,0,0,1,8,BRA021
8071,5,11,7,52%,469,86%,10,5,1,3,3,BRA022
8071,5,27,5,48%,401,88%,14,1,0,1,16,BRA018
8072,5,3,2,41%,407,80%,13,4,0,0,4,BRA025
8072,5,28,10,59%,562,88%,10,2,0,2,7,BRA033
8073,5,10,6,35%,303,73%,22,2,0,1,5,BRA016
8073,5,7,2,65%,543,83%,15,1,0,3,5,BRA044
8074,5,12,4,46%,527,87%,5,2,0,0,3,BRA015
8074,5,16,6,54%,604,89%,12,1,0,0,3,BRA009
8075,5,13,1,57%,482,85%,17,3,1,2,10,BRA042
8075,5,16,2,43%,369,80%,9,1,1,3,4,BRA023
8076,6,20,6,52%,411,84%,16,4,2,0,10,BRA007
8076,6,14,5,48%,390,85%,13,5,0,5,4,BRA021
8077,6,7,2,62%,644,87%,14,3,0,0,7,BRA022
8077,6,13,2,38%,391,85%,10,4,0,4,3,BRA019
8078,6,8,3,41%,332,79%,19,4,0,2,6,BRA010
8078,6,22,6,59%,444,81%,12,1,0,3,15,BRA033
8079,6,6,4,45%,425,76%,8,3,0,2,3,BRA028
8079,6,14,4,55%,514,79%,14,2,0,0,3,BRA005
8080,6,14,4,43%,389,76%,22,4,0,1,5,BRA023
8080,6,17,6,57%,514,80%,22,3,0,1,9,BRA025
8081,6,6,1,31%,247,65%,12,1,0,3,1,BRA040
8081,6,23,9,69%,515,83%,14,4,0,0,14,BRA044
8082,6,7,3,33%,344,80%,16,2,0,0,5,BRA015
8082,6,7,1,67%,691,89%,18,4,0,2,4,BRA042
8083,6,26,7,65%,593,82%,9,3,0,1,4,BRA003
8083,6,7,3,35%,324,66%,12,3,0,1,1,BRA016
8085,6,16,8,53%,427,80%,17,0,0,3,6,BRA018
8085,6,15,2,47%,380,78%,10,2,0,5,5,BRA001
8084,6,7,5,46%,342,78%,23,6,0,2,4,BRA024
8084,6,17,2,54%,393,76%,18,3,0,2,7,BRA009
8086,7,23,4,51%,430,83%,19,1,0,1,4,BRA007
8086,7,13,5,49%,423,80%,13,3,0,6,6,BRA024
8087,7,14,4,39%,291,68%,12,3,0,3,5,BRA003
8087,7,13,4,61%,453,82%,20,3,0,2,6,BRA010
8088,7,17,4,47%,395,82%,16,4,0,1,9,BRA044
8088,7,15,7,53%,460,81%,9,0,0,0,3,BRA042
8090,7,9,3,27%,284,67%,14,4,0,0,1,BRA001
8090,7,16,6,73%,744,88%,8,2,0,1,2,BRA023
8091,7,3,0,66%,539,87%,14,2,0,1,4,BRA022
8091,7,21,7,34%,272,79%,24,4,0,2,7,BRA009
8089,7,19,8,67%,544,87%,17,6,1,1,7,BRA005
8089,7,10,4,33%,273,74%,20,3,1,2,5,BRA016
8092,7,11,1,62%,553,83%,11,1,0,3,4,BRA033
8092,7,12,4,38%,345,71%,15,3,0,0,3,BRA040
8093,7,15,3,35%,356,81%,12,2,0,2,9,BRA015
8093,7,10,3,65%,672,91%,9,0,0,0,6,BRA021
8094,7,14,6,29%,233,60%,14,0,1,1,3,BRA025
8094,7,24,4,71%,568,86%,15,1,0,1,7,BRA028
8095,7,15,2,34%,289,66%,15,3,0,2,2,BRA019
8095,7,15,8,66%,539,81%,16,1,0,5,6,BRA018
8096,8,16,4,66%,539,85%,14,2,0,1,10,BRA003
8096,8,10,4,34%,282,68%,15,4,0,2,5,BRA025
8097,8,14,6,49%,370,81%,11,3,0,3,9,BRA023
8097,8,12,1,51%,387,80%,15,1,0,3,5,BRA044
8098,8,14,2,62%,618,86%,12,4,0,5,2,BRA021
8098,8,18,6,38%,378,80%,18,5,0,3,1,BRA018
8099,8,9,3,43%,392,77%,8,3,0,0,2,BRA019
8099,8,8,2,57%,518,82%,13,5,0,3,6,BRA016
8100,8,8,4,32%,283,78%,16,4,0,1,5,BRA024
8100,8,16,6,68%,604,90%,12,2,0,3,11,BRA042
8102,8,9,4,56%,528,84%,13,2,0,0,7,BRA007
8102,8,7,2,44%,429,82%,10,1,0,3,2,BRA028
8101,8,22,7,70%,728,91%,6,2,0,3,6,BRA022
8101,8,14,4,30%,309,77%,18,4,0,2,7,BRA015
8104,8,9,1,41%,341,69%,10,1,0,4,4,BRA040
8104,8,19,9,59%,483,78%,13,2,0,3,5,BRA010
8103,8,11,2,41%,347,79%,15,3,0,3,3,BRA033
8103,8,10,4,59%,489,84%,27,3,0,0,3,BRA005
8105,8,18,6,56%,473,84%,9,2,0,2,7,BRA009
8105,8,4,1,44%,386,77%,11,3,0,3,0,BRA001
8106,9,7,2,45%,367,75%,9,3,0,3,4,BRA007
8106,9,11,2,55%,418,80%,17,2,0,3,8,BRA023
8107,9,13,4,53%,422,81%,12,2,0,0,7,BRA009
8107,9,16,7,47%,390,82%,15,3,0,3,6,BRA003
8108,9,19,5,66%,445,84%,19,6,0,3,12,BRA018
8108,9,7,3,34%,249,67%,21,5,0,5,4,BRA005
8109,9,16,6,29%,287,66%,16,1,0,1,2,BRA001
8109,9,6,2,71%,700,84%,14,0,0,0,3,BRA015
8110,9,8,3,44%,385,80%,12,4,0,0,5,BRA028
8110,9,17,4,56%,476,83%,19,2,0,0,5,BRA040
8111,9,15,3,49%,398,80%,12,2,0,1,6,BRA010
8111,9,12,4,51%,422,82%,11,5,0,2,6,BRA022
8112,9,21,7,40%,374,78%,9,2,0,3,6,BRA025
8112,9,16,4,60%,550,85%,13,1,0,2,8,BRA042
8113,9,15,8,44%,368,80%,14,3,0,1,5,BRA019
8113,9,11,3,56%,447,83%,19,2,0,2,4,BRA024
8114,9,23,8,51%,412,86%,15,4,0,3,11,BRA033
8114,9,7,4,49%,413,85%,13,5,0,0,6,BRA016
8115,9,13,5,44%,413,81%,13,2,0,2,4,BRA044
8115,9,11,5,56%,538,85%,18,0,0,0,0,BRA021
8116,10,7,3,54%,414,79%,18,0,1,3,3,BRA040
8116,10,19,7,46%,348,75%,15,3,0,4,8,BRA016
8119,10,7,3,39%,358,68%,14,3,0,1,2,BRA010
8119,10,16,6,61%,552,78%,8,2,0,5,7,BRA005
8117,10,14,5,47%,405,77%,15,5,0,8,6,BRA007
8117,10,15,7,53%,465,81%,9,1,0,5,5,BRA018
8118,10,10,2,38%,340,80%,13,3,0,1,6,BRA019
8118,10,24,7,62%,531,88%,11,2,0,1,8,BRA015
8120,10,8,3,45%,412,81%,12,3,0,4,3,BRA023
8120,10,21,10,55%,492,85%,16,3,0,1,7,BRA009
8121,10,9,4,49%,361,70%,10,4,0,1,3,BRA003
8121,10,21,12,51%,364,75%,19,2,0,1,7,BRA001
8122,10,10,4,34%,306,75%,16,1,0,2,3,BRA033
8122,10,26,6,66%,580,87%,15,2,1,0,8,BRA042
8123,10,11,3,44%,410,82%,13,2,0,0,7,BRA028
8123,10,14,5,56%,519,86%,21,3,0,4,6,BRA044
8124,10,14,4,53%,501,81%,20,0,0,1,3,BRA021
8124,10,25,8,47%,442,79%,17,3,0,1,7,BRA025
8125,10,22,9,40%,314,79%,15,3,0,5,6,BRA024
8125,10,13,4,60%,475,86%,23,3,0,1,7,BRA022
8126,11,12,3,68%,561,82%,9,4,0,1,5,BRA018
8126,11,10,2,32%,267,65%,12,4,0,7,2,BRA023
8127,11,8,5,57%,479,82%,15,3,0,3,4,BRA042
8127,11,14,5,43%,365,83%,11,2,0,2,4,BRA003
8128,11,10,4,49%,439,82%,14,4,0,1,2,BRA015
8128,11,12,4,51%,427,84%,17,2,0,0,5,BRA040
8129,11,14,6,51%,427,81%,19,4,0,0,5,BRA005
8129,11,9,4,49%,419,84%,20,2,0,5,3,BRA022
8130,11,10,3,54%,438,80%,16,3,0,7,8,BRA033
8130,11,9,3,46%,385,81%,18,4,0,6,6,BRA007
8131,11,22,9,73%,729,87%,10,0,0,2,10,BRA025
8131,11,8,2,27%,279,66%,11,1,1,3,2,BRA001
8133,11,5,3,47%,452,83%,13,2,0,2,2,BRA009
8133,11,23,9,53%,484,84%,11,2,0,2,6,BRA019
8134,11,21,5,60%,521,88%,19,2,0,4,8,BRA044
8134,11,8,1,40%,362,78%,24,3,0,3,2,BRA024
8132,11,14,4,53%,381,77%,23,2,0,1,10,BRA016
8132,11,5,4,47%,364,78%,14,4,0,6,5,BRA028
8135,11,7,0,40%,353,73%,5,0,0,2,2,BRA021
8135,11,36,13,60%,496,83%,2,0,0,2,17,BRA010
8136,12,24,6,34%,321,77%,25,5,0,1,5,BRA003
8136,12,12,3,66%,606,87%,11,2,0,1,5,BRA015
8137,12,15,3,52%,468,85%,11,0,0,0,10,BRA007
8137,12,17,10,48%,443,82%,9,1,1,2,9,BRA022
8138,12,9,3,41%,420,84%,10,1,0,1,3,BRA023
8138,12,18,4,59%,591,87%,13,1,1,1,8,BRA005
8139,12,14,8,70%,615,88%,15,3,0,8,5,BRA042
8139,12,6,0,30%,264,71%,14,1,0,1,6,BRA018
8140,12,6,2,35%,278,70%,14,3,0,0,1,BRA009
8140,12,15,4,65%,472,81%,17,0,0,4,12,BRA033
8141,12,17,8,51%,404,78%,10,2,0,2,8,BRA025
8141,12,17,7,49%,399,80%,17,4,1,4,5,BRA016
8144,12,4,0,39%,317,74%,23,2,0,6,4,BRA024
8144,12,20,6,61%,469,83%,17,2,0,0,10,BRA010
8142,12,8,2,61%,505,84%,6,1,0,1,2,BRA028
8142,12,15,3,39%,311,74%,25,2,0,0,3,BRA001
8143,12,12,6,32%,347,80%,14,2,0,2,2,BRA040
8143,12,10,4,68%,716,88%,11,1,0,1,7,BRA021
8145,12,14,3,53%,417,80%,13,3,0,5,6,BRA019
8145,12,9,2,47%,384,78%,19,6,0,2,4,BRA044
8146,13,21,4,55%,473,84%,16,2,0,2,12,BRA042
8146,13,4,2,45%,407,82%,7,2,1,1,2,BRA022
8147,13,10,4,60%,549,83%,13,2,0,1,5,BRA021
8147,13,14,5,40%,361,79%,14,0,0,2,4,BRA023
8148,13,14,7,53%,462,79%,11,2,0,6,2,BRA025
8148,13,16,5,47%,402,80%,21,3,0,0,7,BRA007
8149,13,9,3,46%,440,81%,14,2,1,1,4,BRA018
8149,13,15,4,54%,516,85%,12,6,0,1,2,BRA028
8150,13,10,5,60%,545,83%,17,2,0,1,2,BRA010
8150,13,12,4,40%,367,70%,15,3,0,5,4,BRA015
8151,13,16,6,59%,457,83%,10,2,0,0,4,BRA009
8151,13,12,4,41%,330,79%,15,5,0,1,8,BRA044
8152,13,12,5,47%,367,78%,16,1,1,1,4,BRA005
8152,13,23,6,53%,405,78%,19,2,0,3,7,BRA001
8153,13,11,5,46%,381,80%,9,0,1,4,2,BRA033
8153,13,27,5,54%,437,83%,20,4,0,1,7,BRA003
8154,13,15,6,48%,362,83%,7,0,0,1,9,BRA019
8154,13,5,2,52%,396,78%,16,2,0,1,5,BRA040
8155,13,13,8,35%,276,68%,24,8,0,1,2,BRA016
8155,13,18,6,65%,477,81%,20,5,0,1,7,BRA024
8156,14,6,2,59%,505,83%,13,3,0,0,5,BRA007
8156,14,10,6,41%,346,74%,12,2,0,9,5,BRA019
8157,14,7,5,43%,363,76%,18,3,0,1,6,BRA018
8157,14,9,1,57%,465,82%,7,2,0,3,4,BRA044
8158,14,8,2,40%,397,75%,7,2,0,0,2,BRA015
8158,14,26,6,60%,562,84%,15,3,0,0,10,BRA005
8159,14,14,7,43%,307,70%,16,5,0,2,7,BRA016
8159,14,17,4,57%,405,79%,20,3,0,0,8,BRA001
8160,14,10,4,57%,517,88%,16,3,0,3,7,BRA021
8160,14,11,4,43%,388,81%,13,2,0,5,4,BRA033
8161,14,19,5,66%,542,85%,19,2,1,4,13,BRA024
8161,14,15,6,34%,266,71%,17,6,1,1,8,BRA040
8163,14,6,1,41%,295,67%,9,2,0,0,4,BRA042
8163,14,26,4,59%,418,75%,16,2,0,0,6,BRA010
8162,14,10,0,44%,403,80%,16,3,0,0,4,BRA028
8162,14,14,8,56%,510,85%,18,2,0,3,7,BRA022
8164,14,10,2,47%,378,79%,18,3,0,0,2,BRA003
8164,14,20,6,53%,415,81%,9,3,0,7,7,BRA023
8165,14,15,6,48%,470,83%,13,5,0,1,2,BRA009
8165,14,22,4,52%,481,80%,8,2,0,1,10,BRA025
8166,15,17,8,63%,503,81%,11,1,0,3,11,BRA010
8166,15,10,3,37%,301,66%,16,1,0,1,4,BRA009
8167,15,13,2,56%,436,80%,14,1,0,1,11,BRA018
8167,15,14,6,44%,343,74%,11,4,0,5,8,BRA016
8168,15,21,6,69%,494,84%,17,5,0,2,10,BRA023
8168,15,7,1,31%,242,66%,17,4,0,2,0,BRA019
8169,15,8,3,46%,392,80%,20,5,1,1,1,BRA021
8169,15,16,8,54%,448,83%,25,7,0,1,8,BRA022
8170,15,8,3,35%,246,72%,16,5,0,2,3,BRA040
8170,15,24,7,65%,463,84%,21,3,0,2,4,BRA042
8171,15,8,6,47%,448,82%,9,1,0,0,3,BRA007
8171,15,15,7,53%,493,84%,14,2,0,4,5,BRA003
8172,15,16,5,53%,446,81%,13,3,0,2,7,BRA033
8172,15,9,4,47%,392,80%,18,1,0,1,4,BRA028
8173,15,6,1,62%,515,82%,14,4,1,0,4,BRA005
8173,15,17,3,38%,315,75%,16,5,0,0,6,BRA024
8176,16,11,6,35%,241,73%,28,6,0,1,4,BRA023
8176,16,14,7,65%,432,83%,17,3,0,1,4,BRA033
8177,16,16,4,33%,289,71%,13,4,0,4,7,BRA001
8177,16,16,7,67%,565,86%,8,2,0,4,12,BRA021
8178,16,12,3,72%,555,88%,17,5,0,0,4,BRA042
8178,16,13,6,28%,212,74%,9,2,0,2,2,BRA019
8179,16,5,1,40%,333,73%,20,2,0,4,5,BRA015
8179,16,18,5,60%,482,83%,13,3,0,2,11,BRA007
8180,16,17,3,62%,563,83%,17,4,0,1,8,BRA005
8180,16,6,2,38%,355,70%,7,3,0,0,3,BRA025
8181,16,11,5,45%,359,73%,14,2,0,3,4,BRA028
8181,16,20,4,55%,409,73%,15,3,0,0,13,BRA010
8183,16,7,2,31%,260,70%,21,5,0,2,1,BRA024
8183,16,16,1,69%,566,83%,8,4,0,2,13,BRA018
8182,16,7,2,36%,294,70%,23,3,0,1,2,BRA040
8182,16,18,7,64%,502,81%,20,3,0,0,8,BRA009
8184,16,18,2,57%,423,86%,19,2,0,2,8,BRA044
8184,16,9,2,43%,338,78%,21,3,1,1,2,BRA003
8185,16,15,3,73%,614,88%,7,1,0,1,11,BRA022
8185,16,9,5,27%,225,68%,15,2,0,0,7,BRA016
8186,17,15,9,72%,576,87%,18,6,0,0,6,BRA022
8186,17,3,0,28%,221,75%,20,6,0,0,2,BRA040
8187,17,15,6,53%,413,82%,16,1,0,1,7,BRA003
8187,17,14,5,47%,361,77%,23,4,0,1,5,BRA018
8188,17,17,4,70%,744,88%,14,3,1,2,7,BRA028
8188,17,12,5,30%,324,77%,11,2,0,1,5,BRA019
8190,17,10,2,45%,374,73%,16,2,0,5,2,BRA023
8190,17,22,11,55%,432,77%,24,3,0,1,9,BRA010
8189,17,23,5,44%,517,88%,11,0,0,0,6,BRA044
8189,17,12,6,56%,648,89%,12,2,0,0,0,BRA015
8191,17,6,5,61%,580,86%,14,5,0,0,2,BRA021
8191,17,20,5,39%,356,80%,21,3,0,1,7,BRA005
8192,17,17,11,63%,546,84%,14,0,0,7,10,BRA042
8192,17,13,2,37%,327,74%,14,4,0,1,5,BRA007
8193,17,14,7,52%,438,81%,12,1,0,7,4,BRA033
8193,17,15,7,48%,411,83%,13,2,0,1,5,BRA001
8194,17,14,7,57%,504,87%,14,1,0,0,7,BRA009
8194,17,9,5,43%,385,84%,12,3,0,1,3,BRA016
8195,17,9,2,56%,522,84%,11,2,0,1,5,BRA025
8195,17,16,2,44%,415,80%,20,4,0,2,6,BRA024
8196,18,3,2,36%,323,78%,27,2,0,2,3,BRA003
8196,18,8,3,64%,562,86%,19,3,0,2,3,BRA040
8197,18,9,3,36%,317,76%,15,1,0,2,5,BRA024
8197,18,12,6,64%,563,88%,10,3,0,0,2,BRA023
8198,18,9,3,44%,445,84%,7,3,0,2,4,BRA015
8198,18,15,4,56%,563,86%,18,3,1,0,1,BRA028
8199,18,10,5,55%,422,82%,18,4,1,3,0,BRA022
8199,18,18,5,45%,314,79%,22,2,0,3,8,BRA033
8200,18,11,5,54%,473,82%,19,1,0,1,5,BRA044
8200,18,12,4,46%,404,76%,17,1,0,1,7,BRA025
8201,18,19,3,68%,573,87%,16,6,0,6,9,BRA042
8201,18,8,2,32%,276,73%,17,5,0,1,3,BRA005
8202,18,11,2,49%,344,69%,22,5,0,0,4,BRA010
8202,18,9,1,51%,335,72%,21,3,0,2,3,BRA016
8204,18,13,4,68%,563,84%,17,1,0,1,8,BRA018
8204,18,2,1,32%,279,69%,7,2,0,1,1,BRA009
8203,18,8,5,33%,233,67%,19,3,1,3,2,BRA001
8203,18,22,7,67%,468,85%,20,4,0,2,7,BRA007
8205,18,10,5,63%,525,89%,9,0,0,0,6,BRA021
8205,18,17,6,37%,295,84%,9,2,0,1,10,BRA019
8206,19,10,4,49%,482,79%,10,3,0,4,3,BRA028
8206,19,18,10,51%,481,82%,15,3,0,0,7,BRA009
8207,19,11,4,39%,317,77%,15,2,0,4,2,BRA005
8207,19,14,5,61%,477,85%,12,1,1,1,9,BRA007
8208,19,15,2,67%,655,88%,12,0,1,2,7,BRA001
8208,19,9,3,33%,344,74%,12,1,0,1,3,BRA024
8210,19,19,7,72%,712,90%,7,4,0,2,8,BRA022
8210,19,13,5,28%,285,75%,11,3,0,3,3,BRA025
8209,19,12,4,46%,447,82%,13,2,0,0,2,BRA016
8209,19,17,9,54%,529,86%,17,2,0,2,4,BRA015
8211,19,9,3,45%,305,75%,20,1,0,3,6,BRA040
8211,19,25,10,55%,363,80%,19,2,0,1,10,BRA023
8212,19,19,7,54%,561,87%,13,2,0,3,8,BRA021
8212,19,8,1,46%,502,84%,15,6,0,4,2,BRA042
8213,19,13,5,47%,396,80%,26,3,0,1,5,BRA018
8213,19,12,4,53%,423,81%,13,2,0,1,3,BRA033
8214,19,24,7,64%,497,84%,12,3,0,0,7,BRA010
8214,19,8,4,36%,281,66%,17,5,0,3,6,BRA044
8215,19,12,6,54%,428,80%,22,5,0,1,5,BRA003
8215,19,11,1,46%,358,80%,12,3,0,1,3,BRA019
8217,20,19,5,77%,656,87%,14,4,0,1,10,BRA028
8217,20,8,3,23%,201,56%,12,5,0,1,6,BRA023
8216,20,13,4,64%,564,85%,12,4,0,7,5,BRA042
8216,20,12,1,36%,319,74%,9,2,0,0,2,BRA009
8218,20,18,5,47%,373,81%,18,6,0,1,2,BRA033
8218,20,13,3,53%,388,84%,17,2,0,2,9,BRA019
8219,20,13,3,28%,256,75%,12,1,0,0,1,BRA001
8219,20,19,5,72%,656,91%,7,1,0,3,7,BRA022
8220,20,5,2,54%,480,86%,13,3,0,1,3,BRA015
8220,20,19,8,46%,399,83%,17,3,0,1,10,BRA018
8221,20,16,3,41%,350,76%,20,6,0,1,3,BRA044
8221,20,10,5,59%,508,85%,14,3,0,0,7,BRA005
8223,20,13,5,47%,350,68%,11,2,0,1,4,BRA007
8223,20,11,7,53%,384,76%,18,5,0,5,7,BRA010
8224,20,19,7,56%,395,81%,16,6,0,0,9,BRA040
8224,20,9,3,44%,334,78%,21,4,1,2,4,BRA025
8222,20,15,4,37%,298,75%,10,3,0,2,4,BRA016
8222,20,17,5,63%,522,84%,10,3,0,0,5,BRA021
8225,20,13,3,46%,357,77%,15,2,0,2,4,BRA024
8225,20,14,5,54%,426,83%,16,4,0,2,7,BRA003
8226,21,5,1,40%,367,81%,20,4,0,3,3,BRA028
8226,21,8,4,60%,529,85%,13,2,0,2,6,BRA021
8227,21,19,5,35%,343,80%,15,1,0,0,6,BRA024
8227,21,20,7,65%,626,89%,16,3,0,0,7,BRA015
8228,21,11,4,64%,520,81%,21,4,0,1,11,BRA010
8228,21,6,3,36%,297,63%,14,3,0,0,4,BRA019
8229,21,10,5,43%,380,75%,14,2,0,1,4,BRA009
8229,21,19,6,57%,493,81%,10,3,0,3,7,BRA007
8231,21,9,4,25%,218,67%,21,5,2,2,4,BRA001
8231,21,13,5,75%,630,87%,9,1,1,0,6,BRA042
8230,21,13,0,43%,367,88%,12,2,0,1,2,BRA040
8230,21,15,6,57%,471,89%,22,5,0,2,5,BRA005
8232,21,13,5,55%,513,87%,20,2,0,2,9,BRA033
8232,21,4,2,45%,427,85%,15,3,0,1,2,BRA044
8233,21,12,6,53%,419,81%,22,3,0,1,2,BRA023
8233,21,10,2,47%,370,78%,22,6,0,0,3,BRA016
8234,21,10,4,28%,226,61%,9,3,1,1,2,BRA003
8234,21,23,10,72%,571,87%,15,3,0,4,8,BRA022
8235,21,6,1,61%,528,82%,20,3,0,0,5,BRA018
8235,21,10,4,39%,340,71%,12,4,0,5,6,BRA025
8236,22,11,2,37%,330,76%,16,1,2,3,5,BRA024
8236,22,11,2,63%,575,86%,13,3,1,2,5,BRA028
8237,22,9,7,48%,435,78%,13,3,0,1,7,BRA005
8237,22,23,6,52%,445,82%,13,1,1,1,12,BRA003
8238,22,12,4,53%,464,86%,8,3,0,2,6,BRA021
8238,22,17,7,47%,405,82%,14,3,1,1,12,BRA009
8239,22,11,5,41%,413,80%,18,2,0,3,2,BRA025
8239,22,17,3,59%,553,89%,16,1,0,0,9,BRA019
8241,22,13,5,65%,535,85%,13,4,0,4,5,BRA022
8241,22,20,5,35%,293,76%,16,3,0,2,7,BRA023
8240,22,6,2,43%,380,86%,13,1,1,2,2,BRA015
8240,22,16,4,57%,474,85%,17,2,1,1,11,BRA033
8242,22,6,1,46%,419,78%,17,3,1,2,0,BRA044
8242,22,11,3,54%,477,81%,22,2,0,2,6,BRA007
8243,22,15,3,49%,317,70%,16,1,0,4,8,BRA018
8243,22,13,5,51%,341,69%,15,5,0,3,5,BRA010
8244,22,12,7,37%,346,73%,14,1,0,4,3,BRA001
8244,22,10,2,63%,587,86%,16,4,1,2,5,BRA040
8246,23,15,9,41%,371,77%,19,2,0,0,2,BRA003
8246,23,13,5,59%,512,85%,12,2,1,4,8,BRA021
8247,23,15,5,43%,438,82%,17,5,0,0,4,BRA028
8247,23,11,3,57%,574,84%,14,4,0,0,7,BRA042
8248,23,12,1,55%,430,78%,8,3,0,2,8,BRA040
8248,23,15,7,45%,354,72%,13,2,0,1,9,BRA018
8249,23,23,6,52%,451,85%,14,1,0,0,6,BRA023
8249,23,6,2,48%,439,82%,17,2,0,1,3,BRA015
8250,23,18,10,45%,358,77%,17,1,0,1,2,BRA007
8250,23,15,6,55%,430,84%,14,3,0,5,7,BRA016
8251,23,16,4,59%,538,83%,21,4,0,3,5,BRA010
8251,23,10,4,41%,382,75%,16,2,0,1,1,BRA025
8252,23,20,8,64%,549,85%,11,1,0,3,9,BRA019
8252,23,7,3,36%,334,70%,18,4,1,1,1,BRA001
8253,23,8,3,32%,285,71%,19,1,1,5,3,BRA024
8253,23,18,6,68%,555,87%,12,3,0,2,6,BRA033
8254,23,19,8,72%,592,90%,7,1,0,1,11,BRA022
8254,23,9,4,28%,240,77%,12,4,0,0,4,BRA044
8255,23,7,0,59%,543,88%,12,1,0,1,3,BRA009
8255,23,13,6,41%,377,81%,15,2,0,4,5,BRA005
8174,15,16,7,45%,431,85%,10,1,0,1,4,BRA025
8174,15,21,8,55%,511,88%,17,1,0,1,6,BRA015
8256,24,19,5,63%,543,86%,13,1,0,2,6,BRA007
8256,24,16,7,37%,317,75%,13,2,0,2,8,BRA040
8257,24,7,2,36%,290,63%,7,1,0,0,2,BRA001
8257,24,21,6,64%,503,80%,17,2,0,2,14,BRA010
8258,24,7,1,34%,304,71%,15,1,0,3,3,BRA024
8258,24,10,2,66%,589,84%,14,3,0,1,2,BRA021
8259,24,11,4,60%,568,88%,6,6,0,3,7,BRA022
8259,24,7,3,40%,382,81%,15,1,0,2,3,BRA018
8260,24,13,7,74%,658,87%,21,3,0,0,9,BRA042
8260,24,8,4,26%,245,69%,14,6,0,0,0,BRA023
8261,24,8,3,46%,412,85%,15,3,0,2,0,BRA016
8261,24,19,12,54%,465,86%,10,1,0,1,6,BRA044
8262,24,13,4,57%,457,82%,17,5,0,1,5,BRA028
8262,24,15,6,43%,353,79%,12,3,0,1,7,BRA003
8263,24,18,4,66%,420,84%,14,3,0,3,11,BRA033
8263,24,7,2,34%,236,67%,15,3,1,1,2,BRA025
8264,24,19,5,67%,668,89%,18,4,0,2,6,BRA015
8264,24,9,2,33%,342,78%,8,4,1,1,1,BRA009
8265,24,7,3,65%,582,87%,15,3,0,3,6,BRA005
8265,24,9,3,35%,311,80%,14,3,0,1,3,BRA019
8175,15,18,8,33%,301,74%,16,3,2,1,3,BRA001
8175,15,15,3,67%,572,87%,15,2,0,2,8,BRA044
8245,22,7,2,36%,314,77%,12,3,0,0,3,BRA016
8245,22,14,6,64%,553,85%,12,2,0,2,4,BRA042
8266,25,6,4,33%,272,73%,13,2,1,3,2,BRA007
8266,25,15,5,67%,535,86%,11,1,0,1,12,BRA021
8267,25,18,6,51%,482,86%,10,1,0,1,3,BRA023
8267,25,15,3,49%,466,84%,12,2,0,1,7,BRA025
8268,25,6,2,46%,404,86%,14,2,0,1,4,BRA015
8268,25,22,8,54%,470,89%,14,5,0,2,11,BRA042
8269,25,7,2,40%,371,86%,12,2,1,3,0,BRA022
8269,25,17,6,60%,538,89%,18,3,0,2,7,BRA019
8270,25,15,4,64%,570,87%,17,1,1,0,4,BRA028
8270,25,8,5,36%,323,77%,11,1,0,1,4,BRA005
8271,25,17,2,60%,525,84%,15,3,1,2,9,BRA018
8271,25,18,7,40%,343,75%,10,3,0,1,7,BRA001
8273,25,17,5,35%,292,79%,19,5,2,4,5,BRA040
8273,25,13,5,65%,545,87%,12,1,1,2,11,BRA044
8272,25,11,5,65%,441,83%,12,4,0,2,11,BRA003
8272,25,7,3,35%,249,75%,21,2,0,3,2,BRA016
8274,25,22,8,68%,529,85%,14,4,0,0,6,BRA010
8274,25,10,3,32%,256,65%,20,2,0,3,4,BRA033
8275,25,8,3,39%,350,76%,16,4,0,2,3,BRA024
8275,25,18,6,61%,501,84%,18,4,0,1,8,BRA009
8276,26,13,9,37%,290,74%,6,2,0,1,4,BRA007
8276,26,22,7,63%,481,84%,8,2,0,2,6,BRA024
8277,26,11,2,38%,335,82%,15,4,0,3,7,BRA044
8277,26,12,4,62%,562,88%,7,1,0,1,3,BRA042
8278,26,14,5,42%,368,80%,5,3,0,2,2,BRA015
8278,26,20,7,58%,515,85%,13,3,0,0,8,BRA021
8279,26,7,2,55%,446,82%,9,4,0,4,1,BRA025
8279,26,16,7,45%,383,77%,15,6,0,5,4,BRA028
8281,26,12,5,33%,304,77%,14,2,0,1,2,BRA009
8281,26,19,5,67%,612,87%,15,2,0,3,3,BRA022
8280,26,26,6,70%,506,88%,8,2,0,7,6,BRA033
8280,26,12,10,30%,228,68%,11,3,0,1,2,BRA040
8282,26,12,3,57%,429,77%,15,4,0,0,7,BRA010
8282,26,23,6,43%,323,71%,15,2,0,6,8,BRA003
8283,26,13,3,63%,587,84%,12,2,0,1,2,BRA005
8283,26,9,4,37%,355,76%,7,2,0,1,5,BRA016
8284,26,15,3,40%,351,76%,12,1,0,2,2,BRA001
8284,26,18,5,60%,491,85%,11,2,0,3,8,BRA023
8285,26,8,2,52%,440,84%,20,3,0,1,5,BRA018
8285,26,10,2,48%,407,83%,9,0,0,3,5,BRA019
8286,27,20,7,48%,440,79%,13,6,0,1,8,BRA003
8286,27,11,5,52%,469,79%,9,2,1,1,4,BRA025
8287,27,8,6,36%,306,71%,11,2,0,2,4,BRA019
8287,27,19,3,64%,516,81%,14,0,0,2,4,BRA016
8288,27,6,2,53%,460,81%,15,1,0,0,1,BRA009
8288,27,24,7,47%,380,78%,6,1,0,4,12,BRA001
8289,27,8,3,75%,699,89%,15,3,0,0,3,BRA042
8289,27,7,3,25%,231,64%,18,4,0,0,6,BRA024
8291,27,12,4,52%,406,82%,9,2,0,1,6,BRA023
8291,27,18,8,48%,383,80%,7,3,0,1,6,BRA044
8290,27,14,4,46%,378,76%,14,1,0,4,5,BRA007
8290,27,12,1,54%,442,79%,13,1,1,0,3,BRA028
8293,27,9,2,58%,513,85%,11,2,0,1,3,BRA021
8293,27,12,5,42%,370,81%,20,3,0,3,9,BRA018
8292,27,12,4,56%,461,82%,17,6,0,2,7,BRA033
8292,27,13,3,44%,386,75%,19,3,0,2,2,BRA005
8294,27,26,7,37%,362,71%,8,4,0,5,5,BRA040
8294,27,15,9,63%,624,82%,8,1,0,0,4,BRA010
8295,27,24,10,76%,690,91%,15,3,2,2,15,BRA022
8295,27,7,3,24%,234,74%,15,3,0,2,1,BRA015
8296,28,16,5,61%,459,86%,13,1,0,4,13,BRA019
8296,28,10,3,39%,329,79%,17,3,0,5,2,BRA024
8297,28,3,2,42%,334,71%,17,3,0,2,3,BRA025
8297,28,20,8,58%,456,83%,24,1,0,1,6,BRA042
8298,28,16,3,48%,351,80%,23,6,0,0,7,BRA007
8298,28,10,5,52%,376,82%,13,4,0,5,2,BRA023
8300,28,14,4,45%,355,79%,15,3,0,3,7,BRA018
8300,28,9,1,55%,418,82%,24,3,0,0,1,BRA005
8301,28,10,5,47%,394,82%,10,1,0,1,7,BRA021
8301,28,17,7,53%,429,82%,15,2,0,1,8,BRA044
8302,28,13,7,51%,455,87%,18,1,0,2,3,BRA028
8302,28,9,3,49%,422,85%,9,1,0,0,6,BRA040
8303,28,21,2,41%,363,82%,17,3,0,0,7,BRA010
8303,28,12,5,59%,511,83%,13,2,0,3,3,BRA022
8305,28,13,4,29%,270,74%,13,3,0,0,4,BRA001
8305,28,20,6,71%,644,86%,15,2,0,1,4,BRA015
8304,28,19,6,54%,451,79%,18,1,0,2,6,BRA033
8304,28,13,3,46%,392,79%,13,1,0,2,3,BRA016
8299,28,10,5,61%,563,86%,11,2,0,1,6,BRA009
8299,28,10,2,39%,366,77%,12,1,0,4,3,BRA003
8306,29,13,3,58%,410,80%,13,2,0,1,17,BRA010
8306,29,9,5,42%,311,69%,13,4,0,4,5,BRA005
8307,29,22,8,58%,478,81%,14,0,0,3,14,BRA003
8307,29,12,6,42%,355,71%,14,1,0,0,5,BRA001
8308,29,9,4,34%,323,81%,21,2,0,1,1,BRA024
8308,29,20,8,66%,619,88%,14,4,0,3,6,BRA022
8310,29,3,0,54%,421,85%,16,2,1,2,0,BRA042
8310,29,12,8,46%,361,84%,15,3,0,3,5,BRA033
8309,29,6,0,61%,544,88%,10,2,0,1,2,BRA007
8309,29,14,5,39%,349,81%,11,2,0,1,1,BRA018
8311,29,8,4,63%,632,87%,16,4,0,0,1,BRA021
8311,29,11,4,37%,357,78%,14,3,0,0,6,BRA025
8312,29,9,5,51%,500,84%,13,3,0,0,5,BRA015
8312,29,18,2,49%,459,83%,11,1,0,2,6,BRA019
8313,29,9,5,47%,460,87%,14,4,0,3,1,BRA028
8313,29,15,6,53%,481,88%,17,1,2,1,7,BRA044
8314,29,24,6,64%,480,83%,15,2,0,1,11,BRA040
8314,29,3,2,36%,287,67%,21,3,1,2,2,BRA016
8317,30,17,11,57%,541,83%,5,2,0,1,7,BRA025
8317,30,15,6,43%,403,78%,11,0,0,1,5,BRA001
8316,30,26,9,63%,510,86%,15,1,0,5,6,BRA033
8316,30,5,1,37%,305,72%,17,2,1,0,1,BRA007
8318,30,18,3,46%,392,81%,15,2,0,2,9,BRA005
8318,30,11,3,54%,452,86%,11,1,0,2,4,BRA022
8319,30,5,2,58%,482,84%,12,5,0,0,3,BRA042
8319,30,16,5,42%,340,81%,13,1,0,3,4,BRA003
8320,30,5,2,56%,427,84%,12,3,1,1,2,BRA044
8320,30,18,6,44%,322,77%,17,2,0,0,7,BRA024
8321,30,12,7,38%,288,76%,18,5,0,1,1,BRA016
8321,30,18,10,62%,457,85%,13,7,1,0,5,BRA028
8322,30,17,7,62%,446,80%,22,6,0,3,10,BRA015
8322,30,10,3,38%,289,71%,14,2,0,1,3,BRA040
8323,30,32,9,68%,577,88%,12,1,0,2,7,BRA009
8323,30,6,1,32%,290,74%,17,5,0,4,2,BRA019
8326,31,8,5,44%,405,78%,15,2,0,1,2,BRA007
8326,31,17,4,56%,506,82%,16,3,0,1,4,BRA022
8327,31,11,2,43%,395,76%,14,2,0,2,5,BRA001
8327,31,15,4,57%,514,81%,15,0,0,0,3,BRA028
8328,31,12,4,44%,423,80%,4,1,0,2,1,BRA015
8328,31,19,3,56%,518,81%,11,2,0,2,7,BRA003
8330,31,15,5,39%,336,81%,16,1,1,2,6,BRA040
8330,31,8,4,61%,529,86%,13,2,2,0,1,BRA021
8329,31,19,4,48%,395,76%,7,2,0,0,11,BRA025
8329,31,13,2,52%,426,79%,11,1,1,0,6,BRA016
8331,31,8,2,43%,380,76%,14,2,0,1,4,BRA023
8331,31,11,4,57%,501,80%,10,0,0,1,0,BRA005
8332,31,18,8,39%,301,80%,12,6,1,0,2,BRA009
8332,31,15,6,61%,434,88%,13,5,0,3,6,BRA033
8333,31,10,3,49%,461,83%,10,1,0,2,1,BRA044
8333,31,13,2,51%,463,86%,13,2,0,0,5,BRA019
8334,31,20,5,42%,264,70%,18,3,0,5,10,BRA024
8334,31,23,7,58%,375,80%,18,3,0,1,7,BRA010
8335,31,13,5,56%,506,87%,10,1,0,5,3,BRA042
8335,31,19,4,44%,405,83%,12,3,1,1,4,BRA018
8336,32,7,3,41%,380,72%,9,2,0,1,5,BRA025
8336,32,19,5,59%,542,81%,17,4,0,0,4,BRA007
8337,32,15,6,60%,545,83%,20,2,1,2,4,BRA005
8337,32,12,4,40%,366,74%,11,1,1,0,0,BRA001
8338,32,18,6,47%,386,73%,17,3,0,2,2,BRA033
8338,32,15,2,53%,426,80%,17,4,0,1,2,BRA003
8339,32,20,5,63%,514,85%,9,2,0,2,8,BRA018
8339,32,9,3,37%,328,75%,10,1,0,0,1,BRA028
8341,32,18,4,53%,477,86%,9,1,0,5,4,BRA023
8341,32,7,5,47%,450,82%,11,3,0,0,3,BRA021
8340,32,19,6,56%,383,76%,14,1,0,0,10,BRA010
8340,32,9,2,44%,313,67%,12,2,0,0,6,BRA015
8342,32,8,2,51%,429,79%,17,3,0,0,5,BRA016
8342,32,22,8,49%,428,80%,22,3,0,1,9,BRA024
8343,32,12,2,59%,457,80%,13,4,0,2,4,BRA009
8343,32,9,3,41%,327,72%,23,2,0,2,4,BRA044
8344,32,4,2,61%,477,80%,13,1,0,0,4,BRA040
8344,32,7,0,39%,312,71%,7,2,0,1,4,BRA019
8346,33,8,4,61%,584,89%,16,2,0,0,3,BRA022
8346,33,20,5,39%,370,83%,13,2,0,4,5,BRA028
8347,33,11,3,60%,547,85%,16,0,0,0,8,BRA001
8347,33,10,5,40%,385,78%,13,1,0,1,4,BRA016
8348,33,20,3,57%,347,76%,20,1,0,3,14,BRA003
8348,33,13,3,43%,273,71%,12,0,0,1,2,BRA023
8349,33,15,5,58%,445,83%,10,2,0,0,9,BRA042
8349,33,10,3,42%,322,74%,24,2,0,2,5,BRA010
8350,33,12,6,52%,512,91%,13,1,0,0,4,BRA021
8350,33,12,1,48%,467,90%,17,1,1,3,5,BRA033
8351,33,13,3,59%,435,80%,19,2,0,2,5,BRA024
8351,33,15,4,41%,319,76%,13,1,0,1,6,BRA040
8352,33,15,9,39%,348,75%,8,1,0,3,5,BRA015
8352,33,14,3,61%,528,86%,19,4,0,0,6,BRA005
8354,33,12,5,52%,395,77%,8,0,0,0,2,BRA009
8354,33,13,6,48%,378,73%,17,2,0,0,6,BRA025
8353,33,15,4,63%,555,85%,10,1,1,0,7,BRA007
8353,33,11,6,37%,326,83%,23,3,0,3,4,BRA019
8356,34,13,4,56%,409,79%,18,4,0,1,5,BRA018
8356,34,7,3,44%,341,75%,15,4,0,2,1,BRA016
8357,34,13,4,59%,545,89%,17,4,1,2,2,BRA022
8357,34,11,7,41%,383,83%,13,1,1,3,5,BRA021
8358,34,7,5,62%,559,85%,13,2,0,1,3,BRA028
8358,34,18,10,38%,343,76%,13,1,0,3,6,BRA033
8359,34,25,7,66%,475,80%,12,2,0,0,7,BRA010
8359,34,11,4,34%,256,57%,16,1,0,3,3,BRA009
8360,34,26,9,74%,596,87%,15,2,1,2,12,BRA025
8360,34,10,4,26%,222,65%,6,6,1,0,1,BRA015
8361,34,11,3,30%,251,76%,12,0,0,1,1,BRA040
8361,34,12,3,70%,587,87%,14,2,0,1,4,BRA042
8362,34,16,6,51%,393,82%,12,1,0,0,8,BRA001
8362,34,17,6,49%,378,83%,13,1,0,0,7,BRA044
8363,34,8,4,48%,407,79%,17,1,1,1,3,BRA005
8363,34,21,6,52%,428,81%,16,2,0,3,7,BRA024
8365,34,13,3,65%,605,89%,15,2,0,2,9,BRA023
8365,34,7,4,35%,340,80%,7,1,0,2,2,BRA019
8364,34,6,4,49%,404,76%,14,4,0,0,5,BRA003
8364,34,28,5,51%,408,77%,8,3,0,0,11,BRA007
8324,30,7,2,47%,333,79%,14,1,0,0,1,BRA018
8324,30,18,7,53%,347,81%,16,1,0,6,11,BRA023
8345,32,4,1,40%,328,81%,14,5,1,2,4,BRA042
8345,32,24,8,60%,492,90%,25,5,0,1,3,BRA022
8355,33,9,4,51%,377,80%,9,0,1,6,5,BRA044
8355,33,14,4,49%,372,79%,12,1,0,3,7,BRA018
8315,29,15,4,30%,237,71%,17,2,0,2,4,BRA023
8315,29,9,1,70%,551,85%,19,4,0,0,5,BRA009
8325,30,16,4,53%,433,77%,10,4,0,2,8,BRA021
8325,30,19,3,47%,389,77%,15,3,1,2,6,BRA010
8366,35,14,4,66%,604,86%,9,2,0,1,3,BRA015
8366,35,13,7,34%,331,77%,14,3,0,1,3,BRA007
8367,35,8,2,45%,350,76%,19,4,0,2,1,BRA044
8367,35,18,4,55%,411,83%,15,1,0,2,5,BRA003
8368,35,15,2,34%,316,79%,10,2,0,3,5,BRA016
8368,35,21,8,66%,612,89%,15,2,0,1,6,BRA022
8369,35,17,6,44%,425,84%,10,2,0,1,7,BRA005
8369,35,21,6,56%,536,85%,12,2,0,0,7,BRA025
8370,35,8,5,54%,435,81%,15,3,0,4,5,BRA040
8370,35,18,5,46%,364,81%,14,2,0,1,4,BRA009
8373,35,8,2,33%,277,64%,18,5,0,0,4,BRA028
8373,35,13,5,67%,539,83%,13,5,0,4,7,BRA010
8371,35,11,1,42%,380,84%,9,4,0,0,3,BRA001
8371,35,24,8,58%,514,86%,13,4,0,0,7,BRA021
8372,35,19,4,63%,668,90%,12,2,0,1,5,BRA042
8372,35,3,0,37%,395,83%,11,0,0,2,1,BRA019
8374,35,20,8,37%,266,77%,18,2,0,0,4,BRA023
8374,35,13,5,63%,438,83%,11,2,1,1,7,BRA033
8375,35,10,3,49%,362,80%,18,3,0,0,4,BRA024
8375,35,12,7,51%,366,81%,17,3,0,3,5,BRA018
8376,36,20,9,53%,512,89%,9,3,0,0,8,BRA044
8376,36,14,5,47%,489,87%,5,2,0,1,3,BRA015
8377,36,9,5,72%,730,89%,9,3,0,0,3,BRA022
8377,36,27,9,28%,268,83%,18,2,0,3,5,BRA040
8378,36,19,4,59%,554,87%,12,3,0,0,10,BRA021
8378,36,11,6,41%,421,81%,12,2,0,3,1,BRA005
8380,36,12,4,56%,490,90%,12,2,0,1,5,BRA028
8380,36,10,1,44%,390,84%,13,3,0,1,2,BRA019
8379,36,14,5,68%,592,89%,11,3,0,3,5,BRA042
8379,36,14,3,32%,278,77%,15,4,0,0,3,BRA007
8381,36,24,6,54%,462,84%,11,1,1,0,10,BRA009
8381,36,13,2,46%,421,81%,15,4,1,0,3,BRA016
8382,36,25,12,46%,357,82%,10,2,0,2,10,BRA033
8382,36,5,1,54%,440,83%,15,2,0,2,2,BRA001
8383,36,14,6,49%,437,77%,14,2,0,1,3,BRA024
8383,36,13,8,51%,435,78%,16,3,0,0,6,BRA025
8384,36,6,3,42%,352,81%,13,4,0,1,3,BRA003
8384,36,26,9,58%,457,86%,10,3,0,1,2,BRA018
8385,36,6,4,25%,218,55%,10,4,0,2,3,BRA023
8385,36,17,6,75%,610,84%,9,1,2,0,15,BRA010
8386,37,9,2,48%,491,87%,4,2,1,2,5,BRA015
8386,37,11,3,52%,525,87%,13,2,0,1,4,BRA028
8387,37,16,5,52%,435,87%,9,1,0,0,5,BRA042
8387,37,7,2,48%,401,85%,15,4,0,0,3,BRA005
8388,37,2,1,32%,307,84%,9,1,0,1,2,BRA019
8388,37,19,6,68%,653,91%,13,2,0,0,6,BRA021
8389,37,6,2,65%,586,89%,12,2,1,3,1,BRA022
8389,37,22,5,35%,301,83%,11,1,0,1,7,BRA033
8390,37,7,3,39%,347,77%,13,3,0,4,2,BRA018
8390,37,16,2,61%,523,86%,17,4,0,3,6,BRA009
8391,37,11,3,43%,346,79%,15,2,1,1,2,BRA001
8391,37,27,5,57%,449,85%,4,0,0,3,10,BRA007
8392,37,5,1,54%,531,87%,14,4,0,0,2,BRA024
8392,37,6,1,46%,441,85%,19,2,0,2,4,BRA023
8393,37,6,0,35%,265,67%,10,1,0,1,6,BRA016
8393,37,27,9,65%,467,81%,16,4,0,1,12,BRA010
8395,37,12,6,54%,406,80%,18,5,0,1,6,BRA003
8395,37,13,3,46%,337,81%,15,4,0,0,6,BRA040
8394,37,13,5,46%,385,80%,18,3,0,1,5,BRA025
8394,37,8,1,54%,418,85%,12,1,0,2,6,BRA044
8396,38,14,2,41%,358,77%,12,2,0,3,8,BRA024
8396,38,11,3,59%,499,89%,13,2,0,2,7,BRA001
8397,38,7,3,54%,569,87%,10,1,0,2,1,BRA028
8397,38,9,5,46%,473,87%,10,2,0,3,5,BRA009
8398,38,13,5,45%,452,90%,17,1,0,0,6,BRA016
8398,38,13,6,55%,538,90%,12,0,0,1,6,BRA015
8399,38,23,7,70%,643,93%,12,3,0,0,7,BRA022
8399,38,12,5,30%,280,79%,12,3,0,0,3,BRA025
8400,38,14,6,56%,445,82%,9,1,0,0,3,BRA018
8400,38,8,5,44%,349,80%,19,1,0,0,4,BRA033
8401,38,15,6,36%,318,75%,16,2,0,2,3,BRA007
8401,38,7,5,64%,550,84%,10,2,0,3,5,BRA005
8402,38,17,3,57%,506,87%,15,3,0,2,9,BRA003
8402,38,14,6,43%,400,85%,9,2,1,3,5,BRA019
8403,38,15,6,55%,353,77%,15,2,0,4,10,BRA040
8403,38,14,7,45%,295,70%,9,3,0,2,6,BRA023
8404,38,10,2,58%,535,89%,16,3,0,0,9,BRA021
8404,38,9,3,42%,406,84%,13,0,0,2,4,BRA042
8405,38,9,2,55%,398,80%,14,1,1,1,3,BRA010
8405,38,13,6,45%,321,78%,8,3,0,0,2,BRA044
8406,1,0,0,,0,,0,0,0,0,0,BRA007
8406,1,0,0,,0,,0,0,0,0,0,BRA028
8407,1,0,0,,0,,0,0,0,0,0,BRA017
8407,1,0,0,,0,,0,0,0,0,0,BRA031
8408,1,0,0,,0,,0,0,0,0,0,BRA022
8408,1,0,0,,0,,0,0,0,0,0,BRA010
8409,1,0,0,,0,,0,0,0,0,0,BRA042
8409,1,0,0,,0,,0,0,0,0,0,BRA023
8411,1,0,0,,0,,0,0,0,0,0,BRA019
8411,1,0,0,,0,,0,0,0,0,0,BRA003
8410,1,0,0,,0,,0,0,0,0,0,BRA025
8410,1,0,0,,0,,0,0,0,0,0,BRA044
8412,1,0,0,,0,,0,0,0,0,0,BRA004
8412,1,0,0,,0,,0,0,0,0,0,BRA021
8413,1,0,0,,0,,0,0,0,0,0,BRA005
8413,1,0,0,,0,,0,0,0,0,0,BRA015
8414,1,0,0,,0,,0,0,0,0,0,BRA018
8414,1,0,0,,0,,0,0,0,0,0,BRA009
8415,1,0,0,,0,,0,0,0,0,0,BRA033
8415,1,0,0,,0,,0,0,0,0,0,BRA045
8416,2,0,0,,0,,0,0,0,0,0,BRA007
8416,2,0,0,,0,,0,0,0,0,0,BRA022
8418,2,0,0,,0,,0,0,0,0,0,BRA003
8418,2,0,0,,0,,0,0,0,0,0,BRA025
8417,2,0,0,,0,,0,0,0,0,0,BRA010
8417,2,0,0,,0,,0,0,0,0,0,BRA044
8421,2,0,0,,0,,0,0,0,0,0,BRA017
8421,2,0,0,,0,,0,0,0,0,0,BRA005
8419,2,0,0,,0,,0,0,0,0,0,BRA023
8419,2,0,0,,0,,0,0,0,0,0,BRA018
8422,2,0,0,,0,,0,0,0,0,0,BRA031
8422,2,0,0,,0,,0,0,0,0,0,BRA015
8420,2,0,0,,0,,0,0,0,0,0,BRA028
8420,2,0,0,,0,,0,0,0,0,0,BRA033
8423,2,0,0,,0,,0,0,0,0,0,BRA021
8423,2,0,0,,0,,0,0,0,0,0,BRA042
8424,2,0,0,,0,,0,0,0,0,0,BRA009
8424,2,0,0,,0,,0,0,0,0,0,BRA004
8426,3,0,0,,0,,0,0,0,0,0,BRA044
8426,3,0,0,,0,,0,0,0,0,0,BRA022
8428,3,0,0,,0,,0,0,0,0,0,BRA025
8428,3,0,0,,0,,0,0,0,0,0,BRA019
8427,3,0,0,,0,,0,0,0,0,0,BRA010
8427,3,0,0,,0,,0,0,0,0,0,BRA015
8429,3,0,0,,0,,0,0,0,0,0,BRA018
8429,3,0,0,,0,,0,0,0,0,0,BRA005
8430,3,0,0,,0,,0,0,0,0,0,BRA033
8430,3,0,0,,0,,0,0,0,0,0,BRA021
8431,3,0,0,,0,,0,0,0,0,0,BRA007
8431,3,0,0,,0,,0,0,0,0,0,BRA045
8432,3,0,0,,0,,0,0,0,0,0,BRA028
8432,3,0,0,,0,,0,0,0,0,0,BRA003
8434,3,0,0,,0,,0,0,0,0,0,BRA004
8434,3,0,0,,0,,0,0,0,0,0,BRA042
8433,3,0,0,,0,,0,0,0,0,0,BRA009
8433,3,0,0,,0,,0,0,0,0,0,BRA031
8436,4,0,0,,0,,0,0,0,0,0,BRA017
8436,4,0,0,,0,,0,0,0,0,0,BRA044
8437,4,0,0,,0,,0,0,0,0,0,BRA005
8437,4,0,0,,0,,0,0,0,0,0,BRA019
8438,4,0,0,,0,,0,0,0,0,0,BRA007
8438,4,0,0,,0,,0,0,0,0,0,BRA025
8439,4,0,0,,0,,0,0,0,0,0,BRA021
8439,4,0,0,,0,,0,0,0,0,0,BRA009
8441,4,0,0,,0,,0,0,0,0,0,BRA045
8441,4,0,0,,0,,0,0,0,0,0,BRA018
8440,4,0,0,,0,,0,0,0,0,0,BRA022
8440,4,0,0,,0,,0,0,0,0,0,BRA015
8442,4,0,0,,0,,0,0,0,0,0,BRA023
8442,4,0,0,,0,,0,0,0,0,0,BRA010
8443,4,0,0,,0,,0,0,0,0,0,BRA003
8443,4,0,0,,0,,0,0,0,0,0,BRA031
8444,4,0,0,,0,,0,0,0,0,0,BRA028
8444,4,0,0,,0,,0,0,0,0,0,BRA004
8445,4,0,0,,0,,0,0,0,0,0,BRA033
8445,4,0,0,,0,,0,0,0,0,0,BRA042
8446,5,0,0,,0,,0,0,0,0,0,BRA005
8446,5,0,0,,0,,0,0,0,0,0,BRA022
8447,5,0,0,,0,,0,0,0,0,0,BRA021
8447,5,0,0,,0,,0,0,0,0,0,BRA010
8448,5,0,0,,0,,0,0,0,0,0,BRA015
8448,5,0,0,,0,,0,0,0,0,0,BRA023
8449,5,0,0,,0,,0,0,0,0,0,BRA044
8449,5,0,0,,0,,0,0,0,0,0,BRA003
8450,5,0,0,,0,,0,0,0,0,0,BRA042
8450,5,0,0,,0,,0,0,0,0,0,BRA045
8451,5,0,0,,0,,0,0,0,0,0,BRA009
8451,5,0,0,,0,,0,0,0,0,0,BRA007
8452,5,0,0,,0,,0,0,0,0,0,BRA033
8452,5,0,0,,0,,0,0,0,0,0,BRA019
8456,6,0,0,,0,,0,0,0,0,0,BRA021
8456,6,0,0,,0,,0,0,0,0,0,BRA015
8459,6,0,0,,0,,0,0,0,0,0,BRA023
8459,6,0,0,,0,,0,0,0,0,0,BRA009
8457,6,0,0,,0,,0,0,0,0,0,BRA003
8457,6,0,0,,0,,0,0,0,0,0,BRA033
8458,6,0,0,,0,,0,0,0,0,0,BRA018
8458,6,0,0,,0,,0,0,0,0,0,BRA004
8460,6,0,0,,0,,0,0,0,0,0,BRA045
8460,6,0,0,,0,,0,0,0,0,0,BRA044
8461,6,0,0,,0,,0,0,0,0,0,BRA007
8461,6,0,0,,0,,0,0,0,0,0,BRA010
8462,6,0,0,,0,,0,0,0,0,0,BRA042
8462,6,0,0,,0,,0,0,0,0,0,BRA022
8467,7,0,0,,0,,0,0,0,0,0,BRA004
8467,7,0,0,,0,,0,0,0,0,0,BRA045
8466,7,0,0,,0,,0,0,0,0,0,BRA010
8466,7,0,0,,0,,0,0,0,0,0,BRA025
8468,7,0,0,,0,,0,0,0,0,0,BRA031
8468,7,0,0,,0,,0,0,0,0,0,BRA022
8469,7,0,0,,0,,0,0,0,0,0,BRA019
8469,7,0,0,,0,,0,0,0,0,0,BRA028
8470,7,0,0,,0,,0,0,0,0,0,BRA009
8470,7,0,0,,0,,0,0,0,0,0,BRA015
8471,7,0,0,,0,,0,0,0,0,0,BRA021
8471,7,0,0,,0,,0,0,0,0,0,BRA044
8472,7,0,0,,0,,0,0,0,0,0,BRA005
8472,7,0,0,,0,,0,0,0,0,0,BRA007
8473,7,0,0,,0,,0,0,0,0,0,BRA033
8473,7,0,0,,0,,0,0,0,0,0,BRA017
8474,7,0,0,,0,,0,0,0,0,0,BRA018
8474,7,0,0,,0,,0,0,0,0,0,BRA042
8475,7,0,0,,0,,0,0,0,0,0,BRA003
8475,7,0,0,,0,,0,0,0,0,0,BRA023
8425,2,0,0,,0,,0,0,0,0,0,BRA045
8425,2,0,0,,0,,0,0,0,0,0,BRA019
8453,5,0,0,,0,,0,0,0,0,0,BRA004
8453,5,0,0,,0,,0,0,0,0,0,BRA031
8463,6,0,0,,0,,0,0,0,0,0,BRA017
8463,6,0,0,,0,,0,0,0,0,0,BRA019
8476,8,0,0,,0,,0,0,0,0,0,BRA015
8476,8,0,0,,0,,0,0,0,0,0,BRA004
8477,8,0,0,,0,,0,0,0,0,0,BRA045
8477,8,0,0,,0,,0,0,0,0,0,BRA031
8478,8,0,0,,0,,0,0,0,0,0,BRA022
8478,8,0,0,,0,,0,0,0,0,0,BRA009
8479,8,0,0,,0,,0,0,0,0,0,BRA010
8479,8,0,0,,0,,0,0,0,0,0,BRA005
8480,8,0,0,,0,,0,0,0,0,0,BRA018
8480,8,0,0,,0,,0,0,0,0,0,BRA019
8481,8,0,0,,0,,0,0,0,0,0,BRA017
8481,8,0,0,,0,,0,0,0,0,0,BRA003
8483,8,0,0,,0,,0,0,0,0,0,BRA021
8483,8,0,0,,0,,0,0,0,0,0,BRA025
8482,8,0,0,,0,,0,0,0,0,0,BRA042
8482,8,0,0,,0,,0,0,0,0,0,BRA028
8485,8,0,0,,0,,0,0,0,0,0,BRA033
8485,8,0,0,,0,,0,0,0,0,0,BRA044
8484,8,0,0,,0,,0,0,0,0,0,BRA007
8484,8,0,0,,0,,0,0,0,0,0,BRA023
8486,9,0,0,,0,,0,0,0,0,0,BRA031
8486,9,0,0,,0,,0,0,0,0,0,BRA010
8487,9,0,0,,0,,0,0,0,0,0,BRA004
8487,9,0,0,,0,,0,0,0,0,0,BRA022
8490,9,0,0,,0,,0,0,0,0,0,BRA021
8490,9,0,0,,0,,0,0,0,0,0,BRA003
8488,9,0,0,,0,,0,0,0,0,0,BRA015
8488,9,0,0,,0,,0,0,0,0,0,BRA042
8489,9,0,0,,0,,0,0,0,0,0,BRA045
8489,9,0,0,,0,,0,0,0,0,0,BRA028
8494,9,0,0,,0,,0,0,0,0,0,BRA023
8494,9,0,0,,0,,0,0,0,0,0,BRA019
8493,9,0,0,,0,,0,0,0,0,0,BRA009
8493,9,0,0,,0,,0,0,0,0,0,BRA025
8491,9,0,0,,0,,0,0,0,0,0,BRA018
8491,9,0,0,,0,,0,0,0,0,0,BRA044
8492,9,0,0,,0,,0,0,0,0,0,BRA007
8492,9,0,0,,0,,0,0,0,0,0,BRA017
8495,9,0,0,,0,,0,0,0,0,0,BRA033
8495,9,0,0,,0,,0,0,0,0,0,BRA005
8496,10,0,0,,0,,0,0,0,0,0,BRA003
8496,10,0,0,,0,,0,0,0,0,0,BRA009
8497,10,0,0,,0,,0,0,0,0,0,BRA017
8497,10,0,0,,0,,0,0,0,0,0,BRA004
8500,10,0,0,,0,,0,0,0,0,0,BRA023
8500,10,0,0,,0,,0,0,0,0,0,BRA025
8498,10,0,0,,0,,0,0,0,0,0,BRA042
8498,10,0,0,,0,,0,0,0,0,0,BRA019
8499,10,0,0,,0,,0,0,0,0,0,BRA044
8499,10,0,0,,0,,0,0,0,0,0,BRA031
8501,10,0,0,,0,,0,0,0,0,0,BRA022
8501,10,0,0,,0,,0,0,0,0,0,BRA018
8502,10,0,0,,0,,0,0,0,0,0,BRA015
8502,10,0,0,,0,,0,0,0,0,0,BRA028
8503,10,0,0,,0,,0,0,0,0,0,BRA045
8503,10,0,0,,0,,0,0,0,0,0,BRA005
8504,10,0,0,,0,,0,0,0,0,0,BRA007
8504,10,0,0,,0,,0,0,0,0,0,BRA021
8505,10,0,0,,0,,0,0,0,0,0,BRA010
8505,10,0,0,,0,,0,0,0,0,0,BRA033
8506,11,0,0,,0,,0,0,0,0,0,BRA017
8506,11,0,0,,0,,0,0,0,0,0,BRA009
8507,11,0,0,,0,,0,0,0,0,0,BRA028
8507,11,0,0,,0,,0,0,0,0,0,BRA025
8508,11,0,0,,0,,0,0,0,0,0,BRA019
8508,11,0,0,,0,,0,0,0,0,0,BRA004
8509,11,0,0,,0,,0,0,0,0,0,BRA044
8509,11,0,0,,0,,0,0,0,0,0,BRA042
8511,11,0,0,,0,,0,0,0,0,0,BRA003
8511,11,0,0,,0,,0,0,0,0,0,BRA015
8512,11,0,0,,0,,0,0,0,0,0,BRA022
8512,11,0,0,,0,,0,0,0,0,0,BRA021
8510,11,0,0,,0,,0,0,0,0,0,BRA018
8510,11,0,0,,0,,0,0,0,0,0,BRA007
8514,11,0,0,,0,,0,0,0,0,0,BRA023
8514,11,0,0,,0,,0,0,0,0,0,BRA005
8515,11,0,0,,0,,0,0,0,0,0,BRA031
8515,11,0,0,,0,,0,0,0,0,0,BRA033
8513,11,0,0,,0,,0,0,0,0,0,BRA010
8513,11,0,0,,0,,0,0,0,0,0,BRA045
8516,12,0,0,,0,,0,0,0,0,0,BRA010
8516,12,0,0,,0,,0,0,0,0,0,BRA009
8517,12,0,0,,0,,0,0,0,0,0,BRA003
8517,12,0,0,,0,,0,0,0,0,0,BRA018
8518,12,0,0,,0,,0,0,0,0,0,BRA004
8518,12,0,0,,0,,0,0,0,0,0,BRA025
8520,12,0,0,,0,,0,0,0,0,0,BRA031
8520,12,0,0,,0,,0,0,0,0,0,BRA021
8519,12,0,0,,0,,0,0,0,0,0,BRA015
8519,12,0,0,,0,,0,0,0,0,0,BRA019
8521,12,0,0,,0,,0,0,0,0,0,BRA044
8521,12,0,0,,0,,0,0,0,0,0,BRA007
8523,12,0,0,,0,,0,0,0,0,0,BRA023
8523,12,0,0,,0,,0,0,0,0,0,BRA033
8522,12,0,0,,0,,0,0,0,0,0,BRA028
8522,12,0,0,,0,,0,0,0,0,0,BRA005
8524,12,0,0,,0,,0,0,0,0,0,BRA045
8524,12,0,0,,0,,0,0,0,0,0,BRA022
8525,12,0,0,,0,,0,0,0,0,0,BRA042
8525,12,0,0,,0,,0,0,0,0,0,BRA017
8526,13,0,0,,0,,0,0,0,0,0,BRA009
8526,13,0,0,,0,,0,0,0,0,0,BRA044
8527,13,0,0,,0,,0,0,0,0,0,BRA010
8527,13,0,0,,0,,0,0,0,0,0,BRA019
8528,13,0,0,,0,,0,0,0,0,0,BRA005
8528,13,0,0,,0,,0,0,0,0,0,BRA004
8529,13,0,0,,0,,0,0,0,0,0,BRA022
8529,13,0,0,,0,,0,0,0,0,0,BRA025
8531,13,0,0,,0,,0,0,0,0,0,BRA023
8531,13,0,0,,0,,0,0,0,0,0,BRA031
8530,13,0,0,,0,,0,0,0,0,0,BRA042
8530,13,0,0,,0,,0,0,0,0,0,BRA007
8534,13,0,0,,0,,0,0,0,0,0,BRA021
8534,13,0,0,,0,,0,0,0,0,0,BRA018
8532,13,0,0,,0,,0,0,0,0,0,BRA017
8532,13,0,0,,0,,0,0,0,0,0,BRA028
8533,13,0,0,,0,,0,0,0,0,0,BRA003
8533,13,0,0,,0,,0,0,0,0,0,BRA045
8535,13,0,0,,0,,0,0,0,0,0,BRA033
8535,13,0,0,,0,,0,0,0,0,0,BRA015
8536,14,0,0,,0,,0,0,0,0,0,BRA009
8536,14,0,0,,0,,0,0,0,0,0,BRA019
8538,14,0,0,,0,,0,0,0,0,0,BRA044
8538,14,0,0,,0,,0,0,0,0,0,BRA023
8537,14,0,0,,0,,0,0,0,0,0,BRA017
8537,14,0,0,,0,,0,0,0,0,0,BRA018
8540,14,0,0,,0,,0,0,0,0,0,BRA021
8540,14,0,0,,0,,0,0,0,0,0,BRA005
8541,14,0,0,,0,,0,0,0,0,0,BRA004
8541,14,0,0,,0,,0,0,0,0,0,BRA010
8539,14,0,0,,0,,0,0,0,0,0,BRA042
8539,14,0,0,,0,,0,0,0,0,0,BRA003
8542,14,0,0,,0,,0,0,0,0,0,BRA033
8542,14,0,0,,0,,0,0,0,0,0,BRA025
8543,14,0,0,,0,,0,0,0,0,0,BRA007
8543,14,0,0,,0,,0,0,0,0,0,BRA031
8544,14,0,0,,0,,0,0,0,0,0,BRA022
8544,14,0,0,,0,,0,0,0,0,0,BRA028
8545,14,0,0,,0,,0,0,0,0,0,BRA015
8545,14,0,0,,0,,0,0,0,0,0,BRA045
8547,15,0,0,,0,,0,0,0,0,0,BRA021
8547,15,0,0,,0,,0,0,0,0,0,BRA019
8546,15,0,0,,0,,0,0,0,0,0,BRA010
8546,15,0,0,,0,,0,0,0,0,0,BRA042
8548,15,0,0,,0,,0,0,0,0,0,BRA022
8548,15,0,0,,0,,0,0,0,0,0,BRA023
8549,15,0,0,,0,,0,0,0,0,0,BRA031
8549,15,0,0,,0,,0,0,0,0,0,BRA025
8550,15,0,0,,0,,0,0,0,0,0,BRA018
8550,15,0,0,,0,,0,0,0,0,0,BRA015
8551,15,0,0,,0,,0,0,0,0,0,BRA028
8551,15,0,0,,0,,0,0,0,0,0,BRA044
8553,15,0,0,,0,,0,0,0,0,0,BRA003
8553,15,0,0,,0,,0,0,0,0,0,BRA004
8554,15,0,0,,0,,0,0,0,0,0,BRA033
8554,15,0,0,,0,,0,0,0,0,0,BRA007
8552,15,0,0,,0,,0,0,0,0,0,BRA045
8552,15,0,0,,0,,0,0,0,0,0,BRA017
8555,15,0,0,,0,,0,0,0,0,0,BRA009
8555,15,0,0,,0,,0,0,0,0,0,BRA005
8556,16,0,0,,0,,0,0,0,0,0,BRA025
8556,16,0,0,,0,,0,0,0,0,0,BRA018
8558,16,0,0,,0,,0,0,0,0,0,BRA007
8558,16,0,0,,0,,0,0,0,0,0,BRA003
8557,16,0,0,,0,,0,0,0,0,0,BRA044
8557,16,0,0,,0,,0,0,0,0,0,BRA015
8559,16,0,0,,0,,0,0,0,0,0,BRA004
8559,16,0,0,,0,,0,0,0,0,0,BRA033
8561,16,0,0,,0,,0,0,0,0,0,BRA023
8561,16,0,0,,0,,0,0,0,0,0,BRA021
8560,16,0,0,,0,,0,0,0,0,0,BRA017
8560,16,0,0,,0,,0,0,0,0,0,BRA022
8562,16,0,0,,0,,0,0,0,0,0,BRA005
8562,16,0,0,,0,,0,0,0,0,0,BRA042
8563,16,0,0,,0,,0,0,0,0,0,BRA045
8563,16,0,0,,0,,0,0,0,0,0,BRA009
8567,17,0,0,,0,,0,0,0,0,0,BRA018
8567,17,0,0,,0,,0,0,0,0,0,BRA010
8566,17,0,0,,0,,0,0,0,0,0,BRA007
8566,17,0,0,,0,,0,0,0,0,0,BRA019
8568,17,0,0,,0,,0,0,0,0,0,BRA031
8568,17,0,0,,0,,0,0,0,0,0,BRA005
8569,17,0,0,,0,,0,0,0,0,0,BRA017
8569,17,0,0,,0,,0,0,0,0,0,BRA015
8570,17,0,0,,0,,0,0,0,0,0,BRA004
8570,17,0,0,,0,,0,0,0,0,0,BRA044
8571,17,0,0,,0,,0,0,0,0,0,BRA025
8571,17,0,0,,0,,0,0,0,0,0,BRA042
8572,17,0,0,,0,,0,0,0,0,0,BRA009
8572,17,0,0,,0,,0,0,0,0,0,BRA033
8573,17,0,0,,0,,0,0,0,0,0,BRA045
8573,17,0,0,,0,,0,0,0,0,0,BRA023
8576,18,0,0,,0,,0,0,0,0,0,BRA017
8576,18,0,0,,0,,0,0,0,0,0,BRA021
8577,18,0,0,,0,,0,0,0,0,0,BRA028
8577,18,0,0,,0,,0,0,0,0,0,BRA009
8578,18,0,0,,0,,0,0,0,0,0,BRA033
8578,18,0,0,,0,,0,0,0,0,0,BRA018
8579,18,0,0,,0,,0,0,0,0,0,BRA025
8579,18,0,0,,0,,0,0,0,0,0,BRA045
8580,18,0,0,,0,,0,0,0,0,0,BRA005
8580,18,0,0,,0,,0,0,0,0,0,BRA044
8581,18,0,0,,0,,0,0,0,0,0,BRA015
8581,18,0,0,,0,,0,0,0,0,0,BRA007
8584,18,0,0,,0,,0,0,0,0,0,BRA004
8584,18,0,0,,0,,0,0,0,0,0,BRA023
8582,18,0,0,,0,,0,0,0,0,0,BRA003
8582,18,0,0,,0,,0,0,0,0,0,BRA010
8583,18,0,0,,0,,0,0,0,0,0,BRA042
8583,18,0,0,,0,,0,0,0,0,0,BRA031
8585,18,0,0,,0,,0,0,0,0,0,BRA019
8585,18,0,0,,0,,0,0,0,0,0,BRA022
8435,3,0,0,,0,,0,0,0,0,0,BRA017
8435,3,0,0,,0,,0,0,0,0,0,BRA023
8586,19,0,0,,0,,0,0,0,0,0,BRA031
8586,19,0,0,,0,,0,0,0,0,0,BRA018
8587,19,0,0,,0,,0,0,0,0,0,BRA009
8587,19,0,0,,0,,0,0,0,0,0,BRA042
8588,19,0,0,,0,,0,0,0,0,0,BRA045
8588,19,0,0,,0,,0,0,0,0,0,BRA021
8589,19,0,0,,0,,0,0,0,0,0,BRA007
8589,19,0,0,,0,,0,0,0,0,0,BRA004
8590,19,0,0,,0,,0,0,0,0,0,BRA022
8590,19,0,0,,0,,0,0,0,0,0,BRA033
8591,19,0,0,,0,,0,0,0,0,0,BRA025
8591,19,0,0,,0,,0,0,0,0,0,BRA015
8596,20,0,0,,0,,0,0,0,0,0,BRA033
8596,20,0,0,,0,,0,0,0,0,0,BRA045
8597,20,0,0,,0,,0,0,0,0,0,BRA017
8597,20,0,0,,0,,0,0,0,0,0,BRA031
8598,20,0,0,,0,,0,0,0,0,0,BRA007
8598,20,0,0,,0,,0,0,0,0,0,BRA028
8599,20,0,0,,0,,0,0,0,0,0,BRA042
8599,20,0,0,,0,,0,0,0,0,0,BRA023
8600,20,0,0,,0,,0,0,0,0,0,BRA018
8600,20,0,0,,0,,0,0,0,0,0,BRA009
8601,20,0,0,,0,,0,0,0,0,0,BRA010
8601,20,0,0,,0,,0,0,0,0,0,BRA022
8602,20,0,0,,0,,0,0,0,0,0,BRA004
8602,20,0,0,,0,,0,0,0,0,0,BRA021
8603,20,0,0,,0,,0,0,0,0,0,BRA019
8603,20,0,0,,0,,0,0,0,0,0,BRA003
8604,20,0,0,,0,,0,0,0,0,0,BRA025
8604,20,0,0,,0,,0,0,0,0,0,BRA044
8605,20,0,0,,0,,0,0,0,0,0,BRA005
8605,20,0,0,,0,,0,0,0,0,0,BRA015
8606,21,0,0,,0,,0,0,0,0,0,BRA045
8606,21,0,0,,0,,0,0,0,0,0,BRA019
8607,21,0,0,,0,,0,0,0,0,0,BRA010
8607,21,0,0,,0,,0,0,0,0,0,BRA044
8609,21,0,0,,0,,0,0,0,0,0,BRA009
8609,21,0,0,,0,,0,0,0,0,0,BRA004
8608,21,0,0,,0,,0,0,0,0,0,BRA017
8608,21,0,0,,0,,0,0,0,0,0,BRA005
8610,21,0,0,,0,,0,0,0,0,0,BRA042
8610,21,0,0,,0,,0,0,0,0,0,BRA021
8611,21,0,0,,0,,0,0,0,0,0,BRA031
8611,21,0,0,,0,,0,0,0,0,0,BRA015
8612,21,0,0,,0,,0,0,0,0,0,BRA007
8612,21,0,0,,0,,0,0,0,0,0,BRA022
8613,21,0,0,,0,,0,0,0,0,0,BRA003
8613,21,0,0,,0,,0,0,0,0,0,BRA025
8614,21,0,0,,0,,0,0,0,0,0,BRA028
8614,21,0,0,,0,,0,0,0,0,0,BRA033
8615,21,0,0,,0,,0,0,0,0,0,BRA023
8615,21,0,0,,0,,0,0,0,0,0,BRA018
8616,22,0,0,,0,,0,0,0,0,0,BRA017
8616,22,0,0,,0,,0,0,0,0,0,BRA023
8617,22,0,0,,0,,0,0,0,0,0,BRA025
8617,22,0,0,,0,,0,0,0,0,0,BRA019
8618,22,0,0,,0,,0,0,0,0,0,BRA018
8618,22,0,0,,0,,0,0,0,0,0,BRA005
8619,22,0,0,,0,,0,0,0,0,0,BRA010
8619,22,0,0,,0,,0,0,0,0,0,BRA015
8620,22,0,0,,0,,0,0,0,0,0,BRA044
8620,22,0,0,,0,,0,0,0,0,0,BRA022
8621,22,0,0,,0,,0,0,0,0,0,BRA009
8621,22,0,0,,0,,0,0,0,0,0,BRA031
8623,22,0,0,,0,,0,0,0,0,0,BRA004
8623,22,0,0,,0,,0,0,0,0,0,BRA042
8624,22,0,0,,0,,0,0,0,0,0,BRA021
8624,22,0,0,,0,,0,0,0,0,0,BRA033
8622,22,0,0,,0,,0,0,0,0,0,BRA007
8622,22,0,0,,0,,0,0,0,0,0,BRA045
8625,22,0,0,,0,,0,0,0,0,0,BRA028
8625,22,0,0,,0,,0,0,0,0,0,BRA003
8464,6,0,0,,0,,0,0,0,0,0,BRA028
8464,6,0,0,,0,,0,0,0,0,0,BRA031
8626,23,0,0,,0,,0,0,0,0,0,BRA007
8626,23,0,0,,0,,0,0,0,0,0,BRA025
8627,23,0,0,,0,,0,0,0,0,0,BRA005
8627,23,0,0,,0,,0,0,0,0,0,BRA019
8628,23,0,0,,0,,0,0,0,0,0,BRA023
8628,23,0,0,,0,,0,0,0,0,0,BRA010
8629,23,0,0,,0,,0,0,0,0,0,BRA015
8629,23,0,0,,0,,0,0,0,0,0,BRA022
8630,23,0,0,,0,,0,0,0,0,0,BRA028
8630,23,0,0,,0,,0,0,0,0,0,BRA004
8632,23,0,0,,0,,0,0,0,0,0,BRA042
8632,23,0,0,,0,,0,0,0,0,0,BRA033
8631,23,0,0,,0,,0,0,0,0,0,BRA017
8631,23,0,0,,0,,0,0,0,0,0,BRA044
8633,23,0,0,,0,,0,0,0,0,0,BRA003
8633,23,0,0,,0,,0,0,0,0,0,BRA031
8634,23,0,0,,0,,0,0,0,0,0,BRA021
8634,23,0,0,,0,,0,0,0,0,0,BRA009
8635,23,0,0,,0,,0,0,0,0,0,BRA045
8635,23,0,0,,0,,0,0,0,0,0,BRA018
8636,24,0,0,,0,,0,0,0,0,0,BRA031
8636,24,0,0,,0,,0,0,0,0,0,BRA004
8637,24,0,0,,0,,0,0,0,0,0,BRA033
8637,24,0,0,,0,,0,0,0,0,0,BRA019
8638,24,0,0,,0,,0,0,0,0,0,BRA005
8638,24,0,0,,0,,0,0,0,0,0,BRA022
8639,24,0,0,,0,,0,0,0,0,0,BRA009
8639,24,0,0,,0,,0,0,0,0,0,BRA007
8641,24,0,0,,0,,0,0,0,0,0,BRA015
8641,24,0,0,,0,,0,0,0,0,0,BRA023
8640,24,0,0,,0,,0,0,0,0,0,BRA025
8640,24,0,0,,0,,0,0,0,0,0,BRA017
8642,24,0,0,,0,,0,0,0,0,0,BRA042
8642,24,0,0,,0,,0,0,0,0,0,BRA045
8643,24,0,0,,0,,0,0,0,0,0,BRA018
8643,24,0,0,,0,,0,0,0,0,0,BRA028
8644,24,0,0,,0,,0,0,0,0,0,BRA021
8644,24,0,0,,0,,0,0,0,0,0,BRA010
8645,24,0,0,,0,,0,0,0,0,0,BRA044
8645,24,0,0,,0,,0,0,0,0,0,BRA003
8454,5,0,0,,0,,0,0,0,0,0,BRA018
8454,5,0,0,,0,,0,0,0,0,0,BRA028
8592,19,0,0,,0,,0,0,0,0,0,BRA017
8592,19,0,0,,0,,0,0,0,0,0,BRA010
8646,25,0,0,,0,,0,0,0,0,0,BRA017
8646,25,0,0,,0,,0,0,0,0,0,BRA019
8647,25,0,0,,0,,0,0,0,0,0,BRA023
8647,25,0,0,,0,,0,0,0,0,0,BRA009
8649,25,0,0,,0,,0,0,0,0,0,BRA018
8649,25,0,0,,0,,0,0,0,0,0,BRA004
8648,25,0,0,,0,,0,0,0,0,0,BRA005
8648,25,0,0,,0,,0,0,0,0,0,BRA025
8650,25,0,0,,0,,0,0,0,0,0,BRA015
8650,25,0,0,,0,,0,0,0,0,0,BRA021
8651,25,0,0,,0,,0,0,0,0,0,BRA007
8651,25,0,0,,0,,0,0,0,0,0,BRA010
8652,25,0,0,,0,,0,0,0,0,0,BRA042
8652,25,0,0,,0,,0,0,0,0,0,BRA022
8653,25,0,0,,0,,0,0,0,0,0,BRA003
8653,25,0,0,,0,,0,0,0,0,0,BRA033
8655,25,0,0,,0,,0,0,0,0,0,BRA044
8655,25,0,0,,0,,0,0,0,0,0,BRA045
8654,25,0,0,,0,,0,0,0,0,0,BRA028
8654,25,0,0,,0,,0,0,0,0,0,BRA031
8564,16,0,0,,0,,0,0,0,0,0,BRA019
8564,16,0,0,,0,,0,0,0,0,0,BRA031
8593,19,0,0,,0,,0,0,0,0,0,BRA028
8593,19,0,0,,0,,0,0,0,0,0,BRA023
8656,26,0,0,,0,,0,0,0,0,0,BRA004
8656,26,0,0,,0,,0,0,0,0,0,BRA045
8657,26,0,0,,0,,0,0,0,0,0,BRA023
8657,26,0,0,,0,,0,0,0,0,0,BRA003
8658,26,0,0,,0,,0,0,0,0,0,BRA009
8658,26,0,0,,0,,0,0,0,0,0,BRA015
8659,26,0,0,,0,,0,0,0,0,0,BRA010
8659,26,0,0,,0,,0,0,0,0,0,BRA025
8660,26,0,0,,0,,0,0,0,0,0,BRA033
8660,26,0,0,,0,,0,0,0,0,0,BRA017
8661,26,0,0,,0,,0,0,0,0,0,BRA031
8661,26,0,0,,0,,0,0,0,0,0,BRA022
8663,26,0,0,,0,,0,0,0,0,0,BRA021
8663,26,0,0,,0,,0,0,0,0,0,BRA044
8664,26,0,0,,0,,0,0,0,0,0,BRA018
8664,26,0,0,,0,,0,0,0,0,0,BRA042
8662,26,0,0,,0,,0,0,0,0,0,BRA005
8662,26,0,0,,0,,0,0,0,0,0,BRA007
8665,26,0,0,,0,,0,0,0,0,0,BRA019
8665,26,0,0,,0,,0,0,0,0,0,BRA028
8667,27,0,0,,0,,0,0,0,0,0,BRA045
8667,27,0,0,,0,,0,0,0,0,0,BRA031
8666,27,0,0,,0,,0,0,0,0,0,BRA004
8666,27,0,0,,0,,0,0,0,0,0,BRA015
8668,27,0,0,,0,,0,0,0,0,0,BRA022
8668,27,0,0,,0,,0,0,0,0,0,BRA009
8669,27,0,0,,0,,0,0,0,0,0,BRA007
8669,27,0,0,,0,,0,0,0,0,0,BRA023
8670,27,0,0,,0,,0,0,0,0,0,BRA010
8670,27,0,0,,0,,0,0,0,0,0,BRA005
8671,27,0,0,,0,,0,0,0,0,0,BRA044
8671,27,0,0,,0,,0,0,0,0,0,BRA033
8673,27,0,0,,0,,0,0,0,0,0,BRA018
8673,27,0,0,,0,,0,0,0,0,0,BRA019
8674,27,0,0,,0,,0,0,0,0,0,BRA042
8674,27,0,0,,0,,0,0,0,0,0,BRA028
8672,27,0,0,,0,,0,0,0,0,0,BRA021
8672,27,0,0,,0,,0,0,0,0,0,BRA025
8675,27,0,0,,0,,0,0,0,0,0,BRA017
8675,27,0,0,,0,,0,0,0,0,0,BRA003
8455,5,0,0,,0,,0,0,0,0,0,BRA025
8455,5,0,0,,0,,0,0,0,0,0,BRA017
8565,16,0,0,,0,,0,0,0,0,0,BRA028
8565,16,0,0,,0,,0,0,0,0,0,BRA010
8676,28,0,0,,0,,0,0,0,0,0,BRA033
8676,28,0,0,,0,,0,0,0,0,0,BRA005
8677,28,0,0,,0,,0,0,0,0,0,BRA009
8677,28,0,0,,0,,0,0,0,0,0,BRA025
8678,28,0,0,,0,,0,0,0,0,0,BRA031
8678,28,0,0,,0,,0,0,0,0,0,BRA010
8681,28,0,0,,0,,0,0,0,0,0,BRA022
8681,28,0,0,,0,,0,0,0,0,0,BRA004
8680,28,0,0,,0,,0,0,0,0,0,BRA023
8680,28,0,0,,0,,0,0,0,0,0,BRA019
8679,28,0,0,,0,,0,0,0,0,0,BRA015
8679,28,0,0,,0,,0,0,0,0,0,BRA042
8682,28,0,0,,0,,0,0,0,0,0,BRA018
8682,28,0,0,,0,,0,0,0,0,0,BRA044
8683,28,0,0,,0,,0,0,0,0,0,BRA028
8683,28,0,0,,0,,0,0,0,0,0,BRA045
8684,28,0,0,,0,,0,0,0,0,0,BRA017
8684,28,0,0,,0,,0,0,0,0,0,BRA007
8685,28,0,0,,0,,0,0,0,0,0,BRA003
8685,28,0,0,,0,,0,0,0,0,0,BRA021
8686,29,0,0,,0,,0,0,0,0,0,BRA004
8686,29,0,0,,0,,0,0,0,0,0,BRA017
8687,29,0,0,,0,,0,0,0,0,0,BRA022
8687,29,0,0,,0,,0,0,0,0,0,BRA018
8688,29,0,0,,0,,0,0,0,0,0,BRA023
8688,29,0,0,,0,,0,0,0,0,0,BRA025
8690,29,0,0,,0,,0,0,0,0,0,BRA045
8690,29,0,0,,0,,0,0,0,0,0,BRA005
8691,29,0,0,,0,,0,0,0,0,0,BRA010
8691,29,0,0,,0,,0,0,0,0,0,BRA033
8689,29,0,0,,0,,0,0,0,0,0,BRA003
8689,29,0,0,,0,,0,0,0,0,0,BRA009
8693,29,0,0,,0,,0,0,0,0,0,BRA042
8693,29,0,0,,0,,0,0,0,0,0,BRA019
8692,29,0,0,,0,,0,0,0,0,0,BRA007
8692,29,0,0,,0,,0,0,0,0,0,BRA021
8694,29,0,0,,0,,0,0,0,0,0,BRA015
8694,29,0,0,,0,,0,0,0,0,0,BRA028
8695,29,0,0,,0,,0,0,0,0,0,BRA044
8695,29,0,0,,0,,0,0,0,0,0,BRA031
8465,6,0,0,,0,,0,0,0,0,0,BRA005
8465,6,0,0,,0,,0,0,0,0,0,BRA025
8696,30,0,0,,0,,0,0,0,0,0,BRA044
8696,30,0,0,,0,,0,0,0,0,0,BRA042
8697,30,0,0,,0,,0,0,0,0,0,BRA023
8697,30,0,0,,0,,0,0,0,0,0,BRA005
8699,30,0,0,,0,,0,0,0,0,0,BRA022
8699,30,0,0,,0,,0,0,0,0,0,BRA021
8698,30,0,0,,0,,0,0,0,0,0,BRA003
8698,30,0,0,,0,,0,0,0,0,0,BRA015
8700,30,0,0,,0,,0,0,0,0,0,BRA019
8700,30,0,0,,0,,0,0,0,0,0,BRA004
8701,30,0,0,,0,,0,0,0,0,0,BRA017
8701,30,0,0,,0,,0,0,0,0,0,BRA009
8702,30,0,0,,0,,0,0,0,0,0,BRA018
8702,30,0,0,,0,,0,0,0,0,0,BRA007
8703,30,0,0,,0,,0,0,0,0,0,BRA028
8703,30,0,0,,0,,0,0,0,0,0,BRA025
8704,30,0,0,,0,,0,0,0,0,0,BRA010
8704,30,0,0,,0,,0,0,0,0,0,BRA045
8705,30,0,0,,0,,0,0,0,0,0,BRA031
8705,30,0,0,,0,,0,0,0,0,0,BRA033
8574,17,0,0,,0,,0,0,0,0,0,BRA022
8574,17,0,0,,0,,0,0,0,0,0,BRA003
8594,19,0,0,,0,,0,0,0,0,0,BRA019
8594,19,0,0,,0,,0,0,0,0,0,BRA044
8706,31,0,0,,0,,0,0,0,0,0,BRA023
8706,31,0,0,,0,,0,0,0,0,0,BRA033
8707,31,0,0,,0,,0,0,0,0,0,BRA031
8707,31,0,0,,0,,0,0,0,0,0,BRA021
8709,31,0,0,,0,,0,0,0,0,0,BRA045
8709,31,0,0,,0,,0,0,0,0,0,BRA022
8708,31,0,0,,0,,0,0,0,0,0,BRA025
8708,31,0,0,,0,,0,0,0,0,0,BRA004
8710,31,0,0,,0,,0,0,0,0,0,BRA003
8710,31,0,0,,0,,0,0,0,0,0,BRA018
8711,31,0,0,,0,,0,0,0,0,0,BRA009
8711,31,0,0,,0,,0,0,0,0,0,BRA010
8712,31,0,0,,0,,0,0,0,0,0,BRA028
8712,31,0,0,,0,,0,0,0,0,0,BRA005
8713,31,0,0,,0,,0,0,0,0,0,BRA042
8713,31,0,0,,0,,0,0,0,0,0,BRA017
8714,31,0,0,,0,,0,0,0,0,0,BRA019
8714,31,0,0,,0,,0,0,0,0,0,BRA015
8715,31,0,0,,0,,0,0,0,0,0,BRA044
8715,31,0,0,,0,,0,0,0,0,0,BRA007
8575,17,0,0,,0,,0,0,0,0,0,BRA028
8575,17,0,0,,0,,0,0,0,0,0,BRA021
8716,32,0,0,,0,,0,0,0,0,0,BRA022
8716,32,0,0,,0,,0,0,0,0,0,BRA025
8717,32,0,0,,0,,0,0,0,0,0,BRA010
8717,32,0,0,,0,,0,0,0,0,0,BRA019
8719,32,0,0,,0,,0,0,0,0,0,BRA045
8719,32,0,0,,0,,0,0,0,0,0,BRA003
8718,32,0,0,,0,,0,0,0,0,0,BRA023
8718,32,0,0,,0,,0,0,0,0,0,BRA031
8720,32,0,0,,0,,0,0,0,0,0,BRA033
8720,32,0,0,,0,,0,0,0,0,0,BRA015
8723,32,0,0,,0,,0,0,0,0,0,BRA009
8723,32,0,0,,0,,0,0,0,0,0,BRA044
8722,32,0,0,,0,,0,0,0,0,0,BRA017
8722,32,0,0,,0,,0,0,0,0,0,BRA028
8721,32,0,0,,0,,0,0,0,0,0,BRA007
8721,32,0,0,,0,,0,0,0,0,0,BRA042
8725,32,0,0,,0,,0,0,0,0,0,BRA005
8725,32,0,0,,0,,0,0,0,0,0,BRA004
8724,32,0,0,,0,,0,0,0,0,0,BRA021
8724,32,0,0,,0,,0,0,0,0,0,BRA018
8726,33,0,0,,0,,0,0,0,0,0,BRA022
8726,33,0,0,,0,,0,0,0,0,0,BRA028
8727,33,0,0,,0,,0,0,0,0,0,BRA033
8727,33,0,0,,0,,0,0,0,0,0,BRA025
8729,33,0,0,,0,,0,0,0,0,0,BRA019
8729,33,0,0,,0,,0,0,0,0,0,BRA009
8728,33,0,0,,0,,0,0,0,0,0,BRA015
8728,33,0,0,,0,,0,0,0,0,0,BRA045
8731,33,0,0,,0,,0,0,0,0,0,BRA007
8731,33,0,0,,0,,0,0,0,0,0,BRA031
8733,33,0,0,,0,,0,0,0,0,0,BRA004
8733,33,0,0,,0,,0,0,0,0,0,BRA010
8732,33,0,0,,0,,0,0,0,0,0,BRA044
8732,33,0,0,,0,,0,0,0,0,0,BRA023
8730,33,0,0,,0,,0,0,0,0,0,BRA017
8730,33,0,0,,0,,0,0,0,0,0,BRA018
8734,33,0,0,,0,,0,0,0,0,0,BRA042
8734,33,0,0,,0,,0,0,0,0,0,BRA003
8735,33,0,0,,0,,0,0,0,0,0,BRA005
8735,33,0,0,,0,,0,0,0,0,0,BRA021
8595,19,0,0,,0,,0,0,0,0,0,BRA003
8595,19,0,0,,0,,0,0,0,0,0,BRA005
8736,34,0,0,,0,,0,0,0,0,0,BRA018
8736,34,0,0,,0,,0,0,0,0,0,BRA015
8738,34,0,0,,0,,0,0,0,0,0,BRA003
8738,34,0,0,,0,,0,0,0,0,0,BRA004
8737,34,0,0,,0,,0,0,0,0,0,BRA010
8737,34,0,0,,0,,0,0,0,0,0,BRA042
8739,34,0,0,,0,,0,0,0,0,0,BRA045
8739,34,0,0,,0,,0,0,0,0,0,BRA017
8740,34,0,0,,0,,0,0,0,0,0,BRA007
8740,34,0,0,,0,,0,0,0,0,0,BRA033
8741,34,0,0,,0,,0,0,0,0,0,BRA031
8741,34,0,0,,0,,0,0,0,0,0,BRA025
8742,34,0,0,,0,,0,0,0,0,0,BRA021
8742,34,0,0,,0,,0,0,0,0,0,BRA019
8743,34,0,0,,0,,0,0,0,0,0,BRA009
8743,34,0,0,,0,,0,0,0,0,0,BRA005
8744,34,0,0,,0,,0,0,0,0,0,BRA028
8744,34,0,0,,0,,0,0,0,0,0,BRA044
8745,34,0,0,,0,,0,0,0,0,0,BRA022
8745,34,0,0,,0,,0,0,0,0,0,BRA023
8747,35,0,0,,0,,0,0,0,0,0,BRA009
8747,35,0,0,,0,,0,0,0,0,0,BRA045
8748,35,0,0,,0,,0,0,0,0,0,BRA033
8748,35,0,0,,0,,0,0,0,0,0,BRA004
8746,35,0,0,,0,,0,0,0,0,0,BRA019
8746,35,0,0,,0,,0,0,0,0,0,BRA031
8749,35,0,0,,0,,0,0,0,0,0,BRA005
8749,35,0,0,,0,,0,0,0,0,0,BRA042
8751,35,0,0,,0,,0,0,0,0,0,BRA010
8751,35,0,0,,0,,0,0,0,0,0,BRA028
8752,35,0,0,,0,,0,0,0,0,0,BRA007
8752,35,0,0,,0,,0,0,0,0,0,BRA003
8750,35,0,0,,0,,0,0,0,0,0,BRA044
8750,35,0,0,,0,,0,0,0,0,0,BRA015
8753,35,0,0,,0,,0,0,0,0,0,BRA017
8753,35,0,0,,0,,0,0,0,0,0,BRA022
8754,35,0,0,,0,,0,0,0,0,0,BRA023
8754,35,0,0,,0,,0,0,0,0,0,BRA021
8757,36,0,0,,0,,0,0,0,0,0,BRA031
8757,36,0,0,,0,,0,0,0,0,0,BRA005
8756,36,0,0,,0,,0,0,0,0,0,BRA009
8756,36,0,0,,0,,0,0,0,0,0,BRA033
8755,35,0,0,,0,,0,0,0,0,0,BRA018
8755,35,0,0,,0,,0,0,0,0,0,BRA025
8759,36,0,0,,0,,0,0,0,0,0,BRA007
8759,36,0,0,,0,,0,0,0,0,0,BRA019
8758,36,0,0,,0,,0,0,0,0,0,BRA017
8758,36,0,0,,0,,0,0,0,0,0,BRA015
8760,36,0,0,,0,,0,0,0,0,0,BRA004
8760,36,0,0,,0,,0,0,0,0,0,BRA044
8762,36,0,0,,0,,0,0,0,0,0,BRA028
8762,36,0,0,,0,,0,0,0,0,0,BRA021
8761,36,0,0,,0,,0,0,0,0,0,BRA025
8761,36,0,0,,0,,0,0,0,0,0,BRA042
8763,36,0,0,,0,,0,0,0,0,0,BRA018
8763,36,0,0,,0,,0,0,0,0,0,BRA010
8764,36,0,0,,0,,0,0,0,0,0,BRA022
8764,36,0,0,,0,,0,0,0,0,0,BRA003
8765,36,0,0,,0,,0,0,0,0,0,BRA045
8765,36,0,0,,0,,0,0,0,0,0,BRA023
8766,37,0,0,,0,,0,0,0,0,0,BRA015
8766,37,0,0,,0,,0,0,0,0,0,BRA007
8767,37,0,0,,0,,0,0,0,0,0,BRA005
8767,37,0,0,,0,,0,0,0,0,0,BRA044
8768,37,0,0,,0,,0,0,0,0,0,BRA025
8768,37,0,0,,0,,0,0,0,0,0,BRA045
8769,37,0,0,,0,,0,0,0,0,0,BRA021
8769,37,0,0,,0,,0,0,0,0,0,BRA017
8770,37,0,0,,0,,0,0,0,0,0,BRA042
8770,37,0,0,,0,,0,0,0,0,0,BRA031
8771,37,0,0,,0,,0,0,0,0,0,BRA004
8771,37,0,0,,0,,0,0,0,0,0,BRA023
8772,37,0,0,,0,,0,0,0,0,0,BRA009
8772,37,0,0,,0,,0,0,0,0,0,BRA028
8773,37,0,0,,0,,0,0,0,0,0,BRA018
8773,37,0,0,,0,,0,0,0,0,0,BRA033
8775,37,0,0,,0,,0,0,0,0,0,BRA010
8775,37,0,0,,0,,0,0,0,0,0,BRA003
8774,37,0,0,,0,,0,0,0,0,0,BRA019
8774,37,0,0,,0,,0,0,0,0,0,BRA022
8777,38,0,0,,0,,0,0,0,0,0,BRA031
8777,38,0,0,,0,,0,0,0,0,0,BRA018
8778,38,0,0,,0,,0,0,0,0,0,BRA007
8778,38,0,0,,0,,0,0,0,0,0,BRA004
8779,38,0,0,,0,,0,0,0,0,0,BRA045
8779,38,0,0,,0,,0,0,0,0,0,BRA021
8781,38,0,0,,0,,0,0,0,0,0,BRA003
8781,38,0,0,,0,,0,0,0,0,0,BRA005
8782,38,0,0,,0,,0,0,0,0,0,BRA042
8782,38,0,0,,0,,0,0,0,0,0,BRA009
8783,38,0,0,,0,,0,0,0,0,0,BRA019
8783,38,0,0,,0,,0,0,0,0,0,BRA044
8784,38,0,0,,0,,0,0,0,0,0,BRA022
8784,38,0,0,,0,,0,0,0,0,0,BRA033
8776,38,0,0,,0,,0,0,0,0,0,BRA028
8776,38,0,0,,0,,0,0,0,0,0,BRA023
8780,38,0,0,,0,,0,0,0,0,0,BRA017
8780,38,0,0,,0,,0,0,0,0,0,BRA010
8785,38,0,0,,0,,0,0,0,0,0,BRA025
8785,38,0,0,,0,,0,0,0,0,0,BRA015
